-1.5000e+02   8.21038037e-04
-1.4990e+02   8.21729579e-04
-1.4980e+02   8.22507905e-04
-1.4970e+02   8.23116180e-04
-1.4960e+02   8.23937530e-04
-1.4950e+02   8.24561940e-04
-1.4940e+02   8.25319806e-04
-1.4930e+02   8.26046328e-04
-1.4920e+02   8.26697670e-04
-1.4910e+02   8.27515199e-04
-1.4900e+02   8.28122484e-04
-1.4890e+02   8.28933385e-04
-1.4880e+02   8.29604123e-04
-1.4870e+02   8.30318972e-04
-1.4860e+02   8.31101274e-04
-1.4850e+02   8.31725865e-04
-1.4840e+02   8.32561496e-04
-1.4830e+02   8.33191473e-04
-1.4820e+02   8.33972219e-04
-1.4810e+02   8.34700296e-04
-1.4800e+02   8.35373091e-04
-1.4790e+02   8.36198876e-04
-1.4780e+02   8.36817575e-04
-1.4770e+02   8.37647707e-04
-1.4760e+02   8.38321002e-04
-1.4750e+02   8.39059717e-04
-1.4740e+02   8.39845573e-04
-1.4730e+02   8.40487853e-04
-1.4720e+02   8.41337001e-04
-1.4710e+02   8.41973709e-04
-1.4700e+02   8.42777282e-04
-1.4690e+02   8.43507055e-04
-1.4680e+02   8.44202331e-04
-1.4670e+02   8.45035664e-04
-1.4660e+02   8.45667205e-04
-1.4650e+02   8.46516017e-04
-1.4640e+02   8.47192628e-04
-1.4630e+02   8.47955674e-04
-1.4620e+02   8.48744756e-04
-1.4610e+02   8.49406076e-04
-1.4600e+02   8.50267963e-04
-1.4590e+02   8.50912653e-04
-1.4580e+02   8.51738909e-04
-1.4570e+02   8.52470634e-04
-1.4560e+02   8.53189348e-04
-1.4550e+02   8.54029568e-04
-1.4540e+02   8.54675411e-04
-1.4530e+02   8.55542295e-04
-1.4520e+02   8.56223096e-04
-1.4510e+02   8.57010839e-04
-1.4500e+02   8.57802915e-04
-1.4490e+02   8.58484598e-04
-1.4480e+02   8.59358443e-04
-1.4470e+02   8.60012444e-04
-1.4460e+02   8.60861148e-04
-1.4450e+02   8.61595204e-04
-1.4440e+02   8.62338236e-04
-1.4430e+02   8.63184741e-04
-1.4420e+02   8.63846366e-04
-1.4410e+02   8.64730662e-04
-1.4400e+02   8.65416639e-04
-1.4390e+02   8.66229347e-04
-1.4380e+02   8.67024292e-04
-1.4370e+02   8.67727619e-04
-1.4360e+02   8.68612652e-04
-1.4350e+02   8.69277362e-04
-1.4340e+02   8.70148193e-04
-1.4330e+02   8.70885085e-04
-1.4320e+02   8.71653229e-04
-1.4310e+02   8.72505487e-04
-1.4300e+02   8.73184386e-04
-1.4290e+02   8.74085393e-04
-1.4280e+02   8.74777639e-04
-1.4270e+02   8.75615481e-04
-1.4260e+02   8.76413281e-04
-1.4250e+02   8.77139486e-04
-1.4240e+02   8.78034955e-04
-1.4230e+02   8.78711835e-04
-1.4220e+02   8.79604393e-04
-1.4210e+02   8.80344751e-04
-1.4200e+02   8.81138711e-04
-1.4190e+02   8.81996268e-04
-1.4180e+02   8.82693933e-04
-1.4170e+02   8.83610920e-04
-1.4160e+02   8.84310631e-04
-1.4150e+02   8.85173676e-04
-1.4140e+02   8.85974437e-04
-1.4130e+02   8.86724696e-04
-1.4120e+02   8.87629881e-04
-1.4110e+02   8.88320444e-04
-1.4100e+02   8.89234258e-04
-1.4090e+02   8.89978834e-04
-1.4080e+02   8.90799220e-04
-1.4070e+02   8.91661714e-04
-1.4060e+02   8.92379625e-04
-1.4050e+02   8.93311841e-04
-1.4040e+02   8.94020311e-04
-1.4030e+02   8.94908531e-04
-1.4020e+02   8.95712482e-04
-1.4010e+02   8.96487904e-04
-1.4000e+02   8.97402130e-04
-1.3990e+02   8.98107932e-04
-1.3980e+02   8.99042462e-04
-1.3970e+02   8.99792135e-04
-1.3960e+02   9.00639462e-04
-1.3950e+02   9.01506625e-04
-1.3940e+02   9.02246243e-04
-1.3930e+02   9.03192928e-04
-1.3920e+02   9.03911540e-04
-1.3910e+02   9.04824814e-04
-1.3900e+02   9.05632312e-04
-1.3890e+02   9.06433932e-04
-1.3880e+02   9.07356578e-04
-1.3870e+02   9.08079208e-04
-1.3860e+02   9.09033858e-04
-1.3850e+02   9.09789630e-04
-1.3840e+02   9.10664309e-04
-1.3830e+02   9.11535985e-04
-1.3820e+02   9.12298739e-04
-1.3810e+02   9.13259134e-04
-1.3800e+02   9.13989355e-04
-1.3790e+02   9.14927471e-04
-1.3780e+02   9.15739004e-04
-1.3770e+02   9.16567777e-04
-1.3760e+02   9.17498288e-04
-1.3750e+02   9.18239357e-04
-1.3740e+02   9.19213485e-04
-1.3730e+02   9.19976473e-04
-1.3720e+02   9.20878818e-04
-1.3710e+02   9.21754964e-04
-1.3700e+02   9.22542243e-04
-1.3690e+02   9.23515603e-04
-1.3680e+02   9.24258974e-04
-1.3670e+02   9.25221636e-04
-1.3660e+02   9.26037824e-04
-1.3650e+02   9.26894619e-04
-1.3640e+02   9.27832518e-04
-1.3630e+02   9.28593649e-04
-1.3620e+02   9.29586572e-04
-1.3610e+02   9.30358011e-04
-1.3600e+02   9.31288233e-04
-1.3590e+02   9.32168927e-04
-1.3580e+02   9.32982070e-04
-1.3570e+02   9.33967680e-04
-1.3560e+02   9.34725806e-04
-1.3550e+02   9.35712638e-04
-1.3540e+02   9.36534237e-04
-1.3530e+02   9.37419829e-04
-1.3520e+02   9.38364729e-04
-1.3510e+02   9.39147545e-04
-1.3500e+02   9.40158556e-04
-1.3490e+02   9.40939788e-04
-1.3480e+02   9.41897999e-04
-1.3470e+02   9.42783449e-04
-1.3460e+02   9.43623734e-04
-1.3450e+02   9.44620916e-04
-1.3440e+02   9.45395461e-04
-1.3430e+02   9.46406014e-04
-1.3420e+02   9.47233912e-04
-1.3410e+02   9.48148982e-04
-1.3400e+02   9.49100594e-04
-1.3390e+02   9.49906708e-04
-1.3380e+02   9.50935083e-04
-1.3370e+02   9.51727555e-04
-1.3360e+02   9.52713769e-04
-1.3350e+02   9.53604315e-04
-1.3340e+02   9.54472955e-04
-1.3330e+02   9.55481082e-04
-1.3320e+02   9.56273753e-04
-1.3310e+02   9.57307518e-04
-1.3300e+02   9.58142736e-04
-1.3290e+02   9.59087866e-04
-1.3280e+02   9.60046008e-04
-1.3270e+02   9.60877013e-04
-1.3260e+02   9.61922026e-04
-1.3250e+02   9.62727280e-04
-1.3240e+02   9.63741416e-04
-1.3230e+02   9.64637539e-04
-1.3220e+02   9.65535668e-04
-1.3210e+02   9.66554179e-04
-1.3200e+02   9.67366721e-04
-1.3190e+02   9.68423131e-04
-1.3180e+02   9.69266821e-04
-1.3170e+02   9.70242490e-04
-1.3160e+02   9.71207100e-04
-1.3150e+02   9.72064560e-04
-1.3140e+02   9.73125491e-04
-1.3130e+02   9.73945159e-04
-1.3120e+02   9.74987046e-04
-1.3110e+02   9.75889366e-04
-1.3100e+02   9.76818040e-04
-1.3090e+02   9.77846447e-04
-1.3080e+02   9.78680628e-04
-1.3070e+02   9.79759074e-04
-1.3060e+02   9.80612517e-04
-1.3050e+02   9.81619103e-04
-1.3040e+02   9.82590242e-04
-1.3030e+02   9.83475677e-04
-1.3020e+02   9.84551831e-04
-1.3010e+02   9.85387625e-04
-1.3000e+02   9.86457009e-04
-1.2990e+02   9.87366289e-04
-1.2980e+02   9.88326474e-04
-1.2970e+02   9.89364378e-04
-1.2960e+02   9.90221980e-04
-1.2950e+02   9.91321820e-04
-1.2940e+02   9.92186418e-04
-1.2930e+02   9.93224199e-04
-1.2920e+02   9.94202063e-04
-1.2910e+02   9.95116944e-04
-1.2900e+02   9.96207658e-04
-1.2890e+02   9.97061360e-04
-1.2880e+02   9.98157910e-04
-1.2870e+02   9.99075059e-04
-1.2860e+02   1.00006763e-03
-1.2850e+02   1.00111473e-03
-1.2840e+02   1.00199754e-03
-1.2830e+02   1.00311811e-03
-1.2820e+02   1.00399538e-03
-1.2810e+02   1.00506453e-03
-1.2800e+02   1.00604946e-03
-1.2790e+02   1.00699520e-03
-1.2780e+02   1.00809986e-03
-1.2770e+02   1.00897331e-03
-1.2760e+02   1.01009662e-03
-1.2750e+02   1.01102270e-03
-1.2740e+02   1.01204843e-03
-1.2730e+02   1.01310453e-03
-1.2720e+02   1.01401433e-03
-1.2710e+02   1.01515495e-03
-1.2700e+02   1.01604653e-03
-1.2690e+02   1.01714713e-03
-1.2680e+02   1.01813960e-03
-1.2670e+02   1.01911754e-03
-1.2660e+02   1.02023559e-03
-1.2650e+02   1.02113069e-03
-1.2640e+02   1.02228031e-03
-1.2630e+02   1.02321650e-03
-1.2620e+02   1.02427607e-03
-1.2610e+02   1.02534111e-03
-1.2600e+02   1.02627965e-03
-1.2590e+02   1.02743966e-03
-1.2580e+02   1.02834729e-03
-1.2570e+02   1.02947932e-03
-1.2560e+02   1.03047996e-03
-1.2550e+02   1.03149137e-03
-1.2540e+02   1.03262234e-03
-1.2530e+02   1.03354102e-03
-1.2520e+02   1.03471643e-03
-1.2510e+02   1.03566408e-03
-1.2500e+02   1.03675806e-03
-1.2490e+02   1.03783210e-03
-1.2480e+02   1.03880111e-03
-1.2470e+02   1.03997985e-03
-1.2460e+02   1.04090536e-03
-1.2450e+02   1.04206872e-03
-1.2440e+02   1.04307833e-03
-1.2430e+02   1.04412439e-03
-1.2420e+02   1.04526788e-03
-1.2410e+02   1.04621210e-03
-1.2400e+02   1.04741276e-03
-1.2390e+02   1.04837334e-03
-1.2380e+02   1.04950221e-03
-1.2370e+02   1.05058544e-03
-1.2360e+02   1.05158662e-03
-1.2350e+02   1.05278347e-03
-1.2340e+02   1.05372877e-03
-1.2330e+02   1.05492328e-03
-1.2320e+02   1.05594279e-03
-1.2310e+02   1.05702461e-03
-1.2300e+02   1.05818033e-03
-1.2290e+02   1.05915208e-03
-1.2280e+02   1.06037740e-03
-1.2270e+02   1.06135253e-03
-1.2260e+02   1.06251665e-03
-1.2250e+02   1.06360943e-03
-1.2240e+02   1.06464441e-03
-1.2230e+02   1.06585879e-03
-1.2220e+02   1.06682589e-03
-1.2210e+02   1.06805129e-03
-1.2200e+02   1.06908181e-03
-1.2190e+02   1.07020038e-03
-1.2180e+02   1.07136815e-03
-1.2170e+02   1.07236942e-03
-1.2160e+02   1.07361881e-03
-1.2150e+02   1.07461023e-03
-1.2140e+02   1.07580988e-03
-1.2130e+02   1.07691271e-03
-1.2120e+02   1.07798307e-03
-1.2110e+02   1.07921446e-03
-1.2100e+02   1.08020543e-03
-1.2090e+02   1.08146140e-03
-1.2080e+02   1.08250418e-03
-1.2070e+02   1.08366042e-03
-1.2060e+02   1.08484018e-03
-1.2050e+02   1.08587294e-03
-1.2040e+02   1.08714582e-03
-1.2030e+02   1.08815539e-03
-1.2020e+02   1.08939074e-03
-1.2010e+02   1.09050428e-03
-1.2000e+02   1.09161155e-03
-1.1990e+02   1.09285950e-03
-1.1980e+02   1.09387646e-03
-1.1970e+02   1.09516262e-03
-1.1960e+02   1.09621908e-03
-1.1950e+02   1.09741379e-03
-1.1940e+02   1.09860564e-03
-1.1930e+02   1.09967187e-03
-1.1920e+02   1.10096765e-03
-1.1910e+02   1.10199734e-03
-1.1900e+02   1.10326849e-03
-1.1890e+02   1.10439356e-03
-1.1880e+02   1.10553918e-03
-1.1870e+02   1.10680333e-03
-1.1860e+02   1.10784846e-03
-1.1850e+02   1.10916438e-03
-1.1840e+02   1.11023610e-03
-1.1830e+02   1.11147000e-03
-1.1820e+02   1.11267414e-03
-1.1810e+02   1.11377578e-03
-1.1800e+02   1.11509391e-03
-1.1790e+02   1.11614582e-03
-1.1780e+02   1.11745276e-03
-1.1770e+02   1.11859037e-03
-1.1760e+02   1.11977569e-03
-1.1750e+02   1.12105580e-03
-1.1740e+02   1.12213130e-03
-1.1730e+02   1.12347654e-03
-1.1720e+02   1.12456524e-03
-1.1710e+02   1.12583892e-03
-1.1700e+02   1.12705575e-03
-1.1690e+02   1.12819471e-03
-1.1680e+02   1.12953468e-03
-1.1670e+02   1.13061098e-03
-1.1660e+02   1.13195365e-03
-1.1650e+02   1.13310497e-03
-1.1640e+02   1.13433127e-03
-1.1630e+02   1.13562718e-03
-1.1620e+02   1.13673529e-03
-1.1610e+02   1.13810937e-03
-1.1600e+02   1.13921692e-03
-1.1590e+02   1.14053092e-03
-1.1580e+02   1.14176097e-03
-1.1570e+02   1.14293912e-03
-1.1560e+02   1.14430047e-03
-1.1550e+02   1.14540344e-03
-1.1540e+02   1.14678169e-03
-1.1530e+02   1.14794806e-03
-1.1520e+02   1.14921653e-03
-1.1510e+02   1.15052824e-03
-1.1500e+02   1.15167121e-03
-1.1490e+02   1.15307365e-03
-1.1480e+02   1.15420207e-03
-1.1470e+02   1.15555679e-03
-1.1460e+02   1.15680080e-03
-1.1450e+02   1.15801993e-03
-1.1440e+02   1.15940229e-03
-1.1430e+02   1.16053428e-03
-1.1420e+02   1.16194791e-03
-1.1410e+02   1.16313086e-03
-1.1400e+02   1.16444259e-03
-1.1390e+02   1.16577022e-03
-1.1380e+02   1.16695030e-03
-1.1370e+02   1.16838065e-03
-1.1360e+02   1.16953209e-03
-1.1350e+02   1.17092786e-03
-1.1340e+02   1.17218671e-03
-1.1330e+02   1.17344858e-03
-1.1320e+02   1.17485166e-03
-1.1310e+02   1.17601509e-03
-1.1300e+02   1.17746386e-03
-1.1290e+02   1.17866508e-03
-1.1280e+02   1.18002107e-03
-1.1270e+02   1.18136491e-03
-1.1260e+02   1.18258433e-03
-1.1250e+02   1.18404214e-03
-1.1240e+02   1.18521889e-03
-1.1230e+02   1.18665595e-03
-1.1220e+02   1.18793073e-03
-1.1210e+02   1.18923702e-03
-1.1200e+02   1.19066063e-03
-1.1190e+02   1.19185798e-03
-1.1180e+02   1.19334161e-03
-1.1170e+02   1.19456297e-03
-1.1160e+02   1.19596412e-03
-1.1150e+02   1.19732462e-03
-1.1140e+02   1.19858562e-03
-1.1130e+02   1.20007049e-03
-1.1120e+02   1.20127495e-03
-1.1110e+02   1.20275347e-03
-1.1100e+02   1.20404546e-03
-1.1090e+02   1.20539776e-03
-1.1080e+02   1.20684184e-03
-1.1070e+02   1.20807564e-03
-1.1060e+02   1.20959382e-03
-1.1050e+02   1.21083737e-03
-1.1040e+02   1.21228449e-03
-1.1030e+02   1.21366227e-03
-1.1020e+02   1.21496705e-03
-1.1010e+02   1.21647864e-03
-1.1000e+02   1.21771334e-03
-1.0990e+02   1.21923341e-03
-1.0980e+02   1.22054407e-03
-1.0970e+02   1.22194391e-03
-1.0960e+02   1.22340854e-03
-1.0950e+02   1.22468134e-03
-1.0940e+02   1.22623377e-03
-1.0930e+02   1.22750172e-03
-1.0920e+02   1.22899553e-03
-1.0910e+02   1.23039141e-03
-1.0900e+02   1.23174212e-03
-1.0890e+02   1.23328017e-03
-1.0880e+02   1.23454772e-03
-1.0870e+02   1.23610939e-03
-1.0860e+02   1.23744038e-03
-1.0850e+02   1.23888921e-03
-1.0840e+02   1.24037459e-03
-1.0830e+02   1.24168899e-03
-1.0820e+02   1.24327538e-03
-1.0810e+02   1.24457010e-03
-1.0800e+02   1.24611123e-03
-1.0790e+02   1.24752621e-03
-1.0780e+02   1.24892497e-03
-1.0770e+02   1.25048931e-03
-1.0760e+02   1.25179244e-03
-1.0750e+02   1.25339569e-03
-1.0740e+02   1.25474889e-03
-1.0730e+02   1.25624805e-03
-1.0720e+02   1.25775458e-03
-1.0710e+02   1.25911318e-03
-1.0700e+02   1.26073325e-03
-1.0690e+02   1.26205727e-03
-1.0680e+02   1.26364627e-03
-1.0670e+02   1.26508158e-03
-1.0660e+02   1.26653044e-03
-1.0650e+02   1.26812101e-03
-1.0640e+02   1.26946253e-03
-1.0630e+02   1.27110732e-03
-1.0620e+02   1.27248479e-03
-1.0610e+02   1.27403555e-03
-1.0600e+02   1.27556380e-03
-1.0590e+02   1.27696921e-03
-1.0580e+02   1.27862273e-03
-1.0570e+02   1.27997874e-03
-1.0560e+02   1.28161608e-03
-1.0550e+02   1.28307314e-03
-1.0540e+02   1.28457411e-03
-1.0530e+02   1.28619097e-03
-1.0520e+02   1.28757376e-03
-1.0510e+02   1.28926003e-03
-1.0500e+02   1.29066404e-03
-1.0490e+02   1.29226758e-03
-1.0480e+02   1.29381830e-03
-1.0470e+02   1.29527312e-03
-1.0460e+02   1.29695994e-03
-1.0450e+02   1.29835076e-03
-1.0440e+02   1.30003686e-03
-1.0430e+02   1.30151730e-03
-1.0420e+02   1.30307232e-03
-1.0410e+02   1.30471569e-03
-1.0400e+02   1.30614269e-03
-1.0390e+02   1.30787038e-03
-1.0380e+02   1.30930339e-03
-1.0370e+02   1.31096082e-03
-1.0360e+02   1.31253497e-03
-1.0350e+02   1.31404178e-03
-1.0340e+02   1.31576182e-03
-1.0330e+02   1.31719042e-03
-1.0320e+02   1.31892563e-03
-1.0310e+02   1.32043133e-03
-1.0300e+02   1.32204227e-03
-1.0290e+02   1.32371253e-03
-1.0280e+02   1.32518674e-03
-1.0270e+02   1.32695578e-03
-1.0260e+02   1.32842046e-03
-1.0250e+02   1.33013279e-03
-1.0240e+02   1.33173156e-03
-1.0230e+02   1.33329294e-03
-1.0220e+02   1.33504620e-03
-1.0210e+02   1.33651567e-03
-1.0200e+02   1.33830030e-03
-1.0190e+02   1.33983337e-03
-1.0180e+02   1.34150202e-03
-1.0170e+02   1.34319972e-03
-1.0160e+02   1.34472419e-03
-1.0150e+02   1.34653458e-03
-1.0140e+02   1.34803376e-03
-1.0130e+02   1.34980194e-03
-1.0120e+02   1.35142674e-03
-1.0110e+02   1.35304522e-03
-1.0100e+02   1.35483185e-03
-1.0090e+02   1.35634541e-03
-1.0080e+02   1.35817974e-03
-1.0070e+02   1.35974250e-03
-1.0060e+02   1.36147059e-03
-1.0050e+02   1.36319648e-03
-1.0040e+02   1.36477429e-03
-1.0030e+02   1.36662606e-03
-1.0020e+02   1.36816279e-03
-1.0010e+02   1.36998770e-03
-1.0000e+02   1.37164018e-03
-9.9900e+01   1.37331825e-03
-9.9800e+01   1.37513853e-03
-9.9700e+01   1.37669950e-03
-9.9600e+01   1.37858381e-03
-9.9500e+01   1.38017882e-03
-9.9400e+01   1.38196802e-03
-9.9300e+01   1.38372307e-03
-9.9200e+01   1.38535732e-03
-9.9100e+01   1.38725057e-03
-9.9000e+01   1.38882806e-03
-9.8900e+01   1.39071053e-03
-9.8800e+01   1.39239259e-03
-9.8700e+01   1.39413272e-03
-9.8600e+01   1.39598708e-03
-9.8500e+01   1.39759888e-03
-9.8400e+01   1.39953345e-03
-9.8300e+01   1.40116351e-03
-9.8200e+01   1.40301540e-03
-9.8100e+01   1.40480081e-03
-9.8000e+01   1.40649463e-03
-9.7900e+01   1.40842955e-03
-9.7800e+01   1.41005120e-03
-9.7700e+01   1.41199202e-03
-9.7600e+01   1.41370581e-03
-9.7500e+01   1.41551040e-03
-9.7400e+01   1.41739948e-03
-9.7300e+01   1.41906562e-03
-9.7200e+01   1.42105076e-03
-9.7100e+01   1.42271890e-03
-9.7000e+01   1.42463501e-03
-9.6900e+01   1.42645222e-03
-9.6800e+01   1.42820873e-03
-9.6700e+01   1.43018563e-03
-9.6600e+01   1.43185501e-03
-9.6500e+01   1.43385493e-03
-9.6400e+01   1.43560287e-03
-9.6300e+01   1.43747431e-03
-9.6200e+01   1.43939891e-03
-9.6100e+01   1.44112301e-03
-9.6000e+01   1.44315904e-03
-9.5900e+01   1.44486854e-03
-9.5800e+01   1.44685034e-03
-9.5700e+01   1.44870105e-03
-9.5600e+01   1.45052340e-03
-9.5500e+01   1.45254272e-03
-9.5400e+01   1.45426356e-03
-9.5300e+01   1.45632331e-03
-9.5200e+01   1.45810810e-03
-9.5100e+01   1.46004870e-03
-9.5000e+01   1.46200987e-03
-9.4900e+01   1.46379560e-03
-9.4800e+01   1.46588294e-03
-9.4700e+01   1.46763729e-03
-9.4600e+01   1.46968622e-03
-9.4500e+01   1.47157241e-03
-9.4400e+01   1.47346372e-03
-9.4300e+01   1.47552607e-03
-9.4200e+01   1.47730226e-03
-9.4100e+01   1.47942258e-03
-9.4000e+01   1.48124719e-03
-9.3900e+01   1.48325923e-03
-9.3800e+01   1.48525826e-03
-9.3700e+01   1.48710936e-03
-9.3600e+01   1.48924851e-03
-9.3500e+01   1.49105144e-03
-9.3400e+01   1.49316888e-03
-9.3300e+01   1.49509281e-03
-9.3200e+01   1.49705622e-03
-9.3100e+01   1.49916239e-03
-9.3000e+01   1.50099796e-03
-9.2900e+01   1.50317962e-03
-9.2800e+01   1.50504730e-03
-9.2700e+01   1.50713302e-03
-9.2600e+01   1.50917146e-03
-9.2500e+01   1.51109174e-03
-9.2400e+01   1.51328331e-03
-9.2300e+01   1.51513878e-03
-9.2200e+01   1.51732609e-03
-9.2100e+01   1.51929034e-03
-9.2000e+01   1.52132896e-03
-9.1900e+01   1.52347994e-03
-9.1800e+01   1.52537908e-03
-9.1700e+01   1.52762289e-03
-9.1600e+01   1.52953718e-03
-9.1500e+01   1.53169877e-03
-9.1400e+01   1.53377846e-03
-9.1300e+01   1.53577178e-03
-9.1200e+01   1.53801651e-03
-9.1100e+01   1.53992871e-03
-9.1000e+01   1.54218726e-03
-9.0900e+01   1.54419471e-03
-9.0800e+01   1.54631165e-03
-9.0700e+01   1.54850868e-03
-9.0600e+01   1.55047570e-03
-9.0500e+01   1.55278252e-03
-9.0400e+01   1.55474726e-03
-9.0300e+01   1.55698690e-03
-9.0200e+01   1.55910998e-03
-9.0100e+01   1.56118025e-03
-9.0000e+01   1.56347904e-03
-8.9900e+01   1.56545239e-03
-8.9800e+01   1.56778355e-03
-8.9700e+01   1.56983739e-03
-8.9600e+01   1.57203576e-03
-8.9500e+01   1.57428033e-03
-8.9400e+01   1.57631969e-03
-8.9300e+01   1.57869047e-03
-8.9200e+01   1.58070979e-03
-8.9100e+01   1.58302965e-03
-8.9000e+01   1.58519858e-03
-8.8900e+01   1.58734976e-03
-8.8800e+01   1.58970372e-03
-8.8700e+01   1.59174284e-03
-8.8600e+01   1.59414800e-03
-8.8500e+01   1.59625179e-03
-8.8400e+01   1.59853469e-03
-8.8300e+01   1.60082856e-03
-8.8200e+01   1.60294485e-03
-8.8100e+01   1.60538068e-03
-8.8000e+01   1.60745899e-03
-8.7900e+01   1.60986123e-03
-8.7800e+01   1.61207881e-03
-8.7700e+01   1.61431491e-03
-8.7600e+01   1.61672536e-03
-8.7500e+01   1.61883510e-03
-8.7400e+01   1.62131572e-03
-8.7300e+01   1.62347334e-03
-8.7200e+01   1.62584387e-03
-8.7100e+01   1.62818915e-03
-8.7000e+01   1.63038706e-03
-8.6900e+01   1.63288916e-03
-8.6800e+01   1.63503119e-03
-8.6700e+01   1.63751798e-03
-8.6600e+01   1.63978737e-03
-8.6500e+01   1.64211244e-03
-8.6400e+01   1.64458096e-03
-8.6300e+01   1.64676639e-03
-8.6200e+01   1.64932399e-03
-8.6100e+01   1.65153970e-03
-8.6000e+01   1.65400097e-03
-8.5900e+01   1.65640008e-03
-8.5800e+01   1.65868444e-03
-8.5700e+01   1.66125421e-03
-8.5600e+01   1.66346499e-03
-8.5500e+01   1.66603853e-03
-8.5400e+01   1.66836329e-03
-8.5300e+01   1.67078143e-03
-8.5200e+01   1.67330987e-03
-8.5100e+01   1.67557626e-03
-8.5000e+01   1.67821248e-03
-8.4900e+01   1.68049090e-03
-8.4800e+01   1.68304605e-03
-8.4700e+01   1.68550178e-03
-8.4600e+01   1.68787754e-03
-8.4500e+01   1.69051659e-03
-8.4400e+01   1.69280144e-03
-8.4300e+01   1.69546400e-03
-8.4200e+01   1.69784807e-03
-8.4100e+01   1.70036345e-03
-8.4000e+01   1.70295397e-03
-8.3900e+01   1.70530682e-03
-8.3800e+01   1.70802344e-03
-8.3700e+01   1.71036955e-03
-8.3600e+01   1.71302176e-03
-8.3500e+01   1.71553730e-03
-8.3400e+01   1.71800952e-03
-8.3300e+01   1.72071970e-03
-8.3200e+01   1.72308428e-03
-8.3100e+01   1.72583819e-03
-8.3000e+01   1.72828595e-03
-8.2900e+01   1.73090276e-03
-8.2800e+01   1.73355790e-03
-8.2700e+01   1.73600291e-03
-8.2600e+01   1.73880185e-03
-8.2500e+01   1.74122106e-03
-8.2400e+01   1.74397356e-03
-8.2300e+01   1.74655251e-03
-8.2200e+01   1.74912639e-03
-8.2100e+01   1.75190983e-03
-8.2000e+01   1.75436008e-03
-8.1900e+01   1.75720779e-03
-8.1800e+01   1.75972404e-03
-8.1700e+01   1.76244660e-03
-8.1600e+01   1.76516926e-03
-8.1500e+01   1.76771234e-03
-8.1400e+01   1.77059576e-03
-8.1300e+01   1.77309383e-03
-8.1200e+01   1.77594993e-03
-8.1100e+01   1.77859636e-03
-8.1000e+01   1.78127722e-03
-8.0900e+01   1.78413638e-03
-8.0800e+01   1.78667857e-03
-8.0700e+01   1.78962267e-03
-8.0600e+01   1.79221267e-03
-8.0500e+01   1.79504535e-03
-8.0400e+01   1.79783886e-03
-8.0300e+01   1.80048616e-03
-8.0200e+01   1.80345643e-03
-8.0100e+01   1.80603957e-03
-8.0000e+01   1.80900269e-03
-7.9900e+01   1.81172112e-03
-7.9800e+01   1.81451442e-03
-7.9700e+01   1.81745212e-03
-7.9600e+01   1.82009283e-03
-7.9500e+01   1.82313609e-03
-7.9400e+01   1.82580559e-03
-7.9300e+01   1.82875287e-03
-7.9200e+01   1.83162101e-03
-7.9100e+01   1.83437889e-03
-7.9000e+01   1.83743870e-03
-7.8900e+01   1.84011352e-03
-7.8800e+01   1.84318720e-03
-7.8700e+01   1.84598268e-03
-7.8600e+01   1.84889404e-03
-7.8500e+01   1.85191349e-03
-7.8400e+01   1.85465966e-03
-7.8300e+01   1.85780504e-03
-7.8200e+01   1.86056028e-03
-7.8100e+01   1.86362678e-03
-7.8000e+01   1.86657384e-03
-7.7900e+01   1.86944890e-03
-7.7800e+01   1.87260123e-03
-7.7700e+01   1.87537480e-03
-7.7600e+01   1.87856275e-03
-7.7500e+01   1.88144085e-03
-7.7400e+01   1.88447605e-03
-7.7300e+01   1.88758093e-03
-7.7200e+01   1.89043981e-03
-7.7100e+01   1.89369056e-03
-7.7000e+01   1.89653830e-03
-7.6900e+01   1.89972879e-03
-7.6800e+01   1.90275958e-03
-7.6700e+01   1.90575867e-03
-7.6600e+01   1.90900692e-03
-7.6500e+01   1.91188672e-03
-7.6400e+01   1.91519286e-03
-7.6300e+01   1.91815975e-03
-7.6200e+01   1.92132476e-03
-7.6100e+01   1.92451923e-03
-7.6000e+01   1.92749844e-03
-7.5900e+01   1.93085809e-03
-7.5800e+01   1.93380565e-03
-7.5700e+01   1.93712507e-03
-7.5600e+01   1.94024500e-03
-7.5500e+01   1.94337522e-03
-7.5400e+01   1.94672320e-03
-7.5300e+01   1.94971722e-03
-7.5200e+01   1.95314570e-03
-7.5100e+01   1.95620813e-03
-7.5000e+01   1.95950915e-03
-7.4900e+01   1.96279791e-03
-7.4800e+01   1.96590545e-03
-7.4700e+01   1.96937790e-03
-7.4600e+01   1.97243314e-03
-7.4500e+01   1.97588668e-03
-7.4400e+01   1.97910177e-03
-7.4300e+01   1.98237052e-03
-7.4200e+01   1.98582253e-03
-7.4100e+01   1.98893922e-03
-7.4000e+01   1.99249451e-03
-7.3900e+01   1.99565988e-03
-7.3800e+01   1.99910333e-03
-7.3700e+01   2.00249171e-03
-7.3600e+01   2.00573594e-03
-7.3500e+01   2.00932549e-03
-7.3400e+01   2.01249690e-03
-7.3300e+01   2.01609000e-03
-7.3200e+01   2.01940695e-03
-7.3100e+01   2.02282194e-03
-7.3000e+01   2.02638281e-03
-7.2900e+01   2.02963115e-03
-7.2800e+01   2.03331805e-03
-7.2700e+01   2.03659445e-03
-7.2600e+01   2.04018703e-03
-7.2500e+01   2.04368100e-03
-7.2400e+01   2.04707073e-03
-7.2300e+01   2.05078216e-03
-7.2200e+01   2.05407884e-03
-7.2100e+01   2.05781726e-03
-7.2000e+01   2.06124349e-03
-7.1900e+01   2.06481275e-03
-7.1800e+01   2.06848796e-03
-7.1700e+01   2.07187745e-03
-7.1600e+01   2.07570117e-03
-7.1500e+01   2.07909741e-03
-7.1400e+01   2.08284615e-03
-7.1300e+01   2.08645241e-03
-7.1200e+01   2.08999686e-03
-7.1100e+01   2.09383550e-03
-7.1000e+01   2.09726722e-03
-7.0900e+01   2.10115708e-03
-7.0800e+01   2.10470080e-03
-7.0700e+01   2.10843276e-03
-7.0600e+01   2.11222843e-03
-7.0500e+01   2.11576916e-03
-7.0400e+01   2.11973539e-03
-7.0300e+01   2.12326104e-03
-7.0200e+01   2.12717334e-03
-7.0100e+01   2.13089938e-03
-7.0000e+01   2.13460826e-03
-6.9900e+01   2.13858004e-03
-6.9800e+01   2.14215728e-03
-6.9700e+01   2.14620514e-03
-6.9600e+01   2.14987538e-03
-6.9500e+01   2.15377888e-03
-6.9400e+01   2.15770191e-03
-6.9300e+01   2.16140457e-03
-6.9200e+01   2.16551954e-03
-6.9100e+01   2.16918501e-03
-6.9000e+01   2.17326869e-03
-6.8900e+01   2.17712286e-03
-6.8800e+01   2.18100640e-03
-6.8700e+01   2.18511797e-03
-6.8600e+01   2.18885195e-03
-6.8500e+01   2.19306485e-03
-6.8400e+01   2.19687155e-03
-6.8300e+01   2.20095592e-03
-6.8200e+01   2.20501404e-03
-6.8100e+01   2.20888997e-03
-6.8000e+01   2.21316056e-03
-6.7900e+01   2.21697710e-03
-6.7800e+01   2.22124050e-03
-6.7700e+01   2.22523206e-03
-6.7600e+01   2.22930107e-03
-6.7500e+01   2.23355986e-03
-6.7400e+01   2.23746259e-03
-6.7300e+01   2.24184820e-03
-6.7200e+01   2.24580225e-03
-6.7100e+01   2.25007735e-03
-6.7000e+01   2.25427921e-03
-6.6900e+01   2.25834046e-03
-6.6800e+01   2.26277427e-03
-6.6700e+01   2.26675410e-03
-6.6600e+01   2.27120609e-03
-6.6500e+01   2.27534536e-03
-6.6400e+01   2.27961126e-03
-6.6300e+01   2.28402558e-03
-6.6200e+01   2.28810995e-03
-6.6100e+01   2.29267657e-03
-6.6000e+01   2.29678994e-03
-6.5900e+01   2.30126622e-03
-6.5800e+01   2.30562152e-03
-6.5700e+01   2.30988090e-03
-6.5600e+01   2.31448635e-03
-6.5500e+01   2.31864267e-03
-6.5400e+01   2.32329282e-03
-6.5300e+01   2.32759120e-03
-6.5200e+01   2.33206614e-03
-6.5100e+01   2.33664528e-03
-6.5000e+01   2.34092509e-03
-6.4900e+01   2.34568182e-03
-6.4800e+01   2.34996758e-03
-6.4700e+01   2.35465621e-03
-6.4600e+01   2.35917576e-03
-6.4500e+01   2.36364692e-03
-6.4400e+01   2.36843337e-03
-6.4300e+01   2.37278049e-03
-6.4200e+01   2.37763911e-03
-6.4100e+01   2.38210923e-03
-6.4000e+01   2.38680611e-03
-6.3900e+01   2.39156049e-03
-6.3800e+01   2.39605055e-03
-6.3700e+01   2.40100738e-03
-6.3600e+01   2.40547985e-03
-6.3500e+01   2.41039277e-03
-6.3400e+01   2.41508863e-03
-6.3300e+01   2.41978614e-03
-6.3200e+01   2.42476403e-03
-6.3100e+01   2.42931742e-03
-6.3000e+01   2.43439570e-03
-6.2900e+01   2.43905151e-03
-6.2800e+01   2.44398413e-03
-6.2700e+01   2.44892541e-03
-6.2600e+01   2.45364162e-03
-6.2500e+01   2.45880956e-03
-6.2400e+01   2.46348437e-03
-6.2300e+01   2.46863445e-03
-6.2200e+01   2.47352006e-03
-6.2100e+01   2.47845951e-03
-6.2000e+01   2.48364048e-03
-6.1900e+01   2.48841689e-03
-6.1800e+01   2.49372703e-03
-6.1700e+01   2.49858392e-03
-6.1600e+01   2.50376707e-03
-6.1500e+01   2.50890829e-03
-6.1400e+01   2.51386775e-03
-6.1300e+01   2.51925900e-03
-6.1200e+01   2.52415324e-03
-6.1100e+01   2.52955436e-03
-6.1000e+01   2.53464469e-03
-6.0900e+01   2.53984281e-03
-6.0800e+01   2.54523986e-03
-6.0700e+01   2.55025744e-03
-6.0600e+01   2.55581280e-03
-6.0500e+01   2.56088777e-03
-6.0400e+01   2.56633735e-03
-6.0300e+01   2.57169310e-03
-6.0200e+01   2.57691424e-03
-6.0100e+01   2.58254231e-03
-6.0000e+01   2.58767466e-03
-5.9900e+01   2.59334190e-03
-5.9800e+01   2.59865360e-03
-5.9700e+01   2.60412839e-03
-5.9600e+01   2.60975607e-03
-5.9500e+01   2.61503452e-03
-5.9400e+01   2.62084976e-03
-5.9300e+01   2.62616155e-03
-5.9200e+01   2.63189477e-03
-5.9100e+01   2.63748137e-03
-5.9000e+01   2.64298407e-03
-5.8900e+01   2.64886401e-03
-5.8800e+01   2.65425490e-03
-5.8700e+01   2.66020471e-03
-5.8600e+01   2.66575628e-03
-5.8500e+01   2.67152717e-03
-5.8400e+01   2.67740176e-03
-5.8300e+01   2.68296247e-03
-5.8200e+01   2.68905380e-03
-5.8100e+01   2.69462308e-03
-5.8000e+01   2.70065856e-03
-5.7900e+01   2.70649427e-03
-5.7800e+01   2.71230008e-03
-5.7700e+01   2.71844868e-03
-5.7600e+01   2.72412044e-03
-5.7500e+01   2.73037081e-03
-5.7400e+01   2.73618286e-03
-5.7300e+01   2.74227088e-03
-5.7200e+01   2.74841065e-03
-5.7100e+01   2.75427686e-03
-5.7000e+01   2.76066224e-03
-5.6900e+01   2.76651182e-03
-5.6800e+01   2.77286986e-03
-5.6700e+01   2.77897511e-03
-5.6600e+01   2.78510738e-03
-5.6500e+01   2.79154340e-03
-5.6400e+01   2.79752053e-03
-5.6300e+01   2.80409126e-03
-5.6200e+01   2.81018666e-03
-5.6100e+01   2.81661469e-03
-5.6000e+01   2.82304012e-03
-5.5900e+01   2.82923719e-03
-5.5800e+01   2.83593656e-03
-5.5700e+01   2.84209161e-03
-5.5600e+01   2.84879442e-03
-5.5500e+01   2.85519206e-03
-5.5400e+01   2.86167621e-03
-5.5300e+01   2.86842068e-03
-5.5200e+01   2.87473002e-03
-5.5100e+01   2.88164296e-03
-5.5000e+01   2.88804718e-03
-5.4900e+01   2.89484017e-03
-5.4800e+01   2.90157425e-03
-5.4700e+01   2.90812987e-03
-5.4600e+01   2.91516550e-03
-5.4500e+01   2.92165382e-03
-5.4400e+01   2.92872578e-03
-5.4300e+01   2.93544140e-03
-5.4200e+01   2.94230518e-03
-5.4100e+01   2.94938170e-03
-5.4000e+01   2.95605274e-03
-5.3900e+01   2.96333213e-03
-5.3800e+01   2.97007351e-03
-5.3700e+01   2.97725878e-03
-5.3600e+01   2.98432735e-03
-5.3500e+01   2.99127185e-03
-5.3400e+01   2.99866861e-03
-5.3300e+01   3.00552097e-03
-5.3200e+01   3.01298899e-03
-5.3100e+01   3.02005124e-03
-5.3000e+01   3.02732504e-03
-5.2900e+01   3.03476015e-03
-5.2800e+01   3.04182536e-03
-5.2700e+01   3.04949816e-03
-5.2600e+01   3.05660827e-03
-5.2500e+01   3.06421586e-03
-5.2400e+01   3.07164799e-03
-5.2300e+01   3.07901467e-03
-5.2200e+01   3.08680049e-03
-5.2100e+01   3.09405096e-03
-5.2000e+01   3.10194480e-03
-5.1900e+01   3.10938581e-03
-5.1800e+01   3.11710305e-03
-5.1700e+01   3.12492663e-03
-5.1600e+01   3.13242183e-03
-5.1500e+01   3.14051815e-03
-5.1400e+01   3.14803220e-03
-5.1300e+01   3.15609528e-03
-5.1200e+01   3.16392372e-03
-5.1100e+01   3.17174926e-03
-5.1000e+01   3.17995552e-03
-5.0900e+01   3.18764193e-03
-5.0800e+01   3.19599472e-03
-5.0700e+01   3.20385054e-03
-5.0600e+01   3.21204808e-03
-5.0500e+01   3.22029386e-03
-5.0400e+01   3.22825866e-03
-5.0300e+01   3.23681226e-03
-5.0200e+01   3.24476956e-03
-5.0100e+01   3.25332492e-03
-5.0000e+01   3.26158656e-03
-4.9900e+01   3.26991151e-03
-4.9800e+01   3.27857363e-03
-4.9700e+01   3.28673801e-03
-4.9600e+01   3.29558673e-03
-4.9500e+01   3.30389788e-03
-4.9400e+01   3.31261653e-03
-4.9300e+01   3.32132266e-03
-4.9200e+01   3.32980099e-03
-4.9100e+01   3.33884982e-03
-4.9000e+01   3.34729438e-03
-4.8900e+01   3.35638295e-03
-4.8800e+01   3.36511949e-03
-4.8700e+01   3.37398879e-03
-4.8600e+01   3.38314680e-03
-4.8500e+01   3.39183603e-03
-4.8400e+01   3.40122213e-03
-4.8300e+01   3.41003421e-03
-4.8200e+01   3.41931939e-03
-4.8100e+01   3.42852904e-03
-4.8000e+01   3.43756977e-03
-4.7900e+01   3.44715669e-03
-4.7800e+01   3.45613782e-03
-4.7700e+01   3.46580539e-03
-4.7600e+01   3.47506398e-03
-4.7500e+01   3.48452767e-03
-4.7400e+01   3.49422696e-03
-4.7300e+01   3.50349340e-03
-4.7200e+01   3.51346354e-03
-4.7100e+01   3.52282796e-03
-4.7000e+01   3.53273037e-03
-4.6900e+01   3.54249259e-03
-4.6800e+01   3.55215026e-03
-4.6700e+01   3.56232378e-03
-4.6600e+01   3.57189689e-03
-4.6500e+01   3.58219486e-03
-4.6400e+01   3.59202895e-03
-4.6300e+01   3.60214295e-03
-4.6200e+01   3.61243510e-03
-4.6100e+01   3.62233746e-03
-4.6000e+01   3.63294436e-03
-4.5900e+01   3.64291923e-03
-4.5800e+01   3.65349572e-03
-4.5700e+01   3.66386628e-03
-4.5600e+01   3.67420200e-03
-4.5500e+01   3.68501724e-03
-4.5400e+01   3.69524476e-03
-4.5300e+01   3.70623109e-03
-4.5200e+01   3.71670138e-03
-4.5100e+01   3.72752843e-03
-4.5000e+01   3.73847223e-03
-4.4900e+01   3.74907652e-03
-4.4800e+01   3.76038000e-03
-4.4700e+01   3.77103112e-03
-4.4600e+01   3.78234576e-03
-4.4500e+01   3.79338825e-03
-4.4400e+01   3.80447071e-03
-4.4300e+01   3.81599052e-03
-4.4200e+01   3.82694299e-03
-4.4100e+01   3.83868333e-03
-4.4000e+01   3.84985893e-03
-4.3900e+01   3.86146973e-03
-4.3800e+01   3.87313238e-03
-4.3700e+01   3.88451310e-03
-4.3600e+01   3.89658126e-03
-4.3500e+01   3.90798340e-03
-4.3400e+01   3.92010866e-03
-4.3300e+01   3.93189579e-03
-4.3200e+01   3.94380257e-03
-4.3100e+01   3.95609883e-03
-4.3000e+01   3.96785619e-03
-4.2900e+01   3.98042524e-03
-4.2800e+01   3.99238505e-03
-4.2700e+01   4.00485962e-03
-4.2600e+01   4.01731816e-03
-4.2500e+01   4.02955967e-03
-4.2400e+01   4.04247043e-03
-4.2300e+01   4.05470874e-03
-4.2200e+01   4.06772703e-03
-4.2100e+01   4.08034216e-03
-4.2000e+01   4.09316120e-03
-4.1900e+01   4.10631643e-03
-4.1800e+01   4.11896966e-03
-4.1700e+01   4.13245274e-03
-4.1600e+01   4.14528710e-03
-4.1500e+01   4.15871646e-03
-4.1400e+01   4.17205949e-03
-4.1300e+01   4.18525776e-03
-4.1200e+01   4.19910055e-03
-4.1100e+01   4.21227239e-03
-4.1000e+01   4.22627783e-03
-4.0900e+01   4.23981683e-03
-4.0800e+01   4.25364833e-03
-4.0700e+01   4.26775759e-03
-4.0600e+01   4.28141058e-03
-4.0500e+01   4.29590565e-03
-4.0400e+01   4.30971834e-03
-4.0300e+01   4.32420648e-03
-4.0200e+01   4.33853626e-03
-4.0100e+01   4.35280090e-03
-4.0000e+01   4.36767887e-03
-3.9900e+01   4.38189595e-03
-3.9800e+01   4.39699656e-03
-3.9700e+01   4.41157007e-03
-3.9600e+01   4.42652868e-03
-3.9500e+01   4.44170195e-03
-3.9400e+01   4.45647382e-03
-3.9300e+01   4.47209386e-03
-3.9200e+01   4.48700455e-03
-3.9100e+01   4.50267092e-03
-3.9000e+01   4.51810587e-03
-3.8900e+01   4.53356270e-03
-3.8800e+01   4.54959527e-03
-3.8700e+01   4.56498630e-03
-3.8600e+01   4.58130669e-03
-3.8500e+01   4.59704286e-03
-3.8400e+01   4.61326050e-03
-3.8300e+01   4.62962548e-03
-3.8200e+01   4.64565347e-03
-3.8100e+01   4.66252940e-03
-3.8000e+01   4.67867661e-03
-3.7900e+01   4.69565909e-03
-3.7800e+01   4.71233693e-03
-3.7700e+01   4.72913108e-03
-3.7600e+01   4.74645720e-03
-3.7500e+01   4.76317108e-03
-3.7400e+01   4.78085576e-03
-3.7300e+01   4.79790362e-03
-3.7200e+01   4.81553283e-03
-3.7100e+01   4.83323847e-03
-3.7000e+01   4.85068146e-03
-3.6900e+01   4.86896576e-03
-3.6800e+01   4.88651056e-03
-3.6700e+01   4.90496921e-03
-3.6600e+01   4.92305077e-03
-3.6500e+01   4.94135050e-03
-3.6400e+01   4.96013258e-03
-3.6300e+01   4.97834247e-03
-3.6200e+01   4.99755989e-03
-3.6100e+01   5.01609356e-03
-3.6000e+01   5.03531171e-03
-3.5900e+01   5.05453255e-03
-3.5800e+01   5.07357542e-03
-3.5700e+01   5.09344661e-03
-3.5600e+01   5.11257715e-03
-3.5500e+01   5.13269883e-03
-3.5400e+01   5.15237277e-03
-3.5300e+01   5.17237431e-03
-3.5200e+01   5.19280313e-03
-3.5100e+01   5.21271141e-03
-3.5000e+01   5.23365907e-03
-3.4900e+01   5.25388292e-03
-3.4800e+01   5.27489752e-03
-3.4700e+01   5.29583904e-03
-3.4600e+01   5.31669817e-03
-3.4500e+01   5.33836639e-03
-3.4400e+01   5.35930362e-03
-3.4300e+01   5.38130778e-03
-3.4200e+01   5.40279655e-03
-3.4100e+01   5.42473006e-03
-3.4000e+01   5.44703097e-03
-3.3900e+01   5.46887546e-03
-3.3800e+01   5.49178631e-03
-3.3700e+01   5.51394147e-03
-3.3600e+01   5.53699674e-03
-3.3500e+01   5.55990222e-03
-3.3400e+01   5.58283232e-03
-3.3300e+01   5.60654638e-03
-3.3200e+01   5.62955122e-03
-3.3100e+01   5.65369718e-03
-3.3000e+01   5.67726452e-03
-3.2900e+01   5.70140169e-03
-3.2800e+01   5.72584234e-03
-3.2700e+01   5.74990427e-03
-3.2600e+01   5.77505474e-03
-3.2500e+01   5.79942739e-03
-3.2400e+01   5.82481266e-03
-3.2300e+01   5.84997170e-03
-3.2200e+01   5.87527460e-03
-3.2100e+01   5.90133092e-03
-3.2000e+01   5.92671336e-03
-3.1900e+01   5.95330961e-03
-3.1800e+01   5.97926999e-03
-3.1700e+01   6.00593374e-03
-3.1600e+01   6.03283397e-03
-3.1500e+01   6.05944803e-03
-3.1400e+01   6.08716833e-03
-3.1300e+01   6.11410020e-03
-3.1200e+01   6.14216061e-03
-3.1100e+01   6.16992016e-03
-3.1000e+01   6.19795593e-03
-3.0900e+01   6.22670994e-03
-3.0800e+01   6.25484074e-03
-3.0700e+01   6.28425683e-03
-3.0600e+01   6.31298769e-03
-3.0500e+01   6.34256452e-03
-3.0400e+01   6.37230910e-03
-3.0300e+01   6.40187640e-03
-3.0200e+01   6.43256377e-03
-3.0100e+01   6.46246569e-03
-3.0000e+01   6.49361603e-03
-2.9900e+01   6.52439449e-03
-2.9800e+01   6.55559590e-03
-2.9700e+01   6.58747681e-03
-2.9600e+01   6.61880256e-03
-2.9500e+01   6.65148450e-03
-2.9400e+01   6.68344199e-03
-2.9300e+01   6.71639812e-03
-2.9200e+01   6.74945320e-03
-2.9100e+01   6.78245810e-03
-2.9000e+01   6.81659400e-03
-2.8900e+01   6.84996352e-03
-2.8800e+01   6.88470618e-03
-2.8700e+01   6.91901184e-03
-2.8600e+01   6.95390319e-03
-2.8500e+01   6.98943324e-03
-2.8400e+01   7.02449606e-03
-2.8300e+01   7.06098646e-03
-2.8200e+01   7.09672607e-03
-2.8100e+01   7.13362851e-03
-2.8000e+01   7.17056319e-03
-2.7900e+01   7.20759543e-03
-2.7800e+01   7.24576813e-03
-2.7700e+01   7.28321265e-03
-2.7600e+01   7.32216128e-03
-2.7500e+01   7.36061657e-03
-2.7400e+01   7.39983847e-03
-2.7300e+01   7.43965830e-03
-2.7200e+01   7.47912191e-03
-2.7100e+01   7.52008657e-03
-2.7000e+01   7.56029044e-03
-2.6900e+01   7.60183487e-03
-2.6800e+01   7.64334983e-03
-2.6700e+01   7.68513378e-03
-2.6600e+01   7.72806836e-03
-2.6500e+01   7.77033592e-03
-2.6400e+01   7.81424694e-03
-2.6300e+01   7.85762068e-03
-2.6200e+01   7.90196316e-03
-2.6100e+01   7.94686574e-03
-2.6000e+01   7.99155016e-03
-2.5900e+01   8.03781368e-03
-2.5800e+01   8.08332709e-03
-2.5700e+01   8.13037536e-03
-2.5600e+01   8.17734120e-03
-2.5500e+01   8.22477530e-03
-2.5400e+01   8.27337396e-03
-2.5300e+01   8.32139466e-03
-2.5200e+01   8.37120970e-03
-2.5100e+01   8.42046070e-03
-2.5000e+01   8.47090790e-03
-2.4900e+01   8.52188429e-03
-2.4800e+01   8.57281300e-03
-2.4700e+01   8.62540704e-03
-2.4600e+01   8.67728803e-03
-2.4500e+01   8.73091896e-03
-2.4400e+01   8.78442844e-03
-2.4300e+01   8.83863882e-03
-2.4200e+01   8.89403593e-03
-2.4100e+01   8.94897850e-03
-2.4000e+01   9.00588242e-03
-2.3900e+01   9.06221911e-03
-2.3800e+01   9.12001057e-03
-2.3700e+01   9.17831291e-03
-2.3600e+01   9.23677752e-03
-2.3500e+01   9.29700723e-03
-2.3400e+01   9.35659490e-03
-2.3300e+01   9.41817455e-03
-2.3200e+01   9.47961471e-03
-2.3100e+01   9.54202945e-03
-2.3000e+01   9.60566779e-03
-2.2900e+01   9.66901808e-03
-2.2800e+01   9.73451971e-03
-2.2700e+01   9.79948313e-03
-2.2600e+01   9.86619926e-03
-2.2500e+01   9.93342851e-03
-2.2400e+01   1.00010793e-02
-2.2300e+01   1.00706163e-02
-2.2200e+01   1.01396266e-02
-2.2100e+01   1.02109069e-02
-2.2000e+01   1.02820606e-02
-2.1900e+01   1.03545143e-02
-2.1800e+01   1.04282526e-02
-2.1700e+01   1.05019246e-02
-2.1600e+01   1.05779710e-02
-2.1500e+01   1.06535525e-02
-2.1400e+01   1.07312359e-02
-2.1300e+01   1.08094668e-02
-2.1200e+01   1.08884416e-02
-2.1100e+01   1.09694569e-02
-2.1000e+01   1.10501198e-02
-2.0900e+01   1.11333797e-02
-2.0800e+01   1.12165712e-02
-2.0700e+01   1.13014556e-02
-2.0600e+01   1.13877239e-02
-2.0500e+01   1.14742198e-02
-2.0400e+01   1.15633612e-02
-2.0300e+01   1.16521732e-02
-2.0200e+01   1.17435049e-02
-2.0100e+01   1.18354679e-02
-2.0000e+01   1.19285802e-02
-1.9900e+01   1.20239380e-02
-1.9800e+01   1.21191979e-02
-1.9700e+01   1.22174511e-02
-1.9600e+01   1.23157602e-02
-1.9500e+01   1.24162456e-02
-1.9400e+01   1.25182735e-02
-1.9300e+01   1.26209208e-02
-1.9200e+01   1.27265560e-02
-1.9100e+01   1.28320849e-02
-1.9000e+01   1.29406469e-02
-1.8900e+01   1.30499991e-02
-1.8800e+01   1.31610190e-02
-1.8700e+01   1.32745675e-02
-1.8600e+01   1.33883845e-02
-1.8500e+01   1.35056909e-02
-1.8400e+01   1.36232761e-02
-1.8300e+01   1.37436464e-02
-1.8200e+01   1.38658102e-02
-1.8100e+01   1.39891214e-02
-1.8000e+01   1.41158701e-02
-1.7900e+01   1.42428633e-02
-1.7800e+01   1.43735392e-02
-1.7700e+01   1.45052803e-02
-1.7600e+01   1.46393664e-02
-1.7500e+01   1.47763857e-02
-1.7400e+01   1.49142006e-02
-1.7300e+01   1.50561493e-02
-1.7200e+01   1.51987486e-02
-1.7100e+01   1.53449221e-02
-1.7000e+01   1.54932855e-02
-1.6900e+01   1.56435200e-02
-1.6800e+01   1.57978070e-02
-1.6700e+01   1.59528798e-02
-1.6600e+01   1.61124865e-02
-1.6500e+01   1.62736150e-02
-1.6400e+01   1.64379974e-02
-1.6300e+01   1.66059092e-02
-1.6200e+01   1.67753827e-02
-1.6100e+01   1.69498612e-02
-1.6000e+01   1.71255926e-02
-1.5900e+01   1.73059561e-02
-1.5800e+01   1.74891377e-02
-1.5700e+01   1.76752068e-02
-1.5600e+01   1.78662038e-02
-1.5500e+01   1.80588208e-02
-1.5400e+01   1.82571323e-02
-1.5300e+01   1.84577110e-02
-1.5200e+01   1.86628039e-02
-1.5100e+01   1.88723311e-02
-1.5000e+01   1.90845533e-02
-1.4900e+01   1.93030097e-02
-1.4800e+01   1.95236878e-02
-1.4700e+01   1.97504714e-02
-1.4600e+01   1.99810788e-02
-1.4500e+01   2.02160439e-02
-1.4400e+01   2.04572338e-02
-1.4300e+01   2.07013427e-02
-1.4200e+01   2.09527968e-02
-1.4100e+01   2.12077366e-02
-1.4000e+01   2.14690030e-02
-1.3900e+01   2.17361179e-02
-1.3800e+01   2.20076464e-02
-1.3700e+01   2.22872203e-02
-1.3600e+01   2.25705846e-02
-1.3500e+01   2.28621945e-02
-1.3400e+01   2.31592641e-02
-1.3300e+01   2.34628910e-02
-1.3200e+01   2.37747416e-02
-1.3100e+01   2.40915730e-02
-1.3000e+01   2.44182049e-02
-1.2900e+01   2.47503355e-02
-1.2800e+01   2.50915071e-02
-1.2700e+01   2.54408038e-02
-1.2600e+01   2.57972002e-02
-1.2500e+01   2.61644310e-02
-1.2400e+01   2.65380335e-02
-1.2300e+01   2.69231326e-02
-1.2200e+01   2.73164082e-02
-1.2100e+01   2.77196611e-02
-1.2000e+01   2.81343404e-02
-1.1900e+01   2.85573597e-02
-1.1800e+01   2.89940044e-02
-1.1700e+01   2.94395374e-02
-1.1600e+01   2.98983593e-02
-1.1500e+01   3.03690902e-02
-1.1400e+01   3.08512689e-02
-1.1300e+01   3.13487734e-02
-1.1200e+01   3.18570035e-02
-1.1100e+01   3.23819071e-02
-1.1000e+01   3.29196234e-02
-1.0900e+01   3.34728646e-02
-1.0800e+01   3.40428783e-02
-1.0700e+01   3.46268876e-02
-1.0600e+01   3.52307784e-02
-1.0500e+01   3.58494268e-02
-1.0400e+01   3.64883379e-02
-1.0300e+01   3.71456820e-02
-1.0200e+01   3.78218107e-02
-1.0100e+01   3.85208538e-02
-1.0000e+01   3.92382190e-02
-9.9000e+00   3.99809409e-02
-9.8000e+00   4.07446724e-02
-9.7000e+00   4.15333810e-02
-9.6000e+00   4.23482087e-02
-9.5000e+00   4.31869688e-02
-9.4000e+00   4.40564133e-02
-9.3000e+00   4.49511859e-02
-9.2000e+00   4.58783249e-02
-9.1000e+00   4.68356753e-02
-9.0000e+00   4.78248478e-02
-8.9000e+00   4.88504957e-02
-8.8000e+00   4.99083596e-02
-8.7000e+00   5.10070647e-02
-8.6000e+00   5.21420037e-02
-8.5000e+00   5.33190355e-02
-8.4000e+00   5.45395098e-02
-8.3000e+00   5.58024076e-02
-8.2000e+00   5.71159299e-02
-8.1000e+00   5.84749268e-02
-8.0000e+00   5.98888189e-02
-7.9000e+00   6.13555688e-02
-7.8000e+00   6.28789668e-02
-7.7000e+00   6.44648958e-02
-7.6000e+00   6.61102353e-02
-7.5000e+00   6.78263041e-02
-7.4000e+00   6.96089701e-02
-7.3000e+00   7.14673567e-02
-7.2000e+00   7.34039724e-02
-7.1000e+00   7.54203488e-02
-7.0000e+00   7.75275925e-02
-6.9000e+00   7.97220570e-02
-6.8000e+00   8.20175300e-02
-6.7000e+00   8.44135458e-02
-6.6000e+00   8.69183305e-02
-6.5000e+00   8.95410358e-02
-6.4000e+00   9.22819694e-02
-6.3000e+00   9.51580230e-02
-6.2000e+00   9.81679846e-02
-6.1000e+00   1.01327831e-01
-6.0000e+00   1.04644345e-01
-5.9000e+00   1.08125589e-01
-5.8000e+00   1.11789911e-01
-5.7000e+00   1.15639493e-01
-5.6000e+00   1.19698217e-01
-5.5000e+00   1.23972388e-01
-5.4000e+00   1.28481544e-01
-5.3000e+00   1.33245066e-01
-5.2000e+00   1.38274547e-01
-5.1000e+00   1.43601867e-01
-5.0000e+00   1.49238069e-01
-4.9000e+00   1.55218005e-01
-4.8000e+00   1.61564823e-01
-4.7000e+00   1.68307691e-01
-4.6000e+00   1.75488580e-01
-4.5000e+00   1.83133225e-01
-4.4000e+00   1.91297398e-01
-4.3000e+00   2.00016913e-01
-4.2000e+00   2.09350576e-01
-4.1000e+00   2.19358727e-01
-4.0000e+00   2.30099686e-01
-3.9000e+00   2.41662348e-01
-3.8000e+00   2.54116225e-01
-3.7000e+00   2.67571636e-01
-3.6000e+00   2.82131081e-01
-3.5000e+00   2.97920275e-01
-3.4000e+00   3.15093029e-01
-3.3000e+00   3.33800723e-01
-3.2000e+00   3.54255185e-01
-3.1000e+00   3.76664678e-01
-3.0000e+00   4.01302127e-01
-2.9000e+00   4.28475586e-01
-2.8000e+00   4.58539698e-01
-2.7000e+00   4.91945638e-01
-2.6000e+00   5.29188243e-01
-2.5000e+00   5.70910832e-01
-2.4000e+00   6.17853840e-01
-2.3000e+00   6.70940135e-01
-2.2000e+00   7.31314446e-01
-2.1000e+00   8.00363022e-01
-2.0000e+00   8.79881970e-01
-1.9000e+00   9.72085353e-01
-1.8000e+00   1.07987015e+00
-1.7000e+00   1.20697413e+00
-1.6000e+00   1.35832302e+00
-1.5000e+00   1.54057004e+00
-1.4000e+00   1.76272456e+00
-1.3000e+00   2.03744672e+00
-1.2000e+00   2.38272748e+00
-1.1000e+00   2.82502251e+00
-1.0000e+00   3.40440719e+00
-9.0000e-01   4.18383340e+00
-8.0000e-01   5.26696281e+00
-7.0000e-01   6.83363256e+00
-6.0000e-01   9.21818069e+00
-5.0000e-01   1.30973868e+01
-4.0000e-01   2.00040006e+01
-3.0000e-01   3.39690993e+01
-2.0000e-01   6.78817235e+01
-1.0000e-01   1.69616341e+02
0.0000e+00   3.39172551e+02
1.0000e-01   1.69620175e+02
2.0000e-01   6.78893943e+01
3.0000e-01   3.39806092e+01
4.0000e-01   2.00193542e+01
5.0000e-01   1.31165900e+01
6.0000e-01   9.24124107e+00
7.0000e-01   6.86055910e+00
8.0000e-01   5.29776596e+00
9.0000e-01   4.21852507e+00
1.0000e+00   3.44300073e+00
1.1000e+00   2.86753272e+00
1.2000e+00   2.42917056e+00
1.3000e+00   2.08784026e+00
1.4000e+00   1.81708752e+00
1.5000e+00   1.59892276e+00
1.6000e+00   1.42068713e+00
1.7000e+00   1.27337259e+00
1.8000e+00   1.15032720e+00
1.9000e+00   1.04662645e+00
2.0000e+00   9.58533820e-01
2.1000e+00   8.83153509e-01
2.2000e+00   8.18272612e-01
2.3000e+00   7.62096145e-01
2.4000e+00   7.13238946e-01
2.5000e+00   6.70557339e-01
2.6000e+00   6.33129470e-01
2.7000e+00   6.00215880e-01
2.8000e+00   5.71174186e-01
2.9000e+00   5.45510445e-01
3.0000e+00   5.22774339e-01
3.1000e+00   5.02612035e-01
3.2000e+00   4.84716246e-01
3.3000e+00   4.68814769e-01
3.4000e+00   4.54700019e-01
3.5000e+00   4.42160800e-01
3.6000e+00   4.31046314e-01
3.7000e+00   4.21203291e-01
3.8000e+00   4.12506501e-01
3.9000e+00   4.04853884e-01
4.0000e+00   3.98135515e-01
4.1000e+00   3.92282220e-01
4.2000e+00   3.87205397e-01
4.3000e+00   3.82846968e-01
4.4000e+00   3.79146782e-01
4.5000e+00   3.76046175e-01
4.6000e+00   3.73509423e-01
4.7000e+00   3.71480791e-01
4.8000e+00   3.69934533e-01
4.9000e+00   3.68828619e-01
5.0000e+00   3.68133764e-01
5.1000e+00   3.67826663e-01
5.2000e+00   3.67872247e-01
5.3000e+00   3.68259216e-01
5.4000e+00   3.68955378e-01
5.5000e+00   3.69948782e-01
5.6000e+00   3.71219641e-01
5.7000e+00   3.72747964e-01
5.8000e+00   3.74526946e-01
5.9000e+00   3.76532163e-01
6.0000e+00   3.78760842e-01
6.1000e+00   3.81194002e-01
6.2000e+00   3.83822906e-01
6.3000e+00   3.86640054e-01
6.4000e+00   3.89628713e-01
6.5000e+00   3.92789298e-01
6.6000e+00   3.96104084e-01
6.7000e+00   3.99571891e-01
6.8000e+00   4.03182663e-01
6.9000e+00   4.06927234e-01
7.0000e+00   4.10805098e-01
7.1000e+00   4.14801465e-01
7.2000e+00   4.18918951e-01
7.3000e+00   4.23145389e-01
7.4000e+00   4.27478166e-01
7.5000e+00   4.31913663e-01
7.6000e+00   4.36441627e-01
7.7000e+00   4.41065041e-01
7.8000e+00   4.45771417e-01
7.9000e+00   4.50562691e-01
8.0000e+00   4.55431779e-01
8.1000e+00   4.60373681e-01
8.2000e+00   4.65389211e-01
8.3000e+00   4.70467717e-01
8.4000e+00   4.75613114e-01
8.5000e+00   4.80815958e-01
8.6000e+00   4.86076026e-01
8.7000e+00   4.91390723e-01
8.8000e+00   4.96752951e-01
8.9000e+00   5.02166079e-01
9.0000e+00   5.07620250e-01
9.1000e+00   5.13118504e-01
9.2000e+00   5.18654973e-01
9.3000e+00   5.24226848e-01
9.4000e+00   5.29835101e-01
9.5000e+00   5.35471525e-01
9.6000e+00   5.41140327e-01
9.7000e+00   5.46833629e-01
9.8000e+00   5.52552513e-01
9.9000e+00   5.58294756e-01
1.0000e+01   5.64055338e-01
1.0100e+01   5.69837581e-01
1.0200e+01   5.75633459e-01
1.0300e+01   5.81446601e-01
1.0400e+01   5.87271951e-01
1.0500e+01   5.93108267e-01
1.0600e+01   5.98956522e-01
1.0700e+01   6.04810400e-01
1.0800e+01   6.10674247e-01
1.0900e+01   6.16541448e-01
1.1000e+01   6.22414089e-01
1.1100e+01   6.28290279e-01
1.1200e+01   6.34166707e-01
1.1300e+01   6.40046683e-01
1.1400e+01   6.45923755e-01
1.1500e+01   6.51802070e-01
1.1600e+01   6.57677345e-01
1.1700e+01   6.63549687e-01
1.1800e+01   6.69420173e-01
1.1900e+01   6.75284152e-01
1.2000e+01   6.81146163e-01
1.2100e+01   6.87000773e-01
1.2200e+01   6.92850978e-01
1.2300e+01   6.98695287e-01
1.2400e+01   7.04531913e-01
1.2500e+01   7.10364244e-01
1.2600e+01   7.16187273e-01
1.2700e+01   7.22005635e-01
1.2800e+01   7.27815819e-01
1.2900e+01   7.33619128e-01
1.3000e+01   7.39416803e-01
1.3100e+01   7.45205681e-01
1.3200e+01   7.50990491e-01
1.3300e+01   7.56766888e-01
1.3400e+01   7.62538638e-01
1.3500e+01   7.68304647e-01
1.3600e+01   7.74064430e-01
1.3700e+01   7.79821433e-01
1.3800e+01   7.85571902e-01
1.3900e+01   7.91320834e-01
1.4000e+01   7.97065379e-01
1.4100e+01   8.02807790e-01
1.4200e+01   8.08549400e-01
1.4300e+01   8.14288256e-01
1.4400e+01   8.20029137e-01
1.4500e+01   8.25768565e-01
1.4600e+01   8.31510823e-01
1.4700e+01   8.37255046e-01
1.4800e+01   8.43001724e-01
1.4900e+01   8.48754183e-01
1.5000e+01   8.54509602e-01
1.5100e+01   8.60273073e-01
1.5200e+01   8.66042148e-01
1.5300e+01   8.71819667e-01
1.5400e+01   8.77606821e-01
1.5500e+01   8.83402478e-01
1.5600e+01   8.89211183e-01
1.5700e+01   8.95029979e-01
1.5800e+01   9.00863288e-01
1.5900e+01   9.06710180e-01
1.6000e+01   9.12571688e-01
1.6100e+01   9.18450715e-01
1.6200e+01   9.24344960e-01
1.6300e+01   9.30259237e-01
1.6400e+01   9.36191146e-01
1.6500e+01   9.42143675e-01
1.6600e+01   9.48117548e-01
1.6700e+01   9.54112005e-01
1.6800e+01   9.60131002e-01
1.6900e+01   9.66171703e-01
1.7000e+01   9.72238256e-01
1.7100e+01   9.78329324e-01
1.7200e+01   9.84446034e-01
1.7300e+01   9.90590537e-01
1.7400e+01   9.96760638e-01
1.7500e+01   1.00296050e+00
1.7600e+01   1.00918744e+00
1.7700e+01   1.01544417e+00
1.7800e+01   1.02173065e+00
1.7900e+01   1.02804611e+00
1.8000e+01   1.03439360e+00
1.8100e+01   1.04077008e+00
1.8200e+01   1.04717910e+00
1.8300e+01   1.05361864e+00
1.8400e+01   1.06008959e+00
1.8500e+01   1.06659313e+00
1.8600e+01   1.07312688e+00
1.8700e+01   1.07969412e+00
1.8800e+01   1.08629166e+00
1.8900e+01   1.09292170e+00
1.9000e+01   1.09958332e+00
1.9100e+01   1.10627548e+00
1.9200e+01   1.11300023e+00
1.9300e+01   1.11975418e+00
1.9400e+01   1.12654014e+00
1.9500e+01   1.13335537e+00
1.9600e+01   1.14020041e+00
1.9700e+01   1.14707545e+00
1.9800e+01   1.15397786e+00
1.9900e+01   1.16091006e+00
2.0000e+01   1.16786837e+00
2.0100e+01   1.17485452e+00
2.0200e+01   1.18186675e+00
2.0300e+01   1.18890386e+00
2.0400e+01   1.19596700e+00
2.0500e+01   1.20305258e+00
2.0600e+01   1.21016277e+00
2.0700e+01   1.21729436e+00
2.0800e+01   1.22444766e+00
2.0900e+01   1.23162213e+00
2.1000e+01   1.23881514e+00
2.1100e+01   1.24602847e+00
2.1200e+01   1.25325828e+00
2.1300e+01   1.26050607e+00
2.1400e+01   1.26776962e+00
2.1500e+01   1.27504784e+00
2.1600e+01   1.28234139e+00
2.1700e+01   1.28964680e+00
2.1800e+01   1.29696603e+00
2.1900e+01   1.30429576e+00
2.2000e+01   1.31163650e+00
2.2100e+01   1.31898741e+00
2.2200e+01   1.32634628e+00
2.2300e+01   1.33371470e+00
2.2400e+01   1.34108914e+00
2.2500e+01   1.34847128e+00
2.2600e+01   1.35585899e+00
2.2700e+01   1.36325170e+00
2.2800e+01   1.37065006e+00
2.2900e+01   1.37805123e+00
2.3000e+01   1.38545740e+00
2.3100e+01   1.39286567e+00
2.3200e+01   1.40027716e+00
2.3300e+01   1.40769128e+00
2.3400e+01   1.41510664e+00
2.3500e+01   1.42252515e+00
2.3600e+01   1.42994401e+00
2.3700e+01   1.43736555e+00
2.3800e+01   1.44478814e+00
2.3900e+01   1.45221217e+00
2.4000e+01   1.45963871e+00
2.4100e+01   1.46706592e+00
2.4200e+01   1.47449659e+00
2.4300e+01   1.48192863e+00
2.4400e+01   1.48936409e+00
2.4500e+01   1.49680297e+00
2.4600e+01   1.50424499e+00
2.4700e+01   1.51169266e+00
2.4800e+01   1.51914421e+00
2.4900e+01   1.52660280e+00
2.5000e+01   1.53406756e+00
2.5100e+01   1.54153999e+00
2.5200e+01   1.54902175e+00
2.5300e+01   1.55651213e+00
2.5400e+01   1.56401462e+00
2.5500e+01   1.57152804e+00
2.5600e+01   1.57905538e+00
2.5700e+01   1.58659728e+00
2.5800e+01   1.59415456e+00
2.5900e+01   1.60173027e+00
2.6000e+01   1.60932361e+00
2.6100e+01   1.61693846e+00
2.6200e+01   1.62457461e+00
2.6300e+01   1.63223447e+00
2.6400e+01   1.63992013e+00
2.6500e+01   1.64763180e+00
2.6600e+01   1.65537340e+00
2.6700e+01   1.66314441e+00
2.6800e+01   1.67094846e+00
2.6900e+01   1.67878649e+00
2.7000e+01   1.68666006e+00
2.7100e+01   1.69457240e+00
2.7200e+01   1.70252329e+00
2.7300e+01   1.71051687e+00
2.7400e+01   1.71855318e+00
2.7500e+01   1.72663505e+00
2.7600e+01   1.73476453e+00
2.7700e+01   1.74294222e+00
2.7800e+01   1.75117198e+00
2.7900e+01   1.75945341e+00
2.8000e+01   1.76779018e+00
2.8100e+01   1.77618304e+00
2.8200e+01   1.78463368e+00
2.8300e+01   1.79314493e+00
2.8400e+01   1.80171656e+00
2.8500e+01   1.81035238e+00
2.8600e+01   1.81905209e+00
2.8700e+01   1.82781831e+00
2.8800e+01   1.83665248e+00
2.8900e+01   1.84555499e+00
2.9000e+01   1.85452901e+00
2.9100e+01   1.86357370e+00
2.9200e+01   1.87269219e+00
2.9300e+01   1.88188445e+00
2.9400e+01   1.89115172e+00
2.9500e+01   1.90049591e+00
2.9600e+01   1.90991624e+00
2.9700e+01   1.91941564e+00
2.9800e+01   1.92899297e+00
2.9900e+01   1.93865018e+00
3.0000e+01   1.94838762e+00
3.0100e+01   1.95820502e+00
3.0200e+01   1.96810445e+00
3.0300e+01   1.97808424e+00
3.0400e+01   1.98814658e+00
3.0500e+01   1.99829036e+00
3.0600e+01   2.00851604e+00
3.0700e+01   2.01882432e+00
3.0800e+01   2.02921363e+00
3.0900e+01   2.03968578e+00
3.1000e+01   2.05023866e+00
3.1100e+01   2.06087332e+00
3.1200e+01   2.07158895e+00
3.1300e+01   2.08238452e+00
3.1400e+01   2.09326095e+00
3.1500e+01   2.10421574e+00
3.1600e+01   2.11525014e+00
3.1700e+01   2.12636203e+00
3.1800e+01   2.13755117e+00
3.1900e+01   2.14881720e+00
3.2000e+01   2.16015789e+00
3.2100e+01   2.17157418e+00
3.2200e+01   2.18306318e+00
3.2300e+01   2.19462533e+00
3.2400e+01   2.20625894e+00
3.2500e+01   2.21796259e+00
3.2600e+01   2.22973639e+00
3.2700e+01   2.24157741e+00
3.2800e+01   2.25348639e+00
3.2900e+01   2.26546069e+00
3.3000e+01   2.27749981e+00
3.3100e+01   2.28960287e+00
3.3200e+01   2.30176753e+00
3.3300e+01   2.31399435e+00
3.3400e+01   2.32628034e+00
3.3500e+01   2.33862586e+00
3.3600e+01   2.35102904e+00
3.3700e+01   2.36348861e+00
3.3800e+01   2.37600459e+00
3.3900e+01   2.38857431e+00
3.4000e+01   2.40119861e+00
3.4100e+01   2.41387506e+00
3.4200e+01   2.42660361e+00
3.4300e+01   2.43938351e+00
3.4400e+01   2.45221307e+00
3.4500e+01   2.46509317e+00
3.4600e+01   2.47802139e+00
3.4700e+01   2.49099872e+00
3.4800e+01   2.50402381e+00
3.4900e+01   2.51709627e+00
3.5000e+01   2.53021666e+00
3.5100e+01   2.54338323e+00
3.5200e+01   2.55659762e+00
3.5300e+01   2.56985822e+00
3.5400e+01   2.58316603e+00
3.5500e+01   2.59652108e+00
3.5600e+01   2.60992285e+00
3.5700e+01   2.62337312e+00
3.5800e+01   2.63687058e+00
3.5900e+01   2.65041735e+00
3.6000e+01   2.66401304e+00
3.6100e+01   2.67765859e+00
3.6200e+01   2.69135551e+00
3.6300e+01   2.70510337e+00
3.6400e+01   2.71890490e+00
3.6500e+01   2.73275964e+00
3.6600e+01   2.74666989e+00
3.6700e+01   2.76063670e+00
3.6800e+01   2.77466090e+00
3.6900e+01   2.78874528e+00
3.7000e+01   2.80288979e+00
3.7100e+01   2.81709768e+00
3.7200e+01   2.83136963e+00
3.7300e+01   2.84570779e+00
3.7400e+01   2.86011460e+00
3.7500e+01   2.87459082e+00
3.7600e+01   2.88914011e+00
3.7700e+01   2.90376299e+00
3.7800e+01   2.91846279e+00
3.7900e+01   2.93324131e+00
3.8000e+01   2.94810039e+00
3.8100e+01   2.96304348e+00
3.8200e+01   2.97807138e+00
3.8300e+01   2.99318803e+00
3.8400e+01   3.00839465e+00
3.8500e+01   3.02369416e+00
3.8600e+01   3.03908930e+00
3.8700e+01   3.05458148e+00
3.8800e+01   3.07017464e+00
3.8900e+01   3.08586965e+00
3.9000e+01   3.10167016e+00
3.9100e+01   3.11757803e+00
3.9200e+01   3.13359539e+00
3.9300e+01   3.14972559e+00
3.9400e+01   3.16596949e+00
3.9500e+01   3.18233093e+00
3.9600e+01   3.19881090e+00
3.9700e+01   3.21541221e+00
3.9800e+01   3.23213714e+00
3.9900e+01   3.24898686e+00
4.0000e+01   3.26596477e+00
4.0100e+01   3.28307126e+00
4.0200e+01   3.30030943e+00
4.0300e+01   3.31768038e+00
4.0400e+01   3.33518569e+00
4.0500e+01   3.35282778e+00
4.0600e+01   3.37060679e+00
4.0700e+01   3.38852564e+00
4.0800e+01   3.40658432e+00
4.0900e+01   3.42478475e+00
4.1000e+01   3.44312804e+00
4.1100e+01   3.46161440e+00
4.1200e+01   3.48024601e+00
4.1300e+01   3.49902210e+00
4.1400e+01   3.51794465e+00
4.1500e+01   3.53701340e+00
4.1600e+01   3.55622882e+00
4.1700e+01   3.57559189e+00
4.1800e+01   3.59510157e+00
4.1900e+01   3.61475942e+00
4.2000e+01   3.63456408e+00
4.2100e+01   3.65451624e+00
4.2200e+01   3.67461552e+00
4.2300e+01   3.69486098e+00
4.2400e+01   3.71525334e+00
4.2500e+01   3.73579060e+00
4.2600e+01   3.75647345e+00
4.2700e+01   3.77730027e+00
4.2800e+01   3.79827043e+00
4.2900e+01   3.81938354e+00
4.3000e+01   3.84063750e+00
4.3100e+01   3.86203264e+00
4.3200e+01   3.88356649e+00
4.3300e+01   3.90523877e+00
4.3400e+01   3.92704794e+00
4.3500e+01   3.94899223e+00
4.3600e+01   3.97107131e+00
4.3700e+01   3.99328241e+00
4.3800e+01   4.01562540e+00
4.3900e+01   4.03809785e+00
4.4000e+01   4.06069856e+00
4.4100e+01   4.08342640e+00
4.4200e+01   4.10627881e+00
4.4300e+01   4.12925558e+00
4.4400e+01   4.15235380e+00
4.4500e+01   4.17557290e+00
4.4600e+01   4.19891094e+00
4.4700e+01   4.22236606e+00
4.4800e+01   4.24593766e+00
4.4900e+01   4.26962292e+00
4.5000e+01   4.29342170e+00
4.5100e+01   4.31733151e+00
4.5200e+01   4.34135140e+00
4.5300e+01   4.36548021e+00
4.5400e+01   4.38971572e+00
4.5500e+01   4.41405792e+00
4.5600e+01   4.43850419e+00
4.5700e+01   4.46305440e+00
4.5800e+01   4.48770686e+00
4.5900e+01   4.51246031e+00
4.6000e+01   4.53731447e+00
4.6100e+01   4.56226712e+00
4.6200e+01   4.58731864e+00
4.6300e+01   4.61246700e+00
4.6400e+01   4.63771193e+00
4.6500e+01   4.66305272e+00
4.6600e+01   4.68848785e+00
4.6700e+01   4.71401779e+00
4.6800e+01   4.73964053e+00
4.6900e+01   4.76535653e+00
4.7000e+01   4.79116457e+00
4.7100e+01   4.81706400e+00
4.7200e+01   4.84305496e+00
4.7300e+01   4.86913574e+00
4.7400e+01   4.89530711e+00
4.7500e+01   4.92156742e+00
4.7600e+01   4.94791679e+00
4.7700e+01   4.97435466e+00
4.7800e+01   5.00087985e+00
4.7900e+01   5.02749290e+00
4.8000e+01   5.05419190e+00
4.8100e+01   5.08097735e+00
4.8200e+01   5.10784787e+00
4.8300e+01   5.13480279e+00
4.8400e+01   5.16184186e+00
4.8500e+01   5.18896315e+00
4.8600e+01   5.21616699e+00
4.8700e+01   5.24345116e+00
4.8800e+01   5.27081528e+00
4.8900e+01   5.29825794e+00
4.9000e+01   5.32577730e+00
4.9100e+01   5.35337287e+00
4.9200e+01   5.38104178e+00
4.9300e+01   5.40878346e+00
4.9400e+01   5.43659521e+00
4.9500e+01   5.46447519e+00
4.9600e+01   5.49242160e+00
4.9700e+01   5.52043111e+00
4.9800e+01   5.54850237e+00
4.9900e+01   5.57663147e+00
5.0000e+01   5.60481630e+00
5.0100e+01   5.63305347e+00
5.0200e+01   5.66133929e+00
5.0300e+01   5.68967113e+00
5.0400e+01   5.71804406e+00
5.0500e+01   5.74645533e+00
5.0600e+01   5.77489991e+00
5.0700e+01   5.80337375e+00
5.0800e+01   5.83187257e+00
5.0900e+01   5.86039072e+00
5.1000e+01   5.88892433e+00
5.1100e+01   5.91746699e+00
5.1200e+01   5.94601414e+00
5.1300e+01   5.97455972e+00
5.1400e+01   6.00309760e+00
5.1500e+01   6.03162248e+00
5.1600e+01   6.06012691e+00
5.1700e+01   6.08860558e+00
5.1800e+01   6.11705084e+00
5.1900e+01   6.14545623e+00
5.2000e+01   6.17381482e+00
5.2100e+01   6.20211862e+00
5.2200e+01   6.23036128e+00
5.2300e+01   6.25853399e+00
5.2400e+01   6.28662995e+00
5.2500e+01   6.31464073e+00
5.2600e+01   6.34255816e+00
5.2700e+01   6.37037470e+00
5.2800e+01   6.39808097e+00
5.2900e+01   6.42566969e+00
5.3000e+01   6.45313133e+00
5.3100e+01   6.48045778e+00
5.3200e+01   6.50764036e+00
5.3300e+01   6.53466965e+00
5.3400e+01   6.56153781e+00
5.3500e+01   6.58823476e+00
5.3600e+01   6.61475253e+00
5.3700e+01   6.64108156e+00
5.3800e+01   6.66721286e+00
5.3900e+01   6.69313797e+00
5.4000e+01   6.71884689e+00
5.4100e+01   6.74433178e+00
5.4200e+01   6.76958264e+00
5.4300e+01   6.79459117e+00
5.4400e+01   6.81934840e+00
5.4500e+01   6.84384500e+00
5.4600e+01   6.86807313e+00
5.4700e+01   6.89202296e+00
5.4800e+01   6.91568693e+00
5.4900e+01   6.93905584e+00
5.5000e+01   6.96212140e+00
5.5100e+01   6.98487575e+00
5.5200e+01   7.00730982e+00
5.5300e+01   7.02941663e+00
5.5400e+01   7.05118724e+00
5.5500e+01   7.07261452e+00
5.5600e+01   7.09369067e+00
5.5700e+01   7.11440779e+00
5.5800e+01   7.13475938e+00
5.5900e+01   7.15473718e+00
5.6000e+01   7.17433519e+00
5.6100e+01   7.19354585e+00
5.6200e+01   7.21236269e+00
5.6300e+01   7.23077954e+00
5.6400e+01   7.24878926e+00
5.6500e+01   7.26638677e+00
5.6600e+01   7.28356505e+00
5.6700e+01   7.30031906e+00
5.6800e+01   7.31664293e+00
5.6900e+01   7.33253096e+00
5.7000e+01   7.34797867e+00
5.7100e+01   7.36297998e+00
5.7200e+01   7.37753107e+00
5.7300e+01   7.39162649e+00
5.7400e+01   7.40526205e+00
5.7500e+01   7.41843368e+00
5.7600e+01   7.43113655e+00
5.7700e+01   7.44336774e+00
5.7800e+01   7.45512243e+00
5.7900e+01   7.46639789e+00
5.8000e+01   7.47719035e+00
5.8100e+01   7.48749643e+00
5.8200e+01   7.49731378e+00
5.8300e+01   7.50663856e+00
5.8400e+01   7.51546916e+00
5.8500e+01   7.52380226e+00
5.8600e+01   7.53163596e+00
5.8700e+01   7.53896825e+00
5.8800e+01   7.54579658e+00
5.8900e+01   7.55212011e+00
5.9000e+01   7.55793623e+00
5.9100e+01   7.56324439e+00
5.9200e+01   7.56804290e+00
5.9300e+01   7.57233066e+00
5.9400e+01   7.57610736e+00
5.9500e+01   7.57937142e+00
5.9600e+01   7.58212338e+00
5.9700e+01   7.58436206e+00
5.9800e+01   7.58608785e+00
5.9900e+01   7.58730084e+00
6.0000e+01   7.58800080e+00
6.0100e+01   7.58818911e+00
6.0200e+01   7.58786540e+00
6.0300e+01   7.58703148e+00
6.0400e+01   7.58568788e+00
6.0500e+01   7.58383597e+00
6.0600e+01   7.58147773e+00
6.0700e+01   7.57861405e+00
6.0800e+01   7.57524791e+00
6.0900e+01   7.57138057e+00
6.1000e+01   7.56701504e+00
6.1100e+01   7.56215388e+00
6.1200e+01   7.55679955e+00
6.1300e+01   7.55095600e+00
6.1400e+01   7.54462560e+00
6.1500e+01   7.53781289e+00
6.1600e+01   7.53052113e+00
6.1700e+01   7.52275457e+00
6.1800e+01   7.51451796e+00
6.1900e+01   7.50581514e+00
6.2000e+01   7.49665199e+00
6.2100e+01   7.48703271e+00
6.2200e+01   7.47696338e+00
6.2300e+01   7.46644945e+00
6.2400e+01   7.45549656e+00
6.2500e+01   7.44411163e+00
6.2600e+01   7.43230015e+00
6.2700e+01   7.42006978e+00
6.2800e+01   7.40742682e+00
6.2900e+01   7.39437873e+00
6.3000e+01   7.38093327e+00
6.3100e+01   7.36709746e+00
6.3200e+01   7.35288024e+00
6.3300e+01   7.33828888e+00
6.3400e+01   7.32333254e+00
6.3500e+01   7.30801963e+00
6.3600e+01   7.29235886e+00
6.3700e+01   7.27636001e+00
6.3800e+01   7.26003151e+00
6.3900e+01   7.24338386e+00
6.4000e+01   7.22642607e+00
6.4100e+01   7.20916839e+00
6.4200e+01   7.19162110e+00
6.4300e+01   7.17379387e+00
6.4400e+01   7.15569802e+00
6.4500e+01   7.13734317e+00
6.4600e+01   7.11874080e+00
6.4700e+01   7.09990137e+00
6.4800e+01   7.08083571e+00
6.4900e+01   7.06155543e+00
6.5000e+01   7.04207078e+00
6.5100e+01   7.02239392e+00
6.5200e+01   7.00253533e+00
6.5300e+01   6.98250671e+00
6.5400e+01   6.96231947e+00
6.5500e+01   6.94198446e+00
6.5600e+01   6.92151386e+00
6.5700e+01   6.90091809e+00
6.5800e+01   6.88020928e+00
6.5900e+01   6.85939827e+00
6.6000e+01   6.83849628e+00
6.6100e+01   6.81751497e+00
6.6200e+01   6.79646463e+00
6.6300e+01   6.77535720e+00
6.6400e+01   6.75420277e+00
6.6500e+01   6.73301262e+00
6.6600e+01   6.71179737e+00
6.6700e+01   6.69056711e+00
6.6800e+01   6.66933298e+00
6.6900e+01   6.64810426e+00
6.7000e+01   6.62689179e+00
6.7100e+01   6.60570490e+00
6.7200e+01   6.58455329e+00
6.7300e+01   6.56344679e+00
6.7400e+01   6.54239386e+00
6.7500e+01   6.52140440e+00
6.7600e+01   6.50048633e+00
6.7700e+01   6.47964872e+00
6.7800e+01   6.45889971e+00
6.7900e+01   6.43824699e+00
6.8000e+01   6.41769901e+00
6.8100e+01   6.39726237e+00
6.8200e+01   6.37694513e+00
6.8300e+01   6.35675366e+00
6.8400e+01   6.33669477e+00
6.8500e+01   6.31677517e+00
6.8600e+01   6.29700025e+00
6.8700e+01   6.27737672e+00
6.8800e+01   6.25790926e+00
6.8900e+01   6.23860369e+00
6.9000e+01   6.21946478e+00
6.9100e+01   6.20049692e+00
6.9200e+01   6.18170514e+00
6.9300e+01   6.16309266e+00
6.9400e+01   6.14466413e+00
6.9500e+01   6.12642246e+00
6.9600e+01   6.10837111e+00
6.9700e+01   6.09051326e+00
6.9800e+01   6.07285100e+00
6.9900e+01   6.05538759e+00
7.0000e+01   6.03812431e+00
7.0100e+01   6.02106372e+00
7.0200e+01   6.00420717e+00
7.0300e+01   5.98755588e+00
7.0400e+01   5.97111155e+00
7.0500e+01   5.95487426e+00
7.0600e+01   5.93884552e+00
7.0700e+01   5.92302509e+00
7.0800e+01   5.90741350e+00
7.0900e+01   5.89201086e+00
7.1000e+01   5.87681641e+00
7.1100e+01   5.86183055e+00
7.1200e+01   5.84705178e+00
7.1300e+01   5.83247999e+00
7.1400e+01   5.81811383e+00
7.1500e+01   5.80395206e+00
7.1600e+01   5.78999381e+00
7.1700e+01   5.77623683e+00
7.1800e+01   5.76268029e+00
7.1900e+01   5.74932168e+00
7.2000e+01   5.73615944e+00
7.2100e+01   5.72319153e+00
7.2200e+01   5.71041527e+00
7.2300e+01   5.69782909e+00
7.2400e+01   5.68542969e+00
7.2500e+01   5.67321525e+00
7.2600e+01   5.66118270e+00
7.2700e+01   5.64932929e+00
7.2800e+01   5.63765261e+00
7.2900e+01   5.62614903e+00
7.3000e+01   5.61481640e+00
7.3100e+01   5.60365093e+00
7.3200e+01   5.59264996e+00
7.3300e+01   5.58181029e+00
7.3400e+01   5.57112832e+00
7.3500e+01   5.56060151e+00
7.3600e+01   5.55022572e+00
7.3700e+01   5.53999840e+00
7.3800e+01   5.52991572e+00
7.3900e+01   5.51997442e+00
7.4000e+01   5.51017146e+00
7.4100e+01   5.50050279e+00
7.4200e+01   5.49096587e+00
7.4300e+01   5.48155655e+00
7.4400e+01   5.47227200e+00
7.4500e+01   5.46310873e+00
7.4600e+01   5.45406314e+00
7.4700e+01   5.44513256e+00
7.4800e+01   5.43631291e+00
7.4900e+01   5.42760175e+00
7.5000e+01   5.41899533e+00
7.5100e+01   5.41049068e+00
7.5200e+01   5.40208495e+00
7.5300e+01   5.39377449e+00
7.5400e+01   5.38555713e+00
7.5500e+01   5.37742914e+00
7.5600e+01   5.36938825e+00
7.5700e+01   5.36143145e+00
7.5800e+01   5.35355582e+00
7.5900e+01   5.34575930e+00
7.6000e+01   5.33803854e+00
7.6100e+01   5.33039187e+00
7.6200e+01   5.32281628e+00
7.6300e+01   5.31530973e+00
7.6400e+01   5.30787018e+00
7.6500e+01   5.30049498e+00
7.6600e+01   5.29318287e+00
7.6700e+01   5.28593113e+00
7.6800e+01   5.27873856e+00
7.6900e+01   5.27160317e+00
7.7000e+01   5.26452320e+00
7.7100e+01   5.25749764e+00
7.7200e+01   5.25052435e+00
7.7300e+01   5.24360282e+00
7.7400e+01   5.23673122e+00
7.7500e+01   5.22990877e+00
7.7600e+01   5.22313459e+00
7.7700e+01   5.21640733e+00
7.7800e+01   5.20972695e+00
7.7900e+01   5.20309201e+00
7.8000e+01   5.19650260e+00
7.8100e+01   5.18995793e+00
7.8200e+01   5.18345760e+00
7.8300e+01   5.17700181e+00
7.8400e+01   5.17058972e+00
7.8500e+01   5.16422206e+00
7.8600e+01   5.15789823e+00
7.8700e+01   5.15161875e+00
7.8800e+01   5.14538387e+00
7.8900e+01   5.13919354e+00
7.9000e+01   5.13304884e+00
7.9100e+01   5.12694950e+00
7.9200e+01   5.12089678e+00
7.9300e+01   5.11489095e+00
7.9400e+01   5.10893276e+00
7.9500e+01   5.10302338e+00
7.9600e+01   5.09716304e+00
7.9700e+01   5.09135344e+00
7.9800e+01   5.08559490e+00
7.9900e+01   5.07988889e+00
8.0000e+01   5.07423647e+00
8.0100e+01   5.06863847e+00
8.0200e+01   5.06309669e+00
8.0300e+01   5.05761162e+00
8.0400e+01   5.05218524e+00
8.0500e+01   5.04681837e+00
8.0600e+01   5.04151246e+00
8.0700e+01   5.03626912e+00
8.0800e+01   5.03108914e+00
8.0900e+01   5.02597465e+00
8.1000e+01   5.02092631e+00
8.1100e+01   5.01594602e+00
8.1200e+01   5.01103502e+00
8.1300e+01   5.00619447e+00
8.1400e+01   5.00142632e+00
8.1500e+01   4.99673119e+00
8.1600e+01   4.99211117e+00
8.1700e+01   4.98756707e+00
8.1800e+01   4.98310040e+00
8.1900e+01   4.97871265e+00
8.2000e+01   4.97440453e+00
8.2100e+01   4.97017802e+00
8.2200e+01   4.96603357e+00
8.2300e+01   4.96197289e+00
8.2400e+01   4.95799687e+00
8.2500e+01   4.95410642e+00
8.2600e+01   4.95030307e+00
8.2700e+01   4.94658708e+00
8.2800e+01   4.94296014e+00
8.2900e+01   4.93942253e+00
8.3000e+01   4.93597535e+00
8.3100e+01   4.93261950e+00
8.3200e+01   4.92935521e+00
8.3300e+01   4.92618384e+00
8.3400e+01   4.92310527e+00
8.3500e+01   4.92012062e+00
8.3600e+01   4.91723010e+00
8.3700e+01   4.91443404e+00
8.3800e+01   4.91173327e+00
8.3900e+01   4.90912742e+00
8.4000e+01   4.90661748e+00
8.4100e+01   4.90420305e+00
8.4200e+01   4.90188458e+00
8.4300e+01   4.89966223e+00
8.4400e+01   4.89753562e+00
8.4500e+01   4.89550538e+00
8.4600e+01   4.89357071e+00
8.4700e+01   4.89173210e+00
8.4800e+01   4.88998906e+00
8.4900e+01   4.88834133e+00
8.5000e+01   4.88678903e+00
8.5100e+01   4.88533123e+00
8.5200e+01   4.88396830e+00
8.5300e+01   4.88269923e+00
8.5400e+01   4.88152397e+00
8.5500e+01   4.88044204e+00
8.5600e+01   4.87945262e+00
8.5700e+01   4.87855580e+00
8.5800e+01   4.87775031e+00
8.5900e+01   4.87703623e+00
8.6000e+01   4.87641256e+00
8.6100e+01   4.87587876e+00
8.6200e+01   4.87543449e+00
8.6300e+01   4.87507853e+00
8.6400e+01   4.87481094e+00
8.6500e+01   4.87463041e+00
8.6600e+01   4.87453669e+00
8.6700e+01   4.87452902e+00
8.6800e+01   4.87460645e+00
8.6900e+01   4.87476889e+00
8.7000e+01   4.87501495e+00
8.7100e+01   4.87534463e+00
8.7200e+01   4.87575685e+00
8.7300e+01   4.87625106e+00
8.7400e+01   4.87682689e+00
8.7500e+01   4.87748318e+00
8.7600e+01   4.87822003e+00
8.7700e+01   4.87903620e+00
8.7800e+01   4.87993160e+00
8.7900e+01   4.88090555e+00
8.8000e+01   4.88195733e+00
8.8100e+01   4.88308697e+00
8.8200e+01   4.88429334e+00
8.8300e+01   4.88557669e+00
8.8400e+01   4.88693613e+00
8.8500e+01   4.88837148e+00
8.8600e+01   4.88988259e+00
8.8700e+01   4.89146867e+00
8.8800e+01   4.89313013e+00
8.8900e+01   4.89486607e+00
8.9000e+01   4.89667680e+00
8.9100e+01   4.89856194e+00
8.9200e+01   4.90052125e+00
8.9300e+01   4.90255509e+00
8.9400e+01   4.90466275e+00
8.9500e+01   4.90684490e+00
8.9600e+01   4.90910102e+00
8.9700e+01   4.91143143e+00
8.9800e+01   4.91383630e+00
8.9900e+01   4.91631534e+00
9.0000e+01   4.91886932e+00
9.0100e+01   4.92149776e+00
9.0200e+01   4.92420142e+00
9.0300e+01   4.92698025e+00
9.0400e+01   4.92983447e+00
9.0500e+01   4.93276477e+00
9.0600e+01   4.93577083e+00
9.0700e+01   4.93885369e+00
9.0800e+01   4.94201314e+00
9.0900e+01   4.94524987e+00
9.1000e+01   4.94856429e+00
9.1100e+01   4.95195647e+00
9.1200e+01   4.95542742e+00
9.1300e+01   4.95897690e+00
9.1400e+01   4.96260592e+00
9.1500e+01   4.96631460e+00
9.1600e+01   4.97010339e+00
9.1700e+01   4.97397307e+00
9.1800e+01   4.97792350e+00
9.1900e+01   4.98195580e+00
9.2000e+01   4.98606982e+00
9.2100e+01   4.99026633e+00
9.2200e+01   4.99454572e+00
9.2300e+01   4.99890808e+00
9.2400e+01   5.00335436e+00
9.2500e+01   5.00788425e+00
9.2600e+01   5.01249869e+00
9.2700e+01   5.01719762e+00
9.2800e+01   5.02198140e+00
9.2900e+01   5.02685056e+00
9.3000e+01   5.03180480e+00
9.3100e+01   5.03684499e+00
9.3200e+01   5.04197067e+00
9.3300e+01   5.04718240e+00
9.3400e+01   5.05248016e+00
9.3500e+01   5.05786379e+00
9.3600e+01   5.06333380e+00
9.3700e+01   5.06888954e+00
9.3800e+01   5.07453155e+00
9.3900e+01   5.08025930e+00
9.4000e+01   5.08607278e+00
9.4100e+01   5.09197198e+00
9.4200e+01   5.09795619e+00
9.4300e+01   5.10402577e+00
9.4400e+01   5.11017975e+00
9.4500e+01   5.11641823e+00
9.4600e+01   5.12274062e+00
9.4700e+01   5.12914630e+00
9.4800e+01   5.13563521e+00
9.4900e+01   5.14220618e+00
9.5000e+01   5.14885927e+00
9.5100e+01   5.15559336e+00
9.5200e+01   5.16240797e+00
9.5300e+01   5.16930255e+00
9.5400e+01   5.17627590e+00
9.5500e+01   5.18332787e+00
9.5600e+01   5.19045700e+00
9.5700e+01   5.19766294e+00
9.5800e+01   5.20494458e+00
9.5900e+01   5.21230092e+00
9.6000e+01   5.21973142e+00
9.6100e+01   5.22723453e+00
9.6200e+01   5.23480990e+00
9.6300e+01   5.24245603e+00
9.6400e+01   5.25017214e+00
9.6500e+01   5.25795727e+00
9.6600e+01   5.26581000e+00
9.6700e+01   5.27372984e+00
9.6800e+01   5.28171508e+00
9.6900e+01   5.28976518e+00
9.7000e+01   5.29787878e+00
9.7100e+01   5.30605474e+00
9.7200e+01   5.31429232e+00
9.7300e+01   5.32258988e+00
9.7400e+01   5.33094696e+00
9.7500e+01   5.33936194e+00
9.7600e+01   5.34783407e+00
9.7700e+01   5.35636227e+00
9.7800e+01   5.36494518e+00
9.7900e+01   5.37358230e+00
9.8000e+01   5.38227196e+00
9.8100e+01   5.39101370e+00
9.8200e+01   5.39980619e+00
9.8300e+01   5.40864845e+00
9.8400e+01   5.41753980e+00
9.8500e+01   5.42647876e+00
9.8600e+01   5.43546502e+00
9.8700e+01   5.44449710e+00
9.8800e+01   5.45357444e+00
9.8900e+01   5.46269610e+00
9.9000e+01   5.47186095e+00
9.9100e+01   5.48106866e+00
9.9200e+01   5.49031777e+00
9.9300e+01   5.49960804e+00
9.9400e+01   5.50893829e+00
9.9500e+01   5.51830782e+00
9.9600e+01   5.52771610e+00
9.9700e+01   5.53716189e+00
9.9800e+01   5.54664507e+00
9.9900e+01   5.55616432e+00
1.0000e+02   5.56571934e+00
1.0010e+02   5.57530931e+00
1.0020e+02   5.58493333e+00
1.0030e+02   5.59459119e+00
1.0040e+02   5.60428161e+00
1.0050e+02   5.61400451e+00
1.0060e+02   5.62375881e+00
1.0070e+02   5.63354400e+00
1.0080e+02   5.64335960e+00
1.0090e+02   5.65320452e+00
1.0100e+02   5.66307871e+00
1.0110e+02   5.67298094e+00
1.0120e+02   5.68291102e+00
1.0130e+02   5.69286812e+00
1.0140e+02   5.70285147e+00
1.0150e+02   5.71286085e+00
1.0160e+02   5.72289505e+00
1.0170e+02   5.73295401e+00
1.0180e+02   5.74303666e+00
1.0190e+02   5.75314255e+00
1.0200e+02   5.76327115e+00
1.0210e+02   5.77342145e+00
1.0220e+02   5.78359338e+00
1.0230e+02   5.79378571e+00
1.0240e+02   5.80399828e+00
1.0250e+02   5.81423025e+00
1.0260e+02   5.82448090e+00
1.0270e+02   5.83475000e+00
1.0280e+02   5.84503637e+00
1.0290e+02   5.85534001e+00
1.0300e+02   5.86565983e+00
1.0310e+02   5.87599550e+00
1.0320e+02   5.88634649e+00
1.0330e+02   5.89671189e+00
1.0340e+02   5.90709167e+00
1.0350e+02   5.91748471e+00
1.0360e+02   5.92789096e+00
1.0370e+02   5.93830964e+00
1.0380e+02   5.94874020e+00
1.0390e+02   5.95918249e+00
1.0400e+02   5.96963549e+00
1.0410e+02   5.98009934e+00
1.0420e+02   5.99057308e+00
1.0430e+02   6.00105658e+00
1.0440e+02   6.01154941e+00
1.0450e+02   6.02205088e+00
1.0460e+02   6.03256111e+00
1.0470e+02   6.04307912e+00
1.0480e+02   6.05360508e+00
1.0490e+02   6.06413829e+00
1.0500e+02   6.07467845e+00
1.0510e+02   6.08522547e+00
1.0520e+02   6.09577852e+00
1.0530e+02   6.10633785e+00
1.0540e+02   6.11690258e+00
1.0550e+02   6.12747272e+00
1.0560e+02   6.13804784e+00
1.0570e+02   6.14862737e+00
1.0580e+02   6.15921140e+00
1.0590e+02   6.16979897e+00
1.0600e+02   6.18039021e+00
1.0610e+02   6.19098434e+00
1.0620e+02   6.20158101e+00
1.0630e+02   6.21217993e+00
1.0640e+02   6.22278017e+00
1.0650e+02   6.23338175e+00
1.0660e+02   6.24398355e+00
1.0670e+02   6.25458534e+00
1.0680e+02   6.26518634e+00
1.0690e+02   6.27578566e+00
1.0700e+02   6.28638299e+00
1.0710e+02   6.29697695e+00
1.0720e+02   6.30756725e+00
1.0730e+02   6.31815257e+00
1.0740e+02   6.32873211e+00
1.0750e+02   6.33930498e+00
1.0760e+02   6.34986972e+00
1.0770e+02   6.36042574e+00
1.0780e+02   6.37097129e+00
1.0790e+02   6.38150554e+00
1.0800e+02   6.39202702e+00
1.0810e+02   6.40253426e+00
1.0820e+02   6.41302621e+00
1.0830e+02   6.42350087e+00
1.0840e+02   6.43395729e+00
1.0850e+02   6.44439348e+00
1.0860e+02   6.45480802e+00
1.0870e+02   6.46519936e+00
1.0880e+02   6.47556546e+00
1.0890e+02   6.48590514e+00
1.0900e+02   6.49621609e+00
1.0910e+02   6.50649699e+00
1.0920e+02   6.51674582e+00
1.0930e+02   6.52696074e+00
1.0940e+02   6.53714024e+00
1.0950e+02   6.54728201e+00
1.0960e+02   6.55738479e+00
1.0970e+02   6.56744631e+00
1.0980e+02   6.57746502e+00
1.0990e+02   6.58743916e+00
1.1000e+02   6.59736669e+00
1.1010e+02   6.60724636e+00
1.1020e+02   6.61707593e+00
1.1030e+02   6.62685421e+00
1.1040e+02   6.63657932e+00
1.1050e+02   6.64624969e+00
1.1060e+02   6.65586409e+00
1.1070e+02   6.66542057e+00
1.1080e+02   6.67491831e+00
1.1090e+02   6.68435547e+00
1.1100e+02   6.69373109e+00
1.1110e+02   6.70304396e+00
1.1120e+02   6.71229269e+00
1.1130e+02   6.72147671e+00
1.1140e+02   6.73059449e+00
1.1150e+02   6.73964564e+00
1.1160e+02   6.74862904e+00
1.1170e+02   6.75754400e+00
1.1180e+02   6.76639009e+00
1.1190e+02   6.77516631e+00
1.1200e+02   6.78387271e+00
1.1210e+02   6.79250836e+00
1.1220e+02   6.80107327e+00
1.1230e+02   6.80956710e+00
1.1240e+02   6.81798945e+00
1.1250e+02   6.82634065e+00
1.1260e+02   6.83462010e+00
1.1270e+02   6.84282833e+00
1.1280e+02   6.85096508e+00
1.1290e+02   6.85903059e+00
1.1300e+02   6.86702523e+00
1.1310e+02   6.87494884e+00
1.1320e+02   6.88280227e+00
1.1330e+02   6.89058532e+00
1.1340e+02   6.89829876e+00
1.1350e+02   6.90594287e+00
1.1360e+02   6.91351796e+00
1.1370e+02   6.92102489e+00
1.1380e+02   6.92846364e+00
1.1390e+02   6.93583524e+00
1.1400e+02   6.94313983e+00
1.1410e+02   6.95037811e+00
1.1420e+02   6.95755073e+00
1.1430e+02   6.96465788e+00
1.1440e+02   6.97170058e+00
1.1450e+02   6.97867885e+00
1.1460e+02   6.98559358e+00
1.1470e+02   6.99244508e+00
1.1480e+02   6.99923374e+00
1.1490e+02   7.00596030e+00
1.1500e+02   7.01262468e+00
1.1510e+02   7.01922776e+00
1.1520e+02   7.02576945e+00
1.1530e+02   7.03225022e+00
1.1540e+02   7.03867036e+00
1.1550e+02   7.04502973e+00
1.1560e+02   7.05132892e+00
1.1570e+02   7.05756746e+00
1.1580e+02   7.06374579e+00
1.1590e+02   7.06986358e+00
1.1600e+02   7.07592068e+00
1.1610e+02   7.08191714e+00
1.1620e+02   7.08785220e+00
1.1630e+02   7.09372604e+00
1.1640e+02   7.09953775e+00
1.1650e+02   7.10528706e+00
1.1660e+02   7.11097338e+00
1.1670e+02   7.11659574e+00
1.1680e+02   7.12215384e+00
1.1690e+02   7.12764629e+00
1.1700e+02   7.13307262e+00
1.1710e+02   7.13843153e+00
1.1720e+02   7.14372193e+00
1.1730e+02   7.14894288e+00
1.1740e+02   7.15409268e+00
1.1750e+02   7.15917051e+00
1.1760e+02   7.16417448e+00
1.1770e+02   7.16910339e+00
1.1780e+02   7.17395563e+00
1.1790e+02   7.17872936e+00
1.1800e+02   7.18342330e+00
1.1810e+02   7.18803519e+00
1.1820e+02   7.19256369e+00
1.1830e+02   7.19700663e+00
1.1840e+02   7.20136217e+00
1.1850e+02   7.20562857e+00
1.1860e+02   7.20980343e+00
1.1870e+02   7.21388527e+00
1.1880e+02   7.21787156e+00
1.1890e+02   7.22176060e+00
1.1900e+02   7.22555023e+00
1.1910e+02   7.22923823e+00
1.1920e+02   7.23282292e+00
1.1930e+02   7.23630176e+00
1.1940e+02   7.23967321e+00
1.1950e+02   7.24293493e+00
1.1960e+02   7.24608505e+00
1.1970e+02   7.24912178e+00
1.1980e+02   7.25204288e+00
1.1990e+02   7.25484701e+00
1.2000e+02   7.25753188e+00
1.2010e+02   7.26009615e+00
1.2020e+02   7.26253804e+00
1.2030e+02   7.26485585e+00
1.2040e+02   7.26704847e+00
1.2050e+02   7.26911399e+00
1.2060e+02   7.27105161e+00
1.2070e+02   7.27285974e+00
1.2080e+02   7.27453744e+00
1.2090e+02   7.27608380e+00
1.2100e+02   7.27749759e+00
1.2110e+02   7.27877851e+00
1.2120e+02   7.27992538e+00
1.2130e+02   7.28093807e+00
1.2140e+02   7.28181593e+00
1.2150e+02   7.28255859e+00
1.2160e+02   7.28316618e+00
1.2170e+02   7.28363815e+00
1.2180e+02   7.28397507e+00
1.2190e+02   7.28417672e+00
1.2200e+02   7.28424361e+00
1.2210e+02   7.28417622e+00
1.2220e+02   7.28397482e+00
1.2230e+02   7.28364055e+00
1.2240e+02   7.28317370e+00
1.2250e+02   7.28257564e+00
1.2260e+02   7.28184717e+00
1.2270e+02   7.28098946e+00
1.2280e+02   7.28000405e+00
1.2290e+02   7.27889192e+00
1.2300e+02   7.27765509e+00
1.2310e+02   7.27629477e+00
1.2320e+02   7.27481298e+00
1.2330e+02   7.27321156e+00
1.2340e+02   7.27149227e+00
1.2350e+02   7.26965762e+00
1.2360e+02   7.26770932e+00
1.2370e+02   7.26565011e+00
1.2380e+02   7.26348214e+00
1.2390e+02   7.26120797e+00
1.2400e+02   7.25883043e+00
1.2410e+02   7.25635186e+00
1.2420e+02   7.25377558e+00
1.2430e+02   7.25110408e+00
1.2440e+02   7.24834069e+00
1.2450e+02   7.24548849e+00
1.2460e+02   7.24255052e+00
1.2470e+02   7.23953053e+00
1.2480e+02   7.23643144e+00
1.2490e+02   7.23325727e+00
1.2500e+02   7.23001131e+00
1.2510e+02   7.22669739e+00
1.2520e+02   7.22331949e+00
1.2530e+02   7.21988114e+00
1.2540e+02   7.21638684e+00
1.2550e+02   7.21284021e+00
1.2560e+02   7.20924576e+00
1.2570e+02   7.20560766e+00
1.2580e+02   7.20193012e+00
1.2590e+02   7.19821793e+00
1.2600e+02   7.19447514e+00
1.2610e+02   7.19070681e+00
1.2620e+02   7.18691727e+00
1.2630e+02   7.18311140e+00
1.2640e+02   7.17929413e+00
1.2650e+02   7.17546999e+00
1.2660e+02   7.17164440e+00
1.2670e+02   7.16782187e+00
1.2680e+02   7.16400781e+00
1.2690e+02   7.16020717e+00
1.2700e+02   7.15642498e+00
1.2710e+02   7.15266674e+00
1.2720e+02   7.14893719e+00
1.2730e+02   7.14524204e+00
1.2740e+02   7.14158614e+00
1.2750e+02   7.13797492e+00
1.2760e+02   7.13441370e+00
1.2770e+02   7.13090742e+00
1.2780e+02   7.12746176e+00
1.2790e+02   7.12408143e+00
1.2800e+02   7.12077198e+00
1.2810e+02   7.11753831e+00
1.2820e+02   7.11438545e+00
1.2830e+02   7.11131864e+00
1.2840e+02   7.10834234e+00
1.2850e+02   7.10546184e+00
1.2860e+02   7.10268142e+00
1.2870e+02   7.10000587e+00
1.2880e+02   7.09743963e+00
1.2890e+02   7.09498672e+00
1.2900e+02   7.09265166e+00
1.2910e+02   7.09043787e+00
1.2920e+02   7.08834947e+00
1.2930e+02   7.08638970e+00
1.2940e+02   7.08456180e+00
1.2950e+02   7.08286898e+00
1.2960e+02   7.08131353e+00
1.2970e+02   7.07989832e+00
1.2980e+02   7.07862502e+00
1.2990e+02   7.07749562e+00
1.3000e+02   7.07651149e+00
1.3010e+02   7.07567341e+00
1.3020e+02   7.07498240e+00
1.3030e+02   7.07443818e+00
1.3040e+02   7.07404094e+00
1.3050e+02   7.07378972e+00
1.3060e+02   7.07368342e+00
1.3070e+02   7.07372058e+00
1.3080e+02   7.07389869e+00
1.3090e+02   7.07421557e+00
1.3100e+02   7.07466760e+00
1.3110e+02   7.07525136e+00
1.3120e+02   7.07596254e+00
1.3130e+02   7.07679615e+00
1.3140e+02   7.07774718e+00
1.3150e+02   7.07880927e+00
1.3160e+02   7.07997636e+00
1.3170e+02   7.08124111e+00
1.3180e+02   7.08259603e+00
1.3190e+02   7.08403313e+00
1.3200e+02   7.08554339e+00
1.3210e+02   7.08711808e+00
1.3220e+02   7.08874706e+00
1.3230e+02   7.09042050e+00
1.3240e+02   7.09212763e+00
1.3250e+02   7.09385728e+00
1.3260e+02   7.09559829e+00
1.3270e+02   7.09733839e+00
1.3280e+02   7.09906584e+00
1.3290e+02   7.10076782e+00
1.3300e+02   7.10243175e+00
1.3310e+02   7.10404477e+00
1.3320e+02   7.10559345e+00
1.3330e+02   7.10706501e+00
1.3340e+02   7.10844568e+00
1.3350e+02   7.10972251e+00
1.3360e+02   7.11088204e+00
1.3370e+02   7.11191103e+00
1.3380e+02   7.11279672e+00
1.3390e+02   7.11352585e+00
1.3400e+02   7.11408632e+00
1.3410e+02   7.11446551e+00
1.3420e+02   7.11465173e+00
1.3430e+02   7.11463361e+00
1.3440e+02   7.11439992e+00
1.3450e+02   7.11394069e+00
1.3460e+02   7.11324562e+00
1.3470e+02   7.11230595e+00
1.3480e+02   7.11111298e+00
1.3490e+02   7.10965894e+00
1.3500e+02   7.10793710e+00
1.3510e+02   7.10594089e+00
1.3520e+02   7.10366545e+00
1.3530e+02   7.10110594e+00
1.3540e+02   7.09825902e+00
1.3550e+02   7.09512208e+00
1.3560e+02   7.09169317e+00
1.3570e+02   7.08797195e+00
1.3580e+02   7.08395816e+00
1.3590e+02   7.07965334e+00
1.3600e+02   7.07505935e+00
1.3610e+02   7.07017927e+00
1.3620e+02   7.06501725e+00
1.3630e+02   7.05957782e+00
1.3640e+02   7.05386718e+00
1.3650e+02   7.04789155e+00
1.3660e+02   7.04165866e+00
1.3670e+02   7.03517671e+00
1.3680e+02   7.02845452e+00
1.3690e+02   7.02150218e+00
1.3700e+02   7.01432962e+00
1.3710e+02   7.00694827e+00
1.3720e+02   6.99936941e+00
1.3730e+02   6.99160519e+00
1.3740e+02   6.98366831e+00
1.3750e+02   6.97557136e+00
1.3760e+02   6.96732808e+00
1.3770e+02   6.95895159e+00
1.3780e+02   6.95045600e+00
1.3790e+02   6.94185517e+00
1.3800e+02   6.93316303e+00
1.3810e+02   6.92439403e+00
1.3820e+02   6.91556185e+00
1.3830e+02   6.90668098e+00
1.3840e+02   6.89776506e+00
1.3850e+02   6.88882797e+00
1.3860e+02   6.87988342e+00
1.3870e+02   6.87094439e+00
1.3880e+02   6.86202435e+00
1.3890e+02   6.85313553e+00
1.3900e+02   6.84429057e+00
1.3910e+02   6.83550123e+00
1.3920e+02   6.82677886e+00
1.3930e+02   6.81813478e+00
1.3940e+02   6.80957905e+00
1.3950e+02   6.80112212e+00
1.3960e+02   6.79277314e+00
1.3970e+02   6.78454120e+00
1.3980e+02   6.77643478e+00
1.3990e+02   6.76846147e+00
1.4000e+02   6.76062900e+00
1.4010e+02   6.75294368e+00
1.4020e+02   6.74541210e+00
1.4030e+02   6.73803978e+00
1.4040e+02   6.73083182e+00
1.4050e+02   6.72379316e+00
1.4060e+02   6.71692754e+00
1.4070e+02   6.71023908e+00
1.4080e+02   6.70373064e+00
1.4090e+02   6.69740517e+00
1.4100e+02   6.69126507e+00
1.4110e+02   6.68531205e+00
1.4120e+02   6.67954808e+00
1.4130e+02   6.67397396e+00
1.4140e+02   6.66859096e+00
1.4150e+02   6.66339950e+00
1.4160e+02   6.65839989e+00
1.4170e+02   6.65359243e+00
1.4180e+02   6.64897661e+00
1.4190e+02   6.64455250e+00
1.4200e+02   6.64031919e+00
1.4210e+02   6.63627623e+00
1.4220e+02   6.63242275e+00
1.4230e+02   6.62875762e+00
1.4240e+02   6.62528014e+00
1.4250e+02   6.62198874e+00
1.4260e+02   6.61888260e+00
1.4270e+02   6.61596021e+00
1.4280e+02   6.61322029e+00
1.4290e+02   6.61066168e+00
1.4300e+02   6.60828265e+00
1.4310e+02   6.60608224e+00
1.4320e+02   6.60405865e+00
1.4330e+02   6.60221072e+00
1.4340e+02   6.60053698e+00
1.4350e+02   6.59903583e+00
1.4360e+02   6.59770619e+00
1.4370e+02   6.59654618e+00
1.4380e+02   6.59555475e+00
1.4390e+02   6.59473018e+00
1.4400e+02   6.59407105e+00
1.4410e+02   6.59357600e+00
1.4420e+02   6.59324319e+00
1.4430e+02   6.59307146e+00
1.4440e+02   6.59305879e+00
1.4450e+02   6.59320383e+00
1.4460e+02   6.59350476e+00
1.4470e+02   6.59395967e+00
1.4480e+02   6.59456704e+00
1.4490e+02   6.59532451e+00
1.4500e+02   6.59623047e+00
1.4510e+02   6.59728251e+00
1.4520e+02   6.59847853e+00
1.4530e+02   6.59981629e+00
1.4540e+02   6.60129307e+00
1.4550e+02   6.60290669e+00
1.4560e+02   6.60465403e+00
1.4570e+02   6.60653258e+00
1.4580e+02   6.60853921e+00
1.4590e+02   6.61067070e+00
1.4600e+02   6.61292404e+00
1.4610e+02   6.61529539e+00
1.4620e+02   6.61778153e+00
1.4630e+02   6.62037837e+00
1.4640e+02   6.62308207e+00
1.4650e+02   6.62588858e+00
1.4660e+02   6.62879329e+00
1.4670e+02   6.63179210e+00
1.4680e+02   6.63487987e+00
1.4690e+02   6.63805205e+00
1.4700e+02   6.64130339e+00
1.4710e+02   6.64462855e+00
1.4720e+02   6.64802230e+00
1.4730e+02   6.65147857e+00
1.4740e+02   6.65499190e+00
1.4750e+02   6.65855587e+00
1.4760e+02   6.66216441e+00
1.4770e+02   6.66581106e+00
1.4780e+02   6.66948897e+00
1.4790e+02   6.67319168e+00
1.4800e+02   6.67691178e+00
1.4810e+02   6.68064248e+00
1.4820e+02   6.68437626e+00
1.4830e+02   6.68810568e+00
1.4840e+02   6.69182339e+00
1.4850e+02   6.69552135e+00
1.4860e+02   6.69919223e+00
1.4870e+02   6.70282783e+00
1.4880e+02   6.70642051e+00
1.4890e+02   6.70996235e+00
1.4900e+02   6.71344530e+00
1.4910e+02   6.71686185e+00
1.4920e+02   6.72020380e+00
1.4930e+02   6.72346382e+00
1.4940e+02   6.72663413e+00
1.4950e+02   6.72970735e+00
1.4960e+02   6.73267643e+00
1.4970e+02   6.73553404e+00
1.4980e+02   6.73827387e+00
1.4990e+02   6.74088908e+00
1.5000e+02   6.74337381e+00
1.5010e+02   6.74572223e+00
1.5020e+02   6.74792881e+00
1.5030e+02   6.74998889e+00
1.5040e+02   6.75189756e+00
1.5050e+02   6.75365113e+00
1.5060e+02   6.75524574e+00
1.5070e+02   6.75667843e+00
1.5080e+02   6.75794675e+00
1.5090e+02   6.75904839e+00
1.5100e+02   6.75998227e+00
1.5110e+02   6.76074708e+00
1.5120e+02   6.76134272e+00
1.5130e+02   6.76176926e+00
1.5140e+02   6.76202731e+00
1.5150e+02   6.76211841e+00
1.5160e+02   6.76204395e+00
1.5170e+02   6.76180659e+00
1.5180e+02   6.76140881e+00
1.5190e+02   6.76085397e+00
1.5200e+02   6.76014582e+00
1.5210e+02   6.75928819e+00
1.5220e+02   6.75828594e+00
1.5230e+02   6.75714349e+00
1.5240e+02   6.75586631e+00
1.5250e+02   6.75445970e+00
1.5260e+02   6.75292930e+00
1.5270e+02   6.75128127e+00
1.5280e+02   6.74952134e+00
1.5290e+02   6.74765617e+00
1.5300e+02   6.74569181e+00
1.5310e+02   6.74363489e+00
1.5320e+02   6.74149195e+00
1.5330e+02   6.73926931e+00
1.5340e+02   6.73697387e+00
1.5350e+02   6.73461175e+00
1.5360e+02   6.73218975e+00
1.5370e+02   6.72971408e+00
1.5380e+02   6.72719102e+00
1.5390e+02   6.72462702e+00
1.5400e+02   6.72202779e+00
1.5410e+02   6.71939974e+00
1.5420e+02   6.71674836e+00
1.5430e+02   6.71407959e+00
1.5440e+02   6.71139904e+00
1.5450e+02   6.70871201e+00
1.5460e+02   6.70602424e+00
1.5470e+02   6.70334063e+00
1.5480e+02   6.70066679e+00
1.5490e+02   6.69800770e+00
1.5500e+02   6.69536853e+00
1.5510e+02   6.69275466e+00
1.5520e+02   6.69017098e+00
1.5530e+02   6.68762319e+00
1.5540e+02   6.68511636e+00
1.5550e+02   6.68265629e+00
1.5560e+02   6.68024875e+00
1.5570e+02   6.67789961e+00
1.5580e+02   6.67561555e+00
1.5590e+02   6.67340285e+00
1.5600e+02   6.67126899e+00
1.5610e+02   6.66922125e+00
1.5620e+02   6.66726772e+00
1.5630e+02   6.66541712e+00
1.5640e+02   6.66367826e+00
1.5650e+02   6.66206127e+00
1.5660e+02   6.66057615e+00
1.5670e+02   6.65923416e+00
1.5680e+02   6.65804689e+00
1.5690e+02   6.65702653e+00
1.5700e+02   6.65618630e+00
1.5710e+02   6.65553936e+00
1.5720e+02   6.65510015e+00
1.5730e+02   6.65488297e+00
1.5740e+02   6.65490287e+00
1.5750e+02   6.65517517e+00
1.5760e+02   6.65571500e+00
1.5770e+02   6.65653814e+00
1.5780e+02   6.65765945e+00
1.5790e+02   6.65909409e+00
1.5800e+02   6.66085625e+00
1.5810e+02   6.66295936e+00
1.5820e+02   6.66541611e+00
1.5830e+02   6.66823722e+00
1.5840e+02   6.67143257e+00
1.5850e+02   6.67500941e+00
1.5860e+02   6.67897319e+00
1.5870e+02   6.68332679e+00
1.5880e+02   6.68806987e+00
1.5890e+02   6.69319961e+00
1.5900e+02   6.69870893e+00
1.5910e+02   6.70458778e+00
1.5920e+02   6.71082165e+00
1.5930e+02   6.71739192e+00
1.5940e+02   6.72427589e+00
1.5950e+02   6.73144573e+00
1.5960e+02   6.73886974e+00
1.5970e+02   6.74651081e+00
1.5980e+02   6.75432769e+00
1.5990e+02   6.76227438e+00
1.6000e+02   6.77030022e+00
1.6010e+02   6.77835086e+00
1.6020e+02   6.78636727e+00
1.6030e+02   6.79428755e+00
1.6040e+02   6.80204609e+00
1.6050e+02   6.80957475e+00
1.6060e+02   6.81680349e+00
1.6070e+02   6.82366017e+00
1.6080e+02   6.83007251e+00
1.6090e+02   6.83596733e+00
1.6100e+02   6.84127257e+00
1.6110e+02   6.84591731e+00
1.6120e+02   6.84983257e+00
1.6130e+02   6.85295283e+00
1.6140e+02   6.85521553e+00
1.6150e+02   6.85656332e+00
1.6160e+02   6.85694351e+00
1.6170e+02   6.85630953e+00
1.6180e+02   6.85462147e+00
1.6190e+02   6.85184607e+00
1.6200e+02   6.84795832e+00
1.6210e+02   6.84294052e+00
1.6220e+02   6.83678385e+00
1.6230e+02   6.82948776e+00
1.6240e+02   6.82106026e+00
1.6250e+02   6.81151848e+00
1.6260e+02   6.80088745e+00
1.6270e+02   6.78920129e+00
1.6280e+02   6.77650162e+00
1.6290e+02   6.76283800e+00
1.6300e+02   6.74826725e+00
1.6310e+02   6.73285234e+00
1.6320e+02   6.71666287e+00
1.6330e+02   6.69977289e+00
1.6340e+02   6.68226149e+00
1.6350e+02   6.66421108e+00
1.6360e+02   6.64570677e+00
1.6370e+02   6.62683598e+00
1.6380e+02   6.60768653e+00
1.6390e+02   6.58834712e+00
1.6400e+02   6.56890518e+00
1.6410e+02   6.54944701e+00
1.6420e+02   6.53005669e+00
1.6430e+02   6.51081498e+00
1.6440e+02   6.49179966e+00
1.6450e+02   6.47308361e+00
1.6460e+02   6.45473564e+00
1.6470e+02   6.43681903e+00
1.6480e+02   6.41939164e+00
1.6490e+02   6.40250588e+00
1.6500e+02   6.38620759e+00
1.6510e+02   6.37053729e+00
1.6520e+02   6.35552873e+00
1.6530e+02   6.34121001e+00
1.6540e+02   6.32760320e+00
1.6550e+02   6.31472428e+00
1.6560e+02   6.30258421e+00
1.6570e+02   6.29118796e+00
1.6580e+02   6.28053616e+00
1.6590e+02   6.27062434e+00
1.6600e+02   6.26144388e+00
1.6610e+02   6.25298253e+00
1.6620e+02   6.24522401e+00
1.6630e+02   6.23814972e+00
1.6640e+02   6.23173771e+00
1.6650e+02   6.22596428e+00
1.6660e+02   6.22080376e+00
1.6670e+02   6.21622880e+00
1.6680e+02   6.21221149e+00
1.6690e+02   6.20872248e+00
1.6700e+02   6.20573269e+00
1.6710e+02   6.20321239e+00
1.6720e+02   6.20113218e+00
1.6730e+02   6.19946317e+00
1.6740e+02   6.19817658e+00
1.6750e+02   6.19724504e+00
1.6760e+02   6.19664139e+00
1.6770e+02   6.19634001e+00
1.6780e+02   6.19631620e+00
1.6790e+02   6.19654628e+00
1.6800e+02   6.19700832e+00
1.6810e+02   6.19768097e+00
1.6820e+02   6.19854491e+00
1.6830e+02   6.19958153e+00
1.6840e+02   6.20077380e+00
1.6850e+02   6.20210601e+00
1.6860e+02   6.20356325e+00
1.6870e+02   6.20513246e+00
1.6880e+02   6.20680098e+00
1.6890e+02   6.20855778e+00
1.6900e+02   6.21039258e+00
1.6910e+02   6.21229595e+00
1.6920e+02   6.21425977e+00
1.6930e+02   6.21627610e+00
1.6940e+02   6.21833846e+00
1.6950e+02   6.22044049e+00
1.6960e+02   6.22257679e+00
1.6970e+02   6.22474257e+00
1.6980e+02   6.22693319e+00
1.6990e+02   6.22914512e+00
1.7000e+02   6.23137456e+00
1.7010e+02   6.23361870e+00
1.7020e+02   6.23587471e+00
1.7030e+02   6.23814011e+00
1.7040e+02   6.24041300e+00
1.7050e+02   6.24269115e+00
1.7060e+02   6.24497324e+00
1.7070e+02   6.24725750e+00
1.7080e+02   6.24954273e+00
1.7090e+02   6.25182783e+00
1.7100e+02   6.25411151e+00
1.7110e+02   6.25639318e+00
1.7120e+02   6.25867164e+00
1.7130e+02   6.26094641e+00
1.7140e+02   6.26321668e+00
1.7150e+02   6.26548178e+00
1.7160e+02   6.26774137e+00
1.7170e+02   6.26999460e+00
1.7180e+02   6.27224136e+00
1.7190e+02   6.27448090e+00
1.7200e+02   6.27671298e+00
1.7210e+02   6.27893725e+00
1.7220e+02   6.28115315e+00
1.7230e+02   6.28336066e+00
1.7240e+02   6.28555912e+00
1.7250e+02   6.28774851e+00
1.7260e+02   6.28992840e+00
1.7270e+02   6.29209849e+00
1.7280e+02   6.29425872e+00
1.7290e+02   6.29640851e+00
1.7300e+02   6.29854798e+00
1.7310e+02   6.30067660e+00
1.7320e+02   6.30279432e+00
1.7330e+02   6.30490091e+00
1.7340e+02   6.30699600e+00
1.7350e+02   6.30907969e+00
1.7360e+02   6.31115142e+00
1.7370e+02   6.31321132e+00
1.7380e+02   6.31525901e+00
1.7390e+02   6.31729433e+00
1.7400e+02   6.31931726e+00
1.7410e+02   6.32132735e+00
1.7420e+02   6.32332477e+00
1.7430e+02   6.32530905e+00
1.7440e+02   6.32728025e+00
1.7450e+02   6.32923816e+00
1.7460e+02   6.33118251e+00
1.7470e+02   6.33311344e+00
1.7480e+02   6.33503045e+00
1.7490e+02   6.33693374e+00
1.7500e+02   6.33882297e+00
1.7510e+02   6.34069806e+00
1.7520e+02   6.34255901e+00
1.7530e+02   6.34440544e+00
1.7540e+02   6.34623757e+00
1.7550e+02   6.34805497e+00
1.7560e+02   6.34985776e+00
1.7570e+02   6.35164576e+00
1.7580e+02   6.35341877e+00
1.7590e+02   6.35517695e+00
1.7600e+02   6.35691987e+00
1.7610e+02   6.35864776e+00
1.7620e+02   6.36036030e+00
1.7630e+02   6.36205749e+00
1.7640e+02   6.36373935e+00
1.7650e+02   6.36540554e+00
1.7660e+02   6.36705634e+00
1.7670e+02   6.36869132e+00
1.7680e+02   6.37031068e+00
1.7690e+02   6.37191424e+00
1.7700e+02   6.37350186e+00
1.7710e+02   6.37507372e+00
1.7720e+02   6.37662943e+00
1.7730e+02   6.37816927e+00
1.7740e+02   6.37969292e+00
1.7750e+02   6.38120044e+00
1.7760e+02   6.38269186e+00
1.7770e+02   6.38416690e+00
1.7780e+02   6.38562583e+00
1.7790e+02   6.38706828e+00
1.7800e+02   6.38849448e+00
1.7810e+02   6.38990425e+00
1.7820e+02   6.39129751e+00
1.7830e+02   6.39267444e+00
1.7840e+02   6.39403469e+00
1.7850e+02   6.39537857e+00
1.7860e+02   6.39670576e+00
1.7870e+02   6.39801639e+00
1.7880e+02   6.39931046e+00
1.7890e+02   6.40058776e+00
1.7900e+02   6.40184856e+00
1.7910e+02   6.40309250e+00
1.7920e+02   6.40431985e+00
1.7930e+02   6.40553044e+00
1.7940e+02   6.40672423e+00
1.7950e+02   6.40790140e+00
1.7960e+02   6.40906163e+00
1.7970e+02   6.41020524e+00
1.7980e+02   6.41133194e+00
1.7990e+02   6.41244189e+00
1.8000e+02   6.41353506e+00
1.8010e+02   6.41461130e+00
1.8020e+02   6.41567089e+00
1.8030e+02   6.41671349e+00
1.8040e+02   6.41773939e+00
1.8050e+02   6.41874840e+00
1.8060e+02   6.41974055e+00
1.8070e+02   6.42071599e+00
1.8080e+02   6.42167445e+00
1.8090e+02   6.42261625e+00
1.8100e+02   6.42354111e+00
1.8110e+02   6.42444922e+00
1.8120e+02   6.42534055e+00
1.8130e+02   6.42621498e+00
1.8140e+02   6.42707279e+00
1.8150e+02   6.42791366e+00
1.8160e+02   6.42873790e+00
1.8170e+02   6.42954533e+00
1.8180e+02   6.43033601e+00
1.8190e+02   6.43111007e+00
1.8200e+02   6.43186727e+00
1.8210e+02   6.43260797e+00
1.8220e+02   6.43333185e+00
1.8230e+02   6.43403917e+00
1.8240e+02   6.43472987e+00
1.8250e+02   6.43540388e+00
1.8260e+02   6.43606147e+00
1.8270e+02   6.43670233e+00
1.8280e+02   6.43732682e+00
1.8290e+02   6.43793471e+00
1.8300e+02   6.43852613e+00
1.8310e+02   6.43910120e+00
1.8320e+02   6.43965970e+00
1.8330e+02   6.44020200e+00
1.8340e+02   6.44072778e+00
1.8350e+02   6.44123735e+00
1.8360e+02   6.44173062e+00
1.8370e+02   6.44220757e+00
1.8380e+02   6.44266845e+00
1.8390e+02   6.44311298e+00
1.8400e+02   6.44354153e+00
1.8410e+02   6.44395388e+00
1.8420e+02   6.44435020e+00
1.8430e+02   6.44473057e+00
1.8440e+02   6.44509483e+00
1.8450e+02   6.44544333e+00
1.8460e+02   6.44577578e+00
1.8470e+02   6.44609250e+00
1.8480e+02   6.44639340e+00
1.8490e+02   6.44667849e+00
1.8500e+02   6.44694801e+00
1.8510e+02   6.44720171e+00
1.8520e+02   6.44743996e+00
1.8530e+02   6.44766255e+00
1.8540e+02   6.44786967e+00
1.8550e+02   6.44806139e+00
1.8560e+02   6.44823759e+00
1.8570e+02   6.44839860e+00
1.8580e+02   6.44854416e+00
1.8590e+02   6.44867459e+00
1.8600e+02   6.44878979e+00
1.8610e+02   6.44888982e+00
1.8620e+02   6.44897489e+00
1.8630e+02   6.44904477e+00
1.8640e+02   6.44909985e+00
1.8650e+02   6.44913990e+00
1.8660e+02   6.44916515e+00
1.8670e+02   6.44917563e+00
1.8680e+02   6.44917126e+00
1.8690e+02   6.44915238e+00
1.8700e+02   6.44911869e+00
1.8710e+02   6.44907058e+00
1.8720e+02   6.44900789e+00
1.8730e+02   6.44893072e+00
1.8740e+02   6.44883926e+00
1.8750e+02   6.44873330e+00
1.8760e+02   6.44861323e+00
1.8770e+02   6.44847880e+00
1.8780e+02   6.44833027e+00
1.8790e+02   6.44816764e+00
1.8800e+02   6.44799086e+00
1.8810e+02   6.44780023e+00
1.8820e+02   6.44759548e+00
1.8830e+02   6.44737698e+00
1.8840e+02   6.44714456e+00
1.8850e+02   6.44689835e+00
1.8860e+02   6.44663850e+00
1.8870e+02   6.44636482e+00
1.8880e+02   6.44607768e+00
1.8890e+02   6.44577682e+00
1.8900e+02   6.44546251e+00
1.8910e+02   6.44513472e+00
1.8920e+02   6.44479341e+00
1.8930e+02   6.44443887e+00
1.8940e+02   6.44407082e+00
1.8950e+02   6.44368962e+00
1.8960e+02   6.44329508e+00
1.8970e+02   6.44288735e+00
1.8980e+02   6.44246653e+00
1.8990e+02   6.44203245e+00
1.9000e+02   6.44158546e+00
1.9010e+02   6.44112527e+00
1.9020e+02   6.44065218e+00
1.9030e+02   6.44016610e+00
1.9040e+02   6.43966702e+00
1.9050e+02   6.43915518e+00
1.9060e+02   6.43863031e+00
1.9070e+02   6.43809277e+00
1.9080e+02   6.43754233e+00
1.9090e+02   6.43697914e+00
1.9100e+02   6.43640327e+00
1.9110e+02   6.43581456e+00
1.9120e+02   6.43521334e+00
1.9130e+02   6.43459930e+00
1.9140e+02   6.43397273e+00
1.9150e+02   6.43333353e+00
1.9160e+02   6.43268169e+00
1.9170e+02   6.43201740e+00
1.9180e+02   6.43134042e+00
1.9190e+02   6.43065107e+00
1.9200e+02   6.42994911e+00
1.9210e+02   6.42923471e+00
1.9220e+02   6.42850789e+00
1.9230e+02   6.42776850e+00
1.9240e+02   6.42701685e+00
1.9250e+02   6.42625263e+00
1.9260e+02   6.42547613e+00
1.9270e+02   6.42468721e+00
1.9280e+02   6.42388588e+00
1.9290e+02   6.42307232e+00
1.9300e+02   6.42224628e+00
1.9310e+02   6.42140807e+00
1.9320e+02   6.42055745e+00
1.9330e+02   6.41969459e+00
1.9340e+02   6.41881950e+00
1.9350e+02   6.41793204e+00
1.9360e+02   6.41703251e+00
1.9370e+02   6.41612059e+00
1.9380e+02   6.41519661e+00
1.9390e+02   6.41426038e+00
1.9400e+02   6.41331196e+00
1.9410e+02   6.41235150e+00
1.9420e+02   6.41137877e+00
1.9430e+02   6.41039410e+00
1.9440e+02   6.40939723e+00
1.9450e+02   6.40838837e+00
1.9460e+02   6.40736750e+00
1.9470e+02   6.40633454e+00
1.9480e+02   6.40528976e+00
1.9490e+02   6.40423287e+00
1.9500e+02   6.40316422e+00
1.9510e+02   6.40208363e+00
1.9520e+02   6.40099119e+00
1.9530e+02   6.39988704e+00
1.9540e+02   6.39877100e+00
1.9550e+02   6.39764340e+00
1.9560e+02   6.39650400e+00
1.9570e+02   6.39535306e+00
1.9580e+02   6.39419054e+00
1.9590e+02   6.39301642e+00
1.9600e+02   6.39183098e+00
1.9610e+02   6.39063397e+00
1.9620e+02   6.38942575e+00
1.9630e+02   6.38820615e+00
1.9640e+02   6.38697535e+00
1.9650e+02   6.38573346e+00
1.9660e+02   6.38448036e+00
1.9670e+02   6.38321640e+00
1.9680e+02   6.38194136e+00
1.9690e+02   6.38065556e+00
1.9700e+02   6.37935897e+00
1.9710e+02   6.37805162e+00
1.9720e+02   6.37673379e+00
1.9730e+02   6.37540529e+00
1.9740e+02   6.37406651e+00
1.9750e+02   6.37271730e+00
1.9760e+02   6.37135789e+00
1.9770e+02   6.36998839e+00
1.9780e+02   6.36860875e+00
1.9790e+02   6.36721933e+00
1.9800e+02   6.36581994e+00
1.9810e+02   6.36441095e+00
1.9820e+02   6.36299233e+00
1.9830e+02   6.36156417e+00
1.9840e+02   6.36012675e+00
1.9850e+02   6.35867992e+00
1.9860e+02   6.35722412e+00
1.9870e+02   6.35575917e+00
1.9880e+02   6.35428538e+00
1.9890e+02   6.35280285e+00
1.9900e+02   6.35131157e+00
1.9910e+02   6.34981191e+00
1.9920e+02   6.34830369e+00
1.9930e+02   6.34678733e+00
1.9940e+02   6.34526276e+00
1.9950e+02   6.34373014e+00
1.9960e+02   6.34218974e+00
1.9970e+02   6.34064142e+00
1.9980e+02   6.33908561e+00
1.9990e+02   6.33752217e+00
2.0000e+02   6.33595141e+00
2.0010e+02   6.33437340e+00
2.0020e+02   6.33278816e+00
2.0030e+02   6.33119604e+00
2.0040e+02   6.32959688e+00
2.0050e+02   6.32799107e+00
2.0060e+02   6.32637853e+00
2.0070e+02   6.32475944e+00
2.0080e+02   6.32313402e+00
2.0090e+02   6.32150213e+00
2.0100e+02   6.31986419e+00
2.0110e+02   6.31822002e+00
2.0120e+02   6.31656992e+00
2.0130e+02   6.31491392e+00
2.0140e+02   6.31325204e+00
2.0150e+02   6.31158459e+00
2.0160e+02   6.30991135e+00
2.0170e+02   6.30823271e+00
2.0180e+02   6.30654854e+00
2.0190e+02   6.30485899e+00
2.0200e+02   6.30316420e+00
2.0210e+02   6.30146405e+00
2.0220e+02   6.29975887e+00
2.0230e+02   6.29804843e+00
2.0240e+02   6.29633302e+00
2.0250e+02   6.29461257e+00
2.0260e+02   6.29288708e+00
2.0270e+02   6.29115679e+00
2.0280e+02   6.28942143e+00
2.0290e+02   6.28768134e+00
2.0300e+02   6.28593631e+00
2.0310e+02   6.28418644e+00
2.0320e+02   6.28243181e+00
2.0330e+02   6.28067223e+00
2.0340e+02   6.27890798e+00
2.0350e+02   6.27713874e+00
2.0360e+02   6.27536475e+00
2.0370e+02   6.27358587e+00
2.0380e+02   6.27180205e+00
2.0390e+02   6.27001342e+00
2.0400e+02   6.26821968e+00
2.0410e+02   6.26642108e+00
2.0420e+02   6.26461732e+00
2.0430e+02   6.26280850e+00
2.0440e+02   6.26099456e+00
2.0450e+02   6.25917527e+00
2.0460e+02   6.25735084e+00
2.0470e+02   6.25552088e+00
2.0480e+02   6.25368557e+00
2.0490e+02   6.25184468e+00
2.0500e+02   6.24999811e+00
2.0510e+02   6.24814591e+00
2.0520e+02   6.24628773e+00
2.0530e+02   6.24442376e+00
2.0540e+02   6.24255362e+00
2.0550e+02   6.24067735e+00
2.0560e+02   6.23879483e+00
2.0570e+02   6.23690578e+00
2.0580e+02   6.23501034e+00
2.0590e+02   6.23310807e+00
2.0600e+02   6.23119910e+00
2.0610e+02   6.22928312e+00
2.0620e+02   6.22736001e+00
2.0630e+02   6.22542976e+00
2.0640e+02   6.22349197e+00
2.0650e+02   6.22154678e+00
2.0660e+02   6.21959376e+00
2.0670e+02   6.21763295e+00
2.0680e+02   6.21566412e+00
2.0690e+02   6.21368702e+00
2.0700e+02   6.21170171e+00
2.0710e+02   6.20970772e+00
2.0720e+02   6.20770518e+00
2.0730e+02   6.20569371e+00
2.0740e+02   6.20367320e+00
2.0750e+02   6.20164358e+00
2.0760e+02   6.19960445e+00
2.0770e+02   6.19755592e+00
2.0780e+02   6.19549754e+00
2.0790e+02   6.19342935e+00
2.0800e+02   6.19135108e+00
2.0810e+02   6.18926249e+00
2.0820e+02   6.18716361e+00
2.0830e+02   6.18505398e+00
2.0840e+02   6.18293371e+00
2.0850e+02   6.18080242e+00
2.0860e+02   6.17866002e+00
2.0870e+02   6.17650639e+00
2.0880e+02   6.17434118e+00
2.0890e+02   6.17216449e+00
2.0900e+02   6.16997585e+00
2.0910e+02   6.16777533e+00
2.0920e+02   6.16556266e+00
2.0930e+02   6.16333763e+00
2.0940e+02   6.16110025e+00
2.0950e+02   6.15885009e+00
2.0960e+02   6.15658728e+00
2.0970e+02   6.15431143e+00
2.0980e+02   6.15202251e+00
2.0990e+02   6.14972038e+00
2.1000e+02   6.14740472e+00
2.1010e+02   6.14507565e+00
2.1020e+02   6.14273273e+00
2.1030e+02   6.14037606e+00
2.1040e+02   6.13800536e+00
2.1050e+02   6.13562047e+00
2.1060e+02   6.13322143e+00
2.1070e+02   6.13080782e+00
2.1080e+02   6.12837982e+00
2.1090e+02   6.12593704e+00
2.1100e+02   6.12347949e+00
2.1110e+02   6.12100705e+00
2.1120e+02   6.11851946e+00
2.1130e+02   6.11601685e+00
2.1140e+02   6.11349880e+00
2.1150e+02   6.11096546e+00
2.1160e+02   6.10841657e+00
2.1170e+02   6.10585203e+00
2.1180e+02   6.10327186e+00
2.1190e+02   6.10067572e+00
2.1200e+02   6.09806381e+00
2.1210e+02   6.09543576e+00
2.1220e+02   6.09279165e+00
2.1230e+02   6.09013135e+00
2.1240e+02   6.08745467e+00
2.1250e+02   6.08476176e+00
2.1260e+02   6.08205224e+00
2.1270e+02   6.07932631e+00
2.1280e+02   6.07658371e+00
2.1290e+02   6.07382442e+00
2.1300e+02   6.07104847e+00
2.1310e+02   6.06825558e+00
2.1320e+02   6.06544597e+00
2.1330e+02   6.06261931e+00
2.1340e+02   6.05977574e+00
2.1350e+02   6.05691516e+00
2.1360e+02   6.05403741e+00
2.1370e+02   6.05114269e+00
2.1380e+02   6.04823066e+00
2.1390e+02   6.04530158e+00
2.1400e+02   6.04235520e+00
2.1410e+02   6.03939157e+00
2.1420e+02   6.03641075e+00
2.1430e+02   6.03341252e+00
2.1440e+02   6.03039713e+00
2.1450e+02   6.02736431e+00
2.1460e+02   6.02431424e+00
2.1470e+02   6.02124684e+00
2.1480e+02   6.01816206e+00
2.1490e+02   6.01506010e+00
2.1500e+02   6.01194068e+00
2.1510e+02   6.00880412e+00
2.1520e+02   6.00565021e+00
2.1530e+02   6.00247907e+00
2.1540e+02   5.99929078e+00
2.1550e+02   5.99608520e+00
2.1560e+02   5.99286263e+00
2.1570e+02   5.98962284e+00
2.1580e+02   5.98636609e+00
2.1590e+02   5.98309233e+00
2.1600e+02   5.97980158e+00
2.1610e+02   5.97649408e+00
2.1620e+02   5.97316963e+00
2.1630e+02   5.96982860e+00
2.1640e+02   5.96647082e+00
2.1650e+02   5.96309651e+00
2.1660e+02   5.95970576e+00
2.1670e+02   5.95629853e+00
2.1680e+02   5.95287515e+00
2.1690e+02   5.94943546e+00
2.1700e+02   5.94597979e+00
2.1710e+02   5.94250813e+00
2.1720e+02   5.93902059e+00
2.1730e+02   5.93551745e+00
2.1740e+02   5.93199857e+00
2.1750e+02   5.92846439e+00
2.1760e+02   5.92491479e+00
2.1770e+02   5.92135006e+00
2.1780e+02   5.91777035e+00
2.1790e+02   5.91417567e+00
2.1800e+02   5.91056643e+00
2.1810e+02   5.90694250e+00
2.1820e+02   5.90330430e+00
2.1830e+02   5.89965185e+00
2.1840e+02   5.89598536e+00
2.1850e+02   5.89230511e+00
2.1860e+02   5.88861107e+00
2.1870e+02   5.88490371e+00
2.1880e+02   5.88118297e+00
2.1890e+02   5.87744921e+00
2.1900e+02   5.87370260e+00
2.1910e+02   5.86994325e+00
2.1920e+02   5.86617158e+00
2.1930e+02   5.86238754e+00
2.1940e+02   5.85859161e+00
2.1950e+02   5.85478382e+00
2.1960e+02   5.85096447e+00
2.1970e+02   5.84713387e+00
2.1980e+02   5.84329204e+00
2.1990e+02   5.83943950e+00
2.2000e+02   5.83557622e+00
2.2010e+02   5.83170264e+00
2.2020e+02   5.82781894e+00
2.2030e+02   5.82392529e+00
2.2040e+02   5.82002215e+00
2.2050e+02   5.81610950e+00
2.2060e+02   5.81218787e+00
2.2070e+02   5.80825733e+00
2.2080e+02   5.80431822e+00
2.2090e+02   5.80037086e+00
2.2100e+02   5.79641535e+00
2.2110e+02   5.79245222e+00
2.2120e+02   5.78848146e+00
2.2130e+02   5.78450357e+00
2.2140e+02   5.78051874e+00
2.2150e+02   5.77652720e+00
2.2160e+02   5.77252940e+00
2.2170e+02   5.76852537e+00
2.2180e+02   5.76451568e+00
2.2190e+02   5.76050041e+00
2.2200e+02   5.75647993e+00
2.2210e+02   5.75245458e+00
2.2220e+02   5.74842450e+00
2.2230e+02   5.74439022e+00
2.2240e+02   5.74035178e+00
2.2250e+02   5.73630970e+00
2.2260e+02   5.73226416e+00
2.2270e+02   5.72821545e+00
2.2280e+02   5.72416401e+00
2.2290e+02   5.72010991e+00
2.2300e+02   5.71605374e+00
2.2310e+02   5.71199556e+00
2.2320e+02   5.70793581e+00
2.2330e+02   5.70387482e+00
2.2340e+02   5.69981274e+00
2.2350e+02   5.69575014e+00
2.2360e+02   5.69168704e+00
2.2370e+02   5.68762400e+00
2.2380e+02   5.68356120e+00
2.2390e+02   5.67949894e+00
2.2400e+02   5.67543770e+00
2.2410e+02   5.67137753e+00
2.2420e+02   5.66731903e+00
2.2430e+02   5.66326228e+00
2.2440e+02   5.65920775e+00
2.2450e+02   5.65515572e+00
2.2460e+02   5.65110641e+00
2.2470e+02   5.64706035e+00
2.2480e+02   5.64301758e+00
2.2490e+02   5.63897868e+00
2.2500e+02   5.63494380e+00
2.2510e+02   5.63091328e+00
2.2520e+02   5.62688755e+00
2.2530e+02   5.62286670e+00
2.2540e+02   5.61885133e+00
2.2550e+02   5.61484148e+00
2.2560e+02   5.61083765e+00
2.2570e+02   5.60684009e+00
2.2580e+02   5.60284903e+00
2.2590e+02   5.59886498e+00
2.2600e+02   5.59488798e+00
2.2610e+02   5.59091859e+00
2.2620e+02   5.58695693e+00
2.2630e+02   5.58300337e+00
2.2640e+02   5.57905827e+00
2.2650e+02   5.57512173e+00
2.2660e+02   5.57119433e+00
2.2670e+02   5.56727607e+00
2.2680e+02   5.56336744e+00
2.2690e+02   5.55946866e+00
2.2700e+02   5.55557993e+00
2.2710e+02   5.55170172e+00
2.2720e+02   5.54783405e+00
2.2730e+02   5.54397745e+00
2.2740e+02   5.54013198e+00
2.2750e+02   5.53629799e+00
2.2760e+02   5.53247578e+00
2.2770e+02   5.52866545e+00
2.2780e+02   5.52486748e+00
2.2790e+02   5.52108185e+00
2.2800e+02   5.51730901e+00
2.2810e+02   5.51354909e+00
2.2820e+02   5.50980229e+00
2.2830e+02   5.50606898e+00
2.2840e+02   5.50234914e+00
2.2850e+02   5.49864323e+00
2.2860e+02   5.49495126e+00
2.2870e+02   5.49127351e+00
2.2880e+02   5.48761022e+00
2.2890e+02   5.48396141e+00
2.2900e+02   5.48032750e+00
2.2910e+02   5.47670839e+00
2.2920e+02   5.47310448e+00
2.2930e+02   5.46951579e+00
2.2940e+02   5.46594246e+00
2.2950e+02   5.46238479e+00
2.2960e+02   5.45884267e+00
2.2970e+02   5.45531650e+00
2.2980e+02   5.45180617e+00
2.2990e+02   5.44831192e+00
2.3000e+02   5.44483386e+00
2.3010e+02   5.44137197e+00
2.3020e+02   5.43792655e+00
2.3030e+02   5.43449744e+00
2.3040e+02   5.43108493e+00
2.3050e+02   5.42768896e+00
2.3060e+02   5.42430960e+00
2.3070e+02   5.42094703e+00
2.3080e+02   5.41760107e+00
2.3090e+02   5.41427203e+00
2.3100e+02   5.41095970e+00
2.3110e+02   5.40766425e+00
2.3120e+02   5.40438568e+00
2.3130e+02   5.40112389e+00
2.3140e+02   5.39787910e+00
2.3150e+02   5.39465104e+00
2.3160e+02   5.39143994e+00
2.3170e+02   5.38824563e+00
2.3180e+02   5.38506811e+00
2.3190e+02   5.38190746e+00
2.3200e+02   5.37876343e+00
2.3210e+02   5.37563624e+00
2.3220e+02   5.37252559e+00
2.3230e+02   5.36943160e+00
2.3240e+02   5.36635414e+00
2.3250e+02   5.36329308e+00
2.3260e+02   5.36024854e+00
2.3270e+02   5.35722017e+00
2.3280e+02   5.35420815e+00
2.3290e+02   5.35121220e+00
2.3300e+02   5.34823229e+00
2.3310e+02   5.34526841e+00
2.3320e+02   5.34232024e+00
2.3330e+02   5.33938795e+00
2.3340e+02   5.33647116e+00
2.3350e+02   5.33356995e+00
2.3360e+02   5.33068412e+00
2.3370e+02   5.32781348e+00
2.3380e+02   5.32495809e+00
2.3390e+02   5.32211757e+00
2.3400e+02   5.31929203e+00
2.3410e+02   5.31648115e+00
2.3420e+02   5.31368486e+00
2.3430e+02   5.31090308e+00
2.3440e+02   5.30813549e+00
2.3450e+02   5.30538218e+00
2.3460e+02   5.30264276e+00
2.3470e+02   5.29991726e+00
2.3480e+02   5.29720545e+00
2.3490e+02   5.29450713e+00
2.3500e+02   5.29182231e+00
2.3510e+02   5.28915058e+00
2.3520e+02   5.28649205e+00
2.3530e+02   5.28384635e+00
2.3540e+02   5.28121342e+00
2.3550e+02   5.27859313e+00
2.3560e+02   5.27598517e+00
2.3570e+02   5.27338962e+00
2.3580e+02   5.27080605e+00
2.3590e+02   5.26823453e+00
2.3600e+02   5.26567476e+00
2.3610e+02   5.26312659e+00
2.3620e+02   5.26058998e+00
2.3630e+02   5.25806456e+00
2.3640e+02   5.25555042e+00
2.3650e+02   5.25304718e+00
2.3660e+02   5.25055483e+00
2.3670e+02   5.24807319e+00
2.3680e+02   5.24560200e+00
2.3690e+02   5.24314132e+00
2.3700e+02   5.24069074e+00
2.3710e+02   5.23825034e+00
2.3720e+02   5.23581984e+00
2.3730e+02   5.23339910e+00
2.3740e+02   5.23098810e+00
2.3750e+02   5.22858648e+00
2.3760e+02   5.22619435e+00
2.3770e+02   5.22381136e+00
2.3780e+02   5.22143750e+00
2.3790e+02   5.21907263e+00
2.3800e+02   5.21671651e+00
2.3810e+02   5.21436921e+00
2.3820e+02   5.21203035e+00
2.3830e+02   5.20970006e+00
2.3840e+02   5.20737804e+00
2.3850e+02   5.20506422e+00
2.3860e+02   5.20275858e+00
2.3870e+02   5.20046079e+00
2.3880e+02   5.19817101e+00
2.3890e+02   5.19588889e+00
2.3900e+02   5.19361448e+00
2.3910e+02   5.19134762e+00
2.3920e+02   5.18908815e+00
2.3930e+02   5.18683615e+00
2.3940e+02   5.18459128e+00
2.3950e+02   5.18235368e+00
2.3960e+02   5.18012308e+00
2.3970e+02   5.17789948e+00
2.3980e+02   5.17568283e+00
2.3990e+02   5.17347288e+00
2.4000e+02   5.17126980e+00
2.4010e+02   5.16907326e+00
2.4020e+02   5.16688336e+00
2.4030e+02   5.16469996e+00
2.4040e+02   5.16252293e+00
2.4050e+02   5.16035237e+00
2.4060e+02   5.15818796e+00
2.4070e+02   5.15602991e+00
2.4080e+02   5.15387793e+00
2.4090e+02   5.15173207e+00
2.4100e+02   5.14959230e+00
2.4110e+02   5.14745840e+00
2.4120e+02   5.14533055e+00
2.4130e+02   5.14320845e+00
2.4140e+02   5.14109224e+00
2.4150e+02   5.13898177e+00
2.4160e+02   5.13687697e+00
2.4170e+02   5.13477792e+00
2.4180e+02   5.13268436e+00
2.4190e+02   5.13059649e+00
2.4200e+02   5.12851404e+00
2.4210e+02   5.12643710e+00
2.4220e+02   5.12436562e+00
2.4230e+02   5.12229943e+00
2.4240e+02   5.12023871e+00
2.4250e+02   5.11818317e+00
2.4260e+02   5.11613298e+00
2.4270e+02   5.11408797e+00
2.4280e+02   5.11204811e+00
2.4290e+02   5.11001347e+00
2.4300e+02   5.10798381e+00
2.4310e+02   5.10595934e+00
2.4320e+02   5.10393979e+00
2.4330e+02   5.10192527e+00
2.4340e+02   5.09991571e+00
2.4350e+02   5.09791097e+00
2.4360e+02   5.09591123e+00
2.4370e+02   5.09391617e+00
2.4380e+02   5.09192601e+00
2.4390e+02   5.08994055e+00
2.4400e+02   5.08795978e+00
2.4410e+02   5.08598375e+00
2.4420e+02   5.08401224e+00
2.4430e+02   5.08204544e+00
2.4440e+02   5.08008308e+00
2.4450e+02   5.07812528e+00
2.4460e+02   5.07617195e+00
2.4470e+02   5.07422297e+00
2.4480e+02   5.07227848e+00
2.4490e+02   5.07033820e+00
2.4500e+02   5.06840231e+00
2.4510e+02   5.06647061e+00
2.4520e+02   5.06454309e+00
2.4530e+02   5.06261980e+00
2.4540e+02   5.06070049e+00
2.4550e+02   5.05878537e+00
2.4560e+02   5.05687415e+00
2.4570e+02   5.05496695e+00
2.4580e+02   5.05306365e+00
2.4590e+02   5.05116415e+00
2.4600e+02   5.04926856e+00
2.4610e+02   5.04737660e+00
2.4620e+02   5.04548845e+00
2.4630e+02   5.04360388e+00
2.4640e+02   5.04172291e+00
2.4650e+02   5.03984554e+00
2.4660e+02   5.03797155e+00
2.4670e+02   5.03610111e+00
2.4680e+02   5.03423392e+00
2.4690e+02   5.03237013e+00
2.4700e+02   5.03050957e+00
2.4710e+02   5.02865217e+00
2.4720e+02   5.02679801e+00
2.4730e+02   5.02494680e+00
2.4740e+02   5.02309873e+00
2.4750e+02   5.02125355e+00
2.4760e+02   5.01941129e+00
2.4770e+02   5.01757191e+00
2.4780e+02   5.01573522e+00
2.4790e+02   5.01390137e+00
2.4800e+02   5.01207006e+00
2.4810e+02   5.01024143e+00
2.4820e+02   5.00841531e+00
2.4830e+02   5.00659162e+00
2.4840e+02   5.00477043e+00
2.4850e+02   5.00295147e+00
2.4860e+02   5.00113492e+00
2.4870e+02   4.99932050e+00
2.4880e+02   4.99750827e+00
2.4890e+02   4.99569817e+00
2.4900e+02   4.99389002e+00
2.4910e+02   4.99208396e+00
2.4920e+02   4.99027968e+00
2.4930e+02   4.98847735e+00
2.4940e+02   4.98667676e+00
2.4950e+02   4.98487787e+00
2.4960e+02   4.98308072e+00
2.4970e+02   4.98128504e+00
2.4980e+02   4.97949103e+00
2.4990e+02   4.97769839e+00
2.5000e+02   4.97590720e+00
2.5010e+02   4.97411739e+00
2.5020e+02   4.97232878e+00
2.5030e+02   4.97054151e+00
2.5040e+02   4.96875528e+00
2.5050e+02   4.96697025e+00
2.5060e+02   4.96518621e+00
2.5070e+02   4.96340314e+00
2.5080e+02   4.96162107e+00
2.5090e+02   4.95983973e+00
2.5100e+02   4.95805932e+00
2.5110e+02   4.95627955e+00
2.5120e+02   4.95450050e+00
2.5130e+02   4.95272209e+00
2.5140e+02   4.95094416e+00
2.5150e+02   4.94916684e+00
2.5160e+02   4.94738983e+00
2.5170e+02   4.94561331e+00
2.5180e+02   4.94383704e+00
2.5190e+02   4.94206104e+00
2.5200e+02   4.94028530e+00
2.5210e+02   4.93850959e+00
2.5220e+02   4.93673409e+00
2.5230e+02   4.93495850e+00
2.5240e+02   4.93318294e+00
2.5250e+02   4.93140729e+00
2.5260e+02   4.92963142e+00
2.5270e+02   4.92785544e+00
2.5280e+02   4.92607906e+00
2.5290e+02   4.92430247e+00
2.5300e+02   4.92252542e+00
2.5310e+02   4.92074793e+00
2.5320e+02   4.91896999e+00
2.5330e+02   4.91719137e+00
2.5340e+02   4.91541226e+00
2.5350e+02   4.91363234e+00
2.5360e+02   4.91185176e+00
2.5370e+02   4.91007036e+00
2.5380e+02   4.90828805e+00
2.5390e+02   4.90650491e+00
2.5400e+02   4.90472067e+00
2.5410e+02   4.90293551e+00
2.5420e+02   4.90114917e+00
2.5430e+02   4.89936169e+00
2.5440e+02   4.89757303e+00
2.5450e+02   4.89578300e+00
2.5460e+02   4.89399176e+00
2.5470e+02   4.89219900e+00
2.5480e+02   4.89040487e+00
2.5490e+02   4.88860919e+00
2.5500e+02   4.88681191e+00
2.5510e+02   4.88501307e+00
2.5520e+02   4.88321242e+00
2.5530e+02   4.88141014e+00
2.5540e+02   4.87960595e+00
2.5550e+02   4.87779993e+00
2.5560e+02   4.87599200e+00
2.5570e+02   4.87418199e+00
2.5580e+02   4.87237006e+00
2.5590e+02   4.87055589e+00
2.5600e+02   4.86873966e+00
2.5610e+02   4.86692115e+00
2.5620e+02   4.86510034e+00
2.5630e+02   4.86327727e+00
2.5640e+02   4.86145169e+00
2.5650e+02   4.85962377e+00
2.5660e+02   4.85779325e+00
2.5670e+02   4.85596020e+00
2.5680e+02   4.85412455e+00
2.5690e+02   4.85228615e+00
2.5700e+02   4.85044513e+00
2.5710e+02   4.84860120e+00
2.5720e+02   4.84675453e+00
2.5730e+02   4.84490492e+00
2.5740e+02   4.84305235e+00
2.5750e+02   4.84119686e+00
2.5760e+02   4.83933821e+00
2.5770e+02   4.83747659e+00
2.5780e+02   4.83561172e+00
2.5790e+02   4.83374371e+00
2.5800e+02   4.83187247e+00
2.5810e+02   4.82999788e+00
2.5820e+02   4.82812006e+00
2.5830e+02   4.82623874e+00
2.5840e+02   4.82435411e+00
2.5850e+02   4.82246595e+00
2.5860e+02   4.82057429e+00
2.5870e+02   4.81867914e+00
2.5880e+02   4.81678030e+00
2.5890e+02   4.81487797e+00
2.5900e+02   4.81297186e+00
2.5910e+02   4.81106212e+00
2.5920e+02   4.80914864e+00
2.5930e+02   4.80723134e+00
2.5940e+02   4.80531034e+00
2.5950e+02   4.80338539e+00
2.5960e+02   4.80145669e+00
2.5970e+02   4.79952403e+00
2.5980e+02   4.79758745e+00
2.5990e+02   4.79564699e+00
2.6000e+02   4.79370245e+00
2.6010e+02   4.79175403e+00
2.6020e+02   4.78980148e+00
2.6030e+02   4.78784496e+00
2.6040e+02   4.78588435e+00
2.6050e+02   4.78391961e+00
2.6060e+02   4.78195086e+00
2.6070e+02   4.77997786e+00
2.6080e+02   4.77800084e+00
2.6090e+02   4.77601957e+00
2.6100e+02   4.77403415e+00
2.6110e+02   4.77204457e+00
2.6120e+02   4.77005070e+00
2.6130e+02   4.76805272e+00
2.6140e+02   4.76605040e+00
2.6150e+02   4.76404391e+00
2.6160e+02   4.76203313e+00
2.6170e+02   4.76001805e+00
2.6180e+02   4.75799877e+00
2.6190e+02   4.75597509e+00
2.6200e+02   4.75394722e+00
2.6210e+02   4.75191495e+00
2.6220e+02   4.74987840e+00
2.6230e+02   4.74783754e+00
2.6240e+02   4.74579226e+00
2.6250e+02   4.74374275e+00
2.6260e+02   4.74168876e+00
2.6270e+02   4.73963049e+00
2.6280e+02   4.73756780e+00
2.6290e+02   4.73550071e+00
2.6300e+02   4.73342929e+00
2.6310e+02   4.73135336e+00
2.6320e+02   4.72927312e+00
2.6330e+02   4.72718836e+00
2.6340e+02   4.72509920e+00
2.6350e+02   4.72300560e+00
2.6360e+02   4.72090747e+00
2.6370e+02   4.71880496e+00
2.6380e+02   4.71669783e+00
2.6390e+02   4.71458629e+00
2.6400e+02   4.71247017e+00
2.6410e+02   4.71034950e+00
2.6420e+02   4.70822432e+00
2.6430e+02   4.70609446e+00
2.6440e+02   4.70396011e+00
2.6450e+02   4.70182103e+00
2.6460e+02   4.69967736e+00
2.6470e+02   4.69752901e+00
2.6480e+02   4.69537590e+00
2.6490e+02   4.69321818e+00
2.6500e+02   4.69105557e+00
2.6510e+02   4.68888829e+00
2.6520e+02   4.68671613e+00
2.6530e+02   4.68453912e+00
2.6540e+02   4.68235729e+00
2.6550e+02   4.68017045e+00
2.6560e+02   4.67797877e+00
2.6570e+02   4.67578199e+00
2.6580e+02   4.67358025e+00
2.6590e+02   4.67137342e+00
2.6600e+02   4.66916144e+00
2.6610e+02   4.66694439e+00
2.6620e+02   4.66472202e+00
2.6630e+02   4.66249452e+00
2.6640e+02   4.66026164e+00
2.6650e+02   4.65802344e+00
2.6660e+02   4.65577989e+00
2.6670e+02   4.65353080e+00
2.6680e+02   4.65127633e+00
2.6690e+02   4.64901619e+00
2.6700e+02   4.64675053e+00
2.6710e+02   4.64447917e+00
2.6720e+02   4.64220207e+00
2.6730e+02   4.63991927e+00
2.6740e+02   4.63763052e+00
2.6750e+02   4.63533599e+00
2.6760e+02   4.63303542e+00
2.6770e+02   4.63072887e+00
2.6780e+02   4.62841627e+00
2.6790e+02   4.62609746e+00
2.6800e+02   4.62377255e+00
2.6810e+02   4.62144128e+00
2.6820e+02   4.61910376e+00
2.6830e+02   4.61675982e+00
2.6840e+02   4.61440941e+00
2.6850e+02   4.61205258e+00
2.6860e+02   4.60968905e+00
2.6870e+02   4.60731901e+00
2.6880e+02   4.60494219e+00
2.6890e+02   4.60255866e+00
2.6900e+02   4.60016833e+00
2.6910e+02   4.59777105e+00
2.6920e+02   4.59536695e+00
2.6930e+02   4.59295575e+00
2.6940e+02   4.59053760e+00
2.6950e+02   4.58811231e+00
2.6960e+02   4.58567985e+00
2.6970e+02   4.58324026e+00
2.6980e+02   4.58079331e+00
2.6990e+02   4.57833918e+00
2.7000e+02   4.57587761e+00
2.7010e+02   4.57340869e+00
2.7020e+02   4.57093235e+00
2.7030e+02   4.56844848e+00
2.7040e+02   4.56595720e+00
2.7050e+02   4.56345825e+00
2.7060e+02   4.56095183e+00
2.7070e+02   4.55843774e+00
2.7080e+02   4.55591601e+00
2.7090e+02   4.55338668e+00
2.7100e+02   4.55084957e+00
2.7110e+02   4.54830487e+00
2.7120e+02   4.54575236e+00
2.7130e+02   4.54319217e+00
2.7140e+02   4.54062424e+00
2.7150e+02   4.53804851e+00
2.7160e+02   4.53546514e+00
2.7170e+02   4.53287390e+00
2.7180e+02   4.53027502e+00
2.7190e+02   4.52766834e+00
2.7200e+02   4.52505394e+00
2.7210e+02   4.52243189e+00
2.7220e+02   4.51980204e+00
2.7230e+02   4.51716465e+00
2.7240e+02   4.51451950e+00
2.7250e+02   4.51186681e+00
2.7260e+02   4.50920651e+00
2.7270e+02   4.50653863e+00
2.7280e+02   4.50386334e+00
2.7290e+02   4.50118046e+00
2.7300e+02   4.49849028e+00
2.7310e+02   4.49579265e+00
2.7320e+02   4.49308773e+00
2.7330e+02   4.49037560e+00
2.7340e+02   4.48765618e+00
2.7350e+02   4.48492974e+00
2.7360e+02   4.48219613e+00
2.7370e+02   4.47945560e+00
2.7380e+02   4.47670812e+00
2.7390e+02   4.47395376e+00
2.7400e+02   4.47119272e+00
2.7410e+02   4.46842487e+00
2.7420e+02   4.46565053e+00
2.7430e+02   4.46286959e+00
2.7440e+02   4.46008226e+00
2.7450e+02   4.45728861e+00
2.7460e+02   4.45448864e+00
2.7470e+02   4.45168262e+00
2.7480e+02   4.44887044e+00
2.7490e+02   4.44605238e+00
2.7500e+02   4.44322844e+00
2.7510e+02   4.44039871e+00
2.7520e+02   4.43756341e+00
2.7530e+02   4.43472244e+00
2.7540e+02   4.43187615e+00
2.7550e+02   4.42902442e+00
2.7560e+02   4.42616751e+00
2.7570e+02   4.42330548e+00
2.7580e+02   4.42043835e+00
2.7590e+02   4.41756642e+00
2.7600e+02   4.41468957e+00
2.7610e+02   4.41180811e+00
2.7620e+02   4.40892200e+00
2.7630e+02   4.40603139e+00
2.7640e+02   4.40313647e+00
2.7650e+02   4.40023716e+00
2.7660e+02   4.39733379e+00
2.7670e+02   4.39442626e+00
2.7680e+02   4.39151480e+00
2.7690e+02   4.38859948e+00
2.7700e+02   4.38568032e+00
2.7710e+02   4.38275760e+00
2.7720e+02   4.37983118e+00
2.7730e+02   4.37690137e+00
2.7740e+02   4.37396812e+00
2.7750e+02   4.37103157e+00
2.7760e+02   4.36809186e+00
2.7770e+02   4.36514892e+00
2.7780e+02   4.36220306e+00
2.7790e+02   4.35925413e+00
2.7800e+02   4.35630239e+00
2.7810e+02   4.35334783e+00
2.7820e+02   4.35039049e+00
2.7830e+02   4.34743059e+00
2.7840e+02   4.34446798e+00
2.7850e+02   4.34150296e+00
2.7860e+02   4.33853541e+00
2.7870e+02   4.33556547e+00
2.7880e+02   4.33259323e+00
2.7890e+02   4.32961862e+00
2.7900e+02   4.32664189e+00
2.7910e+02   4.32366287e+00
2.7920e+02   4.32068179e+00
2.7930e+02   4.31769859e+00
2.7940e+02   4.31471331e+00
2.7950e+02   4.31172610e+00
2.7960e+02   4.30873680e+00
2.7970e+02   4.30574567e+00
2.7980e+02   4.30275255e+00
2.7990e+02   4.29975756e+00
2.8000e+02   4.29676076e+00
2.8010e+02   4.29376203e+00
2.8020e+02   4.29076160e+00
2.8030e+02   4.28775926e+00
2.8040e+02   4.28475521e+00
2.8050e+02   4.28174937e+00
2.8060e+02   4.27874174e+00
2.8070e+02   4.27573245e+00
2.8080e+02   4.27272130e+00
2.8090e+02   4.26970853e+00
2.8100e+02   4.26669395e+00
2.8110e+02   4.26367767e+00
2.8120e+02   4.26065968e+00
2.8130e+02   4.25763989e+00
2.8140e+02   4.25461848e+00
2.8150e+02   4.25159522e+00
2.8160e+02   4.24857032e+00
2.8170e+02   4.24554362e+00
2.8180e+02   4.24251517e+00
2.8190e+02   4.23948503e+00
2.8200e+02   4.23645302e+00
2.8210e+02   4.23341935e+00
2.8220e+02   4.23038382e+00
2.8230e+02   4.22734655e+00
2.8240e+02   4.22430750e+00
2.8250e+02   4.22126659e+00
2.8260e+02   4.21822398e+00
2.8270e+02   4.21517944e+00
2.8280e+02   4.21213317e+00
2.8290e+02   4.20908504e+00
2.8300e+02   4.20603507e+00
2.8310e+02   4.20298333e+00
2.8320e+02   4.19992967e+00
2.8330e+02   4.19687428e+00
2.8340e+02   4.19381697e+00
2.8350e+02   4.19075788e+00
2.8360e+02   4.18769697e+00
2.8370e+02   4.18463419e+00
2.8380e+02   4.18156969e+00
2.8390e+02   4.17850328e+00
2.8400e+02   4.17543518e+00
2.8410e+02   4.17236524e+00
2.8420e+02   4.16929356e+00
2.8430e+02   4.16622018e+00
2.8440e+02   4.16314499e+00
2.8450e+02   4.16006822e+00
2.8460e+02   4.15698968e+00
2.8470e+02   4.15390957e+00
2.8480e+02   4.15082784e+00
2.8490e+02   4.14774450e+00
2.8500e+02   4.14465971e+00
2.8510e+02   4.14157333e+00
2.8520e+02   4.13848560e+00
2.8530e+02   4.13539641e+00
2.8540e+02   4.13230588e+00
2.8550e+02   4.12921410e+00
2.8560e+02   4.12612100e+00
2.8570e+02   4.12302683e+00
2.8580e+02   4.11993144e+00
2.8590e+02   4.11683508e+00
2.8600e+02   4.11373773e+00
2.8610e+02   4.11063943e+00
2.8620e+02   4.10754039e+00
2.8630e+02   4.10444049e+00
2.8640e+02   4.10134003e+00
2.8650e+02   4.09823892e+00
2.8660e+02   4.09513734e+00
2.8670e+02   4.09203540e+00
2.8680e+02   4.08893307e+00
2.8690e+02   4.08583064e+00
2.8700e+02   4.08272799e+00
2.8710e+02   4.07962542e+00
2.8720e+02   4.07652292e+00
2.8730e+02   4.07342060e+00
2.8740e+02   4.07031868e+00
2.8750e+02   4.06721708e+00
2.8760e+02   4.06411613e+00
2.8770e+02   4.06101576e+00
2.8780e+02   4.05791621e+00
2.8790e+02   4.05481757e+00
2.8800e+02   4.05171989e+00
2.8810e+02   4.04862345e+00
2.8820e+02   4.04552818e+00
2.8830e+02   4.04243438e+00
2.8840e+02   4.03934206e+00
2.8850e+02   4.03625137e+00
2.8860e+02   4.03316252e+00
2.8870e+02   4.03007546e+00
2.8880e+02   4.02699055e+00
2.8890e+02   4.02390769e+00
2.8900e+02   4.02082717e+00
2.8910e+02   4.01774906e+00
2.8920e+02   4.01467343e+00
2.8930e+02   4.01160055e+00
2.8940e+02   4.00853035e+00
2.8950e+02   4.00546314e+00
2.8960e+02   4.00239890e+00
2.8970e+02   3.99933780e+00
2.8980e+02   3.99628002e+00
2.8990e+02   3.99322551e+00
2.9000e+02   3.99017460e+00
2.9010e+02   3.98712719e+00
2.9020e+02   3.98408353e+00
2.9030e+02   3.98104366e+00
2.9040e+02   3.97800765e+00
2.9050e+02   3.97497572e+00
2.9060e+02   3.97194776e+00
2.9070e+02   3.96892407e+00
2.9080e+02   3.96590457e+00
2.9090e+02   3.96288941e+00
2.9100e+02   3.95987870e+00
2.9110e+02   3.95687237e+00
2.9120e+02   3.95387068e+00
2.9130e+02   3.95087347e+00
2.9140e+02   3.94788097e+00
2.9150e+02   3.94489314e+00
2.9160e+02   3.94191000e+00
2.9170e+02   3.93893169e+00
2.9180e+02   3.93595807e+00
2.9190e+02   3.93298935e+00
2.9200e+02   3.93002538e+00
2.9210e+02   3.92706625e+00
2.9220e+02   3.92411199e+00
2.9230e+02   3.92116247e+00
2.9240e+02   3.91821787e+00
2.9250e+02   3.91527795e+00
2.9260e+02   3.91234288e+00
2.9270e+02   3.90941251e+00
2.9280e+02   3.90648681e+00
2.9290e+02   3.90356584e+00
2.9300e+02   3.90064937e+00
2.9310e+02   3.89773753e+00
2.9320e+02   3.89483010e+00
2.9330e+02   3.89192710e+00
2.9340e+02   3.88902846e+00
2.9350e+02   3.88613399e+00
2.9360e+02   3.88324378e+00
2.9370e+02   3.88035753e+00
2.9380e+02   3.87747533e+00
2.9390e+02   3.87459695e+00
2.9400e+02   3.87172231e+00
2.9410e+02   3.86885139e+00
2.9420e+02   3.86598390e+00
2.9430e+02   3.86311992e+00
2.9440e+02   3.86025914e+00
2.9450e+02   3.85740157e+00
2.9460e+02   3.85454704e+00
2.9470e+02   3.85169536e+00
2.9480e+02   3.84884654e+00
2.9490e+02   3.84600027e+00
2.9500e+02   3.84315659e+00
2.9510e+02   3.84031524e+00
2.9520e+02   3.83747612e+00
2.9530e+02   3.83463919e+00
2.9540e+02   3.83180413e+00
2.9550e+02   3.82897104e+00
2.9560e+02   3.82613958e+00
2.9570e+02   3.82330978e+00
2.9580e+02   3.82048147e+00
2.9590e+02   3.81765447e+00
2.9600e+02   3.81482881e+00
2.9610e+02   3.81200420e+00
2.9620e+02   3.80918072e+00
2.9630e+02   3.80635813e+00
2.9640e+02   3.80353640e+00
2.9650e+02   3.80071550e+00
2.9660e+02   3.79789519e+00
2.9670e+02   3.79507561e+00
2.9680e+02   3.79225649e+00
2.9690e+02   3.78943793e+00
2.9700e+02   3.78661981e+00
2.9710e+02   3.78380205e+00
2.9720e+02   3.78098476e+00
2.9730e+02   3.77816772e+00
2.9740e+02   3.77535112e+00
2.9750e+02   3.77253479e+00
2.9760e+02   3.76971881e+00
2.9770e+02   3.76690322e+00
2.9780e+02   3.76408792e+00
2.9790e+02   3.76127313e+00
2.9800e+02   3.75845868e+00
2.9810e+02   3.75564479e+00
2.9820e+02   3.75283142e+00
2.9830e+02   3.75001864e+00
2.9840e+02   3.74720662e+00
2.9850e+02   3.74439527e+00
2.9860e+02   3.74158488e+00
2.9870e+02   3.73877538e+00
2.9880e+02   3.73596696e+00
2.9890e+02   3.73315976e+00
2.9900e+02   3.73035378e+00
2.9910e+02   3.72754933e+00
2.9920e+02   3.72474634e+00
2.9930e+02   3.72194512e+00
2.9940e+02   3.71914570e+00
2.9950e+02   3.71634825e+00
2.9960e+02   3.71355302e+00
2.9970e+02   3.71075998e+00
2.9980e+02   3.70796949e+00
2.9990e+02   3.70518155e+00
3.0000e+02   3.70239641e+00
3.0010e+02   3.69961425e+00
3.0020e+02   3.69683513e+00
3.0030e+02   3.69405939e+00
3.0040e+02   3.69128700e+00
3.0050e+02   3.68851830e+00
3.0060e+02   3.68575335e+00
3.0070e+02   3.68299234e+00
3.0080e+02   3.68023550e+00
3.0090e+02   3.67748284e+00
3.0100e+02   3.67473471e+00
3.0110e+02   3.67199109e+00
3.0120e+02   3.66925226e+00
3.0130e+02   3.66651832e+00
3.0140e+02   3.66378935e+00
3.0150e+02   3.66106565e+00
3.0160e+02   3.65834715e+00
3.0170e+02   3.65563417e+00
3.0180e+02   3.65292671e+00
3.0190e+02   3.65022491e+00
3.0200e+02   3.64752896e+00
3.0210e+02   3.64483881e+00
3.0220e+02   3.64215476e+00
3.0230e+02   3.63947669e+00
3.0240e+02   3.63680486e+00
3.0250e+02   3.63413927e+00
3.0260e+02   3.63147995e+00
3.0270e+02   3.62882710e+00
3.0280e+02   3.62618060e+00
3.0290e+02   3.62354068e+00
3.0300e+02   3.62090725e+00
3.0310e+02   3.61828040e+00
3.0320e+02   3.61566021e+00
3.0330e+02   3.61304657e+00
3.0340e+02   3.61043968e+00
3.0350e+02   3.60783936e+00
3.0360e+02   3.60524576e+00
3.0370e+02   3.60265881e+00
3.0380e+02   3.60007848e+00
3.0390e+02   3.59750488e+00
3.0400e+02   3.59493779e+00
3.0410e+02   3.59237740e+00
3.0420e+02   3.58982351e+00
3.0430e+02   3.58727616e+00
3.0440e+02   3.58473534e+00
3.0450e+02   3.58220088e+00
3.0460e+02   3.57967292e+00
3.0470e+02   3.57715119e+00
3.0480e+02   3.57463581e+00
3.0490e+02   3.57212661e+00
3.0500e+02   3.56962353e+00
3.0510e+02   3.56712660e+00
3.0520e+02   3.56463557e+00
3.0530e+02   3.56215056e+00
3.0540e+02   3.55967131e+00
3.0550e+02   3.55719784e+00
3.0560e+02   3.55473006e+00
3.0570e+02   3.55226779e+00
3.0580e+02   3.54981110e+00
3.0590e+02   3.54735970e+00
3.0600e+02   3.54491366e+00
3.0610e+02   3.54247279e+00
3.0620e+02   3.54003698e+00
3.0630e+02   3.53760623e+00
3.0640e+02   3.53518026e+00
3.0650e+02   3.53275916e+00
3.0660e+02   3.53034265e+00
3.0670e+02   3.52793073e+00
3.0680e+02   3.52552327e+00
3.0690e+02   3.52312008e+00
3.0700e+02   3.52072120e+00
3.0710e+02   3.51832631e+00
3.0720e+02   3.51593549e+00
3.0730e+02   3.51354850e+00
3.0740e+02   3.51116524e+00
3.0750e+02   3.50878567e+00
3.0760e+02   3.50640951e+00
3.0770e+02   3.50403684e+00
3.0780e+02   3.50166735e+00
3.0790e+02   3.49930104e+00
3.0800e+02   3.49693775e+00
3.0810e+02   3.49457730e+00
3.0820e+02   3.49221970e+00
3.0830e+02   3.48986464e+00
3.0840e+02   3.48751218e+00
3.0850e+02   3.48516206e+00
3.0860e+02   3.48281419e+00
3.0870e+02   3.48046851e+00
3.0880e+02   3.47812474e+00
3.0890e+02   3.47578296e+00
3.0900e+02   3.47344283e+00
3.0910e+02   3.47110438e+00
3.0920e+02   3.46876742e+00
3.0930e+02   3.46643179e+00
3.0940e+02   3.46409748e+00
3.0950e+02   3.46176418e+00
3.0960e+02   3.45943197e+00
3.0970e+02   3.45710057e+00
3.0980e+02   3.45476993e+00
3.0990e+02   3.45243995e+00
3.1000e+02   3.45011038e+00
3.1010e+02   3.44778131e+00
3.1020e+02   3.44545241e+00
3.1030e+02   3.44312372e+00
3.1040e+02   3.44079505e+00
3.1050e+02   3.43846627e+00
3.1060e+02   3.43613740e+00
3.1070e+02   3.43380813e+00
3.1080e+02   3.43147857e+00
3.1090e+02   3.42914846e+00
3.1100e+02   3.42681778e+00
3.1110e+02   3.42448645e+00
3.1120e+02   3.42215427e+00
3.1130e+02   3.41982134e+00
3.1140e+02   3.41748738e+00
3.1150e+02   3.41515247e+00
3.1160e+02   3.41281645e+00
3.1170e+02   3.41047924e+00
3.1180e+02   3.40814089e+00
3.1190e+02   3.40580116e+00
3.1200e+02   3.40346019e+00
3.1210e+02   3.40111777e+00
3.1220e+02   3.39877395e+00
3.1230e+02   3.39642868e+00
3.1240e+02   3.39408185e+00
3.1250e+02   3.39173360e+00
3.1260e+02   3.38938369e+00
3.1270e+02   3.38703230e+00
3.1280e+02   3.38467930e+00
3.1290e+02   3.38232471e+00
3.1300e+02   3.37996860e+00
3.1310e+02   3.37761083e+00
3.1320e+02   3.37525160e+00
3.1330e+02   3.37289076e+00
3.1340e+02   3.37052844e+00
3.1350e+02   3.36816464e+00
3.1360e+02   3.36579934e+00
3.1370e+02   3.36343272e+00
3.1380e+02   3.36106463e+00
3.1390e+02   3.35869531e+00
3.1400e+02   3.35632470e+00
3.1410e+02   3.35395288e+00
3.1420e+02   3.35157998e+00
3.1430e+02   3.34920594e+00
3.1440e+02   3.34683100e+00
3.1450e+02   3.34445508e+00
3.1460e+02   3.34207837e+00
3.1470e+02   3.33970092e+00
3.1480e+02   3.33732277e+00
3.1490e+02   3.33494415e+00
3.1500e+02   3.33256496e+00
3.1510e+02   3.33018549e+00
3.1520e+02   3.32780571e+00
3.1530e+02   3.32542576e+00
3.1540e+02   3.32304579e+00
3.1550e+02   3.32066579e+00
3.1560e+02   3.31828604e+00
3.1570e+02   3.31590646e+00
3.1580e+02   3.31352731e+00
3.1590e+02   3.31114864e+00
3.1600e+02   3.30877051e+00
3.1610e+02   3.30639317e+00
3.1620e+02   3.30401655e+00
3.1630e+02   3.30164095e+00
3.1640e+02   3.29926632e+00
3.1650e+02   3.29689285e+00
3.1660e+02   3.29452067e+00
3.1670e+02   3.29214978e+00
3.1680e+02   3.28978046e+00
3.1690e+02   3.28741261e+00
3.1700e+02   3.28504651e+00
3.1710e+02   3.28268218e+00
3.1720e+02   3.28031969e+00
3.1730e+02   3.27795925e+00
3.1740e+02   3.27560078e+00
3.1750e+02   3.27324457e+00
3.1760e+02   3.27089054e+00
3.1770e+02   3.26853888e+00
3.1780e+02   3.26618966e+00
3.1790e+02   3.26384286e+00
3.1800e+02   3.26149873e+00
3.1810e+02   3.25915715e+00
3.1820e+02   3.25681834e+00
3.1830e+02   3.25448228e+00
3.1840e+02   3.25214902e+00
3.1850e+02   3.24981870e+00
3.1860e+02   3.24749122e+00
3.1870e+02   3.24516679e+00
3.1880e+02   3.24284529e+00
3.1890e+02   3.24052685e+00
3.1900e+02   3.23821147e+00
3.1910e+02   3.23589910e+00
3.1920e+02   3.23358989e+00
3.1930e+02   3.23128366e+00
3.1940e+02   3.22898057e+00
3.1950e+02   3.22668050e+00
3.1960e+02   3.22438344e+00
3.1970e+02   3.22208944e+00
3.1980e+02   3.21979832e+00
3.1990e+02   3.21751020e+00
3.2000e+02   3.21522486e+00
3.2010e+02   3.21294236e+00
3.2020e+02   3.21066258e+00
3.2030e+02   3.20838537e+00
3.2040e+02   3.20611080e+00
3.2050e+02   3.20383857e+00
3.2060e+02   3.20156875e+00
3.2070e+02   3.19930110e+00
3.2080e+02   3.19703553e+00
3.2090e+02   3.19477197e+00
3.2100e+02   3.19251011e+00
3.2110e+02   3.19025001e+00
3.2120e+02   3.18799132e+00
3.2130e+02   3.18573401e+00
3.2140e+02   3.18347786e+00
3.2150e+02   3.18122263e+00
3.2160e+02   3.17896829e+00
3.2170e+02   3.17671446e+00
3.2180e+02   3.17446114e+00
3.2190e+02   3.17220799e+00
3.2200e+02   3.16995488e+00
3.2210e+02   3.16770166e+00
3.2220e+02   3.16544800e+00
3.2230e+02   3.16319388e+00
3.2240e+02   3.16093894e+00
3.2250e+02   3.15868313e+00
3.2260e+02   3.15642620e+00
3.2270e+02   3.15416793e+00
3.2280e+02   3.15190829e+00
3.2290e+02   3.14964693e+00
3.2300e+02   3.14738388e+00
3.2310e+02   3.14511885e+00
3.2320e+02   3.14285178e+00
3.2330e+02   3.14058258e+00
3.2340e+02   3.13831101e+00
3.2350e+02   3.13603717e+00
3.2360e+02   3.13376078e+00
3.2370e+02   3.13148194e+00
3.2380e+02   3.12920052e+00
3.2390e+02   3.12691646e+00
3.2400e+02   3.12462988e+00
3.2410e+02   3.12234059e+00
3.2420e+02   3.12004881e+00
3.2430e+02   3.11775443e+00
3.2440e+02   3.11545759e+00
3.2450e+02   3.11315838e+00
3.2460e+02   3.11085678e+00
3.2470e+02   3.10855309e+00
3.2480e+02   3.10624724e+00
3.2490e+02   3.10393954e+00
3.2500e+02   3.10163006e+00
3.2510e+02   3.09931898e+00
3.2520e+02   3.09700659e+00
3.2530e+02   3.09469294e+00
3.2540e+02   3.09237844e+00
3.2550e+02   3.09006314e+00
3.2560e+02   3.08774740e+00
3.2570e+02   3.08543146e+00
3.2580e+02   3.08311549e+00
3.2590e+02   3.08079992e+00
3.2600e+02   3.07848482e+00
3.2610e+02   3.07617066e+00
3.2620e+02   3.07385760e+00
3.2630e+02   3.07154593e+00
3.2640e+02   3.06923601e+00
3.2650e+02   3.06692797e+00
3.2660e+02   3.06462226e+00
3.2670e+02   3.06231899e+00
3.2680e+02   3.06001853e+00
3.2690e+02   3.05772110e+00
3.2700e+02   3.05542689e+00
3.2710e+02   3.05313628e+00
3.2720e+02   3.05084932e+00
3.2730e+02   3.04856639e+00
3.2740e+02   3.04628756e+00
3.2750e+02   3.04401308e+00
3.2760e+02   3.04174317e+00
3.2770e+02   3.03947786e+00
3.2780e+02   3.03721746e+00
3.2790e+02   3.03496194e+00
3.2800e+02   3.03271152e+00
3.2810e+02   3.03046627e+00
3.2820e+02   3.02822622e+00
3.2830e+02   3.02599155e+00
3.2840e+02   3.02376214e+00
3.2850e+02   3.02153821e+00
3.2860e+02   3.01931962e+00
3.2870e+02   3.01710644e+00
3.2880e+02   3.01489870e+00
3.2890e+02   3.01269623e+00
3.2900e+02   3.01049918e+00
3.2910e+02   3.00830729e+00
3.2920e+02   3.00612066e+00
3.2930e+02   3.00393912e+00
3.2940e+02   3.00176257e+00
3.2950e+02   2.99959100e+00
3.2960e+02   2.99742414e+00
3.2970e+02   2.99526205e+00
3.2980e+02   2.99310445e+00
3.2990e+02   2.99095128e+00
3.3000e+02   2.98880241e+00
3.3010e+02   2.98665759e+00
3.3020e+02   2.98451683e+00
3.3030e+02   2.98237979e+00
3.3040e+02   2.98024647e+00
3.3050e+02   2.97811662e+00
3.3060e+02   2.97599006e+00
3.3070e+02   2.97386673e+00
3.3080e+02   2.97174629e+00
3.3090e+02   2.96962878e+00
3.3100e+02   2.96751387e+00
3.3110e+02   2.96540148e+00
3.3120e+02   2.96329145e+00
3.3130e+02   2.96118354e+00
3.3140e+02   2.95907775e+00
3.3150e+02   2.95697373e+00
3.3160e+02   2.95487152e+00
3.3170e+02   2.95277085e+00
3.3180e+02   2.95067160e+00
3.3190e+02   2.94857373e+00
3.3200e+02   2.94647693e+00
3.3210e+02   2.94438128e+00
3.3220e+02   2.94228647e+00
3.3230e+02   2.94019251e+00
3.3240e+02   2.93809925e+00
3.3250e+02   2.93600653e+00
3.3260e+02   2.93391438e+00
3.3270e+02   2.93182252e+00
3.3280e+02   2.92973104e+00
3.3290e+02   2.92763973e+00
3.3300e+02   2.92554853e+00
3.3310e+02   2.92345745e+00
3.3320e+02   2.92136625e+00
3.3330e+02   2.91927505e+00
3.3340e+02   2.91718362e+00
3.3350e+02   2.91509201e+00
3.3360e+02   2.91300013e+00
3.3370e+02   2.91090788e+00
3.3380e+02   2.90881533e+00
3.3390e+02   2.90672227e+00
3.3400e+02   2.90462883e+00
3.3410e+02   2.90253484e+00
3.3420e+02   2.90044031e+00
3.3430e+02   2.89834527e+00
3.3440e+02   2.89624954e+00
3.3450e+02   2.89415328e+00
3.3460e+02   2.89205628e+00
3.3470e+02   2.88995867e+00
3.3480e+02   2.88786035e+00
3.3490e+02   2.88576128e+00
3.3500e+02   2.88366156e+00
3.3510e+02   2.88156100e+00
3.3520e+02   2.87945976e+00
3.3530e+02   2.87735771e+00
3.3540e+02   2.87525488e+00
3.3550e+02   2.87315131e+00
3.3560e+02   2.87104687e+00
3.3570e+02   2.86894172e+00
3.3580e+02   2.86683567e+00
3.3590e+02   2.86472887e+00
3.3600e+02   2.86262125e+00
3.3610e+02   2.86051277e+00
3.3620e+02   2.85840355e+00
3.3630e+02   2.85629342e+00
3.3640e+02   2.85418255e+00
3.3650e+02   2.85207081e+00
3.3660e+02   2.84995826e+00
3.3670e+02   2.84784493e+00
3.3680e+02   2.84573071e+00
3.3690e+02   2.84361578e+00
3.3700e+02   2.84149994e+00
3.3710e+02   2.83938336e+00
3.3720e+02   2.83726596e+00
3.3730e+02   2.83514773e+00
3.3740e+02   2.83302877e+00
3.3750e+02   2.83090893e+00
3.3760e+02   2.82878840e+00
3.3770e+02   2.82666702e+00
3.3780e+02   2.82454489e+00
3.3790e+02   2.82242202e+00
3.3800e+02   2.82029831e+00
3.3810e+02   2.81817394e+00
3.3820e+02   2.81604872e+00
3.3830e+02   2.81392283e+00
3.3840e+02   2.81179616e+00
3.3850e+02   2.80966875e+00
3.3860e+02   2.80754067e+00
3.3870e+02   2.80541178e+00
3.3880e+02   2.80328228e+00
3.3890e+02   2.80115199e+00
3.3900e+02   2.79902104e+00
3.3910e+02   2.79688941e+00
3.3920e+02   2.79475704e+00
3.3930e+02   2.79262408e+00
3.3940e+02   2.79049036e+00
3.3950e+02   2.78835605e+00
3.3960e+02   2.78622105e+00
3.3970e+02   2.78408540e+00
3.3980e+02   2.78194916e+00
3.3990e+02   2.77981220e+00
3.4000e+02   2.77767472e+00
3.4010e+02   2.77553655e+00
3.4020e+02   2.77339781e+00
3.4030e+02   2.77125848e+00
3.4040e+02   2.76911851e+00
3.4050e+02   2.76697804e+00
3.4060e+02   2.76483691e+00
3.4070e+02   2.76269529e+00
3.4080e+02   2.76055307e+00
3.4090e+02   2.75841030e+00
3.4100e+02   2.75626704e+00
3.4110e+02   2.75412317e+00
3.4120e+02   2.75197887e+00
3.4130e+02   2.74983398e+00
3.4140e+02   2.74768863e+00
3.4150e+02   2.74554279e+00
3.4160e+02   2.74339641e+00
3.4170e+02   2.74124964e+00
3.4180e+02   2.73910230e+00
3.4190e+02   2.73695459e+00
3.4200e+02   2.73480637e+00
3.4210e+02   2.73265773e+00
3.4220e+02   2.73050868e+00
3.4230e+02   2.72835914e+00
3.4240e+02   2.72620928e+00
3.4250e+02   2.72405893e+00
3.4260e+02   2.72190824e+00
3.4270e+02   2.71975714e+00
3.4280e+02   2.71760564e+00
3.4290e+02   2.71545384e+00
3.4300e+02   2.71330159e+00
3.4310e+02   2.71114908e+00
3.4320e+02   2.70899616e+00
3.4330e+02   2.70684294e+00
3.4340e+02   2.70468942e+00
3.4350e+02   2.70253552e+00
3.4360e+02   2.70038141e+00
3.4370e+02   2.69822691e+00
3.4380e+02   2.69607220e+00
3.4390e+02   2.69391719e+00
3.4400e+02   2.69176189e+00
3.4410e+02   2.68960640e+00
3.4420e+02   2.68745057e+00
3.4430e+02   2.68529460e+00
3.4440e+02   2.68313833e+00
3.4450e+02   2.68098188e+00
3.4460e+02   2.67882523e+00
3.4470e+02   2.67666833e+00
3.4480e+02   2.67451133e+00
3.4490e+02   2.67235405e+00
3.4500e+02   2.67019669e+00
3.4510e+02   2.66803912e+00
3.4520e+02   2.66588140e+00
3.4530e+02   2.66372359e+00
3.4540e+02   2.66156557e+00
3.4550e+02   2.65940752e+00
3.4560e+02   2.65724928e+00
3.4570e+02   2.65509099e+00
3.4580e+02   2.65293261e+00
3.4590e+02   2.65077410e+00
3.4600e+02   2.64861560e+00
3.4610e+02   2.64645694e+00
3.4620e+02   2.64429832e+00
3.4630e+02   2.64213961e+00
3.4640e+02   2.63998086e+00
3.4650e+02   2.63782214e+00
3.4660e+02   2.63566334e+00
3.4670e+02   2.63350462e+00
3.4680e+02   2.63134583e+00
3.4690e+02   2.62918710e+00
3.4700e+02   2.62702841e+00
3.4710e+02   2.62486971e+00
3.4720e+02   2.62271113e+00
3.4730e+02   2.62055252e+00
3.4740e+02   2.61839406e+00
3.4750e+02   2.61623563e+00
3.4760e+02   2.61407730e+00
3.4770e+02   2.61191910e+00
3.4780e+02   2.60976093e+00
3.4790e+02   2.60760298e+00
3.4800e+02   2.60544507e+00
3.4810e+02   2.60328735e+00
3.4820e+02   2.60112977e+00
3.4830e+02   2.59897232e+00
3.4840e+02   2.59681511e+00
3.4850e+02   2.59465798e+00
3.4860e+02   2.59250113e+00
3.4870e+02   2.59034441e+00
3.4880e+02   2.58818793e+00
3.4890e+02   2.58603169e+00
3.4900e+02   2.58387561e+00
3.4910e+02   2.58171986e+00
3.4920e+02   2.57956427e+00
3.4930e+02   2.57740900e+00
3.4940e+02   2.57525398e+00
3.4950e+02   2.57309921e+00
3.4960e+02   2.57094479e+00
3.4970e+02   2.56879059e+00
3.4980e+02   2.56663678e+00
3.4990e+02   2.56448322e+00
3.5000e+02   2.56233002e+00
3.5010e+02   2.56017717e+00
3.5020e+02   2.55802461e+00
3.5030e+02   2.55587249e+00
3.5040e+02   2.55372065e+00
3.5050e+02   2.55156925e+00
3.5060e+02   2.54941821e+00
3.5070e+02   2.54726755e+00
3.5080e+02   2.54511735e+00
3.5090e+02   2.54296748e+00
3.5100e+02   2.54081812e+00
3.5110e+02   2.53866913e+00
3.5120e+02   2.53652061e+00
3.5130e+02   2.53437256e+00
3.5140e+02   2.53222491e+00
3.5150e+02   2.53007782e+00
3.5160e+02   2.52793112e+00
3.5170e+02   2.52578498e+00
3.5180e+02   2.52363930e+00
3.5190e+02   2.52149413e+00
3.5200e+02   2.51934952e+00
3.5210e+02   2.51720536e+00
3.5220e+02   2.51506182e+00
3.5230e+02   2.51291875e+00
3.5240e+02   2.51077628e+00
3.5250e+02   2.50863437e+00
3.5260e+02   2.50649299e+00
3.5270e+02   2.50435226e+00
3.5280e+02   2.50221204e+00
3.5290e+02   2.50007249e+00
3.5300e+02   2.49793350e+00
3.5310e+02   2.49579512e+00
3.5320e+02   2.49365742e+00
3.5330e+02   2.49152027e+00
3.5340e+02   2.48938385e+00
3.5350e+02   2.48724799e+00
3.5360e+02   2.48511285e+00
3.5370e+02   2.48297837e+00
3.5380e+02   2.48084452e+00
3.5390e+02   2.47871142e+00
3.5400e+02   2.47657893e+00
3.5410e+02   2.47444722e+00
3.5420e+02   2.47231616e+00
3.5430e+02   2.47018583e+00
3.5440e+02   2.46805625e+00
3.5450e+02   2.46592733e+00
3.5460e+02   2.46379924e+00
3.5470e+02   2.46167182e+00
3.5480e+02   2.45954520e+00
3.5490e+02   2.45741933e+00
3.5500e+02   2.45529420e+00
3.5510e+02   2.45316992e+00
3.5520e+02   2.45104633e+00
3.5530e+02   2.44892362e+00
3.5540e+02   2.44680165e+00
3.5550e+02   2.44468050e+00
3.5560e+02   2.44256019e+00
3.5570e+02   2.44044064e+00
3.5580e+02   2.43832201e+00
3.5590e+02   2.43620413e+00
3.5600e+02   2.43408715e+00
3.5610e+02   2.43197100e+00
3.5620e+02   2.42985568e+00
3.5630e+02   2.42774129e+00
3.5640e+02   2.42562769e+00
3.5650e+02   2.42351505e+00
3.5660e+02   2.42140323e+00
3.5670e+02   2.41929232e+00
3.5680e+02   2.41718234e+00
3.5690e+02   2.41507320e+00
3.5700e+02   2.41296506e+00
3.5710e+02   2.41085774e+00
3.5720e+02   2.40875143e+00
3.5730e+02   2.40664601e+00
3.5740e+02   2.40454151e+00
3.5750e+02   2.40243802e+00
3.5760e+02   2.40033539e+00
3.5770e+02   2.39823381e+00
3.5780e+02   2.39613312e+00
3.5790e+02   2.39403343e+00
3.5800e+02   2.39193474e+00
3.5810e+02   2.38983697e+00
3.5820e+02   2.38774027e+00
3.5830e+02   2.38564447e+00
3.5840e+02   2.38354975e+00
3.5850e+02   2.38145600e+00
3.5860e+02   2.37936325e+00
3.5870e+02   2.37727157e+00
3.5880e+02   2.37518084e+00
3.5890e+02   2.37309122e+00
3.5900e+02   2.37100257e+00
3.5910e+02   2.36891499e+00
3.5920e+02   2.36682847e+00
3.5930e+02   2.36474295e+00
3.5940e+02   2.36265857e+00
3.5950e+02   2.36057517e+00
3.5960e+02   2.35849291e+00
3.5970e+02   2.35641168e+00
3.5980e+02   2.35433153e+00
3.5990e+02   2.35225251e+00
3.6000e+02   2.35017450e+00
3.6010e+02   2.34809769e+00
3.6020e+02   2.34602189e+00
3.6030e+02   2.34394725e+00
3.6040e+02   2.34187371e+00
3.6050e+02   2.33980125e+00
3.6060e+02   2.33772999e+00
3.6070e+02   2.33565976e+00
3.6080e+02   2.33359075e+00
3.6090e+02   2.33152282e+00
3.6100e+02   2.32945604e+00
3.6110e+02   2.32739044e+00
3.6120e+02   2.32532593e+00
3.6130e+02   2.32326265e+00
3.6140e+02   2.32120045e+00
3.6150e+02   2.31913948e+00
3.6160e+02   2.31707965e+00
3.6170e+02   2.31502097e+00
3.6180e+02   2.31296353e+00
3.6190e+02   2.31090719e+00
3.6200e+02   2.30885212e+00
3.6210e+02   2.30679817e+00
3.6220e+02   2.30474545e+00
3.6230e+02   2.30269394e+00
3.6240e+02   2.30064357e+00
3.6250e+02   2.29859449e+00
3.6260e+02   2.29654653e+00
3.6270e+02   2.29449985e+00
3.6280e+02   2.29245436e+00
3.6290e+02   2.29041007e+00
3.6300e+02   2.28836706e+00
3.6310e+02   2.28632519e+00
3.6320e+02   2.28428464e+00
3.6330e+02   2.28224525e+00
3.6340e+02   2.28020713e+00
3.6350e+02   2.27817026e+00
3.6360e+02   2.27613458e+00
3.6370e+02   2.27410022e+00
3.6380e+02   2.27206702e+00
3.6390e+02   2.27003514e+00
3.6400e+02   2.26800448e+00
3.6410e+02   2.26597506e+00
3.6420e+02   2.26394695e+00
3.6430e+02   2.26192002e+00
3.6440e+02   2.25989444e+00
3.6450e+02   2.25787004e+00
3.6460e+02   2.25584695e+00
3.6470e+02   2.25382513e+00
3.6480e+02   2.25180454e+00
3.6490e+02   2.24978529e+00
3.6500e+02   2.24776722e+00
3.6510e+02   2.24575050e+00
3.6520e+02   2.24373502e+00
3.6530e+02   2.24172081e+00
3.6540e+02   2.23970792e+00
3.6550e+02   2.23769624e+00
3.6560e+02   2.23568592e+00
3.6570e+02   2.23367680e+00
3.6580e+02   2.23166902e+00
3.6590e+02   2.22966251e+00
3.6600e+02   2.22765725e+00
3.6610e+02   2.22565334e+00
3.6620e+02   2.22365064e+00
3.6630e+02   2.22164929e+00
3.6640e+02   2.21964919e+00
3.6650e+02   2.21765037e+00
3.6660e+02   2.21565288e+00
3.6670e+02   2.21365661e+00
3.6680e+02   2.21166171e+00
3.6690e+02   2.20966802e+00
3.6700e+02   2.20767567e+00
3.6710e+02   2.20568460e+00
3.6720e+02   2.20369478e+00
3.6730e+02   2.20170632e+00
3.6740e+02   2.19971906e+00
3.6750e+02   2.19773317e+00
3.6760e+02   2.19574851e+00
3.6770e+02   2.19376516e+00
3.6780e+02   2.19178312e+00
3.6790e+02   2.18980231e+00
3.6800e+02   2.18782287e+00
3.6810e+02   2.18584463e+00
3.6820e+02   2.18386773e+00
3.6830e+02   2.18189211e+00
3.6840e+02   2.17991774e+00
3.6850e+02   2.17794472e+00
3.6860e+02   2.17597291e+00
3.6870e+02   2.17400246e+00
3.6880e+02   2.17203323e+00
3.6890e+02   2.17006532e+00
3.6900e+02   2.16809870e+00
3.6910e+02   2.16613331e+00
3.6920e+02   2.16416929e+00
3.6930e+02   2.16220647e+00
3.6940e+02   2.16024499e+00
3.6950e+02   2.15828476e+00
3.6960e+02   2.15632581e+00
3.6970e+02   2.15436818e+00
3.6980e+02   2.15241176e+00
3.6990e+02   2.15045671e+00
3.7000e+02   2.14850287e+00
3.7010e+02   2.14655034e+00
3.7020e+02   2.14459910e+00
3.7030e+02   2.14264909e+00
3.7040e+02   2.14070044e+00
3.7050e+02   2.13875299e+00
3.7060e+02   2.13680688e+00
3.7070e+02   2.13486202e+00
3.7080e+02   2.13291843e+00
3.7090e+02   2.13097618e+00
3.7100e+02   2.12903512e+00
3.7110e+02   2.12709544e+00
3.7120e+02   2.12515696e+00
3.7130e+02   2.12321980e+00
3.7140e+02   2.12128393e+00
3.7150e+02   2.11934930e+00
3.7160e+02   2.11741603e+00
3.7170e+02   2.11548395e+00
3.7180e+02   2.11355324e+00
3.7190e+02   2.11162377e+00
3.7200e+02   2.10969558e+00
3.7210e+02   2.10776873e+00
3.7220e+02   2.10584309e+00
3.7230e+02   2.10391882e+00
3.7240e+02   2.10199577e+00
3.7250e+02   2.10007406e+00
3.7260e+02   2.09815364e+00
3.7270e+02   2.09623448e+00
3.7280e+02   2.09431668e+00
3.7290e+02   2.09240010e+00
3.7300e+02   2.09048490e+00
3.7310e+02   2.08857094e+00
3.7320e+02   2.08665830e+00
3.7330e+02   2.08474700e+00
3.7340e+02   2.08283694e+00
3.7350e+02   2.08092827e+00
3.7360e+02   2.07902084e+00
3.7370e+02   2.07711477e+00
3.7380e+02   2.07521001e+00
3.7390e+02   2.07330653e+00
3.7400e+02   2.07140444e+00
3.7410e+02   2.06950360e+00
3.7420e+02   2.06760415e+00
3.7430e+02   2.06570598e+00
3.7440e+02   2.06380917e+00
3.7450e+02   2.06191371e+00
3.7460e+02   2.06001952e+00
3.7470e+02   2.05812676e+00
3.7480e+02   2.05623527e+00
3.7490e+02   2.05434518e+00
3.7500e+02   2.05245641e+00
3.7510e+02   2.05056898e+00
3.7520e+02   2.04868297e+00
3.7530e+02   2.04679824e+00
3.7540e+02   2.04491495e+00
3.7550e+02   2.04303297e+00
3.7560e+02   2.04115238e+00
3.7570e+02   2.03927319e+00
3.7580e+02   2.03739532e+00
3.7590e+02   2.03551891e+00
3.7600e+02   2.03364381e+00
3.7610e+02   2.03177016e+00
3.7620e+02   2.02989788e+00
3.7630e+02   2.02802698e+00
3.7640e+02   2.02615754e+00
3.7650e+02   2.02428943e+00
3.7660e+02   2.02242282e+00
3.7670e+02   2.02055755e+00
3.7680e+02   2.01869373e+00
3.7690e+02   2.01683135e+00
3.7700e+02   2.01497035e+00
3.7710e+02   2.01311086e+00
3.7720e+02   2.01125273e+00
3.7730e+02   2.00939610e+00
3.7740e+02   2.00754089e+00
3.7750e+02   2.00568712e+00
3.7760e+02   2.00383486e+00
3.7770e+02   2.00198398e+00
3.7780e+02   2.00013465e+00
3.7790e+02   1.99828672e+00
3.7800e+02   1.99644031e+00
3.7810e+02   1.99459538e+00
3.7820e+02   1.99275189e+00
3.7830e+02   1.99090997e+00
3.7840e+02   1.98906945e+00
3.7850e+02   1.98723051e+00
3.7860e+02   1.98539303e+00
3.7870e+02   1.98355706e+00
3.7880e+02   1.98172264e+00
3.7890e+02   1.97988968e+00
3.7900e+02   1.97805832e+00
3.7910e+02   1.97622841e+00
3.7920e+02   1.97440009e+00
3.7930e+02   1.97257329e+00
3.7940e+02   1.97074801e+00
3.7950e+02   1.96892434e+00
3.7960e+02   1.96710214e+00
3.7970e+02   1.96528158e+00
3.7980e+02   1.96346253e+00
3.7990e+02   1.96164506e+00
3.8000e+02   1.95982919e+00
3.8010e+02   1.95801483e+00
3.8020e+02   1.95620214e+00
3.8030e+02   1.95439096e+00
3.8040e+02   1.95258142e+00
3.8050e+02   1.95077346e+00
3.8060e+02   1.94896708e+00
3.8070e+02   1.94716236e+00
3.8080e+02   1.94535917e+00
3.8090e+02   1.94355767e+00
3.8100e+02   1.94175774e+00
3.8110e+02   1.93995945e+00
3.8120e+02   1.93816280e+00
3.8130e+02   1.93636773e+00
3.8140e+02   1.93457438e+00
3.8150e+02   1.93278258e+00
3.8160e+02   1.93099249e+00
3.8170e+02   1.92920403e+00
3.8180e+02   1.92741719e+00
3.8190e+02   1.92563207e+00
3.8200e+02   1.92384853e+00
3.8210e+02   1.92206674e+00
3.8220e+02   1.92028655e+00
3.8230e+02   1.91850806e+00
3.8240e+02   1.91673125e+00
3.8250e+02   1.91495608e+00
3.8260e+02   1.91318266e+00
3.8270e+02   1.91141085e+00
3.8280e+02   1.90964079e+00
3.8290e+02   1.90787239e+00
3.8300e+02   1.90610567e+00
3.8310e+02   1.90434070e+00
3.8320e+02   1.90257736e+00
3.8330e+02   1.90081581e+00
3.8340e+02   1.89905589e+00
3.8350e+02   1.89729772e+00
3.8360e+02   1.89554127e+00
3.8370e+02   1.89378648e+00
3.8380e+02   1.89203349e+00
3.8390e+02   1.89028214e+00
3.8400e+02   1.88853257e+00
3.8410e+02   1.88678470e+00
3.8420e+02   1.88503854e+00
3.8430e+02   1.88329416e+00
3.8440e+02   1.88155144e+00
3.8450e+02   1.87981054e+00
3.8460e+02   1.87807129e+00
3.8470e+02   1.87633383e+00
3.8480e+02   1.87459810e+00
3.8490e+02   1.87286407e+00
3.8500e+02   1.87113186e+00
3.8510e+02   1.86940130e+00
3.8520e+02   1.86767256e+00
3.8530e+02   1.86594552e+00
3.8540e+02   1.86422023e+00
3.8550e+02   1.86249673e+00
3.8560e+02   1.86077490e+00
3.8570e+02   1.85905491e+00
3.8580e+02   1.85733659e+00
3.8590e+02   1.85562007e+00
3.8600e+02   1.85390529e+00
3.8610e+02   1.85219222e+00
3.8620e+02   1.85048098e+00
3.8630e+02   1.84877140e+00
3.8640e+02   1.84706366e+00
3.8650e+02   1.84535761e+00
3.8660e+02   1.84365333e+00
3.8670e+02   1.84195082e+00
3.8680e+02   1.84025001e+00
3.8690e+02   1.83855103e+00
3.8700e+02   1.83685372e+00
3.8710e+02   1.83515821e+00
3.8720e+02   1.83346444e+00
3.8730e+02   1.83177239e+00
3.8740e+02   1.83008214e+00
3.8750e+02   1.82839357e+00
3.8760e+02   1.82670682e+00
3.8770e+02   1.82502175e+00
3.8780e+02   1.82333845e+00
3.8790e+02   1.82165691e+00
3.8800e+02   1.81997706e+00
3.8810e+02   1.81829902e+00
3.8820e+02   1.81662265e+00
3.8830e+02   1.81494806e+00
3.8840e+02   1.81327519e+00
3.8850e+02   1.81160403e+00
3.8860e+02   1.80993465e+00
3.8870e+02   1.80826693e+00
3.8880e+02   1.80660101e+00
3.8890e+02   1.80493675e+00
3.8900e+02   1.80327425e+00
3.8910e+02   1.80161347e+00
3.8920e+02   1.79995436e+00
3.8930e+02   1.79829704e+00
3.8940e+02   1.79664134e+00
3.8950e+02   1.79498742e+00
3.8960e+02   1.79333517e+00
3.8970e+02   1.79168462e+00
3.8980e+02   1.79003581e+00
3.8990e+02   1.78838862e+00
3.9000e+02   1.78674320e+00
3.9010e+02   1.78509940e+00
3.9020e+02   1.78345733e+00
3.9030e+02   1.78181694e+00
3.9040e+02   1.78017818e+00
3.9050e+02   1.77854117e+00
3.9060e+02   1.77690575e+00
3.9070e+02   1.77527206e+00
3.9080e+02   1.77364000e+00
3.9090e+02   1.77200959e+00
3.9100e+02   1.77038087e+00
3.9110e+02   1.76875374e+00
3.9120e+02   1.76712833e+00
3.9130e+02   1.76550448e+00
3.9140e+02   1.76388232e+00
3.9150e+02   1.76226178e+00
3.9160e+02   1.76064283e+00
3.9170e+02   1.75902557e+00
3.9180e+02   1.75740984e+00
3.9190e+02   1.75579579e+00
3.9200e+02   1.75418331e+00
3.9210e+02   1.75257243e+00
3.9220e+02   1.75096318e+00
3.9230e+02   1.74935546e+00
3.9240e+02   1.74774940e+00
3.9250e+02   1.74614484e+00
3.9260e+02   1.74454191e+00
3.9270e+02   1.74294053e+00
3.9280e+02   1.74134069e+00
3.9290e+02   1.73974246e+00
3.9300e+02   1.73814570e+00
3.9310e+02   1.73655057e+00
3.9320e+02   1.73495692e+00
3.9330e+02   1.73336482e+00
3.9340e+02   1.73177426e+00
3.9350e+02   1.73018517e+00
3.9360e+02   1.72859768e+00
3.9370e+02   1.72701161e+00
3.9380e+02   1.72542710e+00
3.9390e+02   1.72384406e+00
3.9400e+02   1.72226249e+00
3.9410e+02   1.72068246e+00
3.9420e+02   1.71910383e+00
3.9430e+02   1.71752675e+00
3.9440e+02   1.71595107e+00
3.9450e+02   1.71437687e+00
3.9460e+02   1.71280414e+00
3.9470e+02   1.71123280e+00
3.9480e+02   1.70966297e+00
3.9490e+02   1.70809449e+00
3.9500e+02   1.70652749e+00
3.9510e+02   1.70496189e+00
3.9520e+02   1.70339768e+00
3.9530e+02   1.70183492e+00
3.9540e+02   1.70027348e+00
3.9550e+02   1.69871352e+00
3.9560e+02   1.69715487e+00
3.9570e+02   1.69559763e+00
3.9580e+02   1.69404177e+00
3.9590e+02   1.69248723e+00
3.9600e+02   1.69093411e+00
3.9610e+02   1.68938226e+00
3.9620e+02   1.68783182e+00
3.9630e+02   1.68628268e+00
3.9640e+02   1.68473487e+00
3.9650e+02   1.68318842e+00
3.9660e+02   1.68164321e+00
3.9670e+02   1.68009940e+00
3.9680e+02   1.67855681e+00
3.9690e+02   1.67701556e+00
3.9700e+02   1.67547560e+00
3.9710e+02   1.67393689e+00
3.9720e+02   1.67239951e+00
3.9730e+02   1.67086333e+00
3.9740e+02   1.66932848e+00
3.9750e+02   1.66779484e+00
3.9760e+02   1.66626246e+00
3.9770e+02   1.66473135e+00
3.9780e+02   1.66320142e+00
3.9790e+02   1.66167279e+00
3.9800e+02   1.66014532e+00
3.9810e+02   1.65861911e+00
3.9820e+02   1.65709410e+00
3.9830e+02   1.65557027e+00
3.9840e+02   1.65404770e+00
3.9850e+02   1.65252625e+00
3.9860e+02   1.65100605e+00
3.9870e+02   1.64948699e+00
3.9880e+02   1.64796911e+00
3.9890e+02   1.64645244e+00
3.9900e+02   1.64493686e+00
3.9910e+02   1.64342252e+00
3.9920e+02   1.64190926e+00
3.9930e+02   1.64039719e+00
3.9940e+02   1.63888625e+00
3.9950e+02   1.63737642e+00
3.9960e+02   1.63586778e+00
3.9970e+02   1.63436019e+00
3.9980e+02   1.63285379e+00
3.9990e+02   1.63134844e+00
4.0000e+02   1.62984423e+00
4.0010e+02   1.62834114e+00
4.0020e+02   1.62683908e+00
4.0030e+02   1.62533820e+00
4.0040e+02   1.62383833e+00
4.0050e+02   1.62233960e+00
4.0060e+02   1.62084192e+00
4.0070e+02   1.61934529e+00
4.0080e+02   1.61784979e+00
4.0090e+02   1.61635527e+00
4.0100e+02   1.61486189e+00
4.0110e+02   1.61336950e+00
4.0120e+02   1.61187818e+00
4.0130e+02   1.61038793e+00
4.0140e+02   1.60889866e+00
4.0150e+02   1.60741049e+00
4.0160e+02   1.60592328e+00
4.0170e+02   1.60443716e+00
4.0180e+02   1.60295203e+00
4.0190e+02   1.60146791e+00
4.0200e+02   1.59998484e+00
4.0210e+02   1.59850272e+00
4.0220e+02   1.59702167e+00
4.0230e+02   1.59554156e+00
4.0240e+02   1.59406248e+00
4.0250e+02   1.59258440e+00
4.0260e+02   1.59110726e+00
4.0270e+02   1.58963118e+00
4.0280e+02   1.58815600e+00
4.0290e+02   1.58668186e+00
4.0300e+02   1.58520866e+00
4.0310e+02   1.58373643e+00
4.0320e+02   1.58226520e+00
4.0330e+02   1.58079486e+00
4.0340e+02   1.57932556e+00
4.0350e+02   1.57785715e+00
4.0360e+02   1.57638973e+00
4.0370e+02   1.57492326e+00
4.0380e+02   1.57345769e+00
4.0390e+02   1.57199313e+00
4.0400e+02   1.57052943e+00
4.0410e+02   1.56906674e+00
4.0420e+02   1.56760493e+00
4.0430e+02   1.56614406e+00
4.0440e+02   1.56468415e+00
4.0450e+02   1.56322509e+00
4.0460e+02   1.56176703e+00
4.0470e+02   1.56030981e+00
4.0480e+02   1.55885356e+00
4.0490e+02   1.55739820e+00
4.0500e+02   1.55594372e+00
4.0510e+02   1.55449021e+00
4.0520e+02   1.55303752e+00
4.0530e+02   1.55158581e+00
4.0540e+02   1.55013493e+00
4.0550e+02   1.54868497e+00
4.0560e+02   1.54723592e+00
4.0570e+02   1.54578770e+00
4.0580e+02   1.54434044e+00
4.0590e+02   1.54289399e+00
4.0600e+02   1.54144847e+00
4.0610e+02   1.54000381e+00
4.0620e+02   1.53856000e+00
4.0630e+02   1.53711713e+00
4.0640e+02   1.53567504e+00
4.0650e+02   1.53423390e+00
4.0660e+02   1.53279357e+00
4.0670e+02   1.53135412e+00
4.0680e+02   1.52991555e+00
4.0690e+02   1.52847778e+00
4.0700e+02   1.52704095e+00
4.0710e+02   1.52560489e+00
4.0720e+02   1.52416974e+00
4.0730e+02   1.52273542e+00
4.0740e+02   1.52130192e+00
4.0750e+02   1.51986933e+00
4.0760e+02   1.51843750e+00
4.0770e+02   1.51700659e+00
4.0780e+02   1.51557646e+00
4.0790e+02   1.51414719e+00
4.0800e+02   1.51271877e+00
4.0810e+02   1.51129114e+00
4.0820e+02   1.50986441e+00
4.0830e+02   1.50843842e+00
4.0840e+02   1.50701333e+00
4.0850e+02   1.50558904e+00
4.0860e+02   1.50416556e+00
4.0870e+02   1.50274294e+00
4.0880e+02   1.50132108e+00
4.0890e+02   1.49990011e+00
4.0900e+02   1.49847989e+00
4.0910e+02   1.49706053e+00
4.0920e+02   1.49564198e+00
4.0930e+02   1.49422420e+00
4.0940e+02   1.49280730e+00
4.0950e+02   1.49139113e+00
4.0960e+02   1.48997584e+00
4.0970e+02   1.48856131e+00
4.0980e+02   1.48714759e+00
4.0990e+02   1.48573471e+00
4.1000e+02   1.48432256e+00
4.1010e+02   1.48291129e+00
4.1020e+02   1.48150075e+00
4.1030e+02   1.48009105e+00
4.1040e+02   1.47868215e+00
4.1050e+02   1.47727400e+00
4.1060e+02   1.47586671e+00
4.1070e+02   1.47446014e+00
4.1080e+02   1.47305443e+00
4.1090e+02   1.47164946e+00
4.1100e+02   1.47024529e+00
4.1110e+02   1.46884194e+00
4.1120e+02   1.46743931e+00
4.1130e+02   1.46603755e+00
4.1140e+02   1.46463650e+00
4.1150e+02   1.46323628e+00
4.1160e+02   1.46183683e+00
4.1170e+02   1.46043813e+00
4.1180e+02   1.45904028e+00
4.1190e+02   1.45764312e+00
4.1200e+02   1.45624682e+00
4.1210e+02   1.45485125e+00
4.1220e+02   1.45345647e+00
4.1230e+02   1.45206248e+00
4.1240e+02   1.45066922e+00
4.1250e+02   1.44927680e+00
4.1260e+02   1.44788508e+00
4.1270e+02   1.44649419e+00
4.1280e+02   1.44510405e+00
4.1290e+02   1.44371466e+00
4.1300e+02   1.44232609e+00
4.1310e+02   1.44093822e+00
4.1320e+02   1.43955119e+00
4.1330e+02   1.43816487e+00
4.1340e+02   1.43677934e+00
4.1350e+02   1.43539459e+00
4.1360e+02   1.43401056e+00
4.1370e+02   1.43262736e+00
4.1380e+02   1.43124485e+00
4.1390e+02   1.42986316e+00
4.1400e+02   1.42848221e+00
4.1410e+02   1.42710200e+00
4.1420e+02   1.42572261e+00
4.1430e+02   1.42434390e+00
4.1440e+02   1.42296603e+00
4.1450e+02   1.42158885e+00
4.1460e+02   1.42021247e+00
4.1470e+02   1.41883685e+00
4.1480e+02   1.41746194e+00
4.1490e+02   1.41608785e+00
4.1500e+02   1.41471445e+00
4.1510e+02   1.41334186e+00
4.1520e+02   1.41196999e+00
4.1530e+02   1.41059887e+00
4.1540e+02   1.40922855e+00
4.1550e+02   1.40785891e+00
4.1560e+02   1.40649010e+00
4.1570e+02   1.40512197e+00
4.1580e+02   1.40375463e+00
4.1590e+02   1.40238804e+00
4.1600e+02   1.40102216e+00
4.1610e+02   1.39965710e+00
4.1620e+02   1.39829271e+00
4.1630e+02   1.39692913e+00
4.1640e+02   1.39556626e+00
4.1650e+02   1.39420414e+00
4.1660e+02   1.39284280e+00
4.1670e+02   1.39148214e+00
4.1680e+02   1.39012231e+00
4.1690e+02   1.38876315e+00
4.1700e+02   1.38740477e+00
4.1710e+02   1.38604714e+00
4.1720e+02   1.38469021e+00
4.1730e+02   1.38333409e+00
4.1740e+02   1.38197864e+00
4.1750e+02   1.38062400e+00
4.1760e+02   1.37927005e+00
4.1770e+02   1.37791686e+00
4.1780e+02   1.37656443e+00
4.1790e+02   1.37521269e+00
4.1800e+02   1.37386176e+00
4.1810e+02   1.37251150e+00
4.1820e+02   1.37116203e+00
4.1830e+02   1.36981329e+00
4.1840e+02   1.36846526e+00
4.1850e+02   1.36711802e+00
4.1860e+02   1.36577145e+00
4.1870e+02   1.36442569e+00
4.1880e+02   1.36308062e+00
4.1890e+02   1.36173631e+00
4.1900e+02   1.36039275e+00
4.1910e+02   1.35904988e+00
4.1920e+02   1.35770782e+00
4.1930e+02   1.35636642e+00
4.1940e+02   1.35502582e+00
4.1950e+02   1.35368594e+00
4.1960e+02   1.35234677e+00
4.1970e+02   1.35100840e+00
4.1980e+02   1.34967069e+00
4.1990e+02   1.34833379e+00
4.2000e+02   1.34699758e+00
4.2010e+02   1.34566213e+00
4.2020e+02   1.34432744e+00
4.2030e+02   1.34299343e+00
4.2040e+02   1.34166024e+00
4.2050e+02   1.34032771e+00
4.2060e+02   1.33899599e+00
4.2070e+02   1.33766497e+00
4.2080e+02   1.33633469e+00
4.2090e+02   1.33500519e+00
4.2100e+02   1.33367637e+00
4.2110e+02   1.33234837e+00
4.2120e+02   1.33102104e+00
4.2130e+02   1.32969450e+00
4.2140e+02   1.32836871e+00
4.2150e+02   1.32704362e+00
4.2160e+02   1.32571934e+00
4.2170e+02   1.32439573e+00
4.2180e+02   1.32307294e+00
4.2190e+02   1.32175086e+00
4.2200e+02   1.32042953e+00
4.2210e+02   1.31910898e+00
4.2220e+02   1.31778912e+00
4.2230e+02   1.31647009e+00
4.2240e+02   1.31515175e+00
4.2250e+02   1.31383420e+00
4.2260e+02   1.31251740e+00
4.2270e+02   1.31120133e+00
4.2280e+02   1.30988607e+00
4.2290e+02   1.30857150e+00
4.2300e+02   1.30725775e+00
4.2310e+02   1.30594473e+00
4.2320e+02   1.30463247e+00
4.2330e+02   1.30332100e+00
4.2340e+02   1.30201024e+00
4.2350e+02   1.30070032e+00
4.2360e+02   1.29939109e+00
4.2370e+02   1.29808268e+00
4.2380e+02   1.29677503e+00
4.2390e+02   1.29546812e+00
4.2400e+02   1.29416204e+00
4.2410e+02   1.29285666e+00
4.2420e+02   1.29155212e+00
4.2430e+02   1.29024832e+00
4.2440e+02   1.28894530e+00
4.2450e+02   1.28764308e+00
4.2460e+02   1.28634159e+00
4.2470e+02   1.28504096e+00
4.2480e+02   1.28374103e+00
4.2490e+02   1.28244194e+00
4.2500e+02   1.28114362e+00
4.2510e+02   1.27984606e+00
4.2520e+02   1.27854935e+00
4.2530e+02   1.27725335e+00
4.2540e+02   1.27595822e+00
4.2550e+02   1.27466383e+00
4.2560e+02   1.27337025e+00
4.2570e+02   1.27207748e+00
4.2580e+02   1.27078546e+00
4.2590e+02   1.26949431e+00
4.2600e+02   1.26820389e+00
4.2610e+02   1.26691432e+00
4.2620e+02   1.26562553e+00
4.2630e+02   1.26433753e+00
4.2640e+02   1.26305038e+00
4.2650e+02   1.26176397e+00
4.2660e+02   1.26047845e+00
4.2670e+02   1.25919367e+00
4.2680e+02   1.25790973e+00
4.2690e+02   1.25662661e+00
4.2700e+02   1.25534427e+00
4.2710e+02   1.25406280e+00
4.2720e+02   1.25278208e+00
4.2730e+02   1.25150223e+00
4.2740e+02   1.25022317e+00
4.2750e+02   1.24894493e+00
4.2760e+02   1.24766754e+00
4.2770e+02   1.24639091e+00
4.2780e+02   1.24511518e+00
4.2790e+02   1.24384022e+00
4.2800e+02   1.24256611e+00
4.2810e+02   1.24129283e+00
4.2820e+02   1.24002034e+00
4.2830e+02   1.23874874e+00
4.2840e+02   1.23747790e+00
4.2850e+02   1.23620796e+00
4.2860e+02   1.23493881e+00
4.2870e+02   1.23367049e+00
4.2880e+02   1.23240305e+00
4.2890e+02   1.23113637e+00
4.2900e+02   1.22987061e+00
4.2910e+02   1.22860562e+00
4.2920e+02   1.22734151e+00
4.2930e+02   1.22607823e+00
4.2940e+02   1.22481577e+00
4.2950e+02   1.22355420e+00
4.2960e+02   1.22229340e+00
4.2970e+02   1.22103352e+00
4.2980e+02   1.21977444e+00
4.2990e+02   1.21851621e+00
4.3000e+02   1.21725886e+00
4.3010e+02   1.21600229e+00
4.3020e+02   1.21474665e+00
4.3030e+02   1.21349179e+00
4.3040e+02   1.21223783e+00
4.3050e+02   1.21098471e+00
4.3060e+02   1.20973241e+00
4.3070e+02   1.20848103e+00
4.3080e+02   1.20723043e+00
4.3090e+02   1.20598076e+00
4.3100e+02   1.20473189e+00
4.3110e+02   1.20348390e+00
4.3120e+02   1.20223679e+00
4.3130e+02   1.20099049e+00
4.3140e+02   1.19974512e+00
4.3150e+02   1.19850055e+00
4.3160e+02   1.19725689e+00
4.3170e+02   1.19601408e+00
4.3180e+02   1.19477212e+00
4.3190e+02   1.19353107e+00
4.3200e+02   1.19229083e+00
4.3210e+02   1.19105153e+00
4.3220e+02   1.18981305e+00
4.3230e+02   1.18857547e+00
4.3240e+02   1.18733877e+00
4.3250e+02   1.18610291e+00
4.3260e+02   1.18486799e+00
4.3270e+02   1.18363388e+00
4.3280e+02   1.18240071e+00
4.3290e+02   1.18116840e+00
4.3300e+02   1.17993696e+00
4.3310e+02   1.17870646e+00
4.3320e+02   1.17747677e+00
4.3330e+02   1.17624805e+00
4.3340e+02   1.17502016e+00
4.3350e+02   1.17379320e+00
4.3360e+02   1.17256714e+00
4.3370e+02   1.17134193e+00
4.3380e+02   1.17011769e+00
4.3390e+02   1.16889428e+00
4.3400e+02   1.16767184e+00
4.3410e+02   1.16645027e+00
4.3420e+02   1.16522960e+00
4.3430e+02   1.16400988e+00
4.3440e+02   1.16279102e+00
4.3450e+02   1.16157313e+00
4.3460e+02   1.16035611e+00
4.3470e+02   1.15914004e+00
4.3480e+02   1.15792489e+00
4.3490e+02   1.15671063e+00
4.3500e+02   1.15549736e+00
4.3510e+02   1.15428494e+00
4.3520e+02   1.15307353e+00
4.3530e+02   1.15186300e+00
4.3540e+02   1.15065342e+00
4.3550e+02   1.14944481e+00
4.3560e+02   1.14823708e+00
4.3570e+02   1.14703036e+00
4.3580e+02   1.14582453e+00
4.3590e+02   1.14461969e+00
4.3600e+02   1.14341580e+00
4.3610e+02   1.14221283e+00
4.3620e+02   1.14101087e+00
4.3630e+02   1.13980980e+00
4.3640e+02   1.13860977e+00
4.3650e+02   1.13741065e+00
4.3660e+02   1.13621252e+00
4.3670e+02   1.13501538e+00
4.3680e+02   1.13381916e+00
4.3690e+02   1.13262398e+00
4.3700e+02   1.13142972e+00
4.3710e+02   1.13023649e+00
4.3720e+02   1.12904422e+00
4.3730e+02   1.12785293e+00
4.3740e+02   1.12666267e+00
4.3750e+02   1.12547334e+00
4.3760e+02   1.12428507e+00
4.3770e+02   1.12309775e+00
4.3780e+02   1.12191145e+00
4.3790e+02   1.12072617e+00
4.3800e+02   1.11954184e+00
4.3810e+02   1.11835860e+00
4.3820e+02   1.11717629e+00
4.3830e+02   1.11599505e+00
4.3840e+02   1.11481480e+00
4.3850e+02   1.11363556e+00
4.3860e+02   1.11245738e+00
4.3870e+02   1.11128016e+00
4.3880e+02   1.11010404e+00
4.3890e+02   1.10892888e+00
4.3900e+02   1.10775479e+00
4.3910e+02   1.10658173e+00
4.3920e+02   1.10540967e+00
4.3930e+02   1.10423871e+00
4.3940e+02   1.10306871e+00
4.3950e+02   1.10189981e+00
4.3960e+02   1.10073193e+00
4.3970e+02   1.09956508e+00
4.3980e+02   1.09839932e+00
4.3990e+02   1.09723454e+00
4.4000e+02   1.09607089e+00
4.4010e+02   1.09490823e+00
4.4020e+02   1.09374665e+00
4.4030e+02   1.09258613e+00
4.4040e+02   1.09142662e+00
4.4050e+02   1.09026824e+00
4.4060e+02   1.08911084e+00
4.4070e+02   1.08795457e+00
4.4080e+02   1.08679932e+00
4.4090e+02   1.08564514e+00
4.4100e+02   1.08449206e+00
4.4110e+02   1.08333997e+00
4.4120e+02   1.08218903e+00
4.4130e+02   1.08103909e+00
4.4140e+02   1.07989026e+00
4.4150e+02   1.07874250e+00
4.4160e+02   1.07759577e+00
4.4170e+02   1.07645017e+00
4.4180e+02   1.07530557e+00
4.4190e+02   1.07416211e+00
4.4200e+02   1.07301969e+00
4.4210e+02   1.07187834e+00
4.4220e+02   1.07073809e+00
4.4230e+02   1.06959887e+00
4.4240e+02   1.06846079e+00
4.4250e+02   1.06732372e+00
4.4260e+02   1.06618777e+00
4.4270e+02   1.06505288e+00
4.4280e+02   1.06391905e+00
4.4290e+02   1.06278635e+00
4.4300e+02   1.06165465e+00
4.4310e+02   1.06052410e+00
4.4320e+02   1.05939458e+00
4.4330e+02   1.05826615e+00
4.4340e+02   1.05713883e+00
4.4350e+02   1.05601252e+00
4.4360e+02   1.05488737e+00
4.4370e+02   1.05376322e+00
4.4380e+02   1.05264020e+00
4.4390e+02   1.05151824e+00
4.4400e+02   1.05039734e+00
4.4410e+02   1.04927756e+00
4.4420e+02   1.04815880e+00
4.4430e+02   1.04704117e+00
4.4440e+02   1.04592458e+00
4.4450e+02   1.04480908e+00
4.4460e+02   1.04369467e+00
4.4470e+02   1.04258129e+00
4.4480e+02   1.04146906e+00
4.4490e+02   1.04035783e+00
4.4500e+02   1.03924773e+00
4.4510e+02   1.03813868e+00
4.4520e+02   1.03703069e+00
4.4530e+02   1.03592382e+00
4.4540e+02   1.03481796e+00
4.4550e+02   1.03371324e+00
4.4560e+02   1.03260954e+00
4.4570e+02   1.03150694e+00
4.4580e+02   1.03040543e+00
4.4590e+02   1.02930494e+00
4.4600e+02   1.02820559e+00
4.4610e+02   1.02710724e+00
4.4620e+02   1.02601003e+00
4.4630e+02   1.02491385e+00
4.4640e+02   1.02381874e+00
4.4650e+02   1.02272474e+00
4.4660e+02   1.02163175e+00
4.4670e+02   1.02053991e+00
4.4680e+02   1.01944907e+00
4.4690e+02   1.01835934e+00
4.4700e+02   1.01727068e+00
4.4710e+02   1.01618305e+00
4.4720e+02   1.01509656e+00
4.4730e+02   1.01401107e+00
4.4740e+02   1.01292671e+00
4.4750e+02   1.01184339e+00
4.4760e+02   1.01076113e+00
4.4770e+02   1.00967999e+00
4.4780e+02   1.00859985e+00
4.4790e+02   1.00752086e+00
4.4800e+02   1.00644287e+00
4.4810e+02   1.00536600e+00
4.4820e+02   1.00429019e+00
4.4830e+02   1.00321543e+00
4.4840e+02   1.00214179e+00
4.4850e+02   1.00106916e+00
4.4860e+02   9.99997660e-01
4.4870e+02   9.98927196e-01
4.4880e+02   9.97857813e-01
4.4890e+02   9.96789531e-01
4.4900e+02   9.95722267e-01
4.4910e+02   9.94656149e-01
4.4920e+02   9.93591038e-01
4.4930e+02   9.92527048e-01
4.4940e+02   9.91464122e-01
4.4950e+02   9.90402247e-01
4.4960e+02   9.89341503e-01
4.4970e+02   9.88281766e-01
4.4980e+02   9.87223174e-01
4.4990e+02   9.86165612e-01
4.5000e+02   9.85109143e-01
4.5010e+02   9.84053773e-01
4.5020e+02   9.82999431e-01
4.5030e+02   9.81946237e-01
4.5040e+02   9.80894055e-01
4.5050e+02   9.79843002e-01
4.5060e+02   9.78793012e-01
4.5070e+02   9.77744084e-01
4.5080e+02   9.76696287e-01
4.5090e+02   9.75649504e-01
4.5100e+02   9.74603872e-01
4.5110e+02   9.73559269e-01
4.5120e+02   9.72515771e-01
4.5130e+02   9.71473370e-01
4.5140e+02   9.70432005e-01
4.5150e+02   9.69391790e-01
4.5160e+02   9.68352588e-01
4.5170e+02   9.67314524e-01
4.5180e+02   9.66277519e-01
4.5190e+02   9.65241586e-01
4.5200e+02   9.64206781e-01
4.5210e+02   9.63172993e-01
4.5220e+02   9.62140359e-01
4.5230e+02   9.61108752e-01
4.5240e+02   9.60078256e-01
4.5250e+02   9.59048850e-01
4.5260e+02   9.58020486e-01
4.5270e+02   9.56993268e-01
4.5280e+02   9.55967062e-01
4.5290e+02   9.54941995e-01
4.5300e+02   9.53917978e-01
4.5310e+02   9.52895037e-01
4.5320e+02   9.51873215e-01
4.5330e+02   9.50852409e-01
4.5340e+02   9.49832752e-01
4.5350e+02   9.48814112e-01
4.5360e+02   9.47796583e-01
4.5370e+02   9.46780131e-01
4.5380e+02   9.45764719e-01
4.5390e+02   9.44750441e-01
4.5400e+02   9.43737165e-01
4.5410e+02   9.42725023e-01
4.5420e+02   9.41713913e-01
4.5430e+02   9.40703876e-01
4.5440e+02   9.39694939e-01
4.5450e+02   9.38687009e-01
4.5460e+02   9.37680215e-01
4.5470e+02   9.36674420e-01
4.5480e+02   9.35669728e-01
4.5490e+02   9.34666089e-01
4.5500e+02   9.33663479e-01
4.5510e+02   9.32661984e-01
4.5520e+02   9.31661473e-01
4.5530e+02   9.30662080e-01
4.5540e+02   9.29663695e-01
4.5550e+02   9.28666370e-01
4.5560e+02   9.27670117e-01
4.5570e+02   9.26674855e-01
4.5580e+02   9.25680706e-01
4.5590e+02   9.24687531e-01
4.5600e+02   9.23695441e-01
4.5610e+02   9.22704374e-01
4.5620e+02   9.21714320e-01
4.5630e+02   9.20725350e-01
4.5640e+02   9.19737342e-01
4.5650e+02   9.18750428e-01
4.5660e+02   9.17764492e-01
4.5670e+02   9.16779596e-01
4.5680e+02   9.15795739e-01
4.5690e+02   9.14812851e-01
4.5700e+02   9.13831047e-01
4.5710e+02   9.12850188e-01
4.5720e+02   9.11870392e-01
4.5730e+02   9.10891584e-01
4.5740e+02   9.09913768e-01
4.5750e+02   9.08937003e-01
4.5760e+02   9.07961174e-01
4.5770e+02   9.06986413e-01
4.5780e+02   9.06012597e-01
4.5790e+02   9.05039799e-01
4.5800e+02   9.04068007e-01
4.5810e+02   9.03097160e-01
4.5820e+02   9.02127368e-01
4.5830e+02   9.01158492e-01
4.5840e+02   9.00190656e-01
4.5850e+02   8.99223775e-01
4.5860e+02   8.98257865e-01
4.5870e+02   8.97292975e-01
4.5880e+02   8.96328997e-01
4.5890e+02   8.95366063e-01
4.5900e+02   8.94404044e-01
4.5910e+02   8.93443025e-01
4.5920e+02   8.92482979e-01
4.5930e+02   8.91523861e-01
4.5940e+02   8.90565771e-01
4.5950e+02   8.89608574e-01
4.5960e+02   8.88652398e-01
4.5970e+02   8.87697149e-01
4.5980e+02   8.86742857e-01
4.5990e+02   8.85789557e-01
4.6000e+02   8.84837153e-01
4.6010e+02   8.83885773e-01
4.6020e+02   8.82935285e-01
4.6030e+02   8.81985784e-01
4.6040e+02   8.81037232e-01
4.6050e+02   8.80089597e-01
4.6060e+02   8.79142968e-01
4.6070e+02   8.78197217e-01
4.6080e+02   8.77252474e-01
4.6090e+02   8.76308637e-01
4.6100e+02   8.75365750e-01
4.6110e+02   8.74423834e-01
4.6120e+02   8.73482804e-01
4.6130e+02   8.72542785e-01
4.6140e+02   8.71603642e-01
4.6150e+02   8.70665480e-01
4.6160e+02   8.69728248e-01
4.6170e+02   8.68791928e-01
4.6180e+02   8.67856599e-01
4.6190e+02   8.66922138e-01
4.6200e+02   8.65988678e-01
4.6210e+02   8.65056108e-01
4.6220e+02   8.64124485e-01
4.6230e+02   8.63193819e-01
4.6240e+02   8.62264033e-01
4.6250e+02   8.61335247e-01
4.6260e+02   8.60407326e-01
4.6270e+02   8.59480383e-01
4.6280e+02   8.58554355e-01
4.6290e+02   8.57629236e-01
4.6300e+02   8.56705096e-01
4.6310e+02   8.55781816e-01
4.6320e+02   8.54859530e-01
4.6330e+02   8.53938122e-01
4.6340e+02   8.53017657e-01
4.6350e+02   8.52098134e-01
4.6360e+02   8.51179487e-01
4.6370e+02   8.50261829e-01
4.6380e+02   8.49345026e-01
4.6390e+02   8.48429194e-01
4.6400e+02   8.47514261e-01
4.6410e+02   8.46600234e-01
4.6420e+02   8.45687169e-01
4.6430e+02   8.44774957e-01
4.6440e+02   8.43863728e-01
4.6450e+02   8.42953360e-01
4.6460e+02   8.42043930e-01
4.6470e+02   8.41135422e-01
4.6480e+02   8.40227783e-01
4.6490e+02   8.39321116e-01
4.6500e+02   8.38415289e-01
4.6510e+02   8.37510424e-01
4.6520e+02   8.36606435e-01
4.6530e+02   8.35703343e-01
4.6540e+02   8.34801193e-01
4.6550e+02   8.33899881e-01
4.6560e+02   8.32999536e-01
4.6570e+02   8.32100030e-01
4.6580e+02   8.31201450e-01
4.6590e+02   8.30303767e-01
4.6600e+02   8.29406938e-01
4.6610e+02   8.28511060e-01
4.6620e+02   8.27616000e-01
4.6630e+02   8.26721885e-01
4.6640e+02   8.25828619e-01
4.6650e+02   8.24936235e-01
4.6660e+02   8.24044763e-01
4.6670e+02   8.23154111e-01
4.6680e+02   8.22264402e-01
4.6690e+02   8.21375505e-01
4.6700e+02   8.20487517e-01
4.6710e+02   8.19600392e-01
4.6720e+02   8.18714104e-01
4.6730e+02   8.17828736e-01
4.6740e+02   8.16944162e-01
4.6750e+02   8.16060509e-01
4.6760e+02   8.15177672e-01
4.6770e+02   8.14295698e-01
4.6780e+02   8.13414603e-01
4.6790e+02   8.12534302e-01
4.6800e+02   8.11654917e-01
4.6810e+02   8.10776313e-01
4.6820e+02   8.09898594e-01
4.6830e+02   8.09021704e-01
4.6840e+02   8.08145628e-01
4.6850e+02   8.07270439e-01
4.6860e+02   8.06396014e-01
4.6870e+02   8.05522485e-01
4.6880e+02   8.04649737e-01
4.6890e+02   8.03777829e-01
4.6900e+02   8.02906763e-01
4.6910e+02   8.02036468e-01
4.6920e+02   8.01167056e-01
4.6930e+02   8.00298394e-01
4.6940e+02   7.99430591e-01
4.6950e+02   7.98563582e-01
4.6960e+02   7.97697362e-01
4.6970e+02   7.96831995e-01
4.6980e+02   7.95967366e-01
4.6990e+02   7.95103603e-01
4.7000e+02   7.94240588e-01
4.7010e+02   7.93378389e-01
4.7020e+02   7.92516997e-01
4.7030e+02   7.91656351e-01
4.7040e+02   7.90796557e-01
4.7050e+02   7.89937483e-01
4.7060e+02   7.89079245e-01
4.7070e+02   7.88221765e-01
4.7080e+02   7.87365053e-01
4.7090e+02   7.86509161e-01
4.7100e+02   7.85653981e-01
4.7110e+02   7.84799641e-01
4.7120e+02   7.83946017e-01
4.7130e+02   7.83093190e-01
4.7140e+02   7.82241136e-01
4.7150e+02   7.81389807e-01
4.7160e+02   7.80539302e-01
4.7170e+02   7.79689490e-01
4.7180e+02   7.78840493e-01
4.7190e+02   7.77992223e-01
4.7200e+02   7.77144704e-01
4.7210e+02   7.76297975e-01
4.7220e+02   7.75451938e-01
4.7230e+02   7.74606718e-01
4.7240e+02   7.73762188e-01
4.7250e+02   7.72918437e-01
4.7260e+02   7.72075432e-01
4.7270e+02   7.71233136e-01
4.7280e+02   7.70391640e-01
4.7290e+02   7.69550816e-01
4.7300e+02   7.68710792e-01
4.7310e+02   7.67871468e-01
4.7320e+02   7.67032884e-01
4.7330e+02   7.66195065e-01
4.7340e+02   7.65357924e-01
4.7350e+02   7.64521582e-01
4.7360e+02   7.63685911e-01
4.7370e+02   7.62851009e-01
4.7380e+02   7.62016829e-01
4.7390e+02   7.61183350e-01
4.7400e+02   7.60350653e-01
4.7410e+02   7.59518615e-01
4.7420e+02   7.58687365e-01
4.7430e+02   7.57856799e-01
4.7440e+02   7.57026966e-01
4.7450e+02   7.56197880e-01
4.7460e+02   7.55369465e-01
4.7470e+02   7.54541839e-01
4.7480e+02   7.53714871e-01
4.7490e+02   7.52888667e-01
4.7500e+02   7.52063171e-01
4.7510e+02   7.51238374e-01
4.7520e+02   7.50414346e-01
4.7530e+02   7.49590972e-01
4.7540e+02   7.48768382e-01
4.7550e+02   7.47946463e-01
4.7560e+02   7.47125280e-01
4.7570e+02   7.46304833e-01
4.7580e+02   7.45485057e-01
4.7590e+02   7.44666064e-01
4.7600e+02   7.43847723e-01
4.7610e+02   7.43030150e-01
4.7620e+02   7.42213274e-01
4.7630e+02   7.41397102e-01
4.7640e+02   7.40581694e-01
4.7650e+02   7.39766939e-01
4.7660e+02   7.38952969e-01
4.7670e+02   7.38139667e-01
4.7680e+02   7.37327105e-01
4.7690e+02   7.36515274e-01
4.7700e+02   7.35704119e-01
4.7710e+02   7.34893745e-01
4.7720e+02   7.34084025e-01
4.7730e+02   7.33275077e-01
4.7740e+02   7.32466822e-01
4.7750e+02   7.31659280e-01
4.7760e+02   7.30852497e-01
4.7770e+02   7.30046374e-01
4.7780e+02   7.29241038e-01
4.7790e+02   7.28436368e-01
4.7800e+02   7.27632448e-01
4.7810e+02   7.26829254e-01
4.7820e+02   7.26026745e-01
4.7830e+02   7.25225017e-01
4.7840e+02   7.24423944e-01
4.7850e+02   7.23623650e-01
4.7860e+02   7.22824046e-01
4.7870e+02   7.22025163e-01
4.7880e+02   7.21227038e-01
4.7890e+02   7.20429576e-01
4.7900e+02   7.19632905e-01
4.7910e+02   7.18836898e-01
4.7920e+02   7.18041648e-01
4.7930e+02   7.17247120e-01
4.7940e+02   7.16453283e-01
4.7950e+02   7.15660225e-01
4.7960e+02   7.14867823e-01
4.7970e+02   7.14076204e-01
4.7980e+02   7.13285270e-01
4.7990e+02   7.12495063e-01
4.8000e+02   7.11705607e-01
4.8010e+02   7.10916818e-01
4.8020e+02   7.10128817e-01
4.8030e+02   7.09341476e-01
4.8040e+02   7.08554896e-01
4.8050e+02   7.07769028e-01
4.8060e+02   7.06983855e-01
4.8070e+02   7.06199454e-01
4.8080e+02   7.05415705e-01
4.8090e+02   7.04632738e-01
4.8100e+02   7.03850445e-01
4.8110e+02   7.03068882e-01
4.8120e+02   7.02288057e-01
4.8130e+02   7.01507898e-01
4.8140e+02   7.00728518e-01
4.8150e+02   6.99949790e-01
4.8160e+02   6.99171819e-01
4.8170e+02   6.98394546e-01
4.8180e+02   6.97617966e-01
4.8190e+02   6.96842144e-01
4.8200e+02   6.96066967e-01
4.8210e+02   6.95292563e-01
4.8220e+02   6.94518818e-01
4.8230e+02   6.93745798e-01
4.8240e+02   6.92973499e-01
4.8250e+02   6.92201859e-01
4.8260e+02   6.91430984e-01
4.8270e+02   6.90660747e-01
4.8280e+02   6.89891259e-01
4.8290e+02   6.89122450e-01
4.8300e+02   6.88354325e-01
4.8310e+02   6.87586941e-01
4.8320e+02   6.86820189e-01
4.8330e+02   6.86054197e-01
4.8340e+02   6.85288847e-01
4.8350e+02   6.84524212e-01
4.8360e+02   6.83760276e-01
4.8370e+02   6.82996989e-01
4.8380e+02   6.82234451e-01
4.8390e+02   6.81472533e-01
4.8400e+02   6.80711355e-01
4.8410e+02   6.79950832e-01
4.8420e+02   6.79190986e-01
4.8430e+02   6.78431859e-01
4.8440e+02   6.77673353e-01
4.8450e+02   6.76915592e-01
4.8460e+02   6.76158454e-01
4.8470e+02   6.75402022e-01
4.8480e+02   6.74646269e-01
4.8490e+02   6.73891156e-01
4.8500e+02   6.73136775e-01
4.8510e+02   6.72383000e-01
4.8520e+02   6.71629954e-01
4.8530e+02   6.70877545e-01
4.8540e+02   6.70125808e-01
4.8550e+02   6.69374772e-01
4.8560e+02   6.68624348e-01
4.8570e+02   6.67874658e-01
4.8580e+02   6.67125576e-01
4.8590e+02   6.66377198e-01
4.8600e+02   6.65629481e-01
4.8610e+02   6.64882401e-01
4.8620e+02   6.64136041e-01
4.8630e+02   6.63390280e-01
4.8640e+02   6.62645243e-01
4.8650e+02   6.61900832e-01
4.8660e+02   6.61157093e-01
4.8670e+02   6.60414043e-01
4.8680e+02   6.59671605e-01
4.8690e+02   6.58929896e-01
4.8700e+02   6.58188789e-01
4.8710e+02   6.57448387e-01
4.8720e+02   6.56708638e-01
4.8730e+02   6.55969530e-01
4.8740e+02   6.55231137e-01
4.8750e+02   6.54493342e-01
4.8760e+02   6.53756275e-01
4.8770e+02   6.53019828e-01
4.8780e+02   6.52284060e-01
4.8790e+02   6.51548976e-01
4.8800e+02   6.50814509e-01
4.8810e+02   6.50080773e-01
4.8820e+02   6.49347638e-01
4.8830e+02   6.48615216e-01
4.8840e+02   6.47883444e-01
4.8850e+02   6.47152321e-01
4.8860e+02   6.46421912e-01
4.8870e+02   6.45692107e-01
4.8880e+02   6.44963033e-01
4.8890e+02   6.44234579e-01
4.8900e+02   6.43506814e-01
4.8910e+02   6.42779730e-01
4.8920e+02   6.42053272e-01
4.8930e+02   6.41327544e-01
4.8940e+02   6.40602421e-01
4.8950e+02   6.39878017e-01
4.8960e+02   6.39154259e-01
4.8970e+02   6.38431161e-01
4.8980e+02   6.37708772e-01
4.8990e+02   6.36986992e-01
4.9000e+02   6.36265946e-01
4.9010e+02   6.35545517e-01
4.9020e+02   6.34825783e-01
4.9030e+02   6.34106724e-01
4.9040e+02   6.33388295e-01
4.9050e+02   6.32670594e-01
4.9060e+02   6.31953495e-01
4.9070e+02   6.31237118e-01
4.9080e+02   6.30521378e-01
4.9090e+02   6.29806301e-01
4.9100e+02   6.29091925e-01
4.9110e+02   6.28378157e-01
4.9120e+02   6.27665118e-01
4.9130e+02   6.26952687e-01
4.9140e+02   6.26240951e-01
4.9150e+02   6.25529877e-01
4.9160e+02   6.24819433e-01
4.9170e+02   6.24109705e-01
4.9180e+02   6.23400571e-01
4.9190e+02   6.22692153e-01
4.9200e+02   6.21984358e-01
4.9210e+02   6.21277223e-01
4.9220e+02   6.20570773e-01
4.9230e+02   6.19864923e-01
4.9240e+02   6.19159791e-01
4.9250e+02   6.18455253e-01
4.9260e+02   6.17751403e-01
4.9270e+02   6.17048197e-01
4.9280e+02   6.16345614e-01
4.9290e+02   6.15643730e-01
4.9300e+02   6.14942427e-01
4.9310e+02   6.14241830e-01
4.9320e+02   6.13541837e-01
4.9330e+02   6.12842496e-01
4.9340e+02   6.12143821e-01
4.9350e+02   6.11445735e-01
4.9360e+02   6.10748352e-01
4.9370e+02   6.10051546e-01
4.9380e+02   6.09355419e-01
4.9390e+02   6.08659915e-01
4.9400e+02   6.07965024e-01
4.9410e+02   6.07270815e-01
4.9420e+02   6.06577175e-01
4.9430e+02   6.05884228e-01
4.9440e+02   6.05191866e-01
4.9450e+02   6.04500148e-01
4.9460e+02   6.03809075e-01
4.9470e+02   6.03118583e-01
4.9480e+02   6.02428780e-01
4.9490e+02   6.01739538e-01
4.9500e+02   6.01050967e-01
4.9510e+02   6.00363000e-01
4.9520e+02   5.99675640e-01
4.9530e+02   5.98988945e-01
4.9540e+02   5.98302809e-01
4.9550e+02   5.97617356e-01
4.9560e+02   5.96932473e-01
4.9570e+02   5.96248229e-01
4.9580e+02   5.95564614e-01
4.9590e+02   5.94881574e-01
4.9600e+02   5.94199210e-01
4.9610e+02   5.93517398e-01
4.9620e+02   5.92836252e-01
4.9630e+02   5.92155694e-01
4.9640e+02   5.91475743e-01
4.9650e+02   5.90796443e-01
4.9660e+02   5.90117697e-01
4.9670e+02   5.89439627e-01
4.9680e+02   5.88762116e-01
4.9690e+02   5.88085244e-01
4.9700e+02   5.87408988e-01
4.9710e+02   5.86733307e-01
4.9720e+02   5.86058293e-01
4.9730e+02   5.85383826e-01
4.9740e+02   5.84710022e-01
4.9750e+02   5.84036798e-01
4.9760e+02   5.83364182e-01
4.9770e+02   5.82692207e-01
4.9780e+02   5.82020786e-01
4.9790e+02   5.81350037e-01
4.9800e+02   5.80679841e-01
4.9810e+02   5.80010287e-01
4.9820e+02   5.79341340e-01
4.9830e+02   5.78672970e-01
4.9840e+02   5.78005263e-01
4.9850e+02   5.77338100e-01
4.9860e+02   5.76671602e-01
4.9870e+02   5.76005676e-01
4.9880e+02   5.75340363e-01
4.9890e+02   5.74675686e-01
4.9900e+02   5.74011564e-01
4.9910e+02   5.73348113e-01
4.9920e+02   5.72685212e-01
4.9930e+02   5.72022957e-01
4.9940e+02   5.71361302e-01
4.9950e+02   5.70700230e-01
4.9960e+02   5.70039817e-01
4.9970e+02   5.69379948e-01
4.9980e+02   5.68720748e-01
4.9990e+02   5.68062115e-01
5.0000e+02   5.67404101e-01
5.0010e+02   5.66746716e-01
5.0020e+02   5.66089892e-01
5.0030e+02   5.65433739e-01
5.0040e+02   5.64778134e-01
5.0050e+02   5.64123180e-01
5.0060e+02   5.63468820e-01
5.0070e+02   5.62815051e-01
5.0080e+02   5.62161937e-01
5.0090e+02   5.61509370e-01
5.0100e+02   5.60857474e-01
5.0110e+02   5.60206141e-01
5.0120e+02   5.59555435e-01
5.0130e+02   5.58905353e-01
5.0140e+02   5.58255836e-01
5.0150e+02   5.57606991e-01
5.0160e+02   5.56958692e-01
5.0170e+02   5.56311051e-01
5.0180e+02   5.55663999e-01
5.0190e+02   5.55017544e-01
5.0200e+02   5.54371741e-01
5.0210e+02   5.53726488e-01
5.0220e+02   5.53081908e-01
5.0230e+02   5.52437889e-01
5.0240e+02   5.51794504e-01
5.0250e+02   5.51151737e-01
5.0260e+02   5.50509543e-01
5.0270e+02   5.49868017e-01
5.0280e+02   5.49227039e-01
5.0290e+02   5.48586723e-01
5.0300e+02   5.47946992e-01
5.0310e+02   5.47307866e-01
5.0320e+02   5.46669387e-01
5.0330e+02   5.46031462e-01
5.0340e+02   5.45394211e-01
5.0350e+02   5.44757518e-01
5.0360e+02   5.44121466e-01
5.0370e+02   5.43486028e-01
5.0380e+02   5.42851168e-01
5.0390e+02   5.42216974e-01
5.0400e+02   5.41583329e-01
5.0410e+02   5.40950351e-01
5.0420e+02   5.40317952e-01
5.0430e+02   5.39686165e-01
5.0440e+02   5.39055021e-01
5.0450e+02   5.38424435e-01
5.0460e+02   5.37794524e-01
5.0470e+02   5.37165168e-01
5.0480e+02   5.36536460e-01
5.0490e+02   5.35908359e-01
5.0500e+02   5.35280843e-01
5.0510e+02   5.34653991e-01
5.0520e+02   5.34027687e-01
5.0530e+02   5.33402054e-01
5.0540e+02   5.32776996e-01
5.0550e+02   5.32152557e-01
5.0560e+02   5.31528755e-01
5.0570e+02   5.30905516e-01
5.0580e+02   5.30282951e-01
5.0590e+02   5.29660939e-01
5.0600e+02   5.29039580e-01
5.0610e+02   5.28418823e-01
5.0620e+02   5.27798656e-01
5.0630e+02   5.27179150e-01
5.0640e+02   5.26560194e-01
5.0650e+02   5.25941911e-01
5.0660e+02   5.25324198e-01
5.0670e+02   5.24707110e-01
5.0680e+02   5.24090654e-01
5.0690e+02   5.23474764e-01
5.0700e+02   5.22859547e-01
5.0710e+02   5.22244882e-01
5.0720e+02   5.21630874e-01
5.0730e+02   5.21017462e-01
5.0740e+02   5.20404646e-01
5.0750e+02   5.19792487e-01
5.0760e+02   5.19180879e-01
5.0770e+02   5.18569944e-01
5.0780e+02   5.17959576e-01
5.0790e+02   5.17349838e-01
5.0800e+02   5.16740726e-01
5.0810e+02   5.16132184e-01
5.0820e+02   5.15524314e-01
5.0830e+02   5.14916993e-01
5.0840e+02   5.14310333e-01
5.0850e+02   5.13704263e-01
5.0860e+02   5.13098794e-01
5.0870e+02   5.12493977e-01
5.0880e+02   5.11889712e-01
5.0890e+02   5.11286122e-01
5.0900e+02   5.10683093e-01
5.0910e+02   5.10080700e-01
5.0920e+02   5.09478926e-01
5.0930e+02   5.08877726e-01
5.0940e+02   5.08277194e-01
5.0950e+02   5.07677211e-01
5.0960e+02   5.07077891e-01
5.0970e+02   5.06479154e-01
5.0980e+02   5.05881025e-01
5.0990e+02   5.05283540e-01
5.1000e+02   5.04686610e-01
5.1010e+02   5.04090353e-01
5.1020e+02   5.03494654e-01
5.1030e+02   5.02899595e-01
5.1040e+02   5.02305147e-01
5.1050e+02   5.01711278e-01
5.1060e+02   5.01118072e-01
5.1070e+02   5.00525414e-01
5.1080e+02   4.99933421e-01
5.1090e+02   4.99342004e-01
5.1100e+02   4.98751200e-01
5.1110e+02   4.98161033e-01
5.1120e+02   4.97571424e-01
5.1130e+02   4.96982486e-01
5.1140e+02   4.96394100e-01
5.1150e+02   4.95806359e-01
5.1160e+02   4.95219221e-01
5.1170e+02   4.94632666e-01
5.1180e+02   4.94046770e-01
5.1190e+02   4.93461419e-01
5.1200e+02   4.92876735e-01
5.1210e+02   4.92292620e-01
5.1220e+02   4.91709121e-01
5.1230e+02   4.91126253e-01
5.1240e+02   4.90543944e-01
5.1250e+02   4.89962304e-01
5.1260e+02   4.89381212e-01
5.1270e+02   4.88800767e-01
5.1280e+02   4.88220917e-01
5.1290e+02   4.87641654e-01
5.1300e+02   4.87063043e-01
5.1310e+02   4.86484978e-01
5.1320e+02   4.85907578e-01
5.1330e+02   4.85330740e-01
5.1340e+02   4.84754524e-01
5.1350e+02   4.84178929e-01
5.1360e+02   4.83603895e-01
5.1370e+02   4.83029526e-01
5.1380e+02   4.82455701e-01
5.1390e+02   4.81882526e-01
5.1400e+02   4.81309936e-01
5.1410e+02   4.80737937e-01
5.1420e+02   4.80166584e-01
5.1430e+02   4.79595774e-01
5.1440e+02   4.79025629e-01
5.1450e+02   4.78456040e-01
5.1460e+02   4.77887075e-01
5.1470e+02   4.77318722e-01
5.1480e+02   4.76750932e-01
5.1490e+02   4.76183803e-01
5.1500e+02   4.75617213e-01
5.1510e+02   4.75051274e-01
5.1520e+02   4.74485912e-01
5.1530e+02   4.73921144e-01
5.1540e+02   4.73357013e-01
5.1550e+02   4.72793425e-01
5.1560e+02   4.72230500e-01
5.1570e+02   4.71668123e-01
5.1580e+02   4.71106373e-01
5.1590e+02   4.70545226e-01
5.1600e+02   4.69984644e-01
5.1610e+02   4.69424715e-01
5.1620e+02   4.68865323e-01
5.1630e+02   4.68306582e-01
5.1640e+02   4.67748409e-01
5.1650e+02   4.67190831e-01
5.1660e+02   4.66633883e-01
5.1670e+02   4.66077477e-01
5.1680e+02   4.65521730e-01
5.1690e+02   4.64966525e-01
5.1700e+02   4.64411948e-01
5.1710e+02   4.63857964e-01
5.1720e+02   4.63304547e-01
5.1730e+02   4.62751776e-01
5.1740e+02   4.62199539e-01
5.1750e+02   4.61647950e-01
5.1760e+02   4.61096921e-01
5.1770e+02   4.60546490e-01
5.1780e+02   4.59996678e-01
5.1790e+02   4.59447409e-01
5.1800e+02   4.58898793e-01
5.1810e+02   4.58350713e-01
5.1820e+02   4.57803261e-01
5.1830e+02   4.57256393e-01
5.1840e+02   4.56710092e-01
5.1850e+02   4.56164431e-01
5.1860e+02   4.55619298e-01
5.1870e+02   4.55074813e-01
5.1880e+02   4.54530878e-01
5.1890e+02   4.53987543e-01
5.1900e+02   4.53444817e-01
5.1910e+02   4.52902632e-01
5.1920e+02   4.52361096e-01
5.1930e+02   4.51820089e-01
5.1940e+02   4.51279710e-01
5.1950e+02   4.50739904e-01
5.1960e+02   4.50200667e-01
5.1970e+02   4.49662060e-01
5.1980e+02   4.49123979e-01
5.1990e+02   4.48586542e-01
5.2000e+02   4.48049646e-01
5.2010e+02   4.47513351e-01
5.2020e+02   4.46977654e-01
5.2030e+02   4.46442499e-01
5.2040e+02   4.45907985e-01
5.2050e+02   4.45373994e-01
5.2060e+02   4.44840631e-01
5.2070e+02   4.44307829e-01
5.2080e+02   4.43775598e-01
5.2090e+02   4.43243987e-01
5.2100e+02   4.42712898e-01
5.2110e+02   4.42182450e-01
5.2120e+02   4.41652534e-01
5.2130e+02   4.41123219e-01
5.2140e+02   4.40594492e-01
5.2150e+02   4.40066305e-01
5.2160e+02   4.39538753e-01
5.2170e+02   4.39011716e-01
5.2180e+02   4.38485306e-01
5.2190e+02   4.37959448e-01
5.2200e+02   4.37434159e-01
5.2210e+02   4.36909481e-01
5.2220e+02   4.36385322e-01
5.2230e+02   4.35861800e-01
5.2240e+02   4.35338800e-01
5.2250e+02   4.34816401e-01
5.2260e+02   4.34294579e-01
5.2270e+02   4.33773296e-01
5.2280e+02   4.33252640e-01
5.2290e+02   4.32732494e-01
5.2300e+02   4.32212972e-01
5.2310e+02   4.31693990e-01
5.2320e+02   4.31175578e-01
5.2330e+02   4.30657767e-01
5.2340e+02   4.30140472e-01
5.2350e+02   4.29623807e-01
5.2360e+02   4.29107657e-01
5.2370e+02   4.28592107e-01
5.2380e+02   4.28077121e-01
5.2390e+02   4.27562675e-01
5.2400e+02   4.27048846e-01
5.2410e+02   4.26535522e-01
5.2420e+02   4.26022819e-01
5.2430e+02   4.25510645e-01
5.2440e+02   4.24999042e-01
5.2450e+02   4.24488027e-01
5.2460e+02   4.23977527e-01
5.2470e+02   4.23467650e-01
5.2480e+02   4.22958279e-01
5.2490e+02   4.22449508e-01
5.2500e+02   4.21941288e-01
5.2510e+02   4.21433608e-01
5.2520e+02   4.20926535e-01
5.2530e+02   4.20419962e-01
5.2540e+02   4.19914006e-01
5.2550e+02   4.19408568e-01
5.2560e+02   4.18903702e-01
5.2570e+02   4.18399411e-01
5.2580e+02   4.17895633e-01
5.2590e+02   4.17392471e-01
5.2600e+02   4.16889807e-01
5.2610e+02   4.16387741e-01
5.2620e+02   4.15886215e-01
5.2630e+02   4.15385228e-01
5.2640e+02   4.14884837e-01
5.2650e+02   4.14384942e-01
5.2660e+02   4.13885659e-01
5.2670e+02   4.13386884e-01
5.2680e+02   4.12888679e-01
5.2690e+02   4.12391039e-01
5.2700e+02   4.11893909e-01
5.2710e+02   4.11397387e-01
5.2720e+02   4.10901355e-01
5.2730e+02   4.10405919e-01
5.2740e+02   4.09911011e-01
5.2750e+02   4.09416641e-01
5.2760e+02   4.08922858e-01
5.2770e+02   4.08429565e-01
5.2780e+02   4.07936879e-01
5.2790e+02   4.07444691e-01
5.2800e+02   4.06953072e-01
5.2810e+02   4.06462005e-01
5.2820e+02   4.05971448e-01
5.2830e+02   4.05481489e-01
5.2840e+02   4.04992014e-01
5.2850e+02   4.04503131e-01
5.2860e+02   4.04014764e-01
5.2870e+02   4.03526936e-01
5.2880e+02   4.03039682e-01
5.2890e+02   4.02552915e-01
5.2900e+02   4.02066749e-01
5.2910e+02   4.01581070e-01
5.2920e+02   4.01095961e-01
5.2930e+02   4.00611390e-01
5.2940e+02   4.00127328e-01
5.2950e+02   3.99643855e-01
5.2960e+02   3.99160858e-01
5.2970e+02   3.98678452e-01
5.2980e+02   3.98196549e-01
5.2990e+02   3.97715184e-01
5.3000e+02   3.97234381e-01
5.3010e+02   3.96754063e-01
5.3020e+02   3.96274338e-01
5.3030e+02   3.95795092e-01
5.3040e+02   3.95316414e-01
5.3050e+02   3.94838262e-01
5.3060e+02   3.94360616e-01
5.3070e+02   3.93883551e-01
5.3080e+02   3.93406956e-01
5.3090e+02   3.92930946e-01
5.3100e+02   3.92455430e-01
5.3110e+02   3.91980450e-01
5.3120e+02   3.91506021e-01
5.3130e+02   3.91032073e-01
5.3140e+02   3.90558712e-01
5.3150e+02   3.90085821e-01
5.3160e+02   3.89613495e-01
5.3170e+02   3.89141683e-01
5.3180e+02   3.88670378e-01
5.3190e+02   3.88199641e-01
5.3200e+02   3.87729370e-01
5.3210e+02   3.87259680e-01
5.3220e+02   3.86790472e-01
5.3230e+02   3.86321800e-01
5.3240e+02   3.85853667e-01
5.3250e+02   3.85386012e-01
5.3260e+02   3.84918936e-01
5.3270e+02   3.84452322e-01
5.3280e+02   3.83986271e-01
5.3290e+02   3.83520722e-01
5.3300e+02   3.83055679e-01
5.3310e+02   3.82591194e-01
5.3320e+02   3.82127170e-01
5.3330e+02   3.81663721e-01
5.3340e+02   3.81200744e-01
5.3350e+02   3.80738303e-01
5.3360e+02   3.80276388e-01
5.3370e+02   3.79814949e-01
5.3380e+02   3.79354082e-01
5.3390e+02   3.78893668e-01
5.3400e+02   3.78433816e-01
5.3410e+02   3.77974453e-01
5.3420e+02   3.77515595e-01
5.3430e+02   3.77057285e-01
5.3440e+02   3.76599431e-01
5.3450e+02   3.76142148e-01
5.3460e+02   3.75685326e-01
5.3470e+02   3.75229039e-01
5.3480e+02   3.74773266e-01
5.3490e+02   3.74317968e-01
5.3500e+02   3.73863232e-01
5.3510e+02   3.73408944e-01
5.3520e+02   3.72955213e-01
5.3530e+02   3.72501961e-01
5.3540e+02   3.72049213e-01
5.3550e+02   3.71597002e-01
5.3560e+02   3.71145243e-01
5.3570e+02   3.70694050e-01
5.3580e+02   3.70243307e-01
5.3590e+02   3.69793100e-01
5.3600e+02   3.69343393e-01
5.3610e+02   3.68894161e-01
5.3620e+02   3.68445482e-01
5.3630e+02   3.67997244e-01
5.3640e+02   3.67549560e-01
5.3650e+02   3.67102344e-01
5.3660e+02   3.66655632e-01
5.3670e+02   3.66209444e-01
5.3680e+02   3.65763707e-01
5.3690e+02   3.65318528e-01
5.3700e+02   3.64873791e-01
5.3710e+02   3.64429588e-01
5.3720e+02   3.63985874e-01
5.3730e+02   3.63542634e-01
5.3740e+02   3.63099936e-01
5.3750e+02   3.62657675e-01
5.3760e+02   3.62215964e-01
5.3770e+02   3.61774710e-01
5.3780e+02   3.61333959e-01
5.3790e+02   3.60893722e-01
5.3800e+02   3.60453932e-01
5.3810e+02   3.60014693e-01
5.3820e+02   3.59575889e-01
5.3830e+02   3.59137617e-01
5.3840e+02   3.58699822e-01
5.3850e+02   3.58262500e-01
5.3860e+02   3.57825710e-01
5.3870e+02   3.57389352e-01
5.3880e+02   3.56953540e-01
5.3890e+02   3.56518174e-01
5.3900e+02   3.56083312e-01
5.3910e+02   3.55648951e-01
5.3920e+02   3.55215036e-01
5.3930e+02   3.54781664e-01
5.3940e+02   3.54348719e-01
5.3950e+02   3.53916303e-01
5.3960e+02   3.53484353e-01
5.3970e+02   3.53052876e-01
5.3980e+02   3.52621921e-01
5.3990e+02   3.52191393e-01
5.4000e+02   3.51761407e-01
5.4010e+02   3.51331856e-01
5.4020e+02   3.50902808e-01
5.4030e+02   3.50474249e-01
5.4040e+02   3.50046135e-01
5.4050e+02   3.49618556e-01
5.4060e+02   3.49191396e-01
5.4070e+02   3.48764764e-01
5.4080e+02   3.48338586e-01
5.4090e+02   3.47912880e-01
5.4100e+02   3.47487685e-01
5.4110e+02   3.47062914e-01
5.4120e+02   3.46638678e-01
5.4130e+02   3.46214869e-01
5.4140e+02   3.45791561e-01
5.4150e+02   3.45368731e-01
5.4160e+02   3.44946344e-01
5.4170e+02   3.44524483e-01
5.4180e+02   3.44103035e-01
5.4190e+02   3.43682112e-01
5.4200e+02   3.43261631e-01
5.4210e+02   3.42841622e-01
5.4220e+02   3.42422113e-01
5.4230e+02   3.42003024e-01
5.4240e+02   3.41584464e-01
5.4250e+02   3.41166321e-01
5.4260e+02   3.40748679e-01
5.4270e+02   3.40331503e-01
5.4280e+02   3.39914768e-01
5.4290e+02   3.39498550e-01
5.4300e+02   3.39082739e-01
5.4310e+02   3.38667449e-01
5.4320e+02   3.38252589e-01
5.4330e+02   3.37838202e-01
5.4340e+02   3.37424303e-01
5.4350e+02   3.37010821e-01
5.4360e+02   3.36597861e-01
5.4370e+02   3.36185309e-01
5.4380e+02   3.35773257e-01
5.4390e+02   3.35361658e-01
5.4400e+02   3.34950499e-01
5.4410e+02   3.34539847e-01
5.4420e+02   3.34129598e-01
5.4430e+02   3.33719864e-01
5.4440e+02   3.33310550e-01
5.4450e+02   3.32901708e-01
5.4460e+02   3.32493341e-01
5.4470e+02   3.32085390e-01
5.4480e+02   3.31677952e-01
5.4490e+02   3.31270915e-01
5.4500e+02   3.30864376e-01
5.4510e+02   3.30458277e-01
5.4520e+02   3.30052618e-01
5.4530e+02   3.29647454e-01
5.4540e+02   3.29242688e-01
5.4550e+02   3.28838433e-01
5.4560e+02   3.28434587e-01
5.4570e+02   3.28031212e-01
5.4580e+02   3.27628301e-01
5.4590e+02   3.27225802e-01
5.4600e+02   3.26823809e-01
5.4610e+02   3.26422208e-01
5.4620e+02   3.26021102e-01
5.4630e+02   3.25620425e-01
5.4640e+02   3.25220187e-01
5.4650e+02   3.24820433e-01
5.4660e+02   3.24421073e-01
5.4670e+02   3.24022217e-01
5.4680e+02   3.23623761e-01
5.4690e+02   3.23225774e-01
5.4700e+02   3.22828239e-01
5.4710e+02   3.22431113e-01
5.4720e+02   3.22034486e-01
5.4730e+02   3.21638243e-01
5.4740e+02   3.21242491e-01
5.4750e+02   3.20847157e-01
5.4760e+02   3.20452260e-01
5.4770e+02   3.20057837e-01
5.4780e+02   3.19663803e-01
5.4790e+02   3.19270267e-01
5.4800e+02   3.18877121e-01
5.4810e+02   3.18484442e-01
5.4820e+02   3.18092203e-01
5.4830e+02   3.17700372e-01
5.4840e+02   3.17309029e-01
5.4850e+02   3.16918064e-01
5.4860e+02   3.16527587e-01
5.4870e+02   3.16137515e-01
5.4880e+02   3.15747881e-01
5.4890e+02   3.15358708e-01
5.4900e+02   3.14969920e-01
5.4910e+02   3.14581623e-01
5.4920e+02   3.14193708e-01
5.4930e+02   3.13806258e-01
5.4940e+02   3.13419234e-01
5.4950e+02   3.13032618e-01
5.4960e+02   3.12646479e-01
5.4970e+02   3.12260713e-01
5.4980e+02   3.11875430e-01
5.4990e+02   3.11490540e-01
5.5000e+02   3.11106088e-01
