-1.5000e+02   7.63723300e-04
-1.4990e+02   7.64352189e-04
-1.4980e+02   7.65058165e-04
-1.4970e+02   7.65613112e-04
-1.4960e+02   7.66357315e-04
-1.4950e+02   7.66926607e-04
-1.4940e+02   7.67614439e-04
-1.4930e+02   7.68274438e-04
-1.4920e+02   7.68867671e-04
-1.4910e+02   7.69608515e-04
-1.4900e+02   7.70162632e-04
-1.4890e+02   7.70897604e-04
-1.4880e+02   7.71508092e-04
-1.4870e+02   7.72157766e-04
-1.4860e+02   7.72867356e-04
-1.4850e+02   7.73436879e-04
-1.4840e+02   7.74193849e-04
-1.4830e+02   7.74768169e-04
-1.4820e+02   7.75476406e-04
-1.4810e+02   7.76137871e-04
-1.4800e+02   7.76750241e-04
-1.4790e+02   7.77498501e-04
-1.4780e+02   7.78062839e-04
-1.4770e+02   7.78814974e-04
-1.4760e+02   7.79427816e-04
-1.4750e+02   7.80098771e-04
-1.4740e+02   7.80811602e-04
-1.4730e+02   7.81396918e-04
-1.4720e+02   7.82165978e-04
-1.4710e+02   7.82746359e-04
-1.4700e+02   7.83474954e-04
-1.4690e+02   7.84138007e-04
-1.4680e+02   7.84770428e-04
-1.4670e+02   7.85525475e-04
-1.4660e+02   7.86101302e-04
-1.4650e+02   7.86870111e-04
-1.4640e+02   7.87485982e-04
-1.4630e+02   7.88178629e-04
-1.4620e+02   7.88894408e-04
-1.4610e+02   7.89496719e-04
-1.4600e+02   7.90277175e-04
-1.4590e+02   7.90864729e-04
-1.4580e+02   7.91613553e-04
-1.4570e+02   7.92278422e-04
-1.4560e+02   7.92931743e-04
-1.4550e+02   7.93692990e-04
-1.4540e+02   7.94281601e-04
-1.4530e+02   7.95066544e-04
-1.4520e+02   7.95686219e-04
-1.4510e+02   7.96400884e-04
-1.4500e+02   7.97119405e-04
-1.4490e+02   7.97739883e-04
-1.4480e+02   7.98531043e-04
-1.4470e+02   7.99126948e-04
-1.4460e+02   7.99895792e-04
-1.4450e+02   8.00562814e-04
-1.4440e+02   8.01237816e-04
-1.4430e+02   8.02004727e-04
-1.4420e+02   8.02607438e-04
-1.4410e+02   8.03407928e-04
-1.4400e+02   8.04032282e-04
-1.4390e+02   8.04769202e-04
-1.4380e+02   8.05490352e-04
-1.4370e+02   8.06130136e-04
-1.4360e+02   8.06931315e-04
-1.4350e+02   8.07536813e-04
-1.4340e+02   8.08325391e-04
-1.4330e+02   8.08995014e-04
-1.4320e+02   8.09692401e-04
-1.4310e+02   8.10464503e-04
-1.4300e+02   8.11082638e-04
-1.4290e+02   8.11898052e-04
-1.4280e+02   8.12528055e-04
-1.4270e+02   8.13287379e-04
-1.4260e+02   8.14011147e-04
-1.4250e+02   8.14671332e-04
-1.4240e+02   8.15481861e-04
-1.4230e+02   8.16098249e-04
-1.4220e+02   8.16906206e-04
-1.4210e+02   8.17578988e-04
-1.4200e+02   8.18299385e-04
-1.4190e+02   8.19076274e-04
-1.4180e+02   8.19711157e-04
-1.4170e+02   8.20540845e-04
-1.4160e+02   8.21177559e-04
-1.4150e+02   8.21959349e-04
-1.4140e+02   8.22685827e-04
-1.4130e+02   8.23367456e-04
-1.4120e+02   8.24186695e-04
-1.4110e+02   8.24815317e-04
-1.4100e+02   8.25642233e-04
-1.4090e+02   8.26318842e-04
-1.4080e+02   8.27062790e-04
-1.4070e+02   8.27844144e-04
-1.4060e+02   8.28497089e-04
-1.4050e+02   8.29340383e-04
-1.4040e+02   8.29984956e-04
-1.4030e+02   8.30789187e-04
-1.4020e+02   8.31518577e-04
-1.4010e+02   8.32222635e-04
-1.4000e+02   8.33049984e-04
-1.3990e+02   8.33692221e-04
-1.3980e+02   8.34537615e-04
-1.3970e+02   8.35218831e-04
-1.3960e+02   8.35986786e-04
-1.3950e+02   8.36772367e-04
-1.3940e+02   8.37444671e-04
-1.3930e+02   8.38300894e-04
-1.3920e+02   8.38954555e-04
-1.3910e+02   8.39781117e-04
-1.3900e+02   8.40513737e-04
-1.3890e+02   8.41241142e-04
-1.3880e+02   8.42076047e-04
-1.3870e+02   8.42733309e-04
-1.3860e+02   8.43596653e-04
-1.3850e+02   8.44283363e-04
-1.3840e+02   8.45075692e-04
-1.3830e+02   8.45865359e-04
-1.3820e+02   8.46558290e-04
-1.3810e+02   8.47426769e-04
-1.3800e+02   8.48090818e-04
-1.3790e+02   8.48939522e-04
-1.3780e+02   8.49675804e-04
-1.3770e+02   8.50427404e-04
-1.3760e+02   8.51269373e-04
-1.3750e+02   8.51943090e-04
-1.3740e+02   8.52823810e-04
-1.3730e+02   8.53517008e-04
-1.3720e+02   8.54333986e-04
-1.3710e+02   8.55127700e-04
-1.3700e+02   8.55842492e-04
-1.3690e+02   8.56722564e-04
-1.3680e+02   8.57398369e-04
-1.3670e+02   8.58268951e-04
-1.3660e+02   8.59009445e-04
-1.3650e+02   8.59786010e-04
-1.3640e+02   8.60634618e-04
-1.3630e+02   8.61326230e-04
-1.3620e+02   8.62223721e-04
-1.3610e+02   8.62924501e-04
-1.3600e+02   8.63766315e-04
-1.3590e+02   8.64564146e-04
-1.3580e+02   8.65301985e-04
-1.3570e+02   8.66193013e-04
-1.3560e+02   8.66882000e-04
-1.3550e+02   8.67774125e-04
-1.3540e+02   8.68519500e-04
-1.3530e+02   8.69321718e-04
-1.3520e+02   8.70176620e-04
-1.3510e+02   8.70887567e-04
-1.3500e+02   8.71801200e-04
-1.3490e+02   8.72510752e-04
-1.3480e+02   8.73377501e-04
-1.3470e+02   8.74179631e-04
-1.3460e+02   8.74941652e-04
-1.3450e+02   8.75843033e-04
-1.3440e+02   8.76546678e-04
-1.3430e+02   8.77459947e-04
-1.3420e+02   8.78210991e-04
-1.3410e+02   8.79039466e-04
-1.3400e+02   8.79900403e-04
-1.3390e+02   8.80632118e-04
-1.3380e+02   8.81561247e-04
-1.3370e+02   8.82280857e-04
-1.3360e+02   8.83172551e-04
-1.3350e+02   8.83979282e-04
-1.3340e+02   8.84766561e-04
-1.3330e+02   8.85677737e-04
-1.3320e+02   8.86397554e-04
-1.3310e+02   8.87331513e-04
-1.3300e+02   8.88089132e-04
-1.3290e+02   8.88944379e-04
-1.3280e+02   8.89811189e-04
-1.3270e+02   8.90565085e-04
-1.3260e+02   8.91509064e-04
-1.3250e+02   8.92240100e-04
-1.3240e+02   8.93156666e-04
-1.3230e+02   8.93968422e-04
-1.3220e+02   8.94781966e-04
-1.3210e+02   8.95702436e-04
-1.3200e+02   8.96439975e-04
-1.3190e+02   8.97394119e-04
-1.3180e+02   8.98159334e-04
-1.3170e+02   8.99041778e-04
-1.3160e+02   8.99914403e-04
-1.3150e+02   9.00691867e-04
-1.3140e+02   9.01650056e-04
-1.3130e+02   9.02393966e-04
-1.3120e+02   9.03335252e-04
-1.3110e+02   9.04152582e-04
-1.3100e+02   9.04993327e-04
-1.3090e+02   9.05922657e-04
-1.3080e+02   9.06679485e-04
-1.3070e+02   9.07653272e-04
-1.3060e+02   9.08427221e-04
-1.3050e+02   9.09337194e-04
-1.3040e+02   9.10215689e-04
-1.3030e+02   9.11018070e-04
-1.3020e+02   9.11989849e-04
-1.3010e+02   9.12748151e-04
-1.3000e+02   9.13713929e-04
-1.2990e+02   9.14537511e-04
-1.2980e+02   9.15406312e-04
-1.2970e+02   9.16344146e-04
-1.2960e+02   9.17121847e-04
-1.2950e+02   9.18114703e-04
-1.2940e+02   9.18898628e-04
-1.2930e+02   9.19836376e-04
-1.2920e+02   9.20720913e-04
-1.2910e+02   9.21549516e-04
-1.2900e+02   9.22534295e-04
-1.2890e+02   9.23308570e-04
-1.2880e+02   9.24298544e-04
-1.2870e+02   9.25129183e-04
-1.2860e+02   9.26026815e-04
-1.2850e+02   9.26972885e-04
-1.2840e+02   9.27773041e-04
-1.2830e+02   9.28784376e-04
-1.2820e+02   9.29579626e-04
-1.2810e+02   9.30545302e-04
-1.2800e+02   9.31436178e-04
-1.2790e+02   9.32292255e-04
-1.2780e+02   9.33289487e-04
-1.2770e+02   9.34081371e-04
-1.2760e+02   9.35095184e-04
-1.2750e+02   9.35933813e-04
-1.2740e+02   9.36860962e-04
-1.2730e+02   9.37815098e-04
-1.2720e+02   9.38639287e-04
-1.2710e+02   9.39668499e-04
-1.2700e+02   9.40476522e-04
-1.2690e+02   9.41470195e-04
-1.2680e+02   9.42367836e-04
-1.2670e+02   9.43252577e-04
-1.2660e+02   9.44261769e-04
-1.2650e+02   9.45072943e-04
-1.2640e+02   9.46110182e-04
-1.2630e+02   9.46957863e-04
-1.2620e+02   9.47915129e-04
-1.2610e+02   9.48877265e-04
-1.2600e+02   9.49727048e-04
-1.2590e+02   9.50773540e-04
-1.2580e+02   9.51595877e-04
-1.2570e+02   9.52617532e-04
-1.2560e+02   9.53522497e-04
-1.2550e+02   9.54437026e-04
-1.2540e+02   9.55457751e-04
-1.2530e+02   9.56289930e-04
-1.2520e+02   9.57350140e-04
-1.2510e+02   9.58208060e-04
-1.2500e+02   9.59195951e-04
-1.2490e+02   9.60166140e-04
-1.2480e+02   9.61043050e-04
-1.2470e+02   9.62106239e-04
-1.2460e+02   9.62944515e-04
-1.2450e+02   9.63994059e-04
-1.2440e+02   9.64907044e-04
-1.2430e+02   9.65852413e-04
-1.2420e+02   9.66884319e-04
-1.2410e+02   9.67739246e-04
-1.2400e+02   9.68821936e-04
-1.2390e+02   9.69691404e-04
-1.2380e+02   9.70710337e-04
-1.2370e+02   9.71688755e-04
-1.2360e+02   9.72594290e-04
-1.2350e+02   9.73673621e-04
-1.2340e+02   9.74529541e-04
-1.2330e+02   9.75606806e-04
-1.2320e+02   9.76528647e-04
-1.2310e+02   9.77505828e-04
-1.2300e+02   9.78548655e-04
-1.2290e+02   9.79428086e-04
-1.2280e+02   9.80532742e-04
-1.2270e+02   9.81415187e-04
-1.2260e+02   9.82465490e-04
-1.2250e+02   9.83452442e-04
-1.2240e+02   9.84388057e-04
-1.2230e+02   9.85483013e-04
-1.2220e+02   9.86358350e-04
-1.2210e+02   9.87463106e-04
-1.2200e+02   9.88394777e-04
-1.2190e+02   9.89404659e-04
-1.2180e+02   9.90458245e-04
-1.2170e+02   9.91363945e-04
-1.2160e+02   9.92490037e-04
-1.2150e+02   9.93387001e-04
-1.2140e+02   9.94468915e-04
-1.2130e+02   9.95464843e-04
-1.2120e+02   9.96431941e-04
-1.2110e+02   9.97542059e-04
-1.2100e+02   9.98438646e-04
-1.2090e+02   9.99570604e-04
-1.2080e+02   1.00051322e-03
-1.2070e+02   1.00155661e-03
-1.2060e+02   1.00262090e-03
-1.2050e+02   1.00355463e-03
-1.2040e+02   1.00470163e-03
-1.2030e+02   1.00561476e-03
-1.2020e+02   1.00672844e-03
-1.2010e+02   1.00773393e-03
-1.2000e+02   1.00873386e-03
-1.1990e+02   1.00985874e-03
-1.1980e+02   1.01077846e-03
-1.1970e+02   1.01193728e-03
-1.1960e+02   1.01289210e-03
-1.1950e+02   1.01396971e-03
-1.1940e+02   1.01504478e-03
-1.1930e+02   1.01600828e-03
-1.1920e+02   1.01717567e-03
-1.1910e+02   1.01810673e-03
-1.1900e+02   1.01925224e-03
-1.1890e+02   1.02026803e-03
-1.1880e+02   1.02130206e-03
-1.1870e+02   1.02244138e-03
-1.1860e+02   1.02338617e-03
-1.1850e+02   1.02457147e-03
-1.1840e+02   1.02553988e-03
-1.1830e+02   1.02665234e-03
-1.1820e+02   1.02773838e-03
-1.1810e+02   1.02873338e-03
-1.1800e+02   1.02992066e-03
-1.1790e+02   1.03087149e-03
-1.1780e+02   1.03204885e-03
-1.1770e+02   1.03307582e-03
-1.1760e+02   1.03414515e-03
-1.1750e+02   1.03529869e-03
-1.1740e+02   1.03627049e-03
-1.1730e+02   1.03748188e-03
-1.1720e+02   1.03846542e-03
-1.1710e+02   1.03961326e-03
-1.1700e+02   1.04071060e-03
-1.1690e+02   1.04173879e-03
-1.1680e+02   1.04294552e-03
-1.1670e+02   1.04391806e-03
-1.1660e+02   1.04512719e-03
-1.1650e+02   1.04616636e-03
-1.1640e+02   1.04727214e-03
-1.1630e+02   1.04843975e-03
-1.1620e+02   1.04944056e-03
-1.1610e+02   1.05067761e-03
-1.1600e+02   1.05167793e-03
-1.1590e+02   1.05286161e-03
-1.1580e+02   1.05397074e-03
-1.1570e+02   1.05503377e-03
-1.1560e+02   1.05625952e-03
-1.1550e+02   1.05725579e-03
-1.1540e+02   1.05849656e-03
-1.1530e+02   1.05954914e-03
-1.1520e+02   1.06069241e-03
-1.1510e+02   1.06187409e-03
-1.1500e+02   1.06290589e-03
-1.1490e+02   1.06416816e-03
-1.1480e+02   1.06518706e-03
-1.1470e+02   1.06640694e-03
-1.1460e+02   1.06752850e-03
-1.1450e+02   1.06862797e-03
-1.1440e+02   1.06987242e-03
-1.1430e+02   1.07089449e-03
-1.1420e+02   1.07216672e-03
-1.1410e+02   1.07323406e-03
-1.1400e+02   1.07441578e-03
-1.1390e+02   1.07561163e-03
-1.1380e+02   1.07667643e-03
-1.1370e+02   1.07796351e-03
-1.1360e+02   1.07900288e-03
-1.1350e+02   1.08025926e-03
-1.1340e+02   1.08139403e-03
-1.1330e+02   1.08253149e-03
-1.1320e+02   1.08379437e-03
-1.1310e+02   1.08484440e-03
-1.1300e+02   1.08614787e-03
-1.1290e+02   1.08723146e-03
-1.1280e+02   1.08845252e-03
-1.1270e+02   1.08966280e-03
-1.1260e+02   1.09076257e-03
-1.1250e+02   1.09207408e-03
-1.1240e+02   1.09313595e-03
-1.1230e+02   1.09442903e-03
-1.1220e+02   1.09557797e-03
-1.1210e+02   1.09675491e-03
-1.1200e+02   1.09803605e-03
-1.1190e+02   1.09911623e-03
-1.1180e+02   1.10045068e-03
-1.1170e+02   1.10155219e-03
-1.1160e+02   1.10281339e-03
-1.1150e+02   1.10403848e-03
-1.1140e+02   1.10517521e-03
-1.1130e+02   1.10651077e-03
-1.1120e+02   1.10759728e-03
-1.1110e+02   1.10892720e-03
-1.1100e+02   1.11009145e-03
-1.1090e+02   1.11130927e-03
-1.1080e+02   1.11260861e-03
-1.1070e+02   1.11372118e-03
-1.1060e+02   1.11508634e-03
-1.1050e+02   1.11620758e-03
-1.1040e+02   1.11750963e-03
-1.1030e+02   1.11875009e-03
-1.1020e+02   1.11992571e-03
-1.1010e+02   1.12128502e-03
-1.1000e+02   1.12239840e-03
-1.0990e+02   1.12376525e-03
-1.0980e+02   1.12494610e-03
-1.0970e+02   1.12620616e-03
-1.0960e+02   1.12752376e-03
-1.0950e+02   1.12867099e-03
-1.0940e+02   1.13006659e-03
-1.0930e+02   1.13120951e-03
-1.0920e+02   1.13255304e-03
-1.0910e+02   1.13380958e-03
-1.0900e+02   1.13502601e-03
-1.0890e+02   1.13640884e-03
-1.0880e+02   1.13755142e-03
-1.0870e+02   1.13895521e-03
-1.0860e+02   1.14015414e-03
-1.0850e+02   1.14145772e-03
-1.0840e+02   1.14279377e-03
-1.0830e+02   1.14397795e-03
-1.0820e+02   1.14540371e-03
-1.0810e+02   1.14657042e-03
-1.0800e+02   1.14795598e-03
-1.0790e+02   1.14922951e-03
-1.0780e+02   1.15048862e-03
-1.0770e+02   1.15189480e-03
-1.0760e+02   1.15306898e-03
-1.0750e+02   1.15450972e-03
-1.0740e+02   1.15572837e-03
-1.0730e+02   1.15707666e-03
-1.0720e+02   1.15843150e-03
-1.0710e+02   1.15965494e-03
-1.0700e+02   1.16111062e-03
-1.0690e+02   1.16230336e-03
-1.0680e+02   1.16373144e-03
-1.0670e+02   1.16502301e-03
-1.0660e+02   1.16632663e-03
-1.0650e+02   1.16775610e-03
-1.0640e+02   1.16896438e-03
-1.0630e+02   1.17044201e-03
-1.0620e+02   1.17168222e-03
-1.0610e+02   1.17307634e-03
-1.0600e+02   1.17445046e-03
-1.0590e+02   1.17571548e-03
-1.0580e+02   1.17720087e-03
-1.0570e+02   1.17842201e-03
-1.0560e+02   1.17989302e-03
-1.0550e+02   1.18120391e-03
-1.0540e+02   1.18255380e-03
-1.0530e+02   1.18400662e-03
-1.0520e+02   1.18525154e-03
-1.0510e+02   1.18676601e-03
-1.0500e+02   1.18802979e-03
-1.0490e+02   1.18947077e-03
-1.0480e+02   1.19086484e-03
-1.0470e+02   1.19217373e-03
-1.0460e+02   1.19368869e-03
-1.0450e+02   1.19494074e-03
-1.0440e+02   1.19645504e-03
-1.0430e+02   1.19778669e-03
-1.0420e+02   1.19918458e-03
-1.0410e+02   1.20066093e-03
-1.0400e+02   1.20194511e-03
-1.0390e+02   1.20349634e-03
-1.0380e+02   1.20478586e-03
-1.0370e+02   1.20627469e-03
-1.0360e+02   1.20768956e-03
-1.0350e+02   1.20904462e-03
-1.0340e+02   1.21058905e-03
-1.0330e+02   1.21187464e-03
-1.0320e+02   1.21343254e-03
-1.0310e+02   1.21478661e-03
-1.0300e+02   1.21623414e-03
-1.0290e+02   1.21773435e-03
-1.0280e+02   1.21906044e-03
-1.0270e+02   1.22064839e-03
-1.0260e+02   1.22196600e-03
-1.0250e+02   1.22350357e-03
-1.0240e+02   1.22494028e-03
-1.0230e+02   1.22634378e-03
-1.0220e+02   1.22791770e-03
-1.0210e+02   1.22923957e-03
-1.0200e+02   1.23084134e-03
-1.0190e+02   1.23221968e-03
-1.0180e+02   1.23371844e-03
-1.0170e+02   1.23524300e-03
-1.0160e+02   1.23661369e-03
-1.0150e+02   1.23823834e-03
-1.0140e+02   1.23958657e-03
-1.0130e+02   1.24117371e-03
-1.0120e+02   1.24263351e-03
-1.0110e+02   1.24408769e-03
-1.0100e+02   1.24569121e-03
-1.0090e+02   1.24705220e-03
-1.0080e+02   1.24869809e-03
-1.0070e+02   1.25010276e-03
-1.0060e+02   1.25165428e-03
-1.0050e+02   1.25320384e-03
-1.0040e+02   1.25462188e-03
-1.0030e+02   1.25628323e-03
-1.0020e+02   1.25766477e-03
-1.0010e+02   1.25930227e-03
-1.0000e+02   1.26078661e-03
-9.9900e+01   1.26229367e-03
-9.9800e+01   1.26392704e-03
-9.9700e+01   1.26533009e-03
-9.9600e+01   1.26702033e-03
-9.9500e+01   1.26845361e-03
-9.9400e+01   1.27005935e-03
-9.9300e+01   1.27163476e-03
-9.9200e+01   1.27310288e-03
-9.9100e+01   1.27480103e-03
-9.9000e+01   1.27621873e-03
-9.8900e+01   1.27790730e-03
-9.8800e+01   1.27941786e-03
-9.8700e+01   1.28097999e-03
-9.8600e+01   1.28264358e-03
-9.8500e+01   1.28409173e-03
-9.8400e+01   1.28582655e-03
-9.8300e+01   1.28729091e-03
-9.8200e+01   1.28895228e-03
-9.8100e+01   1.29055460e-03
-9.8000e+01   1.29207557e-03
-9.7900e+01   1.29381067e-03
-9.7800e+01   1.29526753e-03
-9.7700e+01   1.29700786e-03
-9.7600e+01   1.29854655e-03
-9.7500e+01   1.30016588e-03
-9.7400e+01   1.30186024e-03
-9.7300e+01   1.30335659e-03
-9.7200e+01   1.30513626e-03
-9.7100e+01   1.30663438e-03
-9.7000e+01   1.30835273e-03
-9.6900e+01   1.30998323e-03
-9.6800e+01   1.31155981e-03
-9.6700e+01   1.31333213e-03
-9.6600e+01   1.31483132e-03
-9.6500e+01   1.31662407e-03
-9.6400e+01   1.31819302e-03
-9.6300e+01   1.31987165e-03
-9.6200e+01   1.32159749e-03
-9.6100e+01   1.32314524e-03
-9.6000e+01   1.32497005e-03
-9.5900e+01   1.32650481e-03
-9.5800e+01   1.32828144e-03
-9.5700e+01   1.32994162e-03
-9.5600e+01   1.33157660e-03
-9.5500e+01   1.33338652e-03
-9.5400e+01   1.33493133e-03
-9.5300e+01   1.33677715e-03
-9.5200e+01   1.33837875e-03
-9.5100e+01   1.34011872e-03
-9.5000e+01   1.34187696e-03
-9.4900e+01   1.34347937e-03
-9.4800e+01   1.34534966e-03
-9.4700e+01   1.34692417e-03
-9.4600e+01   1.34876033e-03
-9.4500e+01   1.35045193e-03
-9.4400e+01   1.35214808e-03
-9.4300e+01   1.35399613e-03
-9.4200e+01   1.35559001e-03
-9.4100e+01   1.35748953e-03
-9.4000e+01   1.35912641e-03
-9.3900e+01   1.36092974e-03
-9.3800e+01   1.36272151e-03
-9.3700e+01   1.36438188e-03
-9.3600e+01   1.36629809e-03
-9.3500e+01   1.36791566e-03
-9.3400e+01   1.36981256e-03
-9.3300e+01   1.37153759e-03
-9.3200e+01   1.37329767e-03
-9.3100e+01   1.37518454e-03
-9.3000e+01   1.37683106e-03
-9.2900e+01   1.37878496e-03
-9.2800e+01   1.38045998e-03
-9.2700e+01   1.38232864e-03
-9.2600e+01   1.38415531e-03
-9.2500e+01   1.38587702e-03
-9.2400e+01   1.38783967e-03
-9.2300e+01   1.38950380e-03
-9.2200e+01   1.39146265e-03
-9.2100e+01   1.39322338e-03
-9.2000e+01   1.39505014e-03
-9.1900e+01   1.39697670e-03
-9.1800e+01   1.39867956e-03
-9.1700e+01   1.40068853e-03
-9.1600e+01   1.40240484e-03
-9.1500e+01   1.40434077e-03
-9.1400e+01   1.40620396e-03
-9.1300e+01   1.40799042e-03
-9.1200e+01   1.41000016e-03
-9.1100e+01   1.41171455e-03
-9.1000e+01   1.41373655e-03
-9.0900e+01   1.41553551e-03
-9.0800e+01   1.41743172e-03
-9.0700e+01   1.41939904e-03
-9.0600e+01   1.42116206e-03
-9.0500e+01   1.42322687e-03
-9.0400e+01   1.42498785e-03
-9.0300e+01   1.42699298e-03
-9.0200e+01   1.42889456e-03
-9.0100e+01   1.43074923e-03
-9.0000e+01   1.43280686e-03
-8.9900e+01   1.43457541e-03
-8.9800e+01   1.43666176e-03
-8.9700e+01   1.43850179e-03
-8.9600e+01   1.44047018e-03
-8.9500e+01   1.44247958e-03
-8.9400e+01   1.44430671e-03
-8.9300e+01   1.44642819e-03
-8.9200e+01   1.44823749e-03
-8.9100e+01   1.45031371e-03
-8.9000e+01   1.45225586e-03
-8.8900e+01   1.45418225e-03
-8.8800e+01   1.45628872e-03
-8.8700e+01   1.45811554e-03
-8.8600e+01   1.46026746e-03
-8.8500e+01   1.46215169e-03
-8.8400e+01   1.46419499e-03
-8.8300e+01   1.46624803e-03
-8.8200e+01   1.46814332e-03
-8.8100e+01   1.47032241e-03
-8.8000e+01   1.47218395e-03
-8.7900e+01   1.47433317e-03
-8.7800e+01   1.47631837e-03
-8.7700e+01   1.47832000e-03
-8.7600e+01   1.48047648e-03
-8.7500e+01   1.48236586e-03
-8.7400e+01   1.48458462e-03
-8.7300e+01   1.48651650e-03
-8.7200e+01   1.48863745e-03
-8.7100e+01   1.49073597e-03
-8.7000e+01   1.49270358e-03
-8.6900e+01   1.49494135e-03
-8.6800e+01   1.49685929e-03
-8.6700e+01   1.49908343e-03
-8.6600e+01   1.50111447e-03
-8.6500e+01   1.50319494e-03
-8.6400e+01   1.50540280e-03
-8.6300e+01   1.50735921e-03
-8.6200e+01   1.50964616e-03
-8.6100e+01   1.51162944e-03
-8.6000e+01   1.51383079e-03
-8.5900e+01   1.51597692e-03
-8.5800e+01   1.51802112e-03
-8.5700e+01   1.52031879e-03
-8.5600e+01   1.52229760e-03
-8.5500e+01   1.52459859e-03
-8.5400e+01   1.52667860e-03
-8.5300e+01   1.52884153e-03
-8.5200e+01   1.53110240e-03
-8.5100e+01   1.53313052e-03
-8.5000e+01   1.53548709e-03
-8.4900e+01   1.53752585e-03
-8.4800e+01   1.53981037e-03
-8.4700e+01   1.54200658e-03
-8.4600e+01   1.54413174e-03
-8.4500e+01   1.54649072e-03
-8.4400e+01   1.54853511e-03
-8.4300e+01   1.55091493e-03
-8.4200e+01   1.55304740e-03
-8.4100e+01   1.55529647e-03
-8.4000e+01   1.55761226e-03
-8.3900e+01   1.55971694e-03
-8.3800e+01   1.56214468e-03
-8.3700e+01   1.56424333e-03
-8.3600e+01   1.56661383e-03
-8.3500e+01   1.56886293e-03
-8.3400e+01   1.57107352e-03
-8.3300e+01   1.57349545e-03
-8.3200e+01   1.57561039e-03
-8.3100e+01   1.57807112e-03
-8.3000e+01   1.58025991e-03
-8.2900e+01   1.58259883e-03
-8.2800e+01   1.58497176e-03
-8.2700e+01   1.58715804e-03
-8.2600e+01   1.58965866e-03
-8.2500e+01   1.59182197e-03
-8.2400e+01   1.59428129e-03
-8.2300e+01   1.59658645e-03
-8.2200e+01   1.59888708e-03
-8.2100e+01   1.60137382e-03
-8.2000e+01   1.60356459e-03
-8.1900e+01   1.60610837e-03
-8.1800e+01   1.60835772e-03
-8.1700e+01   1.61079028e-03
-8.1600e+01   1.61322292e-03
-8.1500e+01   1.61549604e-03
-8.1400e+01   1.61807140e-03
-8.1300e+01   1.62030449e-03
-8.1200e+01   1.62285555e-03
-8.1100e+01   1.62522036e-03
-8.1000e+01   1.62761572e-03
-8.0900e+01   1.63016943e-03
-8.0800e+01   1.63244157e-03
-8.0700e+01   1.63507067e-03
-8.0600e+01   1.63738524e-03
-8.0500e+01   1.63991532e-03
-8.0400e+01   1.64241058e-03
-8.0300e+01   1.64477596e-03
-8.0200e+01   1.64742818e-03
-8.0100e+01   1.64973652e-03
-8.0000e+01   1.65238233e-03
-7.9900e+01   1.65481078e-03
-7.9800e+01   1.65730570e-03
-7.9700e+01   1.65992885e-03
-7.9600e+01   1.66228820e-03
-7.9500e+01   1.66500505e-03
-7.9400e+01   1.66738991e-03
-7.9300e+01   1.67002145e-03
-7.9200e+01   1.67258269e-03
-7.9100e+01   1.67504596e-03
-7.9000e+01   1.67777737e-03
-7.8900e+01   1.68016682e-03
-7.8800e+01   1.68291049e-03
-7.8700e+01   1.68540704e-03
-7.8600e+01   1.68800649e-03
-7.8500e+01   1.69070191e-03
-7.8400e+01   1.69315458e-03
-7.8300e+01   1.69596180e-03
-7.8200e+01   1.69842246e-03
-7.8100e+01   1.70115955e-03
-7.8000e+01   1.70379053e-03
-7.7900e+01   1.70635752e-03
-7.7800e+01   1.70917076e-03
-7.7700e+01   1.71164755e-03
-7.7600e+01   1.71449236e-03
-7.7500e+01   1.71706194e-03
-7.7400e+01   1.71977102e-03
-7.7300e+01   1.72254195e-03
-7.7200e+01   1.72509436e-03
-7.7100e+01   1.72799479e-03
-7.7000e+01   1.73053723e-03
-7.6900e+01   1.73338407e-03
-7.6800e+01   1.73608904e-03
-7.6700e+01   1.73876581e-03
-7.6600e+01   1.74166386e-03
-7.6500e+01   1.74423462e-03
-7.6400e+01   1.74718401e-03
-7.6300e+01   1.74983205e-03
-7.6200e+01   1.75265604e-03
-7.6100e+01   1.75550614e-03
-7.6000e+01   1.75816503e-03
-7.5900e+01   1.76116178e-03
-7.5800e+01   1.76379247e-03
-7.5700e+01   1.76675342e-03
-7.5600e+01   1.76953715e-03
-7.5500e+01   1.77232998e-03
-7.5400e+01   1.77531619e-03
-7.5300e+01   1.77798797e-03
-7.5200e+01   1.78104561e-03
-7.5100e+01   1.78377808e-03
-7.5000e+01   1.78672243e-03
-7.4900e+01   1.78965586e-03
-7.4800e+01   1.79242829e-03
-7.4700e+01   1.79552478e-03
-7.4600e+01   1.79825068e-03
-7.4500e+01   1.80133032e-03
-7.4400e+01   1.80419812e-03
-7.4300e+01   1.80711354e-03
-7.4200e+01   1.81019169e-03
-7.4100e+01   1.81297198e-03
-7.4000e+01   1.81614178e-03
-7.3900e+01   1.81896523e-03
-7.3800e+01   1.82203562e-03
-7.3700e+01   1.82505706e-03
-7.3600e+01   1.82795043e-03
-7.3500e+01   1.83115046e-03
-7.3400e+01   1.83397906e-03
-7.3300e+01   1.83718217e-03
-7.3200e+01   1.84013996e-03
-7.3100e+01   1.84318478e-03
-7.3000e+01   1.84635914e-03
-7.2900e+01   1.84925587e-03
-7.2800e+01   1.85254207e-03
-7.2700e+01   1.85546363e-03
-7.2600e+01   1.85866598e-03
-7.2500e+01   1.86178070e-03
-7.2400e+01   1.86480278e-03
-7.2300e+01   1.86811056e-03
-7.2200e+01   1.87104991e-03
-7.2100e+01   1.87438157e-03
-7.2000e+01   1.87743590e-03
-7.1900e+01   1.88061723e-03
-7.1800e+01   1.88389260e-03
-7.1700e+01   1.88691416e-03
-7.1600e+01   1.89032135e-03
-7.1500e+01   1.89334882e-03
-7.1400e+01   1.89668932e-03
-7.1300e+01   1.89990323e-03
-7.1200e+01   1.90306219e-03
-7.1100e+01   1.90648239e-03
-7.1000e+01   1.90954114e-03
-7.0900e+01   1.91300674e-03
-7.0800e+01   1.91616486e-03
-7.0700e+01   1.91949012e-03
-7.0600e+01   1.92287192e-03
-7.0500e+01   1.92602724e-03
-7.0400e+01   1.92956042e-03
-7.0300e+01   1.93270225e-03
-7.0200e+01   1.93618744e-03
-7.0100e+01   1.93950715e-03
-7.0000e+01   1.94281156e-03
-6.9900e+01   1.94634942e-03
-6.9800e+01   1.94953681e-03
-6.9700e+01   1.95314214e-03
-6.9600e+01   1.95641202e-03
-6.9500e+01   1.95988904e-03
-6.9400e+01   1.96338334e-03
-6.9300e+01   1.96668186e-03
-6.9200e+01   1.97034654e-03
-6.9100e+01   1.97361191e-03
-6.9000e+01   1.97724869e-03
-6.8900e+01   1.98068156e-03
-6.8800e+01   1.98414046e-03
-6.8700e+01   1.98780184e-03
-6.8600e+01   1.99112780e-03
-6.8500e+01   1.99487907e-03
-6.8400e+01   1.99826949e-03
-6.8300e+01   2.00190649e-03
-6.8200e+01   2.00552011e-03
-6.8100e+01   2.00897186e-03
-6.8000e+01   2.01277408e-03
-6.7900e+01   2.01617296e-03
-6.7800e+01   2.01996868e-03
-6.7700e+01   2.02352289e-03
-6.7600e+01   2.02714584e-03
-6.7500e+01   2.03093727e-03
-6.7400e+01   2.03441242e-03
-6.7300e+01   2.03831637e-03
-6.7200e+01   2.04183697e-03
-6.7100e+01   2.04564265e-03
-6.7000e+01   2.04938323e-03
-6.6900e+01   2.05299886e-03
-6.6800e+01   2.05694532e-03
-6.6700e+01   2.06048849e-03
-6.6600e+01   2.06445098e-03
-6.6500e+01   2.06813565e-03
-6.6400e+01   2.07193273e-03
-6.6300e+01   2.07586155e-03
-6.6200e+01   2.07949727e-03
-6.6100e+01   2.08356124e-03
-6.6000e+01   2.08722257e-03
-6.5900e+01   2.09120618e-03
-6.5800e+01   2.09508226e-03
-6.5700e+01   2.09887308e-03
-6.5600e+01   2.10297120e-03
-6.5500e+01   2.10667035e-03
-6.5400e+01   2.11080805e-03
-6.5300e+01   2.11463324e-03
-6.5200e+01   2.11861517e-03
-6.5100e+01   2.12268958e-03
-6.5000e+01   2.12649807e-03
-6.4900e+01   2.13073008e-03
-6.4800e+01   2.13454371e-03
-6.4700e+01   2.13871508e-03
-6.4600e+01   2.14273622e-03
-6.4500e+01   2.14671430e-03
-6.4400e+01   2.15097234e-03
-6.4300e+01   2.15484010e-03
-6.4200e+01   2.15916210e-03
-6.4100e+01   2.16313896e-03
-6.4000e+01   2.16731716e-03
-6.3900e+01   2.17154635e-03
-6.3800e+01   2.17554070e-03
-6.3700e+01   2.17994954e-03
-6.3600e+01   2.18392811e-03
-6.3500e+01   2.18829781e-03
-6.3400e+01   2.19247464e-03
-6.3300e+01   2.19665285e-03
-6.3200e+01   2.20108002e-03
-6.3100e+01   2.20513007e-03
-6.3000e+01   2.20964625e-03
-6.2900e+01   2.21378710e-03
-6.2800e+01   2.21817374e-03
-6.2700e+01   2.22256799e-03
-6.2600e+01   2.22676226e-03
-6.2500e+01   2.23135766e-03
-6.2400e+01   2.23551499e-03
-6.2300e+01   2.24009436e-03
-6.2200e+01   2.24443875e-03
-6.2100e+01   2.24883088e-03
-6.2000e+01   2.25343743e-03
-6.1900e+01   2.25768458e-03
-6.1800e+01   2.26240569e-03
-6.1700e+01   2.26672415e-03
-6.1600e+01   2.27133230e-03
-6.1500e+01   2.27590311e-03
-6.1400e+01   2.28031241e-03
-6.1300e+01   2.28510512e-03
-6.1200e+01   2.28945631e-03
-6.1100e+01   2.29425761e-03
-6.1000e+01   2.29878279e-03
-6.0900e+01   2.30340361e-03
-6.0800e+01   2.30820102e-03
-6.0700e+01   2.31266131e-03
-6.0600e+01   2.31759914e-03
-6.0500e+01   2.32211022e-03
-6.0400e+01   2.32695392e-03
-6.0300e+01   2.33171419e-03
-6.0200e+01   2.33635480e-03
-6.0100e+01   2.34135675e-03
-6.0000e+01   2.34591831e-03
-5.9900e+01   2.35095486e-03
-5.9800e+01   2.35567552e-03
-5.9700e+01   2.36054094e-03
-5.9600e+01   2.36554205e-03
-5.9500e+01   2.37023289e-03
-5.9400e+01   2.37540039e-03
-5.9300e+01   2.38012064e-03
-5.9200e+01   2.38521509e-03
-5.9100e+01   2.39017921e-03
-5.9000e+01   2.39506872e-03
-5.8900e+01   2.40029318e-03
-5.8800e+01   2.40508317e-03
-5.8700e+01   2.41036948e-03
-5.8600e+01   2.41530198e-03
-5.8500e+01   2.42042916e-03
-5.8400e+01   2.42564835e-03
-5.8300e+01   2.43058864e-03
-5.8200e+01   2.43600012e-03
-5.8100e+01   2.44094781e-03
-5.8000e+01   2.44630946e-03
-5.7900e+01   2.45149357e-03
-5.7800e+01   2.45665101e-03
-5.7700e+01   2.46211280e-03
-5.7600e+01   2.46715096e-03
-5.7500e+01   2.47270292e-03
-5.7400e+01   2.47786545e-03
-5.7300e+01   2.48327299e-03
-5.7200e+01   2.48872638e-03
-5.7100e+01   2.49393667e-03
-5.7000e+01   2.49960797e-03
-5.6900e+01   2.50480326e-03
-5.6800e+01   2.51045004e-03
-5.6700e+01   2.51587218e-03
-5.6600e+01   2.52131820e-03
-5.6500e+01   2.52703388e-03
-5.6400e+01   2.53234187e-03
-5.6300e+01   2.53817696e-03
-5.6200e+01   2.54358974e-03
-5.6100e+01   2.54929784e-03
-5.6000e+01   2.55500351e-03
-5.5900e+01   2.56050623e-03
-5.5800e+01   2.56645496e-03
-5.5700e+01   2.57192010e-03
-5.5600e+01   2.57787163e-03
-5.5500e+01   2.58355199e-03
-5.5400e+01   2.58930905e-03
-5.5300e+01   2.59529720e-03
-5.5200e+01   2.60089873e-03
-5.5100e+01   2.60703625e-03
-5.5000e+01   2.61272180e-03
-5.4900e+01   2.61875251e-03
-5.4800e+01   2.62473077e-03
-5.4700e+01   2.63055039e-03
-5.4600e+01   2.63679621e-03
-5.4500e+01   2.64255578e-03
-5.4400e+01   2.64883360e-03
-5.4300e+01   2.65479477e-03
-5.4200e+01   2.66088741e-03
-5.4100e+01   2.66716886e-03
-5.4000e+01   2.67309003e-03
-5.3900e+01   2.67955138e-03
-5.3800e+01   2.68553474e-03
-5.3700e+01   2.69191220e-03
-5.3600e+01   2.69818588e-03
-5.3500e+01   2.70434921e-03
-5.3400e+01   2.71091409e-03
-5.3300e+01   2.71699529e-03
-5.3200e+01   2.72362316e-03
-5.3100e+01   2.72989048e-03
-5.3000e+01   2.73634556e-03
-5.2900e+01   2.74294375e-03
-5.2800e+01   2.74921325e-03
-5.2700e+01   2.75602225e-03
-5.2600e+01   2.76233132e-03
-5.2500e+01   2.76908209e-03
-5.2400e+01   2.77567688e-03
-5.2300e+01   2.78221336e-03
-5.2200e+01   2.78912196e-03
-5.2100e+01   2.79555492e-03
-5.2000e+01   2.80255915e-03
-5.1900e+01   2.80916102e-03
-5.1800e+01   2.81600807e-03
-5.1700e+01   2.82294940e-03
-5.1600e+01   2.82959891e-03
-5.1500e+01   2.83678216e-03
-5.1400e+01   2.84344808e-03
-5.1300e+01   2.85060148e-03
-5.1200e+01   2.85754629e-03
-5.1100e+01   2.86448837e-03
-5.1000e+01   2.87176842e-03
-5.0900e+01   2.87858658e-03
-5.0800e+01   2.88599643e-03
-5.0700e+01   2.89296472e-03
-5.0600e+01   2.90023632e-03
-5.0500e+01   2.90755061e-03
-5.0400e+01   2.91461516e-03
-5.0300e+01   2.92220248e-03
-5.0200e+01   2.92926001e-03
-5.0100e+01   2.93684854e-03
-5.0000e+01   2.94417601e-03
-4.9900e+01   2.95155952e-03
-4.9800e+01   2.95924232e-03
-4.9700e+01   2.96648286e-03
-4.9600e+01   2.97433102e-03
-4.9500e+01   2.98170153e-03
-4.9400e+01   2.98943380e-03
-4.9300e+01   2.99715474e-03
-4.9200e+01   3.00467317e-03
-4.9100e+01   3.01269811e-03
-4.9000e+01   3.02018616e-03
-4.8900e+01   3.02824601e-03
-4.8800e+01   3.03599299e-03
-4.8700e+01   3.04385769e-03
-4.8600e+01   3.05197862e-03
-4.8500e+01   3.05968298e-03
-4.8400e+01   3.06800609e-03
-4.8300e+01   3.07581916e-03
-4.8200e+01   3.08405222e-03
-4.8100e+01   3.09221800e-03
-4.8000e+01   3.10023353e-03
-4.7900e+01   3.10873397e-03
-4.7800e+01   3.11669614e-03
-4.7700e+01   3.12526779e-03
-4.7600e+01   3.13347597e-03
-4.7500e+01   3.14186612e-03
-4.7400e+01   3.15046529e-03
-4.7300e+01   3.15867980e-03
-4.7200e+01   3.16751910e-03
-4.7100e+01   3.17582019e-03
-4.7000e+01   3.18459889e-03
-4.6900e+01   3.19325285e-03
-4.6800e+01   3.20181373e-03
-4.6700e+01   3.21083255e-03
-4.6600e+01   3.21931786e-03
-4.6500e+01   3.22844675e-03
-4.6400e+01   3.23716340e-03
-4.6300e+01   3.24612844e-03
-4.6200e+01   3.25525145e-03
-4.6100e+01   3.26402804e-03
-4.6000e+01   3.27343015e-03
-4.5900e+01   3.28227065e-03
-4.5800e+01   3.29164527e-03
-4.5700e+01   3.30083673e-03
-4.5600e+01   3.30999700e-03
-4.5500e+01   3.31958294e-03
-4.5400e+01   3.32864662e-03
-4.5300e+01   3.33838401e-03
-4.5200e+01   3.34766282e-03
-4.5100e+01   3.35725824e-03
-4.5000e+01   3.36695709e-03
-4.4900e+01   3.37635415e-03
-4.4800e+01   3.38637195e-03
-4.4700e+01   3.39581008e-03
-4.4600e+01   3.40583727e-03
-4.4500e+01   3.41562247e-03
-4.4400e+01   3.42544292e-03
-4.4300e+01   3.43565155e-03
-4.4200e+01   3.44535599e-03
-4.4100e+01   3.45575995e-03
-4.4000e+01   3.46566203e-03
-4.3900e+01   3.47595038e-03
-4.3800e+01   3.48628450e-03
-4.3700e+01   3.49636793e-03
-4.3600e+01   3.50706167e-03
-4.3500e+01   3.51716356e-03
-4.3400e+01   3.52790744e-03
-4.3300e+01   3.53835070e-03
-4.3200e+01   3.54889995e-03
-4.3100e+01   3.55979484e-03
-4.3000e+01   3.57021080e-03
-4.2900e+01   3.58134737e-03
-4.2800e+01   3.59194254e-03
-4.2700e+01   3.60299462e-03
-4.2600e+01   3.61403215e-03
-4.2500e+01   3.62487661e-03
-4.2400e+01   3.63631519e-03
-4.2300e+01   3.64715620e-03
-4.2200e+01   3.65868966e-03
-4.2100e+01   3.66986473e-03
-4.2000e+01   3.68122060e-03
-4.1900e+01   3.69287474e-03
-4.1800e+01   3.70408271e-03
-4.1700e+01   3.71602740e-03
-4.1600e+01   3.72739558e-03
-4.1500e+01   3.73929192e-03
-4.1400e+01   3.75111124e-03
-4.1300e+01   3.76280166e-03
-4.1200e+01   3.77506420e-03
-4.1100e+01   3.78673048e-03
-4.1000e+01   3.79913680e-03
-4.0900e+01   3.81112850e-03
-4.0800e+01   3.82337965e-03
-4.0700e+01   3.83587716e-03
-4.0600e+01   3.84796907e-03
-4.0500e+01   3.86080854e-03
-4.0400e+01   3.87304159e-03
-4.0300e+01   3.88587421e-03
-4.0200e+01   3.89856580e-03
-4.0100e+01   3.91119919e-03
-4.0000e+01   3.92437695e-03
-3.9900e+01   3.93696736e-03
-3.9800e+01   3.95034214e-03
-3.9700e+01   3.96324838e-03
-3.9600e+01   3.97649629e-03
-3.9500e+01   3.98993447e-03
-3.9400e+01   4.00301576e-03
-3.9300e+01   4.01685000e-03
-3.9200e+01   4.03005381e-03
-3.9100e+01   4.04392842e-03
-3.9000e+01   4.05759710e-03
-3.8900e+01   4.07128481e-03
-3.8800e+01   4.08548349e-03
-3.8700e+01   4.09911195e-03
-3.8600e+01   4.11356546e-03
-3.8500e+01   4.12749966e-03
-3.8400e+01   4.14186110e-03
-3.8300e+01   4.15635298e-03
-3.8200e+01   4.17054513e-03
-3.8100e+01   4.18549000e-03
-3.8000e+01   4.19978720e-03
-3.7900e+01   4.21482585e-03
-3.7800e+01   4.22959350e-03
-3.7700e+01   4.24446401e-03
-3.7600e+01   4.25980658e-03
-3.7500e+01   4.27460493e-03
-3.7400e+01   4.29026507e-03
-3.7300e+01   4.30535917e-03
-3.7200e+01   4.32096915e-03
-3.7100e+01   4.33664657e-03
-3.7000e+01   4.35209026e-03
-3.6900e+01   4.36828072e-03
-3.6800e+01   4.38381390e-03
-3.6700e+01   4.40015828e-03
-3.6600e+01   4.41616727e-03
-3.6500e+01   4.43236956e-03
-3.6400e+01   4.44899978e-03
-3.6300e+01   4.46512132e-03
-3.6200e+01   4.48213723e-03
-3.6100e+01   4.49854536e-03
-3.6000e+01   4.51556095e-03
-3.5900e+01   4.53257842e-03
-3.5800e+01   4.54943733e-03
-3.5700e+01   4.56703143e-03
-3.5600e+01   4.58396718e-03
-3.5500e+01   4.60178274e-03
-3.5400e+01   4.61920011e-03
-3.5300e+01   4.63690791e-03
-3.5200e+01   4.65499471e-03
-3.5100e+01   4.67261863e-03
-3.5000e+01   4.69116518e-03
-3.4900e+01   4.70906831e-03
-3.4800e+01   4.72767324e-03
-3.4700e+01   4.74621270e-03
-3.4600e+01   4.76467844e-03
-3.4500e+01   4.78386224e-03
-3.4400e+01   4.80239623e-03
-3.4300e+01   4.82187729e-03
-3.4200e+01   4.84090001e-03
-3.4100e+01   4.86031717e-03
-3.4000e+01   4.88006006e-03
-3.3900e+01   4.89939700e-03
-3.3800e+01   4.91968046e-03
-3.3700e+01   4.93929214e-03
-3.3600e+01   4.95970268e-03
-3.3500e+01   4.97997957e-03
-3.3400e+01   5.00027773e-03
-3.3300e+01   5.02127158e-03
-3.3200e+01   5.04163488e-03
-3.3100e+01   5.06301109e-03
-3.3000e+01   5.08387274e-03
-3.2900e+01   5.10523988e-03
-3.2800e+01   5.12687591e-03
-3.2700e+01   5.14817494e-03
-3.2600e+01   5.17044013e-03
-3.2500e+01   5.19201382e-03
-3.2400e+01   5.21448624e-03
-3.2300e+01   5.23675707e-03
-3.2200e+01   5.25915498e-03
-3.2100e+01   5.28222140e-03
-3.2000e+01   5.30468861e-03
-3.1900e+01   5.32823320e-03
-3.1800e+01   5.35121234e-03
-3.1700e+01   5.37481548e-03
-3.1600e+01   5.39862796e-03
-3.1500e+01   5.42218555e-03
-3.1400e+01   5.44672497e-03
-3.1300e+01   5.47056338e-03
-3.1200e+01   5.49540342e-03
-3.1100e+01   5.51997549e-03
-3.1000e+01   5.54479215e-03
-3.0900e+01   5.57024598e-03
-3.0800e+01   5.59514553e-03
-3.0700e+01   5.62118589e-03
-3.0600e+01   5.64661686e-03
-3.0500e+01   5.67279843e-03
-3.0400e+01   5.69912820e-03
-3.0300e+01   5.72529971e-03
-3.0200e+01   5.75246526e-03
-3.0100e+01   5.77893237e-03
-3.0000e+01   5.80650749e-03
-2.9900e+01   5.83375149e-03
-2.9800e+01   5.86137031e-03
-2.9700e+01   5.88959181e-03
-2.9600e+01   5.91731938e-03
-2.9500e+01   5.94625064e-03
-2.9400e+01   5.97453759e-03
-2.9300e+01   6.00371066e-03
-2.9200e+01   6.03297072e-03
-2.9100e+01   6.06218533e-03
-2.9000e+01   6.09240358e-03
-2.8900e+01   6.12194023e-03
-2.8800e+01   6.15269557e-03
-2.8700e+01   6.18306187e-03
-2.8600e+01   6.21394742e-03
-2.8500e+01   6.24539932e-03
-2.8400e+01   6.27643529e-03
-2.8300e+01   6.30873825e-03
-2.8200e+01   6.34037341e-03
-2.8100e+01   6.37304039e-03
-2.8000e+01   6.40573503e-03
-2.7900e+01   6.43851532e-03
-2.7800e+01   6.47230754e-03
-2.7700e+01   6.50545200e-03
-2.7600e+01   6.53993135e-03
-2.7500e+01   6.57397149e-03
-2.7400e+01   6.60869148e-03
-2.7300e+01   6.64394149e-03
-2.7200e+01   6.67887403e-03
-2.7100e+01   6.71513871e-03
-2.7000e+01   6.75072658e-03
-2.6900e+01   6.78750402e-03
-2.6800e+01   6.82425416e-03
-2.6700e+01   6.86124211e-03
-2.6600e+01   6.89925088e-03
-2.6500e+01   6.93666608e-03
-2.6400e+01   6.97553981e-03
-2.6300e+01   7.01393517e-03
-2.6200e+01   7.05318977e-03
-2.6100e+01   7.09294063e-03
-2.6000e+01   7.13249654e-03
-2.5900e+01   7.17345375e-03
-2.5800e+01   7.21374350e-03
-2.5700e+01   7.25539523e-03
-2.5600e+01   7.29697249e-03
-2.5500e+01   7.33896438e-03
-2.5400e+01   7.38198932e-03
-2.5300e+01   7.42449963e-03
-2.5200e+01   7.46860232e-03
-2.5100e+01   7.51220271e-03
-2.5000e+01   7.55686419e-03
-2.4900e+01   7.60199434e-03
-2.4800e+01   7.64708075e-03
-2.4700e+01   7.69364489e-03
-2.4600e+01   7.73957430e-03
-2.4500e+01   7.78705654e-03
-2.4400e+01   7.83442947e-03
-2.4300e+01   7.88242347e-03
-2.4200e+01   7.93147002e-03
-2.4100e+01   7.98011135e-03
-2.4000e+01   8.03049321e-03
-2.3900e+01   8.08036972e-03
-2.3800e+01   8.13153679e-03
-2.3700e+01   8.18315602e-03
-2.3600e+01   8.23491779e-03
-2.3500e+01   8.28824566e-03
-2.3400e+01   8.34100166e-03
-2.3300e+01   8.39552523e-03
-2.3200e+01   8.44992322e-03
-2.3100e+01   8.50518510e-03
-2.3000e+01   8.56153204e-03
-2.2900e+01   8.61762138e-03
-2.2800e+01   8.67561971e-03
-2.2700e+01   8.73313820e-03
-2.2600e+01   8.79221158e-03
-2.2500e+01   8.85173884e-03
-2.2400e+01   8.91163857e-03
-2.2300e+01   8.97321172e-03
-2.2200e+01   9.03431513e-03
-2.2100e+01   9.09743266e-03
-2.2000e+01   9.16043573e-03
-2.1900e+01   9.22459143e-03
-2.1800e+01   9.28988602e-03
-2.1700e+01   9.35511952e-03
-2.1600e+01   9.42245970e-03
-2.1500e+01   9.48938485e-03
-2.1400e+01   9.55817459e-03
-2.1300e+01   9.62744834e-03
-2.1200e+01   9.69738040e-03
-2.1100e+01   9.76912239e-03
-2.1000e+01   9.84054900e-03
-2.0900e+01   9.91427978e-03
-2.0800e+01   9.98794716e-03
-2.0700e+01   1.00631156e-02
-2.0600e+01   1.01395104e-02
-2.0500e+01   1.02161048e-02
-2.0400e+01   1.02950460e-02
-2.0300e+01   1.03736917e-02
-2.0200e+01   1.04545726e-02
-2.0100e+01   1.05360111e-02
-2.0000e+01   1.06184672e-02
-1.9900e+01   1.07029146e-02
-1.9800e+01   1.07872719e-02
-1.9700e+01   1.08742844e-02
-1.9600e+01   1.09613430e-02
-1.9500e+01   1.10503311e-02
-1.9400e+01   1.11406854e-02
-1.9300e+01   1.12315862e-02
-1.9200e+01   1.13251368e-02
-1.9100e+01   1.14185891e-02
-1.9000e+01   1.15147310e-02
-1.8900e+01   1.16115706e-02
-1.8800e+01   1.17098868e-02
-1.8700e+01   1.18104444e-02
-1.8600e+01   1.19112357e-02
-1.8500e+01   1.20151212e-02
-1.8400e+01   1.21192492e-02
-1.8300e+01   1.22258455e-02
-1.8200e+01   1.23340292e-02
-1.8100e+01   1.24432263e-02
-1.8000e+01   1.25554704e-02
-1.7900e+01   1.26679256e-02
-1.7800e+01   1.27836450e-02
-1.7700e+01   1.29003039e-02
-1.7600e+01   1.30190383e-02
-1.7500e+01   1.31403707e-02
-1.7400e+01   1.32624019e-02
-1.7300e+01   1.33880967e-02
-1.7200e+01   1.35143609e-02
-1.7100e+01   1.36437907e-02
-1.7000e+01   1.37751564e-02
-1.6900e+01   1.39081744e-02
-1.6800e+01   1.40447815e-02
-1.6700e+01   1.41820761e-02
-1.6600e+01   1.43233864e-02
-1.6500e+01   1.44660367e-02
-1.6400e+01   1.46115648e-02
-1.6300e+01   1.47602149e-02
-1.6200e+01   1.49102385e-02
-1.6100e+01   1.50646934e-02
-1.6000e+01   1.52202462e-02
-1.5900e+01   1.53798974e-02
-1.5800e+01   1.55420353e-02
-1.5700e+01   1.57067206e-02
-1.5600e+01   1.58757645e-02
-1.5500e+01   1.60462282e-02
-1.5400e+01   1.62217295e-02
-1.5300e+01   1.63992235e-02
-1.5200e+01   1.65807046e-02
-1.5100e+01   1.67661008e-02
-1.5000e+01   1.69538661e-02
-1.4900e+01   1.71471424e-02
-1.4800e+01   1.73423648e-02
-1.4700e+01   1.75429813e-02
-1.4600e+01   1.77469637e-02
-1.4500e+01   1.79547847e-02
-1.4400e+01   1.81681010e-02
-1.4300e+01   1.83839746e-02
-1.4200e+01   1.86063349e-02
-1.4100e+01   1.88317520e-02
-1.4000e+01   1.90627472e-02
-1.3900e+01   1.92988935e-02
-1.3800e+01   1.95389144e-02
-1.3700e+01   1.97860330e-02
-1.3600e+01   2.00364677e-02
-1.3500e+01   2.02941729e-02
-1.3400e+01   2.05566713e-02
-1.3300e+01   2.08249350e-02
-1.3200e+01   2.11004410e-02
-1.3100e+01   2.13803058e-02
-1.3000e+01   2.16688069e-02
-1.2900e+01   2.19621198e-02
-1.2800e+01   2.22633873e-02
-1.2700e+01   2.25717918e-02
-1.2600e+01   2.28864187e-02
-1.2500e+01   2.32105808e-02
-1.2400e+01   2.35403101e-02
-1.2300e+01   2.38801536e-02
-1.2200e+01   2.42271578e-02
-1.2100e+01   2.45829171e-02
-1.2000e+01   2.49487133e-02
-1.1900e+01   2.53217994e-02
-1.1800e+01   2.57068644e-02
-1.1700e+01   2.60996946e-02
-1.1600e+01   2.65041923e-02
-1.1500e+01   2.69191256e-02
-1.1400e+01   2.73440778e-02
-1.1300e+01   2.77824864e-02
-1.1200e+01   2.82302581e-02
-1.1100e+01   2.86926680e-02
-1.1000e+01   2.91662790e-02
-1.0900e+01   2.96534919e-02
-1.0800e+01   3.01554059e-02
-1.0700e+01   3.06695458e-02
-1.0600e+01   3.12011299e-02
-1.0500e+01   3.17455977e-02
-1.0400e+01   3.23078284e-02
-1.0300e+01   3.28861866e-02
-1.0200e+01   3.34809737e-02
-1.0100e+01   3.40958465e-02
-1.0000e+01   3.47267146e-02
-9.9000e+00   3.53798137e-02
-9.8000e+00   3.60512706e-02
-9.7000e+00   3.67445960e-02
-9.6000e+00   3.74607909e-02
-9.5000e+00   3.81978993e-02
-9.4000e+00   3.89619038e-02
-9.3000e+00   3.97480323e-02
-9.2000e+00   4.05625208e-02
-9.1000e+00   4.14034395e-02
-9.0000e+00   4.22722027e-02
-8.9000e+00   4.31729267e-02
-8.8000e+00   4.41018111e-02
-8.7000e+00   4.50664987e-02
-8.6000e+00   4.60628791e-02
-8.5000e+00   4.70961373e-02
-8.4000e+00   4.81674524e-02
-8.3000e+00   4.92758996e-02
-8.2000e+00   5.04287423e-02
-8.1000e+00   5.16213853e-02
-8.0000e+00   5.28621743e-02
-7.9000e+00   5.41492773e-02
-7.8000e+00   5.54860382e-02
-7.7000e+00   5.68776586e-02
-7.6000e+00   5.83213431e-02
-7.5000e+00   5.98271203e-02
-7.4000e+00   6.13912951e-02
-7.3000e+00   6.30219452e-02
-7.2000e+00   6.47212723e-02
-7.1000e+00   6.64906100e-02
-7.0000e+00   6.83397957e-02
-6.9000e+00   7.02655628e-02
-6.8000e+00   7.22801288e-02
-6.7000e+00   7.43830511e-02
-6.6000e+00   7.65816065e-02
-6.5000e+00   7.88838935e-02
-6.4000e+00   8.12901547e-02
-6.3000e+00   8.38153621e-02
-6.2000e+00   8.64584076e-02
-6.1000e+00   8.92334499e-02
-6.0000e+00   9.21464805e-02
-5.9000e+00   9.52046273e-02
-5.8000e+00   9.84241532e-02
-5.7000e+00   1.01806964e-01
-5.6000e+00   1.05374236e-01
-5.5000e+00   1.09131535e-01
-5.4000e+00   1.13096178e-01
-5.3000e+00   1.17285347e-01
-5.2000e+00   1.21709302e-01
-5.1000e+00   1.26396322e-01
-5.0000e+00   1.31356180e-01
-4.9000e+00   1.36619796e-01
-4.8000e+00   1.42207691e-01
-4.7000e+00   1.48145739e-01
-4.6000e+00   1.54471178e-01
-4.5000e+00   1.61206831e-01
-4.4000e+00   1.68402198e-01
-4.3000e+00   1.76089052e-01
-4.2000e+00   1.84319585e-01
-4.1000e+00   1.93147358e-01
-4.0000e+00   2.02624131e-01
-3.9000e+00   2.12828824e-01
-3.8000e+00   2.23823143e-01
-3.7000e+00   2.35705035e-01
-3.6000e+00   2.48565504e-01
-3.5000e+00   2.62516176e-01
-3.4000e+00   2.77693627e-01
-3.3000e+00   2.94232279e-01
-3.2000e+00   3.12320242e-01
-3.1000e+00   3.32142459e-01
-3.0000e+00   3.53941306e-01
-2.9000e+00   3.77990362e-01
-2.8000e+00   4.04604587e-01
-2.7000e+00   4.34184676e-01
-2.6000e+00   4.67170109e-01
-2.5000e+00   5.04132243e-01
-2.4000e+00   5.45728696e-01
-2.3000e+00   5.92779119e-01
-2.2000e+00   6.46300217e-01
-2.1000e+00   7.07523210e-01
-2.0000e+00   7.78043349e-01
-1.9000e+00   8.59827107e-01
-1.8000e+00   9.55447515e-01
-1.7000e+00   1.06822436e+00
-1.6000e+00   1.20253260e+00
-1.5000e+00   1.36428147e+00
-1.4000e+00   1.56147293e+00
-1.3000e+00   1.80535148e+00
-1.2000e+00   2.11189635e+00
-1.1000e+00   2.50460499e+00
-1.0000e+00   3.01907162e+00
-9.0000e-01   3.71120897e+00
-8.0000e-01   4.67308743e+00
-7.0000e-01   6.06443510e+00
-6.0000e-01   8.18220497e+00
-5.0000e-01   1.16275004e+01
-4.0000e-01   1.77616818e+01
-3.0000e-01   3.01650788e+01
-2.0000e-01   6.02855030e+01
-1.0000e-01   1.50644187e+02
0.0000e+00   3.01240774e+02
1.0000e-01   1.50647276e+02
2.0000e-01   6.02916821e+01
3.0000e-01   3.01743509e+01
4.0000e-01   1.77740512e+01
5.0000e-01   1.16429726e+01
6.0000e-01   8.20078688e+00
7.0000e-01   6.08613507e+00
8.0000e-01   4.69791514e+00
9.0000e-01   3.73917544e+00
1.0000e+00   3.05018925e+00
1.1000e+00   2.53888747e+00
1.2000e+00   2.14935871e+00
1.3000e+00   1.84601004e+00
1.4000e+00   1.60534529e+00
1.5000e+00   1.41138650e+00
1.6000e+00   1.25289041e+00
1.7000e+00   1.12185628e+00
1.8000e+00   1.01237607e+00
1.9000e+00   9.20076008e-01
2.0000e+00   8.41637453e-01
2.1000e+00   7.74488497e-01
2.2000e+00   7.16663765e-01
2.3000e+00   6.66569073e-01
2.4000e+00   6.22974238e-01
2.5000e+00   5.84863562e-01
2.6000e+00   5.51418369e-01
2.7000e+00   5.21981984e-01
2.8000e+00   4.95983954e-01
2.9000e+00   4.72985674e-01
3.0000e+00   4.52587282e-01
3.1000e+00   4.34474618e-01
3.2000e+00   4.18374865e-01
3.3000e+00   4.04046367e-01
3.4000e+00   3.91304863e-01
3.5000e+00   3.79962885e-01
3.6000e+00   3.69886612e-01
3.7000e+00   3.60940026e-01
3.8000e+00   3.53012018e-01
3.9000e+00   3.46012057e-01
4.0000e+00   3.39842624e-01
4.1000e+00   3.34442400e-01
4.2000e+00   3.29732807e-01
4.3000e+00   3.25662379e-01
4.4000e+00   3.22177807e-01
4.5000e+00   3.19227104e-01
4.6000e+00   3.16778657e-01
4.7000e+00   3.14783078e-01
4.8000e+00   3.13217614e-01
4.9000e+00   3.12045046e-01
5.0000e+00   3.11239477e-01
5.1000e+00   3.10780314e-01
5.2000e+00   3.10636521e-01
5.3000e+00   3.10798163e-01
5.4000e+00   3.11236750e-01
5.5000e+00   3.11941770e-01
5.6000e+00   3.12895743e-01
5.7000e+00   3.14081008e-01
5.8000e+00   3.15491612e-01
5.9000e+00   3.17105946e-01
6.0000e+00   3.18921632e-01
6.1000e+00   3.20921889e-01
6.2000e+00   3.23099030e-01
6.3000e+00   3.25446466e-01
6.4000e+00   3.27949397e-01
6.5000e+00   3.30608252e-01
6.6000e+00   3.33407342e-01
6.7000e+00   3.36345668e-01
6.8000e+00   3.39414341e-01
6.9000e+00   3.42605257e-01
7.0000e+00   3.45917997e-01
7.1000e+00   3.49339449e-01
7.2000e+00   3.52871954e-01
7.3000e+00   3.56504719e-01
7.4000e+00   3.60235423e-01
7.5000e+00   3.64060851e-01
7.6000e+00   3.67971887e-01
7.7000e+00   3.71971160e-01
7.8000e+00   3.76047554e-01
7.9000e+00   3.80202755e-01
8.0000e+00   3.84430432e-01
8.1000e+00   3.88726092e-01
8.2000e+00   3.93090403e-01
8.3000e+00   3.97513839e-01
8.4000e+00   4.01999801e-01
8.5000e+00   4.06539822e-01
8.6000e+00   4.11133613e-01
8.7000e+00   4.15778771e-01
8.8000e+00   4.20468884e-01
8.9000e+00   4.25206829e-01
9.0000e+00   4.29983730e-01
9.1000e+00   4.34802151e-01
9.2000e+00   4.39656745e-01
9.3000e+00   4.44544865e-01
9.4000e+00   4.49467220e-01
9.5000e+00   4.54416355e-01
9.6000e+00   4.59395837e-01
9.7000e+00   4.64398486e-01
9.8000e+00   4.69425076e-01
9.9000e+00   4.74473440e-01
1.0000e+01   4.79538916e-01
1.0100e+01   4.84624247e-01
1.0200e+01   4.89722087e-01
1.0300e+01   4.94835438e-01
1.0400e+01   4.99959583e-01
1.0500e+01   5.05093183e-01
1.0600e+01   5.10236865e-01
1.0700e+01   5.15384773e-01
1.0800e+01   5.20540520e-01
1.0900e+01   5.25697976e-01
1.1000e+01   5.30858736e-01
1.1100e+01   5.36020861e-01
1.1200e+01   5.41181145e-01
1.1300e+01   5.46342261e-01
1.1400e+01   5.51498211e-01
1.1500e+01   5.56652406e-01
1.1600e+01   5.61800770e-01
1.1700e+01   5.66943127e-01
1.1800e+01   5.72080161e-01
1.1900e+01   5.77207469e-01
1.2000e+01   5.82328810e-01
1.2100e+01   5.87439092e-01
1.2200e+01   5.92540705e-01
1.2300e+01   5.97632063e-01
1.2400e+01   6.02711317e-01
1.2500e+01   6.07781218e-01
1.2600e+01   6.12837067e-01
1.2700e+01   6.17882733e-01
1.2800e+01   6.22914858e-01
1.2900e+01   6.27934361e-01
1.3000e+01   6.32942118e-01
1.3100e+01   6.37935100e-01
1.3200e+01   6.42917293e-01
1.3300e+01   6.47884636e-01
1.3400e+01   6.52840283e-01
1.3500e+01   6.57783074e-01
1.3600e+01   6.62712410e-01
1.3700e+01   6.67631189e-01
1.3800e+01   6.72535927e-01
1.3900e+01   6.77430926e-01
1.4000e+01   6.82313531e-01
1.4100e+01   6.87185632e-01
1.4200e+01   6.92048317e-01
1.4300e+01   6.96899770e-01
1.4400e+01   7.01744169e-01
1.4500e+01   7.06578373e-01
1.4600e+01   7.11406150e-01
1.4700e+01   7.16226713e-01
1.4800e+01   7.21040493e-01
1.4900e+01   7.25850460e-01
1.5000e+01   7.30654138e-01
1.5100e+01   7.35456098e-01
1.5200e+01   7.40254231e-01
1.5300e+01   7.45051144e-01
1.5400e+01   7.49847995e-01
1.5500e+01   7.54643898e-01
1.5600e+01   7.59443027e-01
1.5700e+01   7.64242909e-01
1.5800e+01   7.69047647e-01
1.5900e+01   7.73856604e-01
1.6000e+01   7.78670905e-01
1.6100e+01   7.83493355e-01
1.6200e+01   7.88322153e-01
1.6300e+01   7.93161834e-01
1.6400e+01   7.98010542e-01
1.6500e+01   8.02871224e-01
1.6600e+01   8.07744832e-01
1.6700e+01   8.12631012e-01
1.6800e+01   8.17533616e-01
1.6900e+01   8.22450480e-01
1.7000e+01   8.27385650e-01
1.7100e+01   8.32338318e-01
1.7200e+01   8.37309875e-01
1.7300e+01   8.42302634e-01
1.7400e+01   8.47315056e-01
1.7500e+01   8.52351264e-01
1.7600e+01   8.57409292e-01
1.7700e+01   8.62492001e-01
1.7800e+01   8.67599799e-01
1.7900e+01   8.72732440e-01
1.8000e+01   8.77893100e-01
1.8100e+01   8.83079534e-01
1.8200e+01   8.88295341e-01
1.8300e+01   8.93539208e-01
1.8400e+01   8.98812378e-01
1.8500e+01   9.04116355e-01
1.8600e+01   9.09449483e-01
1.8700e+01   9.14815131e-01
1.8800e+01   9.20210904e-01
1.8900e+01   9.25639220e-01
1.9000e+01   9.31099666e-01
1.9100e+01   9.36591762e-01
1.9200e+01   9.42117740e-01
1.9300e+01   9.47674991e-01
1.9400e+01   9.53266389e-01
1.9500e+01   9.58889893e-01
1.9600e+01   9.64546328e-01
1.9700e+01   9.70236202e-01
1.9800e+01   9.75957521e-01
1.9900e+01   9.81712720e-01
2.0000e+01   9.87498825e-01
2.0100e+01   9.93317629e-01
2.0200e+01   9.99167815e-01
2.0300e+01   1.00504852e+00
2.0400e+01   1.01096097e+00
2.0500e+01   1.01690213e+00
2.0600e+01   1.02287407e+00
2.0700e+01   1.02887404e+00
2.0800e+01   1.03490241e+00
2.0900e+01   1.04095874e+00
2.1000e+01   1.04704072e+00
2.1100e+01   1.05314993e+00
2.1200e+01   1.05928290e+00
2.1300e+01   1.06544088e+00
2.1400e+01   1.07162183e+00
2.1500e+01   1.07782463e+00
2.1600e+01   1.08404968e+00
2.1700e+01   1.09029370e+00
2.1800e+01   1.09655820e+00
2.1900e+01   1.10283997e+00
2.2000e+01   1.10913914e+00
2.2100e+01   1.11545466e+00
2.2200e+01   1.12178416e+00
2.2300e+01   1.12812868e+00
2.2400e+01   1.13448465e+00
2.2500e+01   1.14085310e+00
2.2600e+01   1.14723163e+00
2.2700e+01   1.15361923e+00
2.2800e+01   1.16001593e+00
2.2900e+01   1.16641863e+00
2.3000e+01   1.17282865e+00
2.3100e+01   1.17924281e+00
2.3200e+01   1.18566143e+00
2.3300e+01   1.19208333e+00
2.3400e+01   1.19850656e+00
2.3500e+01   1.20493210e+00
2.3600e+01   1.21135674e+00
2.3700e+01   1.21778179e+00
2.3800e+01   1.22420503e+00
2.3900e+01   1.23062602e+00
2.4000e+01   1.23704493e+00
2.4100e+01   1.24345931e+00
2.4200e+01   1.24987083e+00
2.4300e+01   1.25627683e+00
2.4400e+01   1.26267829e+00
2.4500e+01   1.26907440e+00
2.4600e+01   1.27546410e+00
2.4700e+01   1.28184877e+00
2.4800e+01   1.28822606e+00
2.4900e+01   1.29459794e+00
2.5000e+01   1.30096286e+00
2.5100e+01   1.30732135e+00
2.5200e+01   1.31367411e+00
2.5300e+01   1.32001976e+00
2.5400e+01   1.32636066e+00
2.5500e+01   1.33269504e+00
2.5600e+01   1.33902487e+00
2.5700e+01   1.34535002e+00
2.5800e+01   1.35167058e+00
2.5900e+01   1.35798864e+00
2.6000e+01   1.36430291e+00
2.6100e+01   1.37061626e+00
2.6200e+01   1.37692799e+00
2.6300e+01   1.38323974e+00
2.6400e+01   1.38955293e+00
2.6500e+01   1.39586731e+00
2.6600e+01   1.40218601e+00
2.6700e+01   1.40850823e+00
2.6800e+01   1.41483689e+00
2.6900e+01   1.42117259e+00
2.7000e+01   1.42751652e+00
2.7100e+01   1.43387138e+00
2.7200e+01   1.44023686e+00
2.7300e+01   1.44661660e+00
2.7400e+01   1.45301059e+00
2.7500e+01   1.45942140e+00
2.7600e+01   1.46585092e+00
2.7700e+01   1.47229982e+00
2.7800e+01   1.47877171e+00
2.7900e+01   1.48526645e+00
2.8000e+01   1.49178759e+00
2.8100e+01   1.49833611e+00
2.8200e+01   1.50491388e+00
2.8300e+01   1.51152384e+00
2.8400e+01   1.51816625e+00
2.8500e+01   1.52484500e+00
2.8600e+01   1.53156036e+00
2.8700e+01   1.53831528e+00
2.8800e+01   1.54511166e+00
2.8900e+01   1.55195053e+00
2.9000e+01   1.55883542e+00
2.9100e+01   1.56576633e+00
2.9200e+01   1.57274682e+00
2.9300e+01   1.57977769e+00
2.9400e+01   1.58686089e+00
2.9500e+01   1.59399899e+00
2.9600e+01   1.60119219e+00
2.9700e+01   1.60844404e+00
2.9800e+01   1.61575447e+00
2.9900e+01   1.62312617e+00
3.0000e+01   1.63056042e+00
3.0100e+01   1.63805800e+00
3.0200e+01   1.64562175e+00
3.0300e+01   1.65325118e+00
3.0400e+01   1.66094927e+00
3.0500e+01   1.66871604e+00
3.0600e+01   1.67655292e+00
3.0700e+01   1.68446155e+00
3.0800e+01   1.69244153e+00
3.0900e+01   1.70049547e+00
3.1000e+01   1.70862248e+00
3.1100e+01   1.71682444e+00
3.1200e+01   1.72510158e+00
3.1300e+01   1.73345392e+00
3.1400e+01   1.74188315e+00
3.1500e+01   1.75038794e+00
3.1600e+01   1.75897022e+00
3.1700e+01   1.76762892e+00
3.1800e+01   1.77636459e+00
3.1900e+01   1.78517762e+00
3.2000e+01   1.79406673e+00
3.2100e+01   1.80303337e+00
3.2200e+01   1.81207560e+00
3.2300e+01   1.82119431e+00
3.2400e+01   1.83038852e+00
3.2500e+01   1.83965738e+00
3.2600e+01   1.84900139e+00
3.2700e+01   1.85841826e+00
3.2800e+01   1.86790890e+00
3.2900e+01   1.87747118e+00
3.3000e+01   1.88710480e+00
3.3100e+01   1.89680904e+00
3.3200e+01   1.90658185e+00
3.3300e+01   1.91642368e+00
3.3400e+01   1.92633175e+00
3.3500e+01   1.93630618e+00
3.3600e+01   1.94634508e+00
3.3700e+01   1.95644701e+00
3.3800e+01   1.96661159e+00
3.3900e+01   1.97683600e+00
3.4000e+01   1.98712049e+00
3.4100e+01   1.99746230e+00
3.4200e+01   2.00786075e+00
3.4300e+01   2.01831448e+00
3.4400e+01   2.02882119e+00
3.4500e+01   2.03938086e+00
3.4600e+01   2.04999043e+00
3.4700e+01   2.06064986e+00
3.4800e+01   2.07135692e+00
3.4900e+01   2.08211021e+00
3.5000e+01   2.09290914e+00
3.5100e+01   2.10375099e+00
3.5200e+01   2.11463602e+00
3.5300e+01   2.12556155e+00
3.5400e+01   2.13652718e+00
3.5500e+01   2.14753164e+00
3.5600e+01   2.15857310e+00
3.5700e+01   2.16965174e+00
3.5800e+01   2.18076500e+00
3.5900e+01   2.19191333e+00
3.6000e+01   2.20309494e+00
3.6100e+01   2.21430918e+00
3.6200e+01   2.22555591e+00
3.6300e+01   2.23683327e+00
3.6400e+01   2.24814217e+00
3.6500e+01   2.25948075e+00
3.6600e+01   2.27084953e+00
3.6700e+01   2.28224799e+00
3.6800e+01   2.29367540e+00
3.6900e+01   2.30513278e+00
3.7000e+01   2.31661867e+00
3.7100e+01   2.32813456e+00
3.7200e+01   2.33967968e+00
3.7300e+01   2.35125462e+00
3.7400e+01   2.36286024e+00
3.7500e+01   2.37449598e+00
3.7600e+01   2.38616387e+00
3.7700e+01   2.39786323e+00
3.7800e+01   2.40959591e+00
3.7900e+01   2.42136248e+00
3.8000e+01   2.43316359e+00
3.8100e+01   2.44500139e+00
3.8200e+01   2.45687574e+00
3.8300e+01   2.46878938e+00
3.8400e+01   2.48074269e+00
3.8500e+01   2.49273763e+00
3.8600e+01   2.50477612e+00
3.8700e+01   2.51685891e+00
3.8800e+01   2.52898915e+00
3.8900e+01   2.54116733e+00
3.9000e+01   2.55339646e+00
3.9100e+01   2.56567810e+00
3.9200e+01   2.57801411e+00
3.9300e+01   2.59040753e+00
3.9400e+01   2.60285928e+00
3.9500e+01   2.61537302e+00
3.9600e+01   2.62794997e+00
3.9700e+01   2.64059305e+00
3.9800e+01   2.65330482e+00
3.9900e+01   2.66608690e+00
4.0000e+01   2.67894303e+00
4.0100e+01   2.69187433e+00
4.0200e+01   2.70488443e+00
4.0300e+01   2.71797526e+00
4.0400e+01   2.73114924e+00
4.0500e+01   2.74440965e+00
4.0600e+01   2.75775778e+00
4.0700e+01   2.77119749e+00
4.0800e+01   2.78473008e+00
4.0900e+01   2.79835867e+00
4.1000e+01   2.81208567e+00
4.1100e+01   2.82591278e+00
4.1200e+01   2.83984349e+00
4.1300e+01   2.85387872e+00
4.1400e+01   2.86802187e+00
4.1500e+01   2.88227439e+00
4.1600e+01   2.89663842e+00
4.1700e+01   2.91111657e+00
4.1800e+01   2.92570966e+00
4.1900e+01   2.94042087e+00
4.2000e+01   2.95525076e+00
4.2100e+01   2.97020175e+00
4.2200e+01   2.98527529e+00
4.2300e+01   3.00047232e+00
4.2400e+01   3.01579524e+00
4.2500e+01   3.03124403e+00
4.2600e+01   3.04682102e+00
4.2700e+01   3.06252646e+00
4.2800e+01   3.07836146e+00
4.2900e+01   3.09432728e+00
4.3000e+01   3.11042361e+00
4.3100e+01   3.12665229e+00
4.3200e+01   3.14301254e+00
4.3300e+01   3.15950553e+00
4.3400e+01   3.17613121e+00
4.3500e+01   3.19288926e+00
4.3600e+01   3.20978059e+00
4.3700e+01   3.22680381e+00
4.3800e+01   3.24395985e+00
4.3900e+01   3.26124746e+00
4.4000e+01   3.27866645e+00
4.4100e+01   3.29621653e+00
4.4200e+01   3.31389612e+00
4.4300e+01   3.33170559e+00
4.4400e+01   3.34964282e+00
4.4500e+01   3.36770769e+00
4.4600e+01   3.38589874e+00
4.4700e+01   3.40421450e+00
4.4800e+01   3.42265452e+00
4.4900e+01   3.44121630e+00
4.5000e+01   3.45989961e+00
4.5100e+01   3.47870203e+00
4.5200e+01   3.49762244e+00
4.5300e+01   3.51665943e+00
4.5400e+01   3.53581059e+00
4.5500e+01   3.55507537e+00
4.5600e+01   3.57445083e+00
4.5700e+01   3.59393618e+00
4.5800e+01   3.61352919e+00
4.5900e+01   3.63322792e+00
4.6000e+01   3.65303128e+00
4.6100e+01   3.67293639e+00
4.6200e+01   3.69294262e+00
4.6300e+01   3.71304724e+00
4.6400e+01   3.73324896e+00
4.6500e+01   3.75354615e+00
4.6600e+01   3.77393641e+00
4.6700e+01   3.79441914e+00
4.6800e+01   3.81499150e+00
4.6900e+01   3.83565290e+00
4.7000e+01   3.85640124e+00
4.7100e+01   3.87723499e+00
4.7200e+01   3.89815334e+00
4.7300e+01   3.91915389e+00
4.7400e+01   3.94023651e+00
4.7500e+01   3.96139895e+00
4.7600e+01   3.98264066e+00
4.7700e+01   4.00396053e+00
4.7800e+01   4.02535700e+00
4.7900e+01   4.04683011e+00
4.8000e+01   4.06837788e+00
4.8100e+01   4.09000056e+00
4.8200e+01   4.11169682e+00
4.8300e+01   4.13346613e+00
4.8400e+01   4.15530847e+00
4.8500e+01   4.17722243e+00
4.8600e+01   4.19920877e+00
4.8700e+01   4.22126615e+00
4.8800e+01   4.24339499e+00
4.8900e+01   4.26559499e+00
4.9000e+01   4.28786560e+00
4.9100e+01   4.31020764e+00
4.9200e+01   4.33262002e+00
4.9300e+01   4.35510379e+00
4.9400e+01   4.37765835e+00
4.9500e+01   4.40028399e+00
4.9600e+01   4.42298122e+00
4.9700e+01   4.44574936e+00
4.9800e+01   4.46858968e+00
4.9900e+01   4.49150129e+00
5.0000e+01   4.51448510e+00
5.0100e+01   4.53754104e+00
5.0200e+01   4.56066892e+00
5.0300e+01   4.58386964e+00
5.0400e+01   4.60714220e+00
5.0500e+01   4.63048768e+00
5.0600e+01   4.65390526e+00
5.0700e+01   4.67739513e+00
5.0800e+01   4.70095738e+00
5.0900e+01   4.72459097e+00
5.1000e+01   4.74829660e+00
5.1100e+01   4.77207272e+00
5.1200e+01   4.79591956e+00
5.1300e+01   4.81983608e+00
5.1400e+01   4.84382122e+00
5.1500e+01   4.86787472e+00
5.1600e+01   4.89199444e+00
5.1700e+01   4.91618015e+00
5.1800e+01   4.94042958e+00
5.1900e+01   4.96474150e+00
5.2000e+01   4.98911428e+00
5.2100e+01   5.01354528e+00
5.2200e+01   5.03803331e+00
5.2300e+01   5.06257496e+00
5.2400e+01   5.08716851e+00
5.2500e+01   5.11181077e+00
5.2600e+01   5.13649866e+00
5.2700e+01   5.16122959e+00
5.2800e+01   5.18599921e+00
5.2900e+01   5.21080495e+00
5.3000e+01   5.23564211e+00
5.3100e+01   5.26050709e+00
5.3200e+01   5.28539567e+00
5.3300e+01   5.31030281e+00
5.3400e+01   5.33522472e+00
5.3500e+01   5.36015543e+00
5.3600e+01   5.38509071e+00
5.3700e+01   5.41002470e+00
5.3800e+01   5.43495186e+00
5.3900e+01   5.45986695e+00
5.4000e+01   5.48476315e+00
5.4100e+01   5.50963534e+00
5.4200e+01   5.53447632e+00
5.4300e+01   5.55928015e+00
5.4400e+01   5.58404011e+00
5.4500e+01   5.60874893e+00
5.4600e+01   5.63340048e+00
5.4700e+01   5.65798663e+00
5.4800e+01   5.68250106e+00
5.4900e+01   5.70693580e+00
5.5000e+01   5.73128346e+00
5.5100e+01   5.75553686e+00
5.5200e+01   5.77968750e+00
5.5300e+01   5.80372859e+00
5.5400e+01   5.82765138e+00
5.5500e+01   5.85144856e+00
5.5600e+01   5.87511203e+00
5.5700e+01   5.89863344e+00
5.5800e+01   5.92200552e+00
5.5900e+01   5.94521926e+00
5.6000e+01   5.96826754e+00
5.6100e+01   5.99114166e+00
5.6200e+01   6.01383380e+00
5.6300e+01   6.03633626e+00
5.6400e+01   6.05864035e+00
5.6500e+01   6.08073911e+00
5.6600e+01   6.10262376e+00
5.6700e+01   6.12428717e+00
5.6800e+01   6.14572140e+00
5.6900e+01   6.16691856e+00
5.7000e+01   6.18787181e+00
5.7100e+01   6.20857280e+00
5.7200e+01   6.22901514e+00
5.7300e+01   6.24919095e+00
5.7400e+01   6.26909343e+00
5.7500e+01   6.28871585e+00
5.7600e+01   6.30805078e+00
5.7700e+01   6.32709246e+00
5.7800e+01   6.34583346e+00
5.7900e+01   6.36426814e+00
5.8000e+01   6.38238999e+00
5.8100e+01   6.40019282e+00
5.8200e+01   6.41767134e+00
5.8300e+01   6.43481897e+00
5.8400e+01   6.45163111e+00
5.8500e+01   6.46810165e+00
5.8600e+01   6.48422575e+00
5.8700e+01   6.49999850e+00
5.8800e+01   6.51541448e+00
5.8900e+01   6.53046987e+00
5.9000e+01   6.54515922e+00
5.9100e+01   6.55947895e+00
5.9200e+01   6.57342448e+00
5.9300e+01   6.58699174e+00
5.9400e+01   6.60017739e+00
5.9500e+01   6.61297692e+00
5.9600e+01   6.62538774e+00
5.9700e+01   6.63740568e+00
5.9800e+01   6.64902799e+00
5.9900e+01   6.66025162e+00
6.0000e+01   6.67107318e+00
6.0100e+01   6.68149072e+00
6.0200e+01   6.69150069e+00
6.0300e+01   6.70110142e+00
6.0400e+01   6.71029007e+00
6.0500e+01   6.71906449e+00
6.0600e+01   6.72742301e+00
6.0700e+01   6.73536293e+00
6.0800e+01   6.74288333e+00
6.0900e+01   6.74998171e+00
6.1000e+01   6.75665702e+00
6.1100e+01   6.76290772e+00
6.1200e+01   6.76873213e+00
6.1300e+01   6.77412976e+00
6.1400e+01   6.77909863e+00
6.1500e+01   6.78363860e+00
6.1600e+01   6.78774828e+00
6.1700e+01   6.79142706e+00
6.1800e+01   6.79467465e+00
6.1900e+01   6.79748988e+00
6.2000e+01   6.79987324e+00
6.2100e+01   6.80182365e+00
6.2200e+01   6.80334156e+00
6.2300e+01   6.80442682e+00
6.2400e+01   6.80507926e+00
6.2500e+01   6.80529982e+00
6.2600e+01   6.80508802e+00
6.2700e+01   6.80444525e+00
6.2800e+01   6.80337159e+00
6.2900e+01   6.80186807e+00
6.3000e+01   6.79993591e+00
6.3100e+01   6.79757561e+00
6.3200e+01   6.79478932e+00
6.3300e+01   6.79157764e+00
6.3400e+01   6.78794283e+00
6.3500e+01   6.78388643e+00
6.3600e+01   6.77941022e+00
6.3700e+01   6.77451695e+00
6.3800e+01   6.76920814e+00
6.3900e+01   6.76348718e+00
6.4000e+01   6.75735615e+00
6.4100e+01   6.75081826e+00
6.4200e+01   6.74387682e+00
6.4300e+01   6.73653463e+00
6.4400e+01   6.72879606e+00
6.4500e+01   6.72066403e+00
6.4600e+01   6.71214323e+00
6.4700e+01   6.70323756e+00
6.4800e+01   6.69395136e+00
6.4900e+01   6.68428982e+00
6.5000e+01   6.67425706e+00
6.5100e+01   6.66385908e+00
6.5200e+01   6.65310055e+00
6.5300e+01   6.64198743e+00
6.5400e+01   6.63052563e+00
6.5500e+01   6.61872072e+00
6.5600e+01   6.60657977e+00
6.5700e+01   6.59410844e+00
6.5800e+01   6.58131419e+00
6.5900e+01   6.56820359e+00
6.6000e+01   6.55478381e+00
6.6100e+01   6.54106266e+00
6.6200e+01   6.52704703e+00
6.6300e+01   6.51274555e+00
6.6400e+01   6.49816550e+00
6.6500e+01   6.48331551e+00
6.6600e+01   6.46820393e+00
6.6700e+01   6.45283892e+00
6.6800e+01   6.43722989e+00
6.6900e+01   6.42138489e+00
6.7000e+01   6.40531369e+00
6.7100e+01   6.38902499e+00
6.7200e+01   6.37252813e+00
6.7300e+01   6.35583289e+00
6.7400e+01   6.33894810e+00
6.7500e+01   6.32188418e+00
6.7600e+01   6.30465009e+00
6.7700e+01   6.28725607e+00
6.7800e+01   6.26971185e+00
6.7900e+01   6.25202700e+00
6.8000e+01   6.23421205e+00
6.8100e+01   6.21627614e+00
6.8200e+01   6.19822995e+00
6.8300e+01   6.18008292e+00
6.8400e+01   6.16184509e+00
6.8500e+01   6.14352662e+00
6.8600e+01   6.12513675e+00
6.8700e+01   6.10668606e+00
6.8800e+01   6.08818351e+00
6.8900e+01   6.06963928e+00
6.9000e+01   6.05106275e+00
6.9100e+01   6.03246312e+00
6.9200e+01   6.01385032e+00
6.9300e+01   5.99523276e+00
6.9400e+01   5.97662029e+00
6.9500e+01   5.95802127e+00
6.9600e+01   5.93944465e+00
6.9700e+01   5.92089924e+00
6.9800e+01   5.90239289e+00
6.9900e+01   5.88393458e+00
7.0000e+01   5.86553159e+00
7.0100e+01   5.84719232e+00
7.0200e+01   5.82892414e+00
7.0300e+01   5.81073431e+00
7.0400e+01   5.79263051e+00
7.0500e+01   5.77461896e+00
7.0600e+01   5.75670715e+00
7.0700e+01   5.73890094e+00
7.0800e+01   5.72120685e+00
7.0900e+01   5.70363098e+00
7.1000e+01   5.68617860e+00
7.1100e+01   5.66885590e+00
7.1200e+01   5.65166734e+00
7.1300e+01   5.63461854e+00
7.1400e+01   5.61771389e+00
7.1500e+01   5.60095778e+00
7.1600e+01   5.58435487e+00
7.1700e+01   5.56790841e+00
7.1800e+01   5.55162288e+00
7.1900e+01   5.53550107e+00
7.2000e+01   5.51954652e+00
7.2100e+01   5.50376223e+00
7.2200e+01   5.48815048e+00
7.2300e+01   5.47271441e+00
7.2400e+01   5.45745547e+00
7.2500e+01   5.44237630e+00
7.2600e+01   5.42747827e+00
7.2700e+01   5.41276292e+00
7.2800e+01   5.39823191e+00
7.2900e+01   5.38388569e+00
7.3000e+01   5.36972589e+00
7.3100e+01   5.35575250e+00
7.3200e+01   5.34196640e+00
7.3300e+01   5.32836782e+00
7.3400e+01   5.31495649e+00
7.3500e+01   5.30173293e+00
7.3600e+01   5.28869611e+00
7.3700e+01   5.27584625e+00
7.3800e+01   5.26318230e+00
7.3900e+01   5.25070353e+00
7.4000e+01   5.23840932e+00
7.4100e+01   5.22629797e+00
7.4200e+01   5.21436899e+00
7.4300e+01   5.20262033e+00
7.4400e+01   5.19105094e+00
7.4500e+01   5.17965908e+00
7.4600e+01   5.16844277e+00
7.4700e+01   5.15740069e+00
7.4800e+01   5.14653018e+00
7.4900e+01   5.13582985e+00
7.5000e+01   5.12529707e+00
7.5100e+01   5.11492974e+00
7.5200e+01   5.10472575e+00
7.5300e+01   5.09468215e+00
7.5400e+01   5.08479716e+00
7.5500e+01   5.07506753e+00
7.5600e+01   5.06549116e+00
7.5700e+01   5.05606517e+00
7.5800e+01   5.04678667e+00
7.5900e+01   5.03765337e+00
7.6000e+01   5.02866177e+00
7.6100e+01   5.01980971e+00
7.6200e+01   5.01109377e+00
7.6300e+01   5.00251125e+00
7.6400e+01   4.99405935e+00
7.6500e+01   4.98573462e+00
7.6600e+01   4.97753478e+00
7.6700e+01   4.96945611e+00
7.6800e+01   4.96149616e+00
7.6900e+01   4.95365170e+00
7.7000e+01   4.94591958e+00
7.7100e+01   4.93829728e+00
7.7200e+01   4.93078113e+00
7.7300e+01   4.92336886e+00
7.7400e+01   4.91605696e+00
7.7500e+01   4.90884275e+00
7.7600e+01   4.90172342e+00
7.7700e+01   4.89469565e+00
7.7800e+01   4.88775724e+00
7.7900e+01   4.88090466e+00
7.8000e+01   4.87413571e+00
7.8100e+01   4.86744736e+00
7.8200e+01   4.86083685e+00
7.8300e+01   4.85430194e+00
7.8400e+01   4.84783940e+00
7.8500e+01   4.84144741e+00
7.8600e+01   4.83512288e+00
7.8700e+01   4.82886374e+00
7.8800e+01   4.82266764e+00
7.8900e+01   4.81653194e+00
7.9000e+01   4.81045503e+00
7.9100e+01   4.80443407e+00
7.9200e+01   4.79846760e+00
7.9300e+01   4.79255325e+00
7.9400e+01   4.78668914e+00
7.9500e+01   4.78087375e+00
7.9600e+01   4.77510476e+00
7.9700e+01   4.76938118e+00
7.9800e+01   4.76370081e+00
7.9900e+01   4.75806255e+00
8.0000e+01   4.75246495e+00
8.0100e+01   4.74690639e+00
8.0200e+01   4.74138622e+00
8.0300e+01   4.73590262e+00
8.0400e+01   4.73045519e+00
8.0500e+01   4.72504257e+00
8.0600e+01   4.71966401e+00
8.0700e+01   4.71431900e+00
8.0800e+01   4.70900634e+00
8.0900e+01   4.70372616e+00
8.1000e+01   4.69847733e+00
8.1100e+01   4.69325990e+00
8.1200e+01   4.68807348e+00
8.1300e+01   4.68291763e+00
8.1400e+01   4.67779276e+00
8.1500e+01   4.67269819e+00
8.1600e+01   4.66763462e+00
8.1700e+01   4.66260176e+00
8.1800e+01   4.65759999e+00
8.1900e+01   4.65262982e+00
8.2000e+01   4.64769116e+00
8.2100e+01   4.64278515e+00
8.2200e+01   4.63791167e+00
8.2300e+01   4.63307184e+00
8.2400e+01   4.62826615e+00
8.2500e+01   4.62349521e+00
8.2600e+01   4.61876030e+00
8.2700e+01   4.61406164e+00
8.2800e+01   4.60940084e+00
8.2900e+01   4.60477839e+00
8.3000e+01   4.60019554e+00
8.3100e+01   4.59565349e+00
8.3200e+01   4.59115296e+00
8.3300e+01   4.58669572e+00
8.3400e+01   4.58228234e+00
8.3500e+01   4.57791455e+00
8.3600e+01   4.57359339e+00
8.3700e+01   4.56932004e+00
8.3800e+01   4.56509621e+00
8.3900e+01   4.56092262e+00
8.4000e+01   4.55680126e+00
8.4100e+01   4.55273294e+00
8.4200e+01   4.54871929e+00
8.4300e+01   4.54476170e+00
8.4400e+01   4.54086116e+00
8.4500e+01   4.53701960e+00
8.4600e+01   4.53323768e+00
8.4700e+01   4.52951729e+00
8.4800e+01   4.52585942e+00
8.4900e+01   4.52226533e+00
8.5000e+01   4.51873662e+00
8.5100e+01   4.51527396e+00
8.5200e+01   4.51187919e+00
8.5300e+01   4.50855293e+00
8.5400e+01   4.50529664e+00
8.5500e+01   4.50211142e+00
8.5600e+01   4.49899803e+00
8.5700e+01   4.49595801e+00
8.5800e+01   4.49299172e+00
8.5900e+01   4.49010066e+00
8.6000e+01   4.48728536e+00
8.6100e+01   4.48454669e+00
8.6200e+01   4.48188573e+00
8.6300e+01   4.47930268e+00
8.6400e+01   4.47679887e+00
8.6500e+01   4.47437434e+00
8.6600e+01   4.47203004e+00
8.6700e+01   4.46976643e+00
8.6800e+01   4.46758373e+00
8.6900e+01   4.46548285e+00
8.7000e+01   4.46346352e+00
8.7100e+01   4.46152665e+00
8.7200e+01   4.45967207e+00
8.7300e+01   4.45790011e+00
8.7400e+01   4.45621110e+00
8.7500e+01   4.45460467e+00
8.7600e+01   4.45308148e+00
8.7700e+01   4.45164091e+00
8.7800e+01   4.45028334e+00
8.7900e+01   4.44900851e+00
8.8000e+01   4.44781609e+00
8.8100e+01   4.44670634e+00
8.8200e+01   4.44567841e+00
8.8300e+01   4.44473262e+00
8.8400e+01   4.44386820e+00
8.8500e+01   4.44308496e+00
8.8600e+01   4.44238266e+00
8.8700e+01   4.44176043e+00
8.8800e+01   4.44121841e+00
8.8900e+01   4.44075551e+00
8.9000e+01   4.44037166e+00
8.9100e+01   4.44006612e+00
8.9200e+01   4.43983821e+00
8.9300e+01   4.43968775e+00
8.9400e+01   4.43961354e+00
8.9500e+01   4.43961558e+00
8.9600e+01   4.43969275e+00
8.9700e+01   4.43984463e+00
8.9800e+01   4.44007065e+00
8.9900e+01   4.44036978e+00
9.0000e+01   4.44074191e+00
9.0100e+01   4.44118577e+00
9.0200e+01   4.44170119e+00
9.0300e+01   4.44228724e+00
9.0400e+01   4.44294321e+00
9.0500e+01   4.44366880e+00
9.0600e+01   4.44446281e+00
9.0700e+01   4.44532521e+00
9.0800e+01   4.44625487e+00
9.0900e+01   4.44725146e+00
9.1000e+01   4.44831442e+00
9.1100e+01   4.44944284e+00
9.1200e+01   4.45063672e+00
9.1300e+01   4.45189491e+00
9.1400e+01   4.45321742e+00
9.1500e+01   4.45460347e+00
9.1600e+01   4.45605260e+00
9.1700e+01   4.45756466e+00
9.1800e+01   4.45913876e+00
9.1900e+01   4.46077509e+00
9.2000e+01   4.46247280e+00
9.2100e+01   4.46423189e+00
9.2200e+01   4.46605204e+00
9.2300e+01   4.46793273e+00
9.2400e+01   4.46987425e+00
9.2500e+01   4.47187580e+00
9.2600e+01   4.47393779e+00
9.2700e+01   4.47605974e+00
9.2800e+01   4.47824163e+00
9.2900e+01   4.48048366e+00
9.3000e+01   4.48278532e+00
9.3100e+01   4.48514723e+00
9.3200e+01   4.48756887e+00
9.3300e+01   4.49005072e+00
9.3400e+01   4.49259278e+00
9.3500e+01   4.49519499e+00
9.3600e+01   4.49785798e+00
9.3700e+01   4.50058139e+00
9.3800e+01   4.50336599e+00
9.3900e+01   4.50621166e+00
9.4000e+01   4.50911881e+00
9.4100e+01   4.51208794e+00
9.4200e+01   4.51511894e+00
9.4300e+01   4.51821274e+00
9.4400e+01   4.52136917e+00
9.4500e+01   4.52458902e+00
9.4600e+01   4.52787256e+00
9.4700e+01   4.53122008e+00
9.4800e+01   4.53463241e+00
9.4900e+01   4.53810946e+00
9.5000e+01   4.54165225e+00
9.5100e+01   4.54526083e+00
9.5200e+01   4.54893585e+00
9.5300e+01   4.55267789e+00
9.5400e+01   4.55648707e+00
9.5500e+01   4.56036438e+00
9.5600e+01   4.56430976e+00
9.5700e+01   4.56832409e+00
9.5800e+01   4.57240764e+00
9.5900e+01   4.57656075e+00
9.6000e+01   4.58078423e+00
9.6100e+01   4.58507796e+00
9.6200e+01   4.58944290e+00
9.6300e+01   4.59387899e+00
9.6400e+01   4.59838680e+00
9.6500e+01   4.60296674e+00
9.6600e+01   4.60761879e+00
9.6700e+01   4.61234375e+00
9.6800e+01   4.61714130e+00
9.6900e+01   4.62201214e+00
9.7000e+01   4.62695621e+00
9.7100e+01   4.63197365e+00
9.7200e+01   4.63706487e+00
9.7300e+01   4.64222946e+00
9.7400e+01   4.64746805e+00
9.7500e+01   4.65278015e+00
9.7600e+01   4.65816602e+00
9.7700e+01   4.66362559e+00
9.7800e+01   4.66915848e+00
9.7900e+01   4.67476500e+00
9.8000e+01   4.68044443e+00
9.8100e+01   4.68619700e+00
9.8200e+01   4.69202215e+00
9.8300e+01   4.69791959e+00
9.8400e+01   4.70388922e+00
9.8500e+01   4.70993016e+00
9.8600e+01   4.71604255e+00
9.8700e+01   4.72222539e+00
9.8800e+01   4.72847848e+00
9.8900e+01   4.73480122e+00
9.9000e+01   4.74119279e+00
9.9100e+01   4.74765301e+00
9.9200e+01   4.75418066e+00
9.9300e+01   4.76077556e+00
9.9400e+01   4.76743665e+00
9.9500e+01   4.77416325e+00
9.9600e+01   4.78095476e+00
9.9700e+01   4.78780997e+00
9.9800e+01   4.79472856e+00
9.9900e+01   4.80170918e+00
1.0000e+02   4.80875129e+00
1.0010e+02   4.81585391e+00
1.0020e+02   4.82301594e+00
1.0030e+02   4.83023686e+00
1.0040e+02   4.83751520e+00
1.0050e+02   4.84485053e+00
1.0060e+02   4.85224154e+00
1.0070e+02   4.85968738e+00
1.0080e+02   4.86718723e+00
1.0090e+02   4.87473975e+00
1.0100e+02   4.88234450e+00
1.0110e+02   4.88999998e+00
1.0120e+02   4.89770562e+00
1.0130e+02   4.90546033e+00
1.0140e+02   4.91326302e+00
1.0150e+02   4.92111314e+00
1.0160e+02   4.92900925e+00
1.0170e+02   4.93695095e+00
1.0180e+02   4.94493695e+00
1.0190e+02   4.95296655e+00
1.0200e+02   4.96103896e+00
1.0210e+02   4.96915299e+00
1.0220e+02   4.97730833e+00
1.0230e+02   4.98550361e+00
1.0240e+02   4.99373847e+00
1.0250e+02   5.00201192e+00
1.0260e+02   5.01032316e+00
1.0270e+02   5.01867175e+00
1.0280e+02   5.02705649e+00
1.0290e+02   5.03547723e+00
1.0300e+02   5.04393284e+00
1.0310e+02   5.05242290e+00
1.0320e+02   5.06094680e+00
1.0330e+02   5.06950363e+00
1.0340e+02   5.07809327e+00
1.0350e+02   5.08671459e+00
1.0360e+02   5.09536747e+00
1.0370e+02   5.10405110e+00
1.0380e+02   5.11276494e+00
1.0390e+02   5.12150871e+00
1.0400e+02   5.13028144e+00
1.0410e+02   5.13908315e+00
1.0420e+02   5.14791288e+00
1.0430e+02   5.15677040e+00
1.0440e+02   5.16565522e+00
1.0450e+02   5.17456661e+00
1.0460e+02   5.18350454e+00
1.0470e+02   5.19246800e+00
1.0480e+02   5.20145699e+00
1.0490e+02   5.21047074e+00
1.0500e+02   5.21950883e+00
1.0510e+02   5.22857100e+00
1.0520e+02   5.23765634e+00
1.0530e+02   5.24676490e+00
1.0540e+02   5.25589571e+00
1.0550e+02   5.26504859e+00
1.0560e+02   5.27422299e+00
1.0570e+02   5.28341820e+00
1.0580e+02   5.29263414e+00
1.0590e+02   5.30186978e+00
1.0600e+02   5.31112510e+00
1.0610e+02   5.32039923e+00
1.0620e+02   5.32969174e+00
1.0630e+02   5.33900229e+00
1.0640e+02   5.34832994e+00
1.0650e+02   5.35767467e+00
1.0660e+02   5.36703544e+00
1.0670e+02   5.37641208e+00
1.0680e+02   5.38580391e+00
1.0690e+02   5.39521027e+00
1.0700e+02   5.40463098e+00
1.0710e+02   5.41406501e+00
1.0720e+02   5.42351233e+00
1.0730e+02   5.43297205e+00
1.0740e+02   5.44244381e+00
1.0750e+02   5.45192721e+00
1.0760e+02   5.46142141e+00
1.0770e+02   5.47092642e+00
1.0780e+02   5.48044126e+00
1.0790e+02   5.48996585e+00
1.0800e+02   5.49949960e+00
1.0810e+02   5.50904197e+00
1.0820e+02   5.51859289e+00
1.0830e+02   5.52815148e+00
1.0840e+02   5.53771787e+00
1.0850e+02   5.54729130e+00
1.0860e+02   5.55687163e+00
1.0870e+02   5.56645860e+00
1.0880e+02   5.57605160e+00
1.0890e+02   5.58565080e+00
1.0900e+02   5.59525544e+00
1.0910e+02   5.60486567e+00
1.0920e+02   5.61448103e+00
1.0930e+02   5.62410126e+00
1.0940e+02   5.63372643e+00
1.0950e+02   5.64335588e+00
1.0960e+02   5.65298990e+00
1.0970e+02   5.66262790e+00
1.0980e+02   5.67226989e+00
1.0990e+02   5.68191572e+00
1.1000e+02   5.69156492e+00
1.1010e+02   5.70121774e+00
1.1020e+02   5.71087346e+00
1.1030e+02   5.72053229e+00
1.1040e+02   5.73019375e+00
1.1050e+02   5.73985758e+00
1.1060e+02   5.74952374e+00
1.1070e+02   5.75919151e+00
1.1080e+02   5.76886104e+00
1.1090e+02   5.77853153e+00
1.1100e+02   5.78820285e+00
1.1110e+02   5.79787452e+00
1.1120e+02   5.80754584e+00
1.1130e+02   5.81721668e+00
1.1140e+02   5.82688598e+00
1.1150e+02   5.83655356e+00
1.1160e+02   5.84621844e+00
1.1170e+02   5.85587995e+00
1.1180e+02   5.86553750e+00
1.1190e+02   5.87518983e+00
1.1200e+02   5.88483654e+00
1.1210e+02   5.89447620e+00
1.1220e+02   5.90410810e+00
1.1230e+02   5.91373107e+00
1.1240e+02   5.92334382e+00
1.1250e+02   5.93294552e+00
1.1260e+02   5.94253443e+00
1.1270e+02   5.95210972e+00
1.1280e+02   5.96166970e+00
1.1290e+02   5.97121308e+00
1.1300e+02   5.98073855e+00
1.1310e+02   5.99024425e+00
1.1320e+02   5.99972913e+00
1.1330e+02   6.00919116e+00
1.1340e+02   6.01862908e+00
1.1350e+02   6.02804113e+00
1.1360e+02   6.03742555e+00
1.1370e+02   6.04678101e+00
1.1380e+02   6.05610537e+00
1.1390e+02   6.06539742e+00
1.1400e+02   6.07465512e+00
1.1410e+02   6.08387694e+00
1.1420e+02   6.09306132e+00
1.1430e+02   6.10220626e+00
1.1440e+02   6.11131061e+00
1.1450e+02   6.12037226e+00
1.1460e+02   6.12939002e+00
1.1470e+02   6.13836217e+00
1.1480e+02   6.14728714e+00
1.1490e+02   6.15616376e+00
1.1500e+02   6.16499019e+00
1.1510e+02   6.17376554e+00
1.1520e+02   6.18248813e+00
1.1530e+02   6.19115693e+00
1.1540e+02   6.19977081e+00
1.1550e+02   6.20832838e+00
1.1560e+02   6.21682904e+00
1.1570e+02   6.22527136e+00
1.1580e+02   6.23365484e+00
1.1590e+02   6.24197844e+00
1.1600e+02   6.25024141e+00
1.1610e+02   6.25844333e+00
1.1620e+02   6.26658319e+00
1.1630e+02   6.27466096e+00
1.1640e+02   6.28267578e+00
1.1650e+02   6.29062754e+00
1.1660e+02   6.29851593e+00
1.1670e+02   6.30634051e+00
1.1680e+02   6.31410154e+00
1.1690e+02   6.32179845e+00
1.1700e+02   6.32943165e+00
1.1710e+02   6.33700094e+00
1.1720e+02   6.34450644e+00
1.1730e+02   6.35194852e+00
1.1740e+02   6.35932702e+00
1.1750e+02   6.36664265e+00
1.1760e+02   6.37389532e+00
1.1770e+02   6.38108565e+00
1.1780e+02   6.38821397e+00
1.1790e+02   6.39528054e+00
1.1800e+02   6.40228618e+00
1.1810e+02   6.40923092e+00
1.1820e+02   6.41611569e+00
1.1830e+02   6.42294075e+00
1.1840e+02   6.42970669e+00
1.1850e+02   6.43641425e+00
1.1860e+02   6.44306362e+00
1.1870e+02   6.44965582e+00
1.1880e+02   6.45619099e+00
1.1890e+02   6.46266999e+00
1.1900e+02   6.46909328e+00
1.1910e+02   6.47546125e+00
1.1920e+02   6.48177477e+00
1.1930e+02   6.48803389e+00
1.1940e+02   6.49423955e+00
1.1950e+02   6.50039188e+00
1.1960e+02   6.50649141e+00
1.1970e+02   6.51253868e+00
1.1980e+02   6.51853370e+00
1.1990e+02   6.52447725e+00
1.2000e+02   6.53036916e+00
1.2010e+02   6.53621000e+00
1.2020e+02   6.54199981e+00
1.2030e+02   6.54773864e+00
1.2040e+02   6.55342687e+00
1.2050e+02   6.55906410e+00
1.2060e+02   6.56465075e+00
1.2070e+02   6.57018637e+00
1.2080e+02   6.57567098e+00
1.2090e+02   6.58110442e+00
1.2100e+02   6.58648614e+00
1.2110e+02   6.59181619e+00
1.2120e+02   6.59709371e+00
1.2130e+02   6.60231858e+00
1.2140e+02   6.60749005e+00
1.2150e+02   6.61260743e+00
1.2160e+02   6.61767028e+00
1.2170e+02   6.62267742e+00
1.2180e+02   6.62762844e+00
1.2190e+02   6.63252204e+00
1.2200e+02   6.63735742e+00
1.2210e+02   6.64213354e+00
1.2220e+02   6.64684902e+00
1.2230e+02   6.65150303e+00
1.2240e+02   6.65609387e+00
1.2250e+02   6.66062058e+00
1.2260e+02   6.66508152e+00
1.2270e+02   6.66947525e+00
1.2280e+02   6.67380046e+00
1.2290e+02   6.67805520e+00
1.2300e+02   6.68223830e+00
1.2310e+02   6.68634770e+00
1.2320e+02   6.69038194e+00
1.2330e+02   6.69433926e+00
1.2340e+02   6.69821769e+00
1.2350e+02   6.70201580e+00
1.2360e+02   6.70573133e+00
1.2370e+02   6.70936287e+00
1.2380e+02   6.71290831e+00
1.2390e+02   6.71636587e+00
1.2400e+02   6.71973388e+00
1.2410e+02   6.72301018e+00
1.2420e+02   6.72619337e+00
1.2430e+02   6.72928129e+00
1.2440e+02   6.73227242e+00
1.2450e+02   6.73516499e+00
1.2460e+02   6.73795716e+00
1.2470e+02   6.74064762e+00
1.2480e+02   6.74323436e+00
1.2490e+02   6.74571627e+00
1.2500e+02   6.74809159e+00
1.2510e+02   6.75035901e+00
1.2520e+02   6.75251735e+00
1.2530e+02   6.75456503e+00
1.2540e+02   6.75650133e+00
1.2550e+02   6.75832473e+00
1.2560e+02   6.76003456e+00
1.2570e+02   6.76162981e+00
1.2580e+02   6.76310956e+00
1.2590e+02   6.76447342e+00
1.2600e+02   6.76572037e+00
1.2610e+02   6.76685031e+00
1.2620e+02   6.76786254e+00
1.2630e+02   6.76875689e+00
1.2640e+02   6.76953327e+00
1.2650e+02   6.77019129e+00
1.2660e+02   6.77073139e+00
1.2670e+02   6.77115327e+00
1.2680e+02   6.77145749e+00
1.2690e+02   6.77164425e+00
1.2700e+02   6.77171390e+00
1.2710e+02   6.77166725e+00
1.2720e+02   6.77150456e+00
1.2730e+02   6.77122698e+00
1.2740e+02   6.77083502e+00
1.2750e+02   6.77032978e+00
1.2760e+02   6.76971235e+00
1.2770e+02   6.76898358e+00
1.2780e+02   6.76814510e+00
1.2790e+02   6.76719779e+00
1.2800e+02   6.76614338e+00
1.2810e+02   6.76498318e+00
1.2820e+02   6.76371872e+00
1.2830e+02   6.76235190e+00
1.2840e+02   6.76088406e+00
1.2850e+02   6.75931745e+00
1.2860e+02   6.75765361e+00
1.2870e+02   6.75589471e+00
1.2880e+02   6.75404281e+00
1.2890e+02   6.75209982e+00
1.2900e+02   6.75006833e+00
1.2910e+02   6.74795020e+00
1.2920e+02   6.74574814e+00
1.2930e+02   6.74346439e+00
1.2940e+02   6.74110146e+00
1.2950e+02   6.73866213e+00
1.2960e+02   6.73614871e+00
1.2970e+02   6.73356435e+00
1.2980e+02   6.73091149e+00
1.2990e+02   6.72819324e+00
1.3000e+02   6.72541254e+00
1.3010e+02   6.72257221e+00
1.3020e+02   6.71967572e+00
1.3030e+02   6.71672582e+00
1.3040e+02   6.71372615e+00
1.3050e+02   6.71067977e+00
1.3060e+02   6.70759012e+00
1.3070e+02   6.70446084e+00
1.3080e+02   6.70129511e+00
1.3090e+02   6.69809695e+00
1.3100e+02   6.69486964e+00
1.3110e+02   6.69161718e+00
1.3120e+02   6.68834328e+00
1.3130e+02   6.68505166e+00
1.3140e+02   6.68174656e+00
1.3150e+02   6.67843154e+00
1.3160e+02   6.67511102e+00
1.3170e+02   6.67178880e+00
1.3180e+02   6.66846910e+00
1.3190e+02   6.66515622e+00
1.3200e+02   6.66185407e+00
1.3210e+02   6.65856730e+00
1.3220e+02   6.65529982e+00
1.3230e+02   6.65205622e+00
1.3240e+02   6.64884075e+00
1.3250e+02   6.64565765e+00
1.3260e+02   6.64251161e+00
1.3270e+02   6.63940660e+00
1.3280e+02   6.63634742e+00
1.3290e+02   6.63333816e+00
1.3300e+02   6.63038332e+00
1.3310e+02   6.62748734e+00
1.3320e+02   6.62465430e+00
1.3330e+02   6.62188888e+00
1.3340e+02   6.61919494e+00
1.3350e+02   6.61657702e+00
1.3360e+02   6.61403912e+00
1.3370e+02   6.61158528e+00
1.3380e+02   6.60921976e+00
1.3390e+02   6.60694609e+00
1.3400e+02   6.60476851e+00
1.3410e+02   6.60269039e+00
1.3420e+02   6.60071548e+00
1.3430e+02   6.59884727e+00
1.3440e+02   6.59708881e+00
1.3450e+02   6.59544360e+00
1.3460e+02   6.59391418e+00
1.3470e+02   6.59250364e+00
1.3480e+02   6.59121434e+00
1.3490e+02   6.59004857e+00
1.3500e+02   6.58900863e+00
1.3510e+02   6.58809598e+00
1.3520e+02   6.58731256e+00
1.3530e+02   6.58665927e+00
1.3540e+02   6.58613725e+00
1.3550e+02   6.58574713e+00
1.3560e+02   6.58548897e+00
1.3570e+02   6.58536303e+00
1.3580e+02   6.58536847e+00
1.3590e+02   6.58550477e+00
1.3600e+02   6.58577049e+00
1.3610e+02   6.58616397e+00
1.3620e+02   6.58668329e+00
1.3630e+02   6.58732558e+00
1.3640e+02   6.58808824e+00
1.3650e+02   6.58896745e+00
1.3660e+02   6.58995952e+00
1.3670e+02   6.59105998e+00
1.3680e+02   6.59226380e+00
1.3690e+02   6.59356593e+00
1.3700e+02   6.59496009e+00
1.3710e+02   6.59644034e+00
1.3720e+02   6.59799959e+00
1.3730e+02   6.59963062e+00
1.3740e+02   6.60132581e+00
1.3750e+02   6.60307665e+00
1.3760e+02   6.60487488e+00
1.3770e+02   6.60671106e+00
1.3780e+02   6.60857599e+00
1.3790e+02   6.61045975e+00
1.3800e+02   6.61235200e+00
1.3810e+02   6.61424253e+00
1.3820e+02   6.61612012e+00
1.3830e+02   6.61797407e+00
1.3840e+02   6.61979281e+00
1.3850e+02   6.62156493e+00
1.3860e+02   6.62327890e+00
1.3870e+02   6.62492268e+00
1.3880e+02   6.62648486e+00
1.3890e+02   6.62795320e+00
1.3900e+02   6.62931621e+00
1.3910e+02   6.63056205e+00
1.3920e+02   6.63167904e+00
1.3930e+02   6.63265603e+00
1.3940e+02   6.63348146e+00
1.3950e+02   6.63414480e+00
1.3960e+02   6.63463517e+00
1.3970e+02   6.63494250e+00
1.3980e+02   6.63505707e+00
1.3990e+02   6.63496931e+00
1.4000e+02   6.63467080e+00
1.4010e+02   6.63415292e+00
1.4020e+02   6.63340833e+00
1.4030e+02   6.63242989e+00
1.4040e+02   6.63121122e+00
1.4050e+02   6.62974696e+00
1.4060e+02   6.62803187e+00
1.4070e+02   6.62606223e+00
1.4080e+02   6.62383441e+00
1.4090e+02   6.62134606e+00
1.4100e+02   6.61859551e+00
1.4110e+02   6.61558168e+00
1.4120e+02   6.61230492e+00
1.4130e+02   6.60876564e+00
1.4140e+02   6.60496584e+00
1.4150e+02   6.60090781e+00
1.4160e+02   6.59659488e+00
1.4170e+02   6.59203135e+00
1.4180e+02   6.58722181e+00
1.4190e+02   6.58217230e+00
1.4200e+02   6.57688891e+00
1.4210e+02   6.57137896e+00
1.4220e+02   6.56565025e+00
1.4230e+02   6.55971102e+00
1.4240e+02   6.55357064e+00
1.4250e+02   6.54723832e+00
1.4260e+02   6.54072451e+00
1.4270e+02   6.53403957e+00
1.4280e+02   6.52719452e+00
1.4290e+02   6.52020090e+00
1.4300e+02   6.51307005e+00
1.4310e+02   6.50581431e+00
1.4320e+02   6.49844550e+00
1.4330e+02   6.49097616e+00
1.4340e+02   6.48341869e+00
1.4350e+02   6.47578544e+00
1.4360e+02   6.46808922e+00
1.4370e+02   6.46034214e+00
1.4380e+02   6.45255693e+00
1.4390e+02   6.44474562e+00
1.4400e+02   6.43692036e+00
1.4410e+02   6.42909317e+00
1.4420e+02   6.42127537e+00
1.4430e+02   6.41347867e+00
1.4440e+02   6.40571372e+00
1.4450e+02   6.39799146e+00
1.4460e+02   6.39032206e+00
1.4470e+02   6.38271530e+00
1.4480e+02   6.37518090e+00
1.4490e+02   6.36772750e+00
1.4500e+02   6.36036401e+00
1.4510e+02   6.35309824e+00
1.4520e+02   6.34593789e+00
1.4530e+02   6.33889014e+00
1.4540e+02   6.33196136e+00
1.4550e+02   6.32515804e+00
1.4560e+02   6.31848544e+00
1.4570e+02   6.31194900e+00
1.4580e+02   6.30555328e+00
1.4590e+02   6.29930242e+00
1.4600e+02   6.29320043e+00
1.4610e+02   6.28725029e+00
1.4620e+02   6.28145525e+00
1.4630e+02   6.27581751e+00
1.4640e+02   6.27033933e+00
1.4650e+02   6.26502248e+00
1.4660e+02   6.25986812e+00
1.4670e+02   6.25487767e+00
1.4680e+02   6.25005151e+00
1.4690e+02   6.24539042e+00
1.4700e+02   6.24089447e+00
1.4710e+02   6.23656359e+00
1.4720e+02   6.23239779e+00
1.4730e+02   6.22839630e+00
1.4740e+02   6.22455890e+00
1.4750e+02   6.22088454e+00
1.4760e+02   6.21737254e+00
1.4770e+02   6.21402193e+00
1.4780e+02   6.21083145e+00
1.4790e+02   6.20780030e+00
1.4800e+02   6.20492691e+00
1.4810e+02   6.20221036e+00
1.4820e+02   6.19964921e+00
1.4830e+02   6.19724218e+00
1.4840e+02   6.19498816e+00
1.4850e+02   6.19288554e+00
1.4860e+02   6.19093343e+00
1.4870e+02   6.18913024e+00
1.4880e+02   6.18747492e+00
1.4890e+02   6.18596624e+00
1.4900e+02   6.18460284e+00
1.4910e+02   6.18338386e+00
1.4920e+02   6.18230780e+00
1.4930e+02   6.18137387e+00
1.4940e+02   6.18058075e+00
1.4950e+02   6.17992742e+00
1.4960e+02   6.17941293e+00
1.4970e+02   6.17903594e+00
1.4980e+02   6.17879574e+00
1.4990e+02   6.17869094e+00
1.5000e+02   6.17872066e+00
1.5010e+02   6.17888377e+00
1.5020e+02   6.17917898e+00
1.5030e+02   6.17960543e+00
1.5040e+02   6.18016154e+00
1.5050e+02   6.18084639e+00
1.5060e+02   6.18165844e+00
1.5070e+02   6.18259637e+00
1.5080e+02   6.18365883e+00
1.5090e+02   6.18484403e+00
1.5100e+02   6.18615071e+00
1.5110e+02   6.18757679e+00
1.5120e+02   6.18912074e+00
1.5130e+02   6.19078054e+00
1.5140e+02   6.19255410e+00
1.5150e+02   6.19443953e+00
1.5160e+02   6.19643425e+00
1.5170e+02   6.19853623e+00
1.5180e+02   6.20074274e+00
1.5190e+02   6.20305126e+00
1.5200e+02   6.20545913e+00
1.5210e+02   6.20796323e+00
1.5220e+02   6.21056088e+00
1.5230e+02   6.21324857e+00
1.5240e+02   6.21602328e+00
1.5250e+02   6.21888145e+00
1.5260e+02   6.22181942e+00
1.5270e+02   6.22483368e+00
1.5280e+02   6.22792000e+00
1.5290e+02   6.23107469e+00
1.5300e+02   6.23429324e+00
1.5310e+02   6.23757145e+00
1.5320e+02   6.24090481e+00
1.5330e+02   6.24428843e+00
1.5340e+02   6.24771777e+00
1.5350e+02   6.25118748e+00
1.5360e+02   6.25469265e+00
1.5370e+02   6.25822781e+00
1.5380e+02   6.26178742e+00
1.5390e+02   6.26536603e+00
1.5400e+02   6.26895752e+00
1.5410e+02   6.27255630e+00
1.5420e+02   6.27615600e+00
1.5430e+02   6.27975056e+00
1.5440e+02   6.28333369e+00
1.5450e+02   6.28689876e+00
1.5460e+02   6.29043958e+00
1.5470e+02   6.29394921e+00
1.5480e+02   6.29742131e+00
1.5490e+02   6.30084903e+00
1.5500e+02   6.30422570e+00
1.5510e+02   6.30754479e+00
1.5520e+02   6.31079938e+00
1.5530e+02   6.31398323e+00
1.5540e+02   6.31708954e+00
1.5550e+02   6.32011213e+00
1.5560e+02   6.32304475e+00
1.5570e+02   6.32588119e+00
1.5580e+02   6.32861589e+00
1.5590e+02   6.33124288e+00
1.5600e+02   6.33375715e+00
1.5610e+02   6.33615341e+00
1.5620e+02   6.33842699e+00
1.5630e+02   6.34057362e+00
1.5640e+02   6.34258901e+00
1.5650e+02   6.34446989e+00
1.5660e+02   6.34621272e+00
1.5670e+02   6.34781495e+00
1.5680e+02   6.34927419e+00
1.5690e+02   6.35058848e+00
1.5700e+02   6.35175668e+00
1.5710e+02   6.35277754e+00
1.5720e+02   6.35365097e+00
1.5730e+02   6.35437677e+00
1.5740e+02   6.35495557e+00
1.5750e+02   6.35538847e+00
1.5760e+02   6.35567667e+00
1.5770e+02   6.35582243e+00
1.5780e+02   6.35582775e+00
1.5790e+02   6.35569566e+00
1.5800e+02   6.35542919e+00
1.5810e+02   6.35503180e+00
1.5820e+02   6.35450758e+00
1.5830e+02   6.35386039e+00
1.5840e+02   6.35309502e+00
1.5850e+02   6.35221595e+00
1.5860e+02   6.35122824e+00
1.5870e+02   6.35013710e+00
1.5880e+02   6.34894761e+00
1.5890e+02   6.34766554e+00
1.5900e+02   6.34629610e+00
1.5910e+02   6.34484517e+00
1.5920e+02   6.34331830e+00
1.5930e+02   6.34172110e+00
1.5940e+02   6.34005947e+00
1.5950e+02   6.33833871e+00
1.5960e+02   6.33656475e+00
1.5970e+02   6.33474282e+00
1.5980e+02   6.33287847e+00
1.5990e+02   6.33097702e+00
1.6000e+02   6.32904347e+00
1.6010e+02   6.32708316e+00
1.6020e+02   6.32510065e+00
1.6030e+02   6.32310099e+00
1.6040e+02   6.32108863e+00
1.6050e+02   6.31906801e+00
1.6060e+02   6.31704362e+00
1.6070e+02   6.31501935e+00
1.6080e+02   6.31299957e+00
1.6090e+02   6.31098792e+00
1.6100e+02   6.30898838e+00
1.6110e+02   6.30700468e+00
1.6120e+02   6.30504033e+00
1.6130e+02   6.30309925e+00
1.6140e+02   6.30118470e+00
1.6150e+02   6.29930061e+00
1.6160e+02   6.29745047e+00
1.6170e+02   6.29563806e+00
1.6180e+02   6.29386740e+00
1.6190e+02   6.29214224e+00
1.6200e+02   6.29046716e+00
1.6210e+02   6.28884632e+00
1.6220e+02   6.28728470e+00
1.6230e+02   6.28578737e+00
1.6240e+02   6.28435968e+00
1.6250e+02   6.28300781e+00
1.6260e+02   6.28173783e+00
1.6270e+02   6.28055693e+00
1.6280e+02   6.27947237e+00
1.6290e+02   6.27849223e+00
1.6300e+02   6.27762529e+00
1.6310e+02   6.27688058e+00
1.6320e+02   6.27626838e+00
1.6330e+02   6.27579895e+00
1.6340e+02   6.27548378e+00
1.6350e+02   6.27533466e+00
1.6360e+02   6.27536398e+00
1.6370e+02   6.27558498e+00
1.6380e+02   6.27601086e+00
1.6390e+02   6.27665582e+00
1.6400e+02   6.27753385e+00
1.6410e+02   6.27865939e+00
1.6420e+02   6.28004694e+00
1.6430e+02   6.28171054e+00
1.6440e+02   6.28366449e+00
1.6450e+02   6.28592190e+00
1.6460e+02   6.28849575e+00
1.6470e+02   6.29139765e+00
1.6480e+02   6.29463805e+00
1.6490e+02   6.29822618e+00
1.6500e+02   6.30216893e+00
1.6510e+02   6.30647178e+00
1.6520e+02   6.31113728e+00
1.6530e+02   6.31616568e+00
1.6540e+02   6.32155423e+00
1.6550e+02   6.32729675e+00
1.6560e+02   6.33338407e+00
1.6570e+02   6.33980271e+00
1.6580e+02   6.34653586e+00
1.6590e+02   6.35356225e+00
1.6600e+02   6.36085649e+00
1.6610e+02   6.36838909e+00
1.6620e+02   6.37612574e+00
1.6630e+02   6.38402843e+00
1.6640e+02   6.39205427e+00
1.6650e+02   6.40015666e+00
1.6660e+02   6.40828494e+00
1.6670e+02   6.41638458e+00
1.6680e+02   6.42439817e+00
1.6690e+02   6.43226471e+00
1.6700e+02   6.43992132e+00
1.6710e+02   6.44730266e+00
1.6720e+02   6.45434213e+00
1.6730e+02   6.46097247e+00
1.6740e+02   6.46712583e+00
1.6750e+02   6.47273545e+00
1.6760e+02   6.47773524e+00
1.6770e+02   6.48206151e+00
1.6780e+02   6.48565307e+00
1.6790e+02   6.48845203e+00
1.6800e+02   6.49040506e+00
1.6810e+02   6.49146302e+00
1.6820e+02   6.49158285e+00
1.6830e+02   6.49072703e+00
1.6840e+02   6.48886483e+00
1.6850e+02   6.48597264e+00
1.6860e+02   6.48203383e+00
1.6870e+02   6.47704007e+00
1.6880e+02   6.47099029e+00
1.6890e+02   6.46389192e+00
1.6900e+02   6.45576014e+00
1.6910e+02   6.44661801e+00
1.6920e+02   6.43649665e+00
1.6930e+02   6.42543410e+00
1.6940e+02   6.41347609e+00
1.6950e+02   6.40067445e+00
1.6960e+02   6.38708737e+00
1.6970e+02   6.37277857e+00
1.6980e+02   6.35781624e+00
1.6990e+02   6.34227322e+00
1.7000e+02   6.32622506e+00
1.7010e+02   6.30975042e+00
1.7020e+02   6.29292940e+00
1.7030e+02   6.27584307e+00
1.7040e+02   6.25857300e+00
1.7050e+02   6.24119957e+00
1.7060e+02   6.22380249e+00
1.7070e+02   6.20645882e+00
1.7080e+02   6.18924329e+00
1.7090e+02   6.17222725e+00
1.7100e+02   6.15547797e+00
1.7110e+02   6.13905887e+00
1.7120e+02   6.12302809e+00
1.7130e+02   6.10743924e+00
1.7140e+02   6.09234031e+00
1.7150e+02   6.07777389e+00
1.7160e+02   6.06377721e+00
1.7170e+02   6.05038144e+00
1.7180e+02   6.03761275e+00
1.7190e+02   6.02549130e+00
1.7200e+02   6.01403228e+00
1.7210e+02   6.00324566e+00
1.7220e+02   5.99313634e+00
1.7230e+02   5.98370510e+00
1.7240e+02   5.97494784e+00
1.7250e+02   5.96685713e+00
1.7260e+02   5.95942156e+00
1.7270e+02   5.95262667e+00
1.7280e+02   5.94645538e+00
1.7290e+02   5.94088774e+00
1.7300e+02   5.93590234e+00
1.7310e+02   5.93147550e+00
1.7320e+02   5.92758264e+00
1.7330e+02   5.92419800e+00
1.7340e+02   5.92129502e+00
1.7350e+02   5.91884715e+00
1.7360e+02   5.91682712e+00
1.7370e+02   5.91520838e+00
1.7380e+02   5.91396426e+00
1.7390e+02   5.91306880e+00
1.7400e+02   5.91249684e+00
1.7410e+02   5.91222364e+00
1.7420e+02   5.91222596e+00
1.7430e+02   5.91248100e+00
1.7440e+02   5.91296749e+00
1.7450e+02   5.91366513e+00
1.7460e+02   5.91455466e+00
1.7470e+02   5.91561840e+00
1.7480e+02   5.91683928e+00
1.7490e+02   5.91820202e+00
1.7500e+02   5.91969197e+00
1.7510e+02   5.92129588e+00
1.7520e+02   5.92300160e+00
1.7530e+02   5.92479767e+00
1.7540e+02   5.92667415e+00
1.7550e+02   5.92862143e+00
1.7560e+02   5.93063125e+00
1.7570e+02   5.93269590e+00
1.7580e+02   5.93480838e+00
1.7590e+02   5.93696271e+00
1.7600e+02   5.93915301e+00
1.7610e+02   5.94137461e+00
1.7620e+02   5.94362282e+00
1.7630e+02   5.94589376e+00
1.7640e+02   5.94818398e+00
1.7650e+02   5.95049010e+00
1.7660e+02   5.95280966e+00
1.7670e+02   5.95513987e+00
1.7680e+02   5.95747877e+00
1.7690e+02   5.95982434e+00
1.7700e+02   5.96217478e+00
1.7710e+02   5.96452879e+00
1.7720e+02   5.96688471e+00
1.7730e+02   5.96924166e+00
1.7740e+02   5.97159834e+00
1.7750e+02   5.97395389e+00
1.7760e+02   5.97630752e+00
1.7770e+02   5.97865829e+00
1.7780e+02   5.98100578e+00
1.7790e+02   5.98334907e+00
1.7800e+02   5.98568785e+00
1.7810e+02   5.98802149e+00
1.7820e+02   5.99034949e+00
1.7830e+02   5.99267159e+00
1.7840e+02   5.99498712e+00
1.7850e+02   5.99729601e+00
1.7860e+02   5.99959767e+00
1.7870e+02   6.00189191e+00
1.7880e+02   6.00417844e+00
1.7890e+02   6.00645681e+00
1.7900e+02   6.00872702e+00
1.7910e+02   6.01098850e+00
1.7920e+02   6.01324127e+00
1.7930e+02   6.01548493e+00
1.7940e+02   6.01771926e+00
1.7950e+02   6.01994420e+00
1.7960e+02   6.02215926e+00
1.7970e+02   6.02436455e+00
1.7980e+02   6.02655960e+00
1.7990e+02   6.02874438e+00
1.8000e+02   6.03091869e+00
1.8010e+02   6.03308222e+00
1.8020e+02   6.03523505e+00
1.8030e+02   6.03737670e+00
1.8040e+02   6.03950728e+00
1.8050e+02   6.04162646e+00
1.8060e+02   6.04373411e+00
1.8070e+02   6.04583022e+00
1.8080e+02   6.04791438e+00
1.8090e+02   6.04998675e+00
1.8100e+02   6.05204693e+00
1.8110e+02   6.05409496e+00
1.8120e+02   6.05613067e+00
1.8130e+02   6.05815382e+00
1.8140e+02   6.06016453e+00
1.8150e+02   6.06216239e+00
1.8160e+02   6.06414755e+00
1.8170e+02   6.06611972e+00
1.8180e+02   6.06807883e+00
1.8190e+02   6.07002490e+00
1.8200e+02   6.07195759e+00
1.8210e+02   6.07387710e+00
1.8220e+02   6.07578304e+00
1.8230e+02   6.07767554e+00
1.8240e+02   6.07955444e+00
1.8250e+02   6.08141956e+00
1.8260e+02   6.08327104e+00
1.8270e+02   6.08510851e+00
1.8280e+02   6.08693220e+00
1.8290e+02   6.08874180e+00
1.8300e+02   6.09053733e+00
1.8310e+02   6.09231880e+00
1.8320e+02   6.09408594e+00
1.8330e+02   6.09583897e+00
1.8340e+02   6.09757754e+00
1.8350e+02   6.09930181e+00
1.8360e+02   6.10101163e+00
1.8370e+02   6.10270690e+00
1.8380e+02   6.10438776e+00
1.8390e+02   6.10605388e+00
1.8400e+02   6.10770550e+00
1.8410e+02   6.10934237e+00
1.8420e+02   6.11096453e+00
1.8430e+02   6.11257200e+00
1.8440e+02   6.11416455e+00
1.8450e+02   6.11574242e+00
1.8460e+02   6.11730529e+00
1.8470e+02   6.11885335e+00
1.8480e+02   6.12038647e+00
1.8490e+02   6.12190458e+00
1.8500e+02   6.12340782e+00
1.8510e+02   6.12489591e+00
1.8520e+02   6.12636911e+00
1.8530e+02   6.12782715e+00
1.8540e+02   6.12927015e+00
1.8550e+02   6.13069810e+00
1.8560e+02   6.13211083e+00
1.8570e+02   6.13350857e+00
1.8580e+02   6.13489102e+00
1.8590e+02   6.13625842e+00
1.8600e+02   6.13761060e+00
1.8610e+02   6.13894756e+00
1.8620e+02   6.14026942e+00
1.8630e+02   6.14157594e+00
1.8640e+02   6.14286738e+00
1.8650e+02   6.14414349e+00
1.8660e+02   6.14540442e+00
1.8670e+02   6.14665014e+00
1.8680e+02   6.14788051e+00
1.8690e+02   6.14909579e+00
1.8700e+02   6.15029567e+00
1.8710e+02   6.15148042e+00
1.8720e+02   6.15264986e+00
1.8730e+02   6.15380403e+00
1.8740e+02   6.15494304e+00
1.8750e+02   6.15606666e+00
1.8760e+02   6.15717519e+00
1.8770e+02   6.15826835e+00
1.8780e+02   6.15934634e+00
1.8790e+02   6.16040911e+00
1.8800e+02   6.16145657e+00
1.8810e+02   6.16248894e+00
1.8820e+02   6.16350594e+00
1.8830e+02   6.16450787e+00
1.8840e+02   6.16549454e+00
1.8850e+02   6.16646601e+00
1.8860e+02   6.16742239e+00
1.8870e+02   6.16836348e+00
1.8880e+02   6.16928956e+00
1.8890e+02   6.17020038e+00
1.8900e+02   6.17109615e+00
1.8910e+02   6.17197682e+00
1.8920e+02   6.17284232e+00
1.8930e+02   6.17369287e+00
1.8940e+02   6.17452822e+00
1.8950e+02   6.17534866e+00
1.8960e+02   6.17615401e+00
1.8970e+02   6.17694436e+00
1.8980e+02   6.17771980e+00
1.8990e+02   6.17848017e+00
1.9000e+02   6.17922575e+00
1.9010e+02   6.17995629e+00
1.9020e+02   6.18067203e+00
1.9030e+02   6.18137290e+00
1.9040e+02   6.18205888e+00
1.9050e+02   6.18273017e+00
1.9060e+02   6.18338655e+00
1.9070e+02   6.18402831e+00
1.9080e+02   6.18465527e+00
1.9090e+02   6.18526757e+00
1.9100e+02   6.18586527e+00
1.9110e+02   6.18644824e+00
1.9120e+02   6.18701677e+00
1.9130e+02   6.18757061e+00
1.9140e+02   6.18811004e+00
1.9150e+02   6.18863496e+00
1.9160e+02   6.18914539e+00
1.9170e+02   6.18964154e+00
1.9180e+02   6.19012318e+00
1.9190e+02   6.19059064e+00
1.9200e+02   6.19104373e+00
1.9210e+02   6.19148261e+00
1.9220e+02   6.19190734e+00
1.9230e+02   6.19231782e+00
1.9240e+02   6.19271434e+00
1.9250e+02   6.19309666e+00
1.9260e+02   6.19346507e+00
1.9270e+02   6.19381947e+00
1.9280e+02   6.19415993e+00
1.9290e+02   6.19448662e+00
1.9300e+02   6.19479935e+00
1.9310e+02   6.19509846e+00
1.9320e+02   6.19538373e+00
1.9330e+02   6.19565539e+00
1.9340e+02   6.19591347e+00
1.9350e+02   6.19615789e+00
1.9360e+02   6.19638893e+00
1.9370e+02   6.19660638e+00
1.9380e+02   6.19681055e+00
1.9390e+02   6.19700131e+00
1.9400e+02   6.19717877e+00
1.9410e+02   6.19734307e+00
1.9420e+02   6.19749407e+00
1.9430e+02   6.19763209e+00
1.9440e+02   6.19775692e+00
1.9450e+02   6.19786880e+00
1.9460e+02   6.19796774e+00
1.9470e+02   6.19805370e+00
1.9480e+02   6.19812696e+00
1.9490e+02   6.19818728e+00
1.9500e+02   6.19823501e+00
1.9510e+02   6.19826999e+00
1.9520e+02   6.19829236e+00
1.9530e+02   6.19830225e+00
1.9540e+02   6.19829951e+00
1.9550e+02   6.19828448e+00
1.9560e+02   6.19825693e+00
1.9570e+02   6.19821713e+00
1.9580e+02   6.19816505e+00
1.9590e+02   6.19810068e+00
1.9600e+02   6.19802426e+00
1.9610e+02   6.19793559e+00
1.9620e+02   6.19783499e+00
1.9630e+02   6.19772230e+00
1.9640e+02   6.19759767e+00
1.9650e+02   6.19746119e+00
1.9660e+02   6.19731275e+00
1.9670e+02   6.19715265e+00
1.9680e+02   6.19698066e+00
1.9690e+02   6.19679705e+00
1.9700e+02   6.19660177e+00
1.9710e+02   6.19639482e+00
1.9720e+02   6.19617641e+00
1.9730e+02   6.19594634e+00
1.9740e+02   6.19570493e+00
1.9750e+02   6.19545199e+00
1.9760e+02   6.19518768e+00
1.9770e+02   6.19491206e+00
1.9780e+02   6.19462501e+00
1.9790e+02   6.19432683e+00
1.9800e+02   6.19401727e+00
1.9810e+02   6.19369660e+00
1.9820e+02   6.19336472e+00
1.9830e+02   6.19302167e+00
1.9840e+02   6.19266761e+00
1.9850e+02   6.19230233e+00
1.9860e+02   6.19192614e+00
1.9870e+02   6.19153883e+00
1.9880e+02   6.19114057e+00
1.9890e+02   6.19073137e+00
1.9900e+02   6.19031113e+00
1.9910e+02   6.18988010e+00
1.9920e+02   6.18943804e+00
1.9930e+02   6.18898520e+00
1.9940e+02   6.18852147e+00
1.9950e+02   6.18804686e+00
1.9960e+02   6.18756153e+00
1.9970e+02   6.18706526e+00
1.9980e+02   6.18655834e+00
1.9990e+02   6.18604053e+00
2.0000e+02   6.18551201e+00
2.0010e+02   6.18497277e+00
2.0020e+02   6.18442271e+00
2.0030e+02   6.18386205e+00
2.0040e+02   6.18329053e+00
2.0050e+02   6.18270843e+00
2.0060e+02   6.18211557e+00
2.0070e+02   6.18151202e+00
2.0080e+02   6.18089788e+00
2.0090e+02   6.18027293e+00
2.0100e+02   6.17963748e+00
2.0110e+02   6.17899125e+00
2.0120e+02   6.17833445e+00
2.0130e+02   6.17766701e+00
2.0140e+02   6.17698888e+00
2.0150e+02   6.17630026e+00
2.0160e+02   6.17560088e+00
2.0170e+02   6.17489103e+00
2.0180e+02   6.17417052e+00
2.0190e+02   6.17343943e+00
2.0200e+02   6.17269785e+00
2.0210e+02   6.17194559e+00
2.0220e+02   6.17118292e+00
2.0230e+02   6.17040961e+00
2.0240e+02   6.16962586e+00
2.0250e+02   6.16883160e+00
2.0260e+02   6.16802680e+00
2.0270e+02   6.16721166e+00
2.0280e+02   6.16638594e+00
2.0290e+02   6.16554993e+00
2.0300e+02   6.16470345e+00
2.0310e+02   6.16384661e+00
2.0320e+02   6.16297949e+00
2.0330e+02   6.16210194e+00
2.0340e+02   6.16121426e+00
2.0350e+02   6.16031620e+00
2.0360e+02   6.15940802e+00
2.0370e+02   6.15848965e+00
2.0380e+02   6.15756110e+00
2.0390e+02   6.15662257e+00
2.0400e+02   6.15567387e+00
2.0410e+02   6.15471530e+00
2.0420e+02   6.15374670e+00
2.0430e+02   6.15276825e+00
2.0440e+02   6.15178001e+00
2.0450e+02   6.15078189e+00
2.0460e+02   6.14977420e+00
2.0470e+02   6.14875673e+00
2.0480e+02   6.14772978e+00
2.0490e+02   6.14669330e+00
2.0500e+02   6.14564734e+00
2.0510e+02   6.14459213e+00
2.0520e+02   6.14352750e+00
2.0530e+02   6.14245382e+00
2.0540e+02   6.14137092e+00
2.0550e+02   6.14027905e+00
2.0560e+02   6.13917827e+00
2.0570e+02   6.13806856e+00
2.0580e+02   6.13695023e+00
2.0590e+02   6.13582313e+00
2.0600e+02   6.13468759e+00
2.0610e+02   6.13354355e+00
2.0620e+02   6.13239117e+00
2.0630e+02   6.13123064e+00
2.0640e+02   6.13006186e+00
2.0650e+02   6.12888521e+00
2.0660e+02   6.12770057e+00
2.0670e+02   6.12650820e+00
2.0680e+02   6.12530819e+00
2.0690e+02   6.12410056e+00
2.0700e+02   6.12288564e+00
2.0710e+02   6.12166328e+00
2.0720e+02   6.12043386e+00
2.0730e+02   6.11919734e+00
2.0740e+02   6.11795388e+00
2.0750e+02   6.11670369e+00
2.0760e+02   6.11544671e+00
2.0770e+02   6.11418332e+00
2.0780e+02   6.11291340e+00
2.0790e+02   6.11163724e+00
2.0800e+02   6.11035492e+00
2.0810e+02   6.10906649e+00
2.0820e+02   6.10777226e+00
2.0830e+02   6.10647210e+00
2.0840e+02   6.10516639e+00
2.0850e+02   6.10385506e+00
2.0860e+02   6.10253831e+00
2.0870e+02   6.10121631e+00
2.0880e+02   6.09988901e+00
2.0890e+02   6.09855677e+00
2.0900e+02   6.09721944e+00
2.0910e+02   6.09587733e+00
2.0920e+02   6.09453047e+00
2.0930e+02   6.09317892e+00
2.0940e+02   6.09182293e+00
2.0950e+02   6.09046238e+00
2.0960e+02   6.08909760e+00
2.0970e+02   6.08772850e+00
2.0980e+02   6.08635525e+00
2.0990e+02   6.08497797e+00
2.1000e+02   6.08359659e+00
2.1010e+02   6.08221143e+00
2.1020e+02   6.08082228e+00
2.1030e+02   6.07942945e+00
2.1040e+02   6.07803287e+00
2.1050e+02   6.07663260e+00
2.1060e+02   6.07522881e+00
2.1070e+02   6.07382134e+00
2.1080e+02   6.07241048e+00
2.1090e+02   6.07099605e+00
2.1100e+02   6.06957821e+00
2.1110e+02   6.06815700e+00
2.1120e+02   6.06673229e+00
2.1130e+02   6.06530433e+00
2.1140e+02   6.06387288e+00
2.1150e+02   6.06243817e+00
2.1160e+02   6.06100006e+00
2.1170e+02   6.05955855e+00
2.1180e+02   6.05811375e+00
2.1190e+02   6.05666543e+00
2.1200e+02   6.05521383e+00
2.1210e+02   6.05375868e+00
2.1220e+02   6.05230009e+00
2.1230e+02   6.05083800e+00
2.1240e+02   6.04937227e+00
2.1250e+02   6.04790304e+00
2.1260e+02   6.04643001e+00
2.1270e+02   6.04495336e+00
2.1280e+02   6.04347285e+00
2.1290e+02   6.04198845e+00
2.1300e+02   6.04050018e+00
2.1310e+02   6.03900776e+00
2.1320e+02   6.03751136e+00
2.1330e+02   6.03601063e+00
2.1340e+02   6.03450566e+00
2.1350e+02   6.03299629e+00
2.1360e+02   6.03148233e+00
2.1370e+02   6.02996387e+00
2.1380e+02   6.02844054e+00
2.1390e+02   6.02691247e+00
2.1400e+02   6.02537936e+00
2.1410e+02   6.02384115e+00
2.1420e+02   6.02229778e+00
2.1430e+02   6.02074894e+00
2.1440e+02   6.01919474e+00
2.1450e+02   6.01763479e+00
2.1460e+02   6.01606913e+00
2.1470e+02   6.01449756e+00
2.1480e+02   6.01291987e+00
2.1490e+02   6.01133608e+00
2.1500e+02   6.00974580e+00
2.1510e+02   6.00814913e+00
2.1520e+02   6.00654573e+00
2.1530e+02   6.00493552e+00
2.1540e+02   6.00331840e+00
2.1550e+02   6.00169405e+00
2.1560e+02   6.00006254e+00
2.1570e+02   5.99842346e+00
2.1580e+02   5.99677686e+00
2.1590e+02   5.99512249e+00
2.1600e+02   5.99346014e+00
2.1610e+02   5.99178982e+00
2.1620e+02   5.99011112e+00
2.1630e+02   5.98842415e+00
2.1640e+02   5.98672853e+00
2.1650e+02   5.98502422e+00
2.1660e+02   5.98331108e+00
2.1670e+02   5.98158880e+00
2.1680e+02   5.97985747e+00
2.1690e+02   5.97811666e+00
2.1700e+02   5.97636645e+00
2.1710e+02   5.97460655e+00
2.1720e+02   5.97283682e+00
2.1730e+02   5.97105722e+00
2.1740e+02   5.96926740e+00
2.1750e+02   5.96746746e+00
2.1760e+02   5.96565702e+00
2.1770e+02   5.96383609e+00
2.1780e+02   5.96200451e+00
2.1790e+02   5.96016202e+00
2.1800e+02   5.95830870e+00
2.1810e+02   5.95644416e+00
2.1820e+02   5.95456850e+00
2.1830e+02   5.95268143e+00
2.1840e+02   5.95078285e+00
2.1850e+02   5.94887275e+00
2.1860e+02   5.94695078e+00
2.1870e+02   5.94501708e+00
2.1880e+02   5.94307130e+00
2.1890e+02   5.94111346e+00
2.1900e+02   5.93914343e+00
2.1910e+02   5.93716099e+00
2.1920e+02   5.93516622e+00
2.1930e+02   5.93315878e+00
2.1940e+02   5.93113878e+00
2.1950e+02   5.92910597e+00
2.1960e+02   5.92706029e+00
2.1970e+02   5.92500171e+00
2.1980e+02   5.92292996e+00
2.1990e+02   5.92084517e+00
2.2000e+02   5.91874703e+00
2.2010e+02   5.91663561e+00
2.2020e+02   5.91451077e+00
2.2030e+02   5.91237234e+00
2.2040e+02   5.91022043e+00
2.2050e+02   5.90805471e+00
2.2060e+02   5.90587534e+00
2.2070e+02   5.90368207e+00
2.2080e+02   5.90147489e+00
2.2090e+02   5.89925379e+00
2.2100e+02   5.89701852e+00
2.2110e+02   5.89476927e+00
2.2120e+02   5.89250571e+00
2.2130e+02   5.89022797e+00
2.2140e+02   5.88793592e+00
2.2150e+02   5.88562945e+00
2.2160e+02   5.88330865e+00
2.2170e+02   5.88097325e+00
2.2180e+02   5.87862345e+00
2.2190e+02   5.87625899e+00
2.2200e+02   5.87387992e+00
2.2210e+02   5.87148624e+00
2.2220e+02   5.86907775e+00
2.2230e+02   5.86665465e+00
2.2240e+02   5.86421666e+00
2.2250e+02   5.86176393e+00
2.2260e+02   5.85929635e+00
2.2270e+02   5.85681386e+00
2.2280e+02   5.85431657e+00
2.2290e+02   5.85180426e+00
2.2300e+02   5.84927713e+00
2.2310e+02   5.84673499e+00
2.2320e+02   5.84417792e+00
2.2330e+02   5.84160593e+00
2.2340e+02   5.83901889e+00
2.2350e+02   5.83641701e+00
2.2360e+02   5.83380004e+00
2.2370e+02   5.83116822e+00
2.2380e+02   5.82852141e+00
2.2390e+02   5.82585964e+00
2.2400e+02   5.82318305e+00
2.2410e+02   5.82049145e+00
2.2420e+02   5.81778510e+00
2.2430e+02   5.81506382e+00
2.2440e+02   5.81232777e+00
2.2450e+02   5.80957698e+00
2.2460e+02   5.80681139e+00
2.2470e+02   5.80403123e+00
2.2480e+02   5.80123631e+00
2.2490e+02   5.79842691e+00
2.2500e+02   5.79560295e+00
2.2510e+02   5.79276451e+00
2.2520e+02   5.78991175e+00
2.2530e+02   5.78704456e+00
2.2540e+02   5.78416325e+00
2.2550e+02   5.78126767e+00
2.2560e+02   5.77835806e+00
2.2570e+02   5.77543447e+00
2.2580e+02   5.77249690e+00
2.2590e+02   5.76954565e+00
2.2600e+02   5.76658057e+00
2.2610e+02   5.76360200e+00
2.2620e+02   5.76060989e+00
2.2630e+02   5.75760440e+00
2.2640e+02   5.75458574e+00
2.2650e+02   5.75155383e+00
2.2660e+02   5.74850905e+00
2.2670e+02   5.74545130e+00
2.2680e+02   5.74238088e+00
2.2690e+02   5.73929787e+00
2.2700e+02   5.73620236e+00
2.2710e+02   5.73309465e+00
2.2720e+02   5.72997468e+00
2.2730e+02   5.72684283e+00
2.2740e+02   5.72369908e+00
2.2750e+02   5.72054368e+00
2.2760e+02   5.71737684e+00
2.2770e+02   5.71419857e+00
2.2780e+02   5.71100928e+00
2.2790e+02   5.70780890e+00
2.2800e+02   5.70459780e+00
2.2810e+02   5.70137609e+00
2.2820e+02   5.69814390e+00
2.2830e+02   5.69490159e+00
2.2840e+02   5.69164913e+00
2.2850e+02   5.68838694e+00
2.2860e+02   5.68511504e+00
2.2870e+02   5.68183373e+00
2.2880e+02   5.67854323e+00
2.2890e+02   5.67524361e+00
2.2900e+02   5.67193531e+00
2.2910e+02   5.66861829e+00
2.2920e+02   5.66529297e+00
2.2930e+02   5.66195945e+00
2.2940e+02   5.65861795e+00
2.2950e+02   5.65526881e+00
2.2960e+02   5.65191205e+00
2.2970e+02   5.64854813e+00
2.2980e+02   5.64517706e+00
2.2990e+02   5.64179920e+00
2.3000e+02   5.63841478e+00
2.3010e+02   5.63502391e+00
2.3020e+02   5.63162703e+00
2.3030e+02   5.62822413e+00
2.3040e+02   5.62481566e+00
2.3050e+02   5.62140174e+00
2.3060e+02   5.61798260e+00
2.3070e+02   5.61455860e+00
2.3080e+02   5.61112979e+00
2.3090e+02   5.60769663e+00
2.3100e+02   5.60425917e+00
2.3110e+02   5.60081778e+00
2.3120e+02   5.59737268e+00
2.3130e+02   5.59392403e+00
2.3140e+02   5.59047226e+00
2.3150e+02   5.58701739e+00
2.3160e+02   5.58355988e+00
2.3170e+02   5.58009985e+00
2.3180e+02   5.57663758e+00
2.3190e+02   5.57317340e+00
2.3200e+02   5.56970739e+00
2.3210e+02   5.56624003e+00
2.3220e+02   5.56277136e+00
2.3230e+02   5.55930179e+00
2.3240e+02   5.55583154e+00
2.3250e+02   5.55236077e+00
2.3260e+02   5.54888993e+00
2.3270e+02   5.54541904e+00
2.3280e+02   5.54194860e+00
2.3290e+02   5.53847870e+00
2.3300e+02   5.53500966e+00
2.3310e+02   5.53154179e+00
2.3320e+02   5.52807521e+00
2.3330e+02   5.52461040e+00
2.3340e+02   5.52114739e+00
2.3350e+02   5.51768662e+00
2.3360e+02   5.51422828e+00
2.3370e+02   5.51077259e+00
2.3380e+02   5.50731996e+00
2.3390e+02   5.50387045e+00
2.3400e+02   5.50042455e+00
2.3410e+02   5.49698234e+00
2.3420e+02   5.49354416e+00
2.3430e+02   5.49011033e+00
2.3440e+02   5.48668095e+00
2.3450e+02   5.48325652e+00
2.3460e+02   5.47983706e+00
2.3470e+02   5.47642301e+00
2.3480e+02   5.47301456e+00
2.3490e+02   5.46961193e+00
2.3500e+02   5.46621553e+00
2.3510e+02   5.46282539e+00
2.3520e+02   5.45944202e+00
2.3530e+02   5.45606547e+00
2.3540e+02   5.45269611e+00
2.3550e+02   5.44933419e+00
2.3560e+02   5.44597986e+00
2.3570e+02   5.44263355e+00
2.3580e+02   5.43929529e+00
2.3590e+02   5.43596552e+00
2.3600e+02   5.43264438e+00
2.3610e+02   5.42933209e+00
2.3620e+02   5.42602902e+00
2.3630e+02   5.42273520e+00
2.3640e+02   5.41945109e+00
2.3650e+02   5.41617672e+00
2.3660e+02   5.41291243e+00
2.3670e+02   5.40965844e+00
2.3680e+02   5.40641486e+00
2.3690e+02   5.40318209e+00
2.3700e+02   5.39996012e+00
2.3710e+02   5.39674936e+00
2.3720e+02   5.39354988e+00
2.3730e+02   5.39036190e+00
2.3740e+02   5.38718569e+00
2.3750e+02   5.38402127e+00
2.3760e+02   5.38086905e+00
2.3770e+02   5.37772898e+00
2.3780e+02   5.37460138e+00
2.3790e+02   5.37148639e+00
2.3800e+02   5.36838407e+00
2.3810e+02   5.36529478e+00
2.3820e+02   5.36221841e+00
2.3830e+02   5.35915534e+00
2.3840e+02   5.35610556e+00
2.3850e+02   5.35306922e+00
2.3860e+02   5.35004655e+00
2.3870e+02   5.34703747e+00
2.3880e+02   5.34404234e+00
2.3890e+02   5.34106102e+00
2.3900e+02   5.33809379e+00
2.3910e+02   5.33514068e+00
2.3920e+02   5.33220171e+00
2.3930e+02   5.32927712e+00
2.3940e+02   5.32636677e+00
2.3950e+02   5.32347094e+00
2.3960e+02   5.32058953e+00
2.3970e+02   5.31772266e+00
2.3980e+02   5.31487042e+00
2.3990e+02   5.31203271e+00
2.4000e+02   5.30920976e+00
2.4010e+02   5.30640138e+00
2.4020e+02   5.30360777e+00
2.4030e+02   5.30082886e+00
2.4040e+02   5.29806461e+00
2.4050e+02   5.29531519e+00
2.4060e+02   5.29258036e+00
2.4070e+02   5.28986033e+00
2.4080e+02   5.28715493e+00
2.4090e+02   5.28446419e+00
2.4100e+02   5.28178814e+00
2.4110e+02   5.27912658e+00
2.4120e+02   5.27647970e+00
2.4130e+02   5.27384721e+00
2.4140e+02   5.27122925e+00
2.4150e+02   5.26862567e+00
2.4160e+02   5.26603638e+00
2.4170e+02   5.26346145e+00
2.4180e+02   5.26090059e+00
2.4190e+02   5.25835397e+00
2.4200e+02   5.25582130e+00
2.4210e+02   5.25330260e+00
2.4220e+02   5.25079780e+00
2.4230e+02   5.24830667e+00
2.4240e+02   5.24582932e+00
2.4250e+02   5.24336542e+00
2.4260e+02   5.24091505e+00
2.4270e+02   5.23847799e+00
2.4280e+02   5.23605414e+00
2.4290e+02   5.23364348e+00
2.4300e+02   5.23124571e+00
2.4310e+02   5.22886092e+00
2.4320e+02   5.22648879e+00
2.4330e+02   5.22412932e+00
2.4340e+02   5.22178236e+00
2.4350e+02   5.21944769e+00
2.4360e+02   5.21712534e+00
2.4370e+02   5.21481497e+00
2.4380e+02   5.21251664e+00
2.4390e+02   5.21023008e+00
2.4400e+02   5.20795518e+00
2.4410e+02   5.20569187e+00
2.4420e+02   5.20343985e+00
2.4430e+02   5.20119918e+00
2.4440e+02   5.19896951e+00
2.4450e+02   5.19675085e+00
2.4460e+02   5.19454300e+00
2.4470e+02   5.19234575e+00
2.4480e+02   5.19015912e+00
2.4490e+02   5.18798275e+00
2.4500e+02   5.18581669e+00
2.4510e+02   5.18366066e+00
2.4520e+02   5.18151455e+00
2.4530e+02   5.17937829e+00
2.4540e+02   5.17725157e+00
2.4550e+02   5.17513447e+00
2.4560e+02   5.17302662e+00
2.4570e+02   5.17092804e+00
2.4580e+02   5.16883853e+00
2.4590e+02   5.16675789e+00
2.4600e+02   5.16468614e+00
2.4610e+02   5.16262294e+00
2.4620e+02   5.16056835e+00
2.4630e+02   5.15852209e+00
2.4640e+02   5.15648408e+00
2.4650e+02   5.15445423e+00
2.4660e+02   5.15243229e+00
2.4670e+02   5.15041831e+00
2.4680e+02   5.14841197e+00
2.4690e+02   5.14641330e+00
2.4700e+02   5.14442210e+00
2.4710e+02   5.14243823e+00
2.4720e+02   5.14046169e+00
2.4730e+02   5.13849217e+00
2.4740e+02   5.13652977e+00
2.4750e+02   5.13457420e+00
2.4760e+02   5.13262545e+00
2.4770e+02   5.13068343e+00
2.4780e+02   5.12874789e+00
2.4790e+02   5.12681895e+00
2.4800e+02   5.12489628e+00
2.4810e+02   5.12297996e+00
2.4820e+02   5.12106981e+00
2.4830e+02   5.11916570e+00
2.4840e+02   5.11726768e+00
2.4850e+02   5.11537546e+00
2.4860e+02   5.11348917e+00
2.4870e+02   5.11160854e+00
2.4880e+02   5.10973359e+00
2.4890e+02   5.10786425e+00
2.4900e+02   5.10600033e+00
2.4910e+02   5.10414195e+00
2.4920e+02   5.10228880e+00
2.4930e+02   5.10044102e+00
2.4940e+02   5.09859842e+00
2.4950e+02   5.09676094e+00
2.4960e+02   5.09492863e+00
2.4970e+02   5.09310122e+00
2.4980e+02   5.09127889e+00
2.4990e+02   5.08946138e+00
2.5000e+02   5.08764875e+00
2.5010e+02   5.08584093e+00
2.5020e+02   5.08403779e+00
2.5030e+02   5.08223944e+00
2.5040e+02   5.08044563e+00
2.5050e+02   5.07865650e+00
2.5060e+02   5.07687188e+00
2.5070e+02   5.07509175e+00
2.5080e+02   5.07331616e+00
2.5090e+02   5.07154488e+00
2.5100e+02   5.06977811e+00
2.5110e+02   5.06801559e+00
2.5120e+02   5.06625743e+00
2.5130e+02   5.06450355e+00
2.5140e+02   5.06275385e+00
2.5150e+02   5.06100846e+00
2.5160e+02   5.05926713e+00
2.5170e+02   5.05753004e+00
2.5180e+02   5.05579700e+00
2.5190e+02   5.05406805e+00
2.5200e+02   5.05234320e+00
2.5210e+02   5.05062228e+00
2.5220e+02   5.04890546e+00
2.5230e+02   5.04719252e+00
2.5240e+02   5.04548357e+00
2.5250e+02   5.04377852e+00
2.5260e+02   5.04207731e+00
2.5270e+02   5.04038005e+00
2.5280e+02   5.03868651e+00
2.5290e+02   5.03699687e+00
2.5300e+02   5.03531094e+00
2.5310e+02   5.03362877e+00
2.5320e+02   5.03195037e+00
2.5330e+02   5.03027557e+00
2.5340e+02   5.02860455e+00
2.5350e+02   5.02693707e+00
2.5360e+02   5.02527326e+00
2.5370e+02   5.02361303e+00
2.5380e+02   5.02195630e+00
2.5390e+02   5.02030318e+00
2.5400e+02   5.01865345e+00
2.5410e+02   5.01700729e+00
2.5420e+02   5.01536448e+00
2.5430e+02   5.01372510e+00
2.5440e+02   5.01208912e+00
2.5450e+02   5.01045639e+00
2.5460e+02   5.00882707e+00
2.5470e+02   5.00720091e+00
2.5480e+02   5.00557806e+00
2.5490e+02   5.00395838e+00
2.5500e+02   5.00234182e+00
2.5510e+02   5.00072847e+00
2.5520e+02   4.99911810e+00
2.5530e+02   4.99751087e+00
2.5540e+02   4.99590658e+00
2.5550e+02   4.99430528e+00
2.5560e+02   4.99270693e+00
2.5570e+02   4.99111139e+00
2.5580e+02   4.98951879e+00
2.5590e+02   4.98792889e+00
2.5600e+02   4.98634182e+00
2.5610e+02   4.98475743e+00
2.5620e+02   4.98317567e+00
2.5630e+02   4.98159661e+00
2.5640e+02   4.98002002e+00
2.5650e+02   4.97844607e+00
2.5660e+02   4.97687450e+00
2.5670e+02   4.97530541e+00
2.5680e+02   4.97373871e+00
2.5690e+02   4.97217428e+00
2.5700e+02   4.97061223e+00
2.5710e+02   4.96905231e+00
2.5720e+02   4.96749466e+00
2.5730e+02   4.96593910e+00
2.5740e+02   4.96438561e+00
2.5750e+02   4.96283421e+00
2.5760e+02   4.96128470e+00
2.5770e+02   4.95973721e+00
2.5780e+02   4.95819152e+00
2.5790e+02   4.95664769e+00
2.5800e+02   4.95510564e+00
2.5810e+02   4.95356525e+00
2.5820e+02   4.95202662e+00
2.5830e+02   4.95048949e+00
2.5840e+02   4.94895402e+00
2.5850e+02   4.94742000e+00
2.5860e+02   4.94588743e+00
2.5870e+02   4.94435632e+00
2.5880e+02   4.94282646e+00
2.5890e+02   4.94129801e+00
2.5900e+02   4.93977070e+00
2.5910e+02   4.93824464e+00
2.5920e+02   4.93671971e+00
2.5930e+02   4.93519582e+00
2.5940e+02   4.93367306e+00
2.5950e+02   4.93215116e+00
2.5960e+02   4.93063029e+00
2.5970e+02   4.92911024e+00
2.5980e+02   4.92759102e+00
2.5990e+02   4.92607262e+00
2.6000e+02   4.92455486e+00
2.6010e+02   4.92303787e+00
2.6020e+02   4.92152141e+00
2.6030e+02   4.92000559e+00
2.6040e+02   4.91849027e+00
2.6050e+02   4.91697538e+00
2.6060e+02   4.91546100e+00
2.6070e+02   4.91394688e+00
2.6080e+02   4.91243319e+00
2.6090e+02   4.91091970e+00
2.6100e+02   4.90940645e+00
2.6110e+02   4.90789342e+00
2.6120e+02   4.90638043e+00
2.6130e+02   4.90486762e+00
2.6140e+02   4.90335474e+00
2.6150e+02   4.90184192e+00
2.6160e+02   4.90032900e+00
2.6170e+02   4.89881595e+00
2.6180e+02   4.89730281e+00
2.6190e+02   4.89578935e+00
2.6200e+02   4.89427575e+00
2.6210e+02   4.89276176e+00
2.6220e+02   4.89124746e+00
2.6230e+02   4.88973278e+00
2.6240e+02   4.88821759e+00
2.6250e+02   4.88670201e+00
2.6260e+02   4.88518578e+00
2.6270e+02   4.88366905e+00
2.6280e+02   4.88215165e+00
2.6290e+02   4.88063356e+00
2.6300e+02   4.87911481e+00
2.6310e+02   4.87759519e+00
2.6320e+02   4.87607485e+00
2.6330e+02   4.87455356e+00
2.6340e+02   4.87303140e+00
2.6350e+02   4.87150830e+00
2.6360e+02   4.86998412e+00
2.6370e+02   4.86845899e+00
2.6380e+02   4.86693264e+00
2.6390e+02   4.86540524e+00
2.6400e+02   4.86387659e+00
2.6410e+02   4.86234669e+00
2.6420e+02   4.86081556e+00
2.6430e+02   4.85928300e+00
2.6440e+02   4.85774915e+00
2.6450e+02   4.85621377e+00
2.6460e+02   4.85467697e+00
2.6470e+02   4.85313863e+00
2.6480e+02   4.85159866e+00
2.6490e+02   4.85005715e+00
2.6500e+02   4.84851385e+00
2.6510e+02   4.84696893e+00
2.6520e+02   4.84542217e+00
2.6530e+02   4.84387360e+00
2.6540e+02   4.84232320e+00
2.6550e+02   4.84077079e+00
2.6560e+02   4.83921652e+00
2.6570e+02   4.83766013e+00
2.6580e+02   4.83610174e+00
2.6590e+02   4.83454122e+00
2.6600e+02   4.83297850e+00
2.6610e+02   4.83141365e+00
2.6620e+02   4.82984642e+00
2.6630e+02   4.82827699e+00
2.6640e+02   4.82670513e+00
2.6650e+02   4.82513089e+00
2.6660e+02   4.82355422e+00
2.6670e+02   4.82197498e+00
2.6680e+02   4.82039328e+00
2.6690e+02   4.81880890e+00
2.6700e+02   4.81722193e+00
2.6710e+02   4.81563226e+00
2.6720e+02   4.81403982e+00
2.6730e+02   4.81244467e+00
2.6740e+02   4.81084660e+00
2.6750e+02   4.80924575e+00
2.6760e+02   4.80764192e+00
2.6770e+02   4.80603515e+00
2.6780e+02   4.80442541e+00
2.6790e+02   4.80281254e+00
2.6800e+02   4.80119669e+00
2.6810e+02   4.79957761e+00
2.6820e+02   4.79795544e+00
2.6830e+02   4.79633003e+00
2.6840e+02   4.79470134e+00
2.6850e+02   4.79306944e+00
2.6860e+02   4.79143411e+00
2.6870e+02   4.78979553e+00
2.6880e+02   4.78815347e+00
2.6890e+02   4.78650801e+00
2.6900e+02   4.78485910e+00
2.6910e+02   4.78320662e+00
2.6920e+02   4.78155071e+00
2.6930e+02   4.77989114e+00
2.6940e+02   4.77822805e+00
2.6950e+02   4.77656130e+00
2.6960e+02   4.77489088e+00
2.6970e+02   4.77321685e+00
2.6980e+02   4.77153901e+00
2.6990e+02   4.76985755e+00
2.7000e+02   4.76817225e+00
2.7010e+02   4.76648322e+00
2.7020e+02   4.76479039e+00
2.7030e+02   4.76309368e+00
2.7040e+02   4.76139323e+00
2.7050e+02   4.75968881e+00
2.7060e+02   4.75798060e+00
2.7070e+02   4.75626844e+00
2.7080e+02   4.75455237e+00
2.7090e+02   4.75283242e+00
2.7100e+02   4.75110844e+00
2.7110e+02   4.74938061e+00
2.7120e+02   4.74764873e+00
2.7130e+02   4.74591291e+00
2.7140e+02   4.74417311e+00
2.7150e+02   4.74242925e+00
2.7160e+02   4.74068148e+00
2.7170e+02   4.73892958e+00
2.7180e+02   4.73717375e+00
2.7190e+02   4.73541383e+00
2.7200e+02   4.73364988e+00
2.7210e+02   4.73188193e+00
2.7220e+02   4.73010984e+00
2.7230e+02   4.72833380e+00
2.7240e+02   4.72655360e+00
2.7250e+02   4.72476940e+00
2.7260e+02   4.72298112e+00
2.7270e+02   4.72118872e+00
2.7280e+02   4.71939233e+00
2.7290e+02   4.71759176e+00
2.7300e+02   4.71578720e+00
2.7310e+02   4.71397849e+00
2.7320e+02   4.71216570e+00
2.7330e+02   4.71034885e+00
2.7340e+02   4.70852783e+00
2.7350e+02   4.70670280e+00
2.7360e+02   4.70487357e+00
2.7370e+02   4.70304030e+00
2.7380e+02   4.70120288e+00
2.7390e+02   4.69936131e+00
2.7400e+02   4.69751569e+00
2.7410e+02   4.69566583e+00
2.7420e+02   4.69381192e+00
2.7430e+02   4.69195379e+00
2.7440e+02   4.69009152e+00
2.7450e+02   4.68822511e+00
2.7460e+02   4.68635445e+00
2.7470e+02   4.68447968e+00
2.7480e+02   4.68260061e+00
2.7490e+02   4.68071740e+00
2.7500e+02   4.67882992e+00
2.7510e+02   4.67693817e+00
2.7520e+02   4.67504221e+00
2.7530e+02   4.67314188e+00
2.7540e+02   4.67123734e+00
2.7550e+02   4.66932840e+00
2.7560e+02   4.66741514e+00
2.7570e+02   4.66549753e+00
2.7580e+02   4.66357546e+00
2.7590e+02   4.66164907e+00
2.7600e+02   4.65971813e+00
2.7610e+02   4.65778280e+00
2.7620e+02   4.65584292e+00
2.7630e+02   4.65389849e+00
2.7640e+02   4.65194956e+00
2.7650e+02   4.64999593e+00
2.7660e+02   4.64803778e+00
2.7670e+02   4.64607486e+00
2.7680e+02   4.64410728e+00
2.7690e+02   4.64213496e+00
2.7700e+02   4.64015780e+00
2.7710e+02   4.63817590e+00
2.7720e+02   4.63618902e+00
2.7730e+02   4.63419732e+00
2.7740e+02   4.63220061e+00
2.7750e+02   4.63019890e+00
2.7760e+02   4.62819219e+00
2.7770e+02   4.62618028e+00
2.7780e+02   4.62416334e+00
2.7790e+02   4.62214110e+00
2.7800e+02   4.62011367e+00
2.7810e+02   4.61808094e+00
2.7820e+02   4.61604281e+00
2.7830e+02   4.61399936e+00
2.7840e+02   4.61195035e+00
2.7850e+02   4.60989592e+00
2.7860e+02   4.60783587e+00
2.7870e+02   4.60577021e+00
2.7880e+02   4.60369891e+00
2.7890e+02   4.60162179e+00
2.7900e+02   4.59953899e+00
2.7910e+02   4.59745025e+00
2.7920e+02   4.59535568e+00
2.7930e+02   4.59325514e+00
2.7940e+02   4.59114855e+00
2.7950e+02   4.58903597e+00
2.7960e+02   4.58691717e+00
2.7970e+02   4.58479229e+00
2.7980e+02   4.58266112e+00
2.7990e+02   4.58052368e+00
2.8000e+02   4.57837994e+00
2.8010e+02   4.57622974e+00
2.8020e+02   4.57407321e+00
2.8030e+02   4.57191008e+00
2.8040e+02   4.56974050e+00
2.8050e+02   4.56756430e+00
2.8060e+02   4.56538145e+00
2.8070e+02   4.56319200e+00
2.8080e+02   4.56099574e+00
2.8090e+02   4.55879281e+00
2.8100e+02   4.55658302e+00
2.8110e+02   4.55436642e+00
2.8120e+02   4.55214297e+00
2.8130e+02   4.54991255e+00
2.8140e+02   4.54767529e+00
2.8150e+02   4.54543097e+00
2.8160e+02   4.54317973e+00
2.8170e+02   4.54092144e+00
2.8180e+02   4.53865609e+00
2.8190e+02   4.53638375e+00
2.8200e+02   4.53410424e+00
2.8210e+02   4.53181774e+00
2.8220e+02   4.52952406e+00
2.8230e+02   4.52722330e+00
2.8240e+02   4.52491545e+00
2.8250e+02   4.52260041e+00
2.8260e+02   4.52027835e+00
2.8270e+02   4.51794907e+00
2.8280e+02   4.51561277e+00
2.8290e+02   4.51326932e+00
2.8300e+02   4.51091878e+00
2.8310e+02   4.50856123e+00
2.8320e+02   4.50619653e+00
2.8330e+02   4.50382490e+00
2.8340e+02   4.50144619e+00
2.8350e+02   4.49906054e+00
2.8360e+02   4.49666795e+00
2.8370e+02   4.49426840e+00
2.8380e+02   4.49186207e+00
2.8390e+02   4.48944881e+00
2.8400e+02   4.48702885e+00
2.8410e+02   4.48460209e+00
2.8420e+02   4.48216866e+00
2.8430e+02   4.47972863e+00
2.8440e+02   4.47728194e+00
2.8450e+02   4.47482883e+00
2.8460e+02   4.47236918e+00
2.8470e+02   4.46990319e+00
2.8480e+02   4.46743086e+00
2.8490e+02   4.46495224e+00
2.8500e+02   4.46246751e+00
2.8510e+02   4.45997657e+00
2.8520e+02   4.45747970e+00
2.8530e+02   4.45497681e+00
2.8540e+02   4.45246806e+00
2.8550e+02   4.44995355e+00
2.8560e+02   4.44743327e+00
2.8570e+02   4.44490746e+00
2.8580e+02   4.44237603e+00
2.8590e+02   4.43983922e+00
2.8600e+02   4.43729704e+00
2.8610e+02   4.43474957e+00
2.8620e+02   4.43219701e+00
2.8630e+02   4.42963928e+00
2.8640e+02   4.42707667e+00
2.8650e+02   4.42450911e+00
2.8660e+02   4.42193678e+00
2.8670e+02   4.41935980e+00
2.8680e+02   4.41677815e+00
2.8690e+02   4.41419209e+00
2.8700e+02   4.41160155e+00
2.8710e+02   4.40900677e+00
2.8720e+02   4.40640775e+00
2.8730e+02   4.40380461e+00
2.8740e+02   4.40119751e+00
2.8750e+02   4.39858640e+00
2.8760e+02   4.39597156e+00
2.8770e+02   4.39335291e+00
2.8780e+02   4.39073066e+00
2.8790e+02   4.38810487e+00
2.8800e+02   4.38547556e+00
2.8810e+02   4.38284297e+00
2.8820e+02   4.38020700e+00
2.8830e+02   4.37756791e+00
2.8840e+02   4.37492566e+00
2.8850e+02   4.37228038e+00
2.8860e+02   4.36963219e+00
2.8870e+02   4.36698105e+00
2.8880e+02   4.36432721e+00
2.8890e+02   4.36167056e+00
2.8900e+02   4.35901131e+00
2.8910e+02   4.35634949e+00
2.8920e+02   4.35368510e+00
2.8930e+02   4.35101836e+00
2.8940e+02   4.34834914e+00
2.8950e+02   4.34567768e+00
2.8960e+02   4.34300391e+00
2.8970e+02   4.34032794e+00
2.8980e+02   4.33764987e+00
2.8990e+02   4.33496961e+00
2.9000e+02   4.33228740e+00
2.9010e+02   4.32960311e+00
2.9020e+02   4.32691691e+00
2.9030e+02   4.32422878e+00
2.9040e+02   4.32153874e+00
2.9050e+02   4.31884693e+00
2.9060e+02   4.31615322e+00
2.9070e+02   4.31345782e+00
2.9080e+02   4.31076062e+00
2.9090e+02   4.30806171e+00
2.9100e+02   4.30536114e+00
2.9110e+02   4.30265882e+00
2.9120e+02   4.29995494e+00
2.9130e+02   4.29724934e+00
2.9140e+02   4.29454218e+00
2.9150e+02   4.29183340e+00
2.9160e+02   4.28912298e+00
2.9170e+02   4.28641106e+00
2.9180e+02   4.28369746e+00
2.9190e+02   4.28098238e+00
2.9200e+02   4.27826567e+00
2.9210e+02   4.27554741e+00
2.9220e+02   4.27282761e+00
2.9230e+02   4.27010618e+00
2.9240e+02   4.26738327e+00
2.9250e+02   4.26465870e+00
2.9260e+02   4.26193262e+00
2.9270e+02   4.25920494e+00
2.9280e+02   4.25647564e+00
2.9290e+02   4.25374481e+00
2.9300e+02   4.25101229e+00
2.9310e+02   4.24827825e+00
2.9320e+02   4.24554252e+00
2.9330e+02   4.24280519e+00
2.9340e+02   4.24006624e+00
2.9350e+02   4.23732557e+00
2.9360e+02   4.23458333e+00
2.9370e+02   4.23183933e+00
2.9380e+02   4.22909373e+00
2.9390e+02   4.22634640e+00
2.9400e+02   4.22359736e+00
2.9410e+02   4.22084668e+00
2.9420e+02   4.21809419e+00
2.9430e+02   4.21534007e+00
2.9440e+02   4.21258416e+00
2.9450e+02   4.20982654e+00
2.9460e+02   4.20706721e+00
2.9470e+02   4.20430608e+00
2.9480e+02   4.20154330e+00
2.9490e+02   4.19877868e+00
2.9500e+02   4.19601241e+00
2.9510e+02   4.19324436e+00
2.9520e+02   4.19047458e+00
2.9530e+02   4.18770312e+00
2.9540e+02   4.18492987e+00
2.9550e+02   4.18215501e+00
2.9560e+02   4.17937838e+00
2.9570e+02   4.17660012e+00
2.9580e+02   4.17382021e+00
2.9590e+02   4.17103861e+00
2.9600e+02   4.16825548e+00
2.9610e+02   4.16547066e+00
2.9620e+02   4.16268436e+00
2.9630e+02   4.15989647e+00
2.9640e+02   4.15710709e+00
2.9650e+02   4.15431628e+00
2.9660e+02   4.15152396e+00
2.9670e+02   4.14873035e+00
2.9680e+02   4.14593530e+00
2.9690e+02   4.14313900e+00
2.9700e+02   4.14034144e+00
2.9710e+02   4.13754264e+00
2.9720e+02   4.13474277e+00
2.9730e+02   4.13194171e+00
2.9740e+02   4.12913970e+00
2.9750e+02   4.12633667e+00
2.9760e+02   4.12353274e+00
2.9770e+02   4.12072801e+00
2.9780e+02   4.11792244e+00
2.9790e+02   4.11511627e+00
2.9800e+02   4.11230939e+00
2.9810e+02   4.10950203e+00
2.9820e+02   4.10669420e+00
2.9830e+02   4.10388597e+00
2.9840e+02   4.10107751e+00
2.9850e+02   4.09826877e+00
2.9860e+02   4.09546000e+00
2.9870e+02   4.09265116e+00
2.9880e+02   4.08984242e+00
2.9890e+02   4.08703388e+00
2.9900e+02   4.08422555e+00
2.9910e+02   4.08141769e+00
2.9920e+02   4.07861021e+00
2.9930e+02   4.07580339e+00
2.9940e+02   4.07299724e+00
2.9950e+02   4.07019186e+00
2.9960e+02   4.06738746e+00
2.9970e+02   4.06458398e+00
2.9980e+02   4.06178173e+00
2.9990e+02   4.05898065e+00
3.0000e+02   4.05618095e+00
3.0010e+02   4.05338274e+00
3.0020e+02   4.05058604e+00
3.0030e+02   4.04779113e+00
3.0040e+02   4.04499794e+00
3.0050e+02   4.04220675e+00
3.0060e+02   4.03941756e+00
3.0070e+02   4.03663050e+00
3.0080e+02   4.03384577e+00
3.0090e+02   4.03106332e+00
3.0100e+02   4.02828346e+00
3.0110e+02   4.02550612e+00
3.0120e+02   4.02273152e+00
3.0130e+02   4.01995974e+00
3.0140e+02   4.01719082e+00
3.0150e+02   4.01442501e+00
3.0160e+02   4.01166223e+00
3.0170e+02   4.00890275e+00
3.0180e+02   4.00614654e+00
3.0190e+02   4.00339373e+00
3.0200e+02   4.00064448e+00
3.0210e+02   3.99789873e+00
3.0220e+02   3.99515675e+00
3.0230e+02   3.99241844e+00
3.0240e+02   3.98968401e+00
3.0250e+02   3.98695347e+00
3.0260e+02   3.98422686e+00
3.0270e+02   3.98150437e+00
3.0280e+02   3.97878588e+00
3.0290e+02   3.97607163e+00
3.0300e+02   3.97336152e+00
3.0310e+02   3.97065567e+00
3.0320e+02   3.96795415e+00
3.0330e+02   3.96525687e+00
3.0340e+02   3.96256404e+00
3.0350e+02   3.95987551e+00
3.0360e+02   3.95719142e+00
3.0370e+02   3.95451174e+00
3.0380e+02   3.95183644e+00
3.0390e+02   3.94916563e+00
3.0400e+02   3.94649915e+00
3.0410e+02   3.94383716e+00
3.0420e+02   3.94117950e+00
3.0430e+02   3.93852622e+00
3.0440e+02   3.93587732e+00
3.0450e+02   3.93323264e+00
3.0460e+02   3.93059233e+00
3.0470e+02   3.92795615e+00
3.0480e+02   3.92532419e+00
3.0490e+02   3.92269633e+00
3.0500e+02   3.92007248e+00
3.0510e+02   3.91745268e+00
3.0520e+02   3.91483668e+00
3.0530e+02   3.91222460e+00
3.0540e+02   3.90961620e+00
3.0550e+02   3.90701146e+00
3.0560e+02   3.90441031e+00
3.0570e+02   3.90181254e+00
3.0580e+02   3.89921821e+00
3.0590e+02   3.89662703e+00
3.0600e+02   3.89403906e+00
3.0610e+02   3.89145408e+00
3.0620e+02   3.88887198e+00
3.0630e+02   3.88629272e+00
3.0640e+02   3.88371604e+00
3.0650e+02   3.88114198e+00
3.0660e+02   3.87857026e+00
3.0670e+02   3.87600086e+00
3.0680e+02   3.87343363e+00
3.0690e+02   3.87086837e+00
3.0700e+02   3.86830509e+00
3.0710e+02   3.86574349e+00
3.0720e+02   3.86318361e+00
3.0730e+02   3.86062522e+00
3.0740e+02   3.85806821e+00
3.0750e+02   3.85551253e+00
3.0760e+02   3.85295792e+00
3.0770e+02   3.85040444e+00
3.0780e+02   3.84785182e+00
3.0790e+02   3.84530006e+00
3.0800e+02   3.84274902e+00
3.0810e+02   3.84019855e+00
3.0820e+02   3.83764868e+00
3.0830e+02   3.83509916e+00
3.0840e+02   3.83255007e+00
3.0850e+02   3.83000121e+00
3.0860e+02   3.82745257e+00
3.0870e+02   3.82490411e+00
3.0880e+02   3.82235566e+00
3.0890e+02   3.81980735e+00
3.0900e+02   3.81725896e+00
3.0910e+02   3.81471058e+00
3.0920e+02   3.81216215e+00
3.0930e+02   3.80961361e+00
3.0940e+02   3.80706506e+00
3.0950e+02   3.80451634e+00
3.0960e+02   3.80196764e+00
3.0970e+02   3.79941883e+00
3.0980e+02   3.79687000e+00
3.0990e+02   3.79432121e+00
3.1000e+02   3.79177241e+00
3.1010e+02   3.78922379e+00
3.1020e+02   3.78667525e+00
3.1030e+02   3.78412700e+00
3.1040e+02   3.78157903e+00
3.1050e+02   3.77903142e+00
3.1060e+02   3.77648435e+00
3.1070e+02   3.77393776e+00
3.1080e+02   3.77139194e+00
3.1090e+02   3.76884684e+00
3.1100e+02   3.76630266e+00
3.1110e+02   3.76375953e+00
3.1120e+02   3.76121749e+00
3.1130e+02   3.75867682e+00
3.1140e+02   3.75613748e+00
3.1150e+02   3.75359976e+00
3.1160e+02   3.75106373e+00
3.1170e+02   3.74852953e+00
3.1180e+02   3.74599740e+00
3.1190e+02   3.74346733e+00
3.1200e+02   3.74093966e+00
3.1210e+02   3.73841440e+00
3.1220e+02   3.73589178e+00
3.1230e+02   3.73337196e+00
3.1240e+02   3.73085502e+00
3.1250e+02   3.72834126e+00
3.1260e+02   3.72583065e+00
3.1270e+02   3.72332352e+00
3.1280e+02   3.72081991e+00
3.1290e+02   3.71831998e+00
3.1300e+02   3.71582397e+00
3.1310e+02   3.71333186e+00
3.1320e+02   3.71084397e+00
3.1330e+02   3.70836028e+00
3.1340e+02   3.70588103e+00
3.1350e+02   3.70340632e+00
3.1360e+02   3.70093621e+00
3.1370e+02   3.69847095e+00
3.1380e+02   3.69601048e+00
3.1390e+02   3.69355508e+00
3.1400e+02   3.69110473e+00
3.1410e+02   3.68865957e+00
3.1420e+02   3.68621973e+00
3.1430e+02   3.68378517e+00
3.1440e+02   3.68135614e+00
3.1450e+02   3.67893255e+00
3.1460e+02   3.67651457e+00
3.1470e+02   3.67410224e+00
3.1480e+02   3.67169554e+00
3.1490e+02   3.66929466e+00
3.1500e+02   3.66689945e+00
3.1510e+02   3.66451014e+00
3.1520e+02   3.66212661e+00
3.1530e+02   3.65974894e+00
3.1540e+02   3.65737718e+00
3.1550e+02   3.65501123e+00
3.1560e+02   3.65265125e+00
3.1570e+02   3.65029708e+00
3.1580e+02   3.64794883e+00
3.1590e+02   3.64560644e+00
3.1600e+02   3.64326986e+00
3.1610e+02   3.64093917e+00
3.1620e+02   3.63861419e+00
3.1630e+02   3.63629506e+00
3.1640e+02   3.63398160e+00
3.1650e+02   3.63167384e+00
3.1660e+02   3.62937175e+00
3.1670e+02   3.62707519e+00
3.1680e+02   3.62478427e+00
3.1690e+02   3.62249874e+00
3.1700e+02   3.62021871e+00
3.1710e+02   3.61794402e+00
3.1720e+02   3.61567461e+00
3.1730e+02   3.61341050e+00
3.1740e+02   3.61115147e+00
3.1750e+02   3.60889762e+00
3.1760e+02   3.60664873e+00
3.1770e+02   3.60440479e+00
3.1780e+02   3.60216575e+00
3.1790e+02   3.59993143e+00
3.1800e+02   3.59770189e+00
3.1810e+02   3.59547688e+00
3.1820e+02   3.59325647e+00
3.1830e+02   3.59104048e+00
3.1840e+02   3.58882882e+00
3.1850e+02   3.58662149e+00
3.1860e+02   3.58441825e+00
3.1870e+02   3.58221918e+00
3.1880e+02   3.58002404e+00
3.1890e+02   3.57783282e+00
3.1900e+02   3.57564543e+00
3.1910e+02   3.57346168e+00
3.1920e+02   3.57128162e+00
3.1930e+02   3.56910499e+00
3.1940e+02   3.56693185e+00
3.1950e+02   3.56476199e+00
3.1960e+02   3.56259533e+00
3.1970e+02   3.56043184e+00
3.1980e+02   3.55827129e+00
3.1990e+02   3.55611374e+00
3.2000e+02   3.55395893e+00
3.2010e+02   3.55180686e+00
3.2020e+02   3.54965740e+00
3.2030e+02   3.54751040e+00
3.2040e+02   3.54536587e+00
3.2050e+02   3.54322354e+00
3.2060e+02   3.54108346e+00
3.2070e+02   3.53894543e+00
3.2080e+02   3.53680936e+00
3.2090e+02   3.53467521e+00
3.2100e+02   3.53254273e+00
3.2110e+02   3.53041198e+00
3.2120e+02   3.52828271e+00
3.2130e+02   3.52615490e+00
3.2140e+02   3.52402842e+00
3.2150e+02   3.52190311e+00
3.2160e+02   3.51977899e+00
3.2170e+02   3.51765577e+00
3.2180e+02   3.51553352e+00
3.2190e+02   3.51341200e+00
3.2200e+02   3.51129116e+00
3.2210e+02   3.50917093e+00
3.2220e+02   3.50705108e+00
3.2230e+02   3.50493168e+00
3.2240e+02   3.50281245e+00
3.2250e+02   3.50069341e+00
3.2260e+02   3.49857441e+00
3.2270e+02   3.49645532e+00
3.2280e+02   3.49433614e+00
3.2290e+02   3.49221663e+00
3.2300e+02   3.49009684e+00
3.2310e+02   3.48797656e+00
3.2320e+02   3.48585575e+00
3.2330e+02   3.48373435e+00
3.2340e+02   3.48161217e+00
3.2350e+02   3.47948928e+00
3.2360e+02   3.47736543e+00
3.2370e+02   3.47524069e+00
3.2380e+02   3.47311489e+00
3.2390e+02   3.47098796e+00
3.2400e+02   3.46885993e+00
3.2410e+02   3.46673058e+00
3.2420e+02   3.46460002e+00
3.2430e+02   3.46246805e+00
3.2440e+02   3.46033469e+00
3.2450e+02   3.45819991e+00
3.2460e+02   3.45606356e+00
3.2470e+02   3.45392577e+00
3.2480e+02   3.45178633e+00
3.2490e+02   3.44964535e+00
3.2500e+02   3.44750272e+00
3.2510e+02   3.44535844e+00
3.2520e+02   3.44321255e+00
3.2530e+02   3.44106492e+00
3.2540e+02   3.43891570e+00
3.2550e+02   3.43676474e+00
3.2560e+02   3.43461214e+00
3.2570e+02   3.43245791e+00
3.2580e+02   3.43030198e+00
3.2590e+02   3.42814452e+00
3.2600e+02   3.42598537e+00
3.2610e+02   3.42382473e+00
3.2620e+02   3.42166253e+00
3.2630e+02   3.41949882e+00
3.2640e+02   3.41733373e+00
3.2650e+02   3.41516716e+00
3.2660e+02   3.41299933e+00
3.2670e+02   3.41083014e+00
3.2680e+02   3.40865977e+00
3.2690e+02   3.40648824e+00
3.2700e+02   3.40431557e+00
3.2710e+02   3.40214195e+00
3.2720e+02   3.39996730e+00
3.2730e+02   3.39779186e+00
3.2740e+02   3.39561559e+00
3.2750e+02   3.39343861e+00
3.2760e+02   3.39126105e+00
3.2770e+02   3.38908289e+00
3.2780e+02   3.38690437e+00
3.2790e+02   3.38472543e+00
3.2800e+02   3.38254627e+00
3.2810e+02   3.38036695e+00
3.2820e+02   3.37818751e+00
3.2830e+02   3.37600818e+00
3.2840e+02   3.37382889e+00
3.2850e+02   3.37164989e+00
3.2860e+02   3.36947116e+00
3.2870e+02   3.36729286e+00
3.2880e+02   3.36511510e+00
3.2890e+02   3.36293788e+00
3.2900e+02   3.36076146e+00
3.2910e+02   3.35858576e+00
3.2920e+02   3.35641101e+00
3.2930e+02   3.35423723e+00
3.2940e+02   3.35206451e+00
3.2950e+02   3.34989304e+00
3.2960e+02   3.34772274e+00
3.2970e+02   3.34555388e+00
3.2980e+02   3.34338641e+00
3.2990e+02   3.34122048e+00
3.3000e+02   3.33905619e+00
3.3010e+02   3.33689353e+00
3.3020e+02   3.33473273e+00
3.3030e+02   3.33257369e+00
3.3040e+02   3.33041663e+00
3.3050e+02   3.32826155e+00
3.3060e+02   3.32610850e+00
3.3070e+02   3.32395765e+00
3.3080e+02   3.32180891e+00
3.3090e+02   3.31966250e+00
3.3100e+02   3.31751834e+00
3.3110e+02   3.31537657e+00
3.3120e+02   3.31323722e+00
3.3130e+02   3.31110027e+00
3.3140e+02   3.30896590e+00
3.3150e+02   3.30683398e+00
3.3160e+02   3.30470469e+00
3.3170e+02   3.30257796e+00
3.3180e+02   3.30045383e+00
3.3190e+02   3.29833237e+00
3.3200e+02   3.29621348e+00
3.3210e+02   3.29409732e+00
3.3220e+02   3.29198373e+00
3.3230e+02   3.28987280e+00
3.3240e+02   3.28776450e+00
3.3250e+02   3.28565875e+00
3.3260e+02   3.28355565e+00
3.3270e+02   3.28145499e+00
3.3280e+02   3.27935689e+00
3.3290e+02   3.27726119e+00
3.3300e+02   3.27516785e+00
3.3310e+02   3.27307688e+00
3.3320e+02   3.27098805e+00
3.3330e+02   3.26890147e+00
3.3340e+02   3.26681686e+00
3.3350e+02   3.26473425e+00
3.3360e+02   3.26265349e+00
3.3370e+02   3.26057441e+00
3.3380e+02   3.25849701e+00
3.3390e+02   3.25642099e+00
3.3400e+02   3.25434638e+00
3.3410e+02   3.25227290e+00
3.3420e+02   3.25020046e+00
3.3430e+02   3.24812892e+00
3.3440e+02   3.24605801e+00
3.3450e+02   3.24398771e+00
3.3460e+02   3.24191769e+00
3.3470e+02   3.23984788e+00
3.3480e+02   3.23777806e+00
3.3490e+02   3.23570800e+00
3.3500e+02   3.23363762e+00
3.3510e+02   3.23156658e+00
3.3520e+02   3.22949485e+00
3.3530e+02   3.22742212e+00
3.3540e+02   3.22534827e+00
3.3550e+02   3.22327312e+00
3.3560e+02   3.22119642e+00
3.3570e+02   3.21911813e+00
3.3580e+02   3.21703792e+00
3.3590e+02   3.21495578e+00
3.3600e+02   3.21287148e+00
3.3610e+02   3.21078487e+00
3.3620e+02   3.20869592e+00
3.3630e+02   3.20660435e+00
3.3640e+02   3.20451022e+00
3.3650e+02   3.20241332e+00
3.3660e+02   3.20031363e+00
3.3670e+02   3.19821109e+00
3.3680e+02   3.19610558e+00
3.3690e+02   3.19399720e+00
3.3700e+02   3.19188579e+00
3.3710e+02   3.18977147e+00
3.3720e+02   3.18765420e+00
3.3730e+02   3.18553400e+00
3.3740e+02   3.18341102e+00
3.3750e+02   3.18128518e+00
3.3760e+02   3.17915674e+00
3.3770e+02   3.17702566e+00
3.3780e+02   3.17489216e+00
3.3790e+02   3.17275636e+00
3.3800e+02   3.17061835e+00
3.3810e+02   3.16847844e+00
3.3820e+02   3.16633665e+00
3.3830e+02   3.16419332e+00
3.3840e+02   3.16204857e+00
3.3850e+02   3.15990264e+00
3.3860e+02   3.15775584e+00
3.3870e+02   3.15560826e+00
3.3880e+02   3.15346033e+00
3.3890e+02   3.15131215e+00
3.3900e+02   3.14916408e+00
3.3910e+02   3.14701637e+00
3.3920e+02   3.14486921e+00
3.3930e+02   3.14272302e+00
3.3940e+02   3.14057790e+00
3.3950e+02   3.13843426e+00
3.3960e+02   3.13629227e+00
3.3970e+02   3.13415223e+00
3.3980e+02   3.13201442e+00
3.3990e+02   3.12987899e+00
3.4000e+02   3.12774634e+00
3.4010e+02   3.12561653e+00
3.4020e+02   3.12348990e+00
3.4030e+02   3.12136662e+00
3.4040e+02   3.11924685e+00
3.4050e+02   3.11713089e+00
3.4060e+02   3.11501875e+00
3.4070e+02   3.11291074e+00
3.4080e+02   3.11080690e+00
3.4090e+02   3.10870741e+00
3.4100e+02   3.10661240e+00
3.4110e+02   3.10452187e+00
3.4120e+02   3.10243606e+00
3.4130e+02   3.10035487e+00
3.4140e+02   3.09827849e+00
3.4150e+02   3.09620688e+00
3.4160e+02   3.09414005e+00
3.4170e+02   3.09207811e+00
3.4180e+02   3.09002089e+00
3.4190e+02   3.08796854e+00
3.4200e+02   3.08592089e+00
3.4210e+02   3.08387796e+00
3.4220e+02   3.08183970e+00
3.4230e+02   3.07980596e+00
3.4240e+02   3.07777679e+00
3.4250e+02   3.07575195e+00
3.4260e+02   3.07373146e+00
3.4270e+02   3.07171514e+00
3.4280e+02   3.06970287e+00
3.4290e+02   3.06769461e+00
3.4300e+02   3.06569008e+00
3.4310e+02   3.06368932e+00
3.4320e+02   3.06169204e+00
3.4330e+02   3.05969817e+00
3.4340e+02   3.05770757e+00
3.4350e+02   3.05572002e+00
3.4360e+02   3.05373548e+00
3.4370e+02   3.05175366e+00
3.4380e+02   3.04977454e+00
3.4390e+02   3.04779789e+00
3.4400e+02   3.04582355e+00
3.4410e+02   3.04385145e+00
3.4420e+02   3.04188130e+00
3.4430e+02   3.03991313e+00
3.4440e+02   3.03794663e+00
3.4450e+02   3.03598176e+00
3.4460e+02   3.03401837e+00
3.4470e+02   3.03205626e+00
3.4480e+02   3.03009543e+00
3.4490e+02   3.02813558e+00
3.4500e+02   3.02617675e+00
3.4510e+02   3.02421872e+00
3.4520e+02   3.02226140e+00
3.4530e+02   3.02030473e+00
3.4540e+02   3.01834850e+00
3.4550e+02   3.01639275e+00
3.4560e+02   3.01443724e+00
3.4570e+02   3.01248199e+00
3.4580e+02   3.01052688e+00
3.4590e+02   3.00857178e+00
3.4600e+02   3.00661672e+00
3.4610e+02   3.00466149e+00
3.4620e+02   3.00270616e+00
3.4630e+02   3.00075056e+00
3.4640e+02   2.99879467e+00
3.4650e+02   2.99683848e+00
3.4660e+02   2.99488182e+00
3.4670e+02   2.99292479e+00
3.4680e+02   2.99096720e+00
3.4690e+02   2.98900912e+00
3.4700e+02   2.98705046e+00
3.4710e+02   2.98509115e+00
3.4720e+02   2.98313127e+00
3.4730e+02   2.98117064e+00
3.4740e+02   2.97920938e+00
3.4750e+02   2.97724734e+00
3.4760e+02   2.97528456e+00
3.4770e+02   2.97332105e+00
3.4780e+02   2.97135668e+00
3.4790e+02   2.96939158e+00
3.4800e+02   2.96742559e+00
3.4810e+02   2.96545881e+00
3.4820e+02   2.96349117e+00
3.4830e+02   2.96152264e+00
3.4840e+02   2.95955331e+00
3.4850e+02   2.95758302e+00
3.4860e+02   2.95561192e+00
3.4870e+02   2.95363989e+00
3.4880e+02   2.95166697e+00
3.4890e+02   2.94969318e+00
3.4900e+02   2.94771843e+00
3.4910e+02   2.94574286e+00
3.4920e+02   2.94376631e+00
3.4930e+02   2.94178890e+00
3.4940e+02   2.93981057e+00
3.4950e+02   2.93783132e+00
3.4960e+02   2.93585121e+00
3.4970e+02   2.93387013e+00
3.4980e+02   2.93188822e+00
3.4990e+02   2.92990536e+00
3.5000e+02   2.92792162e+00
3.5010e+02   2.92593701e+00
3.5020e+02   2.92395145e+00
3.5030e+02   2.92196509e+00
3.5040e+02   2.91997776e+00
3.5050e+02   2.91798962e+00
3.5060e+02   2.91600058e+00
3.5070e+02   2.91401065e+00
3.5080e+02   2.91201991e+00
3.5090e+02   2.91002824e+00
3.5100e+02   2.90803579e+00
3.5110e+02   2.90604243e+00
3.5120e+02   2.90404827e+00
3.5130e+02   2.90205327e+00
3.5140e+02   2.90005740e+00
3.5150e+02   2.89806077e+00
3.5160e+02   2.89606325e+00
3.5170e+02   2.89406499e+00
3.5180e+02   2.89206588e+00
3.5190e+02   2.89006597e+00
3.5200e+02   2.88806531e+00
3.5210e+02   2.88606380e+00
3.5220e+02   2.88406159e+00
3.5230e+02   2.88205853e+00
3.5240e+02   2.88005476e+00
3.5250e+02   2.87805023e+00
3.5260e+02   2.87604490e+00
3.5270e+02   2.87403891e+00
3.5280e+02   2.87203209e+00
3.5290e+02   2.87002463e+00
3.5300e+02   2.86801640e+00
3.5310e+02   2.86600745e+00
3.5320e+02   2.86399785e+00
3.5330e+02   2.86198747e+00
3.5340e+02   2.85997649e+00
3.5350e+02   2.85796475e+00
3.5360e+02   2.85595239e+00
3.5370e+02   2.85393935e+00
3.5380e+02   2.85192562e+00
3.5390e+02   2.84991130e+00
3.5400e+02   2.84789626e+00
3.5410e+02   2.84588066e+00
3.5420e+02   2.84386439e+00
3.5430e+02   2.84184750e+00
3.5440e+02   2.83983004e+00
3.5450e+02   2.83781191e+00
3.5460e+02   2.83579327e+00
3.5470e+02   2.83377396e+00
3.5480e+02   2.83175413e+00
3.5490e+02   2.82973372e+00
3.5500e+02   2.82771272e+00
3.5510e+02   2.82569122e+00
3.5520e+02   2.82366911e+00
3.5530e+02   2.82164653e+00
3.5540e+02   2.81962337e+00
3.5550e+02   2.81759971e+00
3.5560e+02   2.81557556e+00
3.5570e+02   2.81355085e+00
3.5580e+02   2.81152572e+00
3.5590e+02   2.80950004e+00
3.5600e+02   2.80747393e+00
3.5610e+02   2.80544733e+00
3.5620e+02   2.80342025e+00
3.5630e+02   2.80139277e+00
3.5640e+02   2.79936478e+00
3.5650e+02   2.79733643e+00
3.5660e+02   2.79530759e+00
3.5670e+02   2.79327837e+00
3.5680e+02   2.79124874e+00
3.5690e+02   2.78921867e+00
3.5700e+02   2.78718828e+00
3.5710e+02   2.78515743e+00
3.5720e+02   2.78312627e+00
3.5730e+02   2.78109471e+00
3.5740e+02   2.77906279e+00
3.5750e+02   2.77703057e+00
3.5760e+02   2.77499793e+00
3.5770e+02   2.77296504e+00
3.5780e+02   2.77093177e+00
3.5790e+02   2.76889822e+00
3.5800e+02   2.76686437e+00
3.5810e+02   2.76483018e+00
3.5820e+02   2.76279577e+00
3.5830e+02   2.76076101e+00
3.5840e+02   2.75872605e+00
3.5850e+02   2.75669079e+00
3.5860e+02   2.75465528e+00
3.5870e+02   2.75261956e+00
3.5880e+02   2.75058355e+00
3.5890e+02   2.74854739e+00
3.5900e+02   2.74651094e+00
3.5910e+02   2.74447433e+00
3.5920e+02   2.74243752e+00
3.5930e+02   2.74040049e+00
3.5940e+02   2.73836334e+00
3.5950e+02   2.73632594e+00
3.5960e+02   2.73428845e+00
3.5970e+02   2.73225077e+00
3.5980e+02   2.73021295e+00
3.5990e+02   2.72817503e+00
3.6000e+02   2.72613692e+00
3.6010e+02   2.72409877e+00
3.6020e+02   2.72206044e+00
3.6030e+02   2.72002206e+00
3.6040e+02   2.71798358e+00
3.6050e+02   2.71594499e+00
3.6060e+02   2.71390640e+00
3.6070e+02   2.71186766e+00
3.6080e+02   2.70982895e+00
3.6090e+02   2.70779014e+00
3.6100e+02   2.70575131e+00
3.6110e+02   2.70371248e+00
3.6120e+02   2.70167358e+00
3.6130e+02   2.69963475e+00
3.6140e+02   2.69759584e+00
3.6150e+02   2.69555700e+00
3.6160e+02   2.69351816e+00
3.6170e+02   2.69147933e+00
3.6180e+02   2.68944060e+00
3.6190e+02   2.68740183e+00
3.6200e+02   2.68536320e+00
3.6210e+02   2.68332458e+00
3.6220e+02   2.68128606e+00
3.6230e+02   2.67924764e+00
3.6240e+02   2.67720926e+00
3.6250e+02   2.67517106e+00
3.6260e+02   2.67313289e+00
3.6270e+02   2.67109491e+00
3.6280e+02   2.66905703e+00
3.6290e+02   2.66701927e+00
3.6300e+02   2.66498171e+00
3.6310e+02   2.66294424e+00
3.6320e+02   2.66090701e+00
3.6330e+02   2.65886989e+00
3.6340e+02   2.65683299e+00
3.6350e+02   2.65479630e+00
3.6360e+02   2.65275975e+00
3.6370e+02   2.65072350e+00
3.6380e+02   2.64868738e+00
3.6390e+02   2.64665156e+00
3.6400e+02   2.64461594e+00
3.6410e+02   2.64258057e+00
3.6420e+02   2.64054549e+00
3.6430e+02   2.63851062e+00
3.6440e+02   2.63647609e+00
3.6450e+02   2.63444178e+00
3.6460e+02   2.63240780e+00
3.6470e+02   2.63037412e+00
3.6480e+02   2.62834071e+00
3.6490e+02   2.62630769e+00
3.6500e+02   2.62427491e+00
3.6510e+02   2.62224254e+00
3.6520e+02   2.62021047e+00
3.6530e+02   2.61817876e+00
3.6540e+02   2.61614744e+00
3.6550e+02   2.61411643e+00
3.6560e+02   2.61208587e+00
3.6570e+02   2.61005563e+00
3.6580e+02   2.60802583e+00
3.6590e+02   2.60599643e+00
3.6600e+02   2.60396740e+00
3.6610e+02   2.60193886e+00
3.6620e+02   2.59991067e+00
3.6630e+02   2.59788298e+00
3.6640e+02   2.59585569e+00
3.6650e+02   2.59382887e+00
3.6660e+02   2.59180253e+00
3.6670e+02   2.58977660e+00
3.6680e+02   2.58775123e+00
3.6690e+02   2.58572626e+00
3.6700e+02   2.58370184e+00
3.6710e+02   2.58167791e+00
3.6720e+02   2.57965445e+00
3.6730e+02   2.57763157e+00
3.6740e+02   2.57560914e+00
3.6750e+02   2.57358731e+00
3.6760e+02   2.57156596e+00
3.6770e+02   2.56954518e+00
3.6780e+02   2.56752498e+00
3.6790e+02   2.56550528e+00
3.6800e+02   2.56348622e+00
3.6810e+02   2.56146766e+00
3.6820e+02   2.55944974e+00
3.6830e+02   2.55743239e+00
3.6840e+02   2.55541561e+00
3.6850e+02   2.55339950e+00
3.6860e+02   2.55138392e+00
3.6870e+02   2.54936903e+00
3.6880e+02   2.54735471e+00
3.6890e+02   2.54534104e+00
3.6900e+02   2.54332803e+00
3.6910e+02   2.54131562e+00
3.6920e+02   2.53930393e+00
3.6930e+02   2.53729282e+00
3.6940e+02   2.53528243e+00
3.6950e+02   2.53327270e+00
3.6960e+02   2.53126362e+00
3.6970e+02   2.52925528e+00
3.6980e+02   2.52724756e+00
3.6990e+02   2.52524061e+00
3.7000e+02   2.52323431e+00
3.7010e+02   2.52122874e+00
3.7020e+02   2.51922391e+00
3.7030e+02   2.51721975e+00
3.7040e+02   2.51521638e+00
3.7050e+02   2.51321368e+00
3.7060e+02   2.51121178e+00
3.7070e+02   2.50921059e+00
3.7080e+02   2.50721015e+00
3.7090e+02   2.50521051e+00
3.7100e+02   2.50321157e+00
3.7110e+02   2.50121348e+00
3.7120e+02   2.49921610e+00
3.7130e+02   2.49721953e+00
3.7140e+02   2.49522376e+00
3.7150e+02   2.49322874e+00
3.7160e+02   2.49123458e+00
3.7170e+02   2.48924116e+00
3.7180e+02   2.48724861e+00
3.7190e+02   2.48525683e+00
3.7200e+02   2.48326588e+00
3.7210e+02   2.48127580e+00
3.7220e+02   2.47928648e+00
3.7230e+02   2.47729807e+00
3.7240e+02   2.47531044e+00
3.7250e+02   2.47332370e+00
3.7260e+02   2.47133781e+00
3.7270e+02   2.46935274e+00
3.7280e+02   2.46736860e+00
3.7290e+02   2.46538526e+00
3.7300e+02   2.46340286e+00
3.7310e+02   2.46142129e+00
3.7320e+02   2.45944062e+00
3.7330e+02   2.45746086e+00
3.7340e+02   2.45548194e+00
3.7350e+02   2.45350400e+00
3.7360e+02   2.45152689e+00
3.7370e+02   2.44955073e+00
3.7380e+02   2.44757548e+00
3.7390e+02   2.44560112e+00
3.7400e+02   2.44362774e+00
3.7410e+02   2.44165522e+00
3.7420e+02   2.43968371e+00
3.7430e+02   2.43771308e+00
3.7440e+02   2.43574341e+00
3.7450e+02   2.43377471e+00
3.7460e+02   2.43180690e+00
3.7470e+02   2.42984013e+00
3.7480e+02   2.42787424e+00
3.7490e+02   2.42590938e+00
3.7500e+02   2.42394546e+00
3.7510e+02   2.42198250e+00
3.7520e+02   2.42002057e+00
3.7530e+02   2.41805955e+00
3.7540e+02   2.41609960e+00
3.7550e+02   2.41414058e+00
3.7560e+02   2.41218257e+00
3.7570e+02   2.41022559e+00
3.7580e+02   2.40826955e+00
3.7590e+02   2.40631460e+00
3.7600e+02   2.40436058e+00
3.7610e+02   2.40240764e+00
3.7620e+02   2.40045569e+00
3.7630e+02   2.39850475e+00
3.7640e+02   2.39655488e+00
3.7650e+02   2.39460598e+00
3.7660e+02   2.39265818e+00
3.7670e+02   2.39071136e+00
3.7680e+02   2.38876561e+00
3.7690e+02   2.38682092e+00
3.7700e+02   2.38487723e+00
3.7710e+02   2.38293465e+00
3.7720e+02   2.38099306e+00
3.7730e+02   2.37905259e+00
3.7740e+02   2.37711314e+00
3.7750e+02   2.37517475e+00
3.7760e+02   2.37323747e+00
3.7770e+02   2.37130120e+00
3.7780e+02   2.36936607e+00
3.7790e+02   2.36743194e+00
3.7800e+02   2.36549894e+00
3.7810e+02   2.36356701e+00
3.7820e+02   2.36163613e+00
3.7830e+02   2.35970639e+00
3.7840e+02   2.35777767e+00
3.7850e+02   2.35585010e+00
3.7860e+02   2.35392359e+00
3.7870e+02   2.35199817e+00
3.7880e+02   2.35007388e+00
3.7890e+02   2.34815062e+00
3.7900e+02   2.34622853e+00
3.7910e+02   2.34430748e+00
3.7920e+02   2.34238757e+00
3.7930e+02   2.34046876e+00
3.7940e+02   2.33855103e+00
3.7950e+02   2.33663445e+00
3.7960e+02   2.33471892e+00
3.7970e+02   2.33280455e+00
3.7980e+02   2.33089126e+00
3.7990e+02   2.32897908e+00
3.8000e+02   2.32706804e+00
3.8010e+02   2.32515806e+00
3.8020e+02   2.32324926e+00
3.8030e+02   2.32134150e+00
3.8040e+02   2.31943491e+00
3.8050e+02   2.31752942e+00
3.8060e+02   2.31562502e+00
3.8070e+02   2.31372179e+00
3.8080e+02   2.31181960e+00
3.8090e+02   2.30991860e+00
3.8100e+02   2.30801867e+00
3.8110e+02   2.30611987e+00
3.8120e+02   2.30422221e+00
3.8130e+02   2.30232560e+00
3.8140e+02   2.30043019e+00
3.8150e+02   2.29853582e+00
3.8160e+02   2.29664262e+00
3.8170e+02   2.29475052e+00
3.8180e+02   2.29285951e+00
3.8190e+02   2.29096967e+00
3.8200e+02   2.28908087e+00
3.8210e+02   2.28719326e+00
3.8220e+02   2.28530670e+00
3.8230e+02   2.28342128e+00
3.8240e+02   2.28153699e+00
3.8250e+02   2.27965376e+00
3.8260e+02   2.27777171e+00
3.8270e+02   2.27589070e+00
3.8280e+02   2.27401086e+00
3.8290e+02   2.27213209e+00
3.8300e+02   2.27025443e+00
3.8310e+02   2.26837791e+00
3.8320e+02   2.26650244e+00
3.8330e+02   2.26462814e+00
3.8340e+02   2.26275489e+00
3.8350e+02   2.26088278e+00
3.8360e+02   2.25901177e+00
3.8370e+02   2.25714182e+00
3.8380e+02   2.25527304e+00
3.8390e+02   2.25340529e+00
3.8400e+02   2.25153870e+00
3.8410e+02   2.24967318e+00
3.8420e+02   2.24780875e+00
3.8430e+02   2.24594545e+00
3.8440e+02   2.24408319e+00
3.8450e+02   2.24222210e+00
3.8460e+02   2.24036204e+00
3.8470e+02   2.23850311e+00
3.8480e+02   2.23664527e+00
3.8490e+02   2.23478850e+00
3.8500e+02   2.23293288e+00
3.8510e+02   2.23107827e+00
3.8520e+02   2.22922483e+00
3.8530e+02   2.22737243e+00
3.8540e+02   2.22552113e+00
3.8550e+02   2.22367096e+00
3.8560e+02   2.22182181e+00
3.8570e+02   2.21997383e+00
3.8580e+02   2.21812687e+00
3.8590e+02   2.21628104e+00
3.8600e+02   2.21443630e+00
3.8610e+02   2.21259261e+00
3.8620e+02   2.21075008e+00
3.8630e+02   2.20890856e+00
3.8640e+02   2.20706820e+00
3.8650e+02   2.20522888e+00
3.8660e+02   2.20339067e+00
3.8670e+02   2.20155357e+00
3.8680e+02   2.19971751e+00
3.8690e+02   2.19788261e+00
3.8700e+02   2.19604873e+00
3.8710e+02   2.19421600e+00
3.8720e+02   2.19238434e+00
3.8730e+02   2.19055376e+00
3.8740e+02   2.18872432e+00
3.8750e+02   2.18689591e+00
3.8760e+02   2.18506867e+00
3.8770e+02   2.18324248e+00
3.8780e+02   2.18141740e+00
3.8790e+02   2.17959344e+00
3.8800e+02   2.17777054e+00
3.8810e+02   2.17594881e+00
3.8820e+02   2.17412811e+00
3.8830e+02   2.17230857e+00
3.8840e+02   2.17049011e+00
3.8850e+02   2.16867276e+00
3.8860e+02   2.16685656e+00
3.8870e+02   2.16504140e+00
3.8880e+02   2.16322744e+00
3.8890e+02   2.16141453e+00
3.8900e+02   2.15960277e+00
3.8910e+02   2.15779214e+00
3.8920e+02   2.15598259e+00
3.8930e+02   2.15417423e+00
3.8940e+02   2.15236693e+00
3.8950e+02   2.15056082e+00
3.8960e+02   2.14875581e+00
3.8970e+02   2.14695193e+00
3.8980e+02   2.14514923e+00
3.8990e+02   2.14334760e+00
3.9000e+02   2.14154719e+00
3.9010e+02   2.13974786e+00
3.9020e+02   2.13794972e+00
3.9030e+02   2.13615273e+00
3.9040e+02   2.13435686e+00
3.9050e+02   2.13256221e+00
3.9060e+02   2.13076865e+00
3.9070e+02   2.12897632e+00
3.9080e+02   2.12718512e+00
3.9090e+02   2.12539509e+00
3.9100e+02   2.12360627e+00
3.9110e+02   2.12181856e+00
3.9120e+02   2.12003211e+00
3.9130e+02   2.11824678e+00
3.9140e+02   2.11646267e+00
3.9150e+02   2.11467975e+00
3.9160e+02   2.11289800e+00
3.9170e+02   2.11111750e+00
3.9180e+02   2.10933814e+00
3.9190e+02   2.10756004e+00
3.9200e+02   2.10578312e+00
3.9210e+02   2.10400742e+00
3.9220e+02   2.10223296e+00
3.9230e+02   2.10045966e+00
3.9240e+02   2.09868767e+00
3.9250e+02   2.09691683e+00
3.9260e+02   2.09514728e+00
3.9270e+02   2.09337895e+00
3.9280e+02   2.09161184e+00
3.9290e+02   2.08984603e+00
3.9300e+02   2.08808139e+00
3.9310e+02   2.08631808e+00
3.9320e+02   2.08455598e+00
3.9330e+02   2.08279516e+00
3.9340e+02   2.08103562e+00
3.9350e+02   2.07927731e+00
3.9360e+02   2.07752033e+00
3.9370e+02   2.07576457e+00
3.9380e+02   2.07401014e+00
3.9390e+02   2.07225698e+00
3.9400e+02   2.07050509e+00
3.9410e+02   2.06875455e+00
3.9420e+02   2.06700524e+00
3.9430e+02   2.06525731e+00
3.9440e+02   2.06351062e+00
3.9450e+02   2.06176528e+00
3.9460e+02   2.06002126e+00
3.9470e+02   2.05827852e+00
3.9480e+02   2.05653718e+00
3.9490e+02   2.05479709e+00
3.9500e+02   2.05305839e+00
3.9510e+02   2.05132100e+00
3.9520e+02   2.04958494e+00
3.9530e+02   2.04785027e+00
3.9540e+02   2.04611689e+00
3.9550e+02   2.04438493e+00
3.9560e+02   2.04265428e+00
3.9570e+02   2.04092501e+00
3.9580e+02   2.03919712e+00
3.9590e+02   2.03747056e+00
3.9600e+02   2.03574543e+00
3.9610e+02   2.03402161e+00
3.9620e+02   2.03229924e+00
3.9630e+02   2.03057821e+00
3.9640e+02   2.02885857e+00
3.9650e+02   2.02714037e+00
3.9660e+02   2.02542349e+00
3.9670e+02   2.02370809e+00
3.9680e+02   2.02199403e+00
3.9690e+02   2.02028142e+00
3.9700e+02   2.01857021e+00
3.9710e+02   2.01686039e+00
3.9720e+02   2.01515204e+00
3.9730e+02   2.01344504e+00
3.9740e+02   2.01173953e+00
3.9750e+02   2.01003541e+00
3.9760e+02   2.00833273e+00
3.9770e+02   2.00663151e+00
3.9780e+02   2.00493167e+00
3.9790e+02   2.00323333e+00
3.9800e+02   2.00153638e+00
3.9810e+02   1.99984091e+00
3.9820e+02   1.99814689e+00
3.9830e+02   1.99645429e+00
3.9840e+02   1.99476319e+00
3.9850e+02   1.99307349e+00
3.9860e+02   1.99138531e+00
3.9870e+02   1.98969854e+00
3.9880e+02   1.98801325e+00
3.9890e+02   1.98632945e+00
3.9900e+02   1.98464707e+00
3.9910e+02   1.98296622e+00
3.9920e+02   1.98128678e+00
3.9930e+02   1.97960886e+00
3.9940e+02   1.97793241e+00
3.9950e+02   1.97625740e+00
3.9960e+02   1.97458394e+00
3.9970e+02   1.97291188e+00
3.9980e+02   1.97124138e+00
3.9990e+02   1.96957231e+00
4.0000e+02   1.96790474e+00
4.0010e+02   1.96623868e+00
4.0020e+02   1.96457406e+00
4.0030e+02   1.96291100e+00
4.0040e+02   1.96124936e+00
4.0050e+02   1.95958927e+00
4.0060e+02   1.95793065e+00
4.0070e+02   1.95627350e+00
4.0080e+02   1.95461790e+00
4.0090e+02   1.95296373e+00
4.0100e+02   1.95131113e+00
4.0110e+02   1.94965997e+00
4.0120e+02   1.94801033e+00
4.0130e+02   1.94636220e+00
4.0140e+02   1.94471552e+00
4.0150e+02   1.94307041e+00
4.0160e+02   1.94142673e+00
4.0170e+02   1.93978461e+00
4.0180e+02   1.93814395e+00
4.0190e+02   1.93650479e+00
4.0200e+02   1.93486717e+00
4.0210e+02   1.93323098e+00
4.0220e+02   1.93159637e+00
4.0230e+02   1.92996319e+00
4.0240e+02   1.92833154e+00
4.0250e+02   1.92670140e+00
4.0260e+02   1.92507271e+00
4.0270e+02   1.92344559e+00
4.0280e+02   1.92181989e+00
4.0290e+02   1.92019574e+00
4.0300e+02   1.91857305e+00
4.0310e+02   1.91695186e+00
4.0320e+02   1.91533220e+00
4.0330e+02   1.91371396e+00
4.0340e+02   1.91209729e+00
4.0350e+02   1.91048204e+00
4.0360e+02   1.90886832e+00
4.0370e+02   1.90725608e+00
4.0380e+02   1.90564529e+00
4.0390e+02   1.90403604e+00
4.0400e+02   1.90242821e+00
4.0410e+02   1.90082192e+00
4.0420e+02   1.89921707e+00
4.0430e+02   1.89761369e+00
4.0440e+02   1.89601183e+00
4.0450e+02   1.89441137e+00
4.0460e+02   1.89281246e+00
4.0470e+02   1.89121495e+00
4.0480e+02   1.88961895e+00
4.0490e+02   1.88802440e+00
4.0500e+02   1.88643128e+00
4.0510e+02   1.88483968e+00
4.0520e+02   1.88324947e+00
4.0530e+02   1.88166077e+00
4.0540e+02   1.88007348e+00
4.0550e+02   1.87848765e+00
4.0560e+02   1.87690328e+00
4.0570e+02   1.87532031e+00
4.0580e+02   1.87373884e+00
4.0590e+02   1.87215874e+00
4.0600e+02   1.87058012e+00
4.0610e+02   1.86900291e+00
4.0620e+02   1.86742711e+00
4.0630e+02   1.86585278e+00
4.0640e+02   1.86427980e+00
4.0650e+02   1.86270830e+00
4.0660e+02   1.86113816e+00
4.0670e+02   1.85956945e+00
4.0680e+02   1.85800216e+00
4.0690e+02   1.85643623e+00
4.0700e+02   1.85487175e+00
4.0710e+02   1.85330860e+00
4.0720e+02   1.85174688e+00
4.0730e+02   1.85018653e+00
4.0740e+02   1.84862754e+00
4.0750e+02   1.84706997e+00
4.0760e+02   1.84551371e+00
4.0770e+02   1.84395888e+00
4.0780e+02   1.84240536e+00
4.0790e+02   1.84085322e+00
4.0800e+02   1.83930244e+00
4.0810e+02   1.83775297e+00
4.0820e+02   1.83620490e+00
4.0830e+02   1.83465810e+00
4.0840e+02   1.83311269e+00
4.0850e+02   1.83156858e+00
4.0860e+02   1.83002579e+00
4.0870e+02   1.82848435e+00
4.0880e+02   1.82694416e+00
4.0890e+02   1.82540535e+00
4.0900e+02   1.82386778e+00
4.0910e+02   1.82233154e+00
4.0920e+02   1.82079659e+00
4.0930e+02   1.81926290e+00
4.0940e+02   1.81773054e+00
4.0950e+02   1.81619939e+00
4.0960e+02   1.81466957e+00
4.0970e+02   1.81314098e+00
4.0980e+02   1.81161365e+00
4.0990e+02   1.81008760e+00
4.1000e+02   1.80856275e+00
4.1010e+02   1.80703920e+00
4.1020e+02   1.80551683e+00
4.1030e+02   1.80399572e+00
4.1040e+02   1.80247584e+00
4.1050e+02   1.80095714e+00
4.1060e+02   1.79943971e+00
4.1070e+02   1.79792342e+00
4.1080e+02   1.79640840e+00
4.1090e+02   1.79489453e+00
4.1100e+02   1.79338186e+00
4.1110e+02   1.79187040e+00
4.1120e+02   1.79036006e+00
4.1130e+02   1.78885096e+00
4.1140e+02   1.78734296e+00
4.1150e+02   1.78583617e+00
4.1160e+02   1.78433052e+00
4.1170e+02   1.78282599e+00
4.1180e+02   1.78132266e+00
4.1190e+02   1.77982040e+00
4.1200e+02   1.77831934e+00
4.1210e+02   1.77681935e+00
4.1220e+02   1.77532050e+00
4.1230e+02   1.77382278e+00
4.1240e+02   1.77232612e+00
4.1250e+02   1.77083063e+00
4.1260e+02   1.76933617e+00
4.1270e+02   1.76784285e+00
4.1280e+02   1.76635060e+00
4.1290e+02   1.76485941e+00
4.1300e+02   1.76336933e+00
4.1310e+02   1.76188027e+00
4.1320e+02   1.76039233e+00
4.1330e+02   1.75890539e+00
4.1340e+02   1.75741953e+00
4.1350e+02   1.75593473e+00
4.1360e+02   1.75445092e+00
4.1370e+02   1.75296822e+00
4.1380e+02   1.75148648e+00
4.1390e+02   1.75000581e+00
4.1400e+02   1.74852614e+00
4.1410e+02   1.74704747e+00
4.1420e+02   1.74556985e+00
4.1430e+02   1.74409317e+00
4.1440e+02   1.74261756e+00
4.1450e+02   1.74114289e+00
4.1460e+02   1.73966923e+00
4.1470e+02   1.73819657e+00
4.1480e+02   1.73672484e+00
4.1490e+02   1.73525414e+00
4.1500e+02   1.73378435e+00
4.1510e+02   1.73231558e+00
4.1520e+02   1.73084774e+00
4.1530e+02   1.72938084e+00
4.1540e+02   1.72791494e+00
4.1550e+02   1.72644991e+00
4.1560e+02   1.72498590e+00
4.1570e+02   1.72352277e+00
4.1580e+02   1.72206059e+00
4.1590e+02   1.72059935e+00
4.1600e+02   1.71913900e+00
4.1610e+02   1.71767962e+00
4.1620e+02   1.71622109e+00
4.1630e+02   1.71476353e+00
4.1640e+02   1.71330683e+00
4.1650e+02   1.71185105e+00
4.1660e+02   1.71039619e+00
4.1670e+02   1.70894217e+00
4.1680e+02   1.70748910e+00
4.1690e+02   1.70603687e+00
4.1700e+02   1.70458555e+00
4.1710e+02   1.70313510e+00
4.1720e+02   1.70168550e+00
4.1730e+02   1.70023683e+00
4.1740e+02   1.69878895e+00
4.1750e+02   1.69734201e+00
4.1760e+02   1.69589588e+00
4.1770e+02   1.69445061e+00
4.1780e+02   1.69300623e+00
4.1790e+02   1.69156264e+00
4.1800e+02   1.69011996e+00
4.1810e+02   1.68867807e+00
4.1820e+02   1.68723705e+00
4.1830e+02   1.68579686e+00
4.1840e+02   1.68435749e+00
4.1850e+02   1.68291899e+00
4.1860e+02   1.68148125e+00
4.1870e+02   1.68004440e+00
4.1880e+02   1.67860833e+00
4.1890e+02   1.67717309e+00
4.1900e+02   1.67573869e+00
4.1910e+02   1.67430504e+00
4.1920e+02   1.67287228e+00
4.1930e+02   1.67144025e+00
4.1940e+02   1.67000907e+00
4.1950e+02   1.66857868e+00
4.1960e+02   1.66714907e+00
4.1970e+02   1.66572030e+00
4.1980e+02   1.66429226e+00
4.1990e+02   1.66286508e+00
4.2000e+02   1.66143863e+00
4.2010e+02   1.66001299e+00
4.2020e+02   1.65858814e+00
4.2030e+02   1.65716403e+00
4.2040e+02   1.65574077e+00
4.2050e+02   1.65431821e+00
4.2060e+02   1.65289647e+00
4.2070e+02   1.65147549e+00
4.2080e+02   1.65005526e+00
4.2090e+02   1.64863583e+00
4.2100e+02   1.64721711e+00
4.2110e+02   1.64579922e+00
4.2120e+02   1.64438203e+00
4.2130e+02   1.64296563e+00
4.2140e+02   1.64154999e+00
4.2150e+02   1.64013506e+00
4.2160e+02   1.63872095e+00
4.2170e+02   1.63730751e+00
4.2180e+02   1.63589488e+00
4.2190e+02   1.63448297e+00
4.2200e+02   1.63307179e+00
4.2210e+02   1.63166139e+00
4.2220e+02   1.63025167e+00
4.2230e+02   1.62884275e+00
4.2240e+02   1.62743451e+00
4.2250e+02   1.62602704e+00
4.2260e+02   1.62462029e+00
4.2270e+02   1.62321425e+00
4.2280e+02   1.62180899e+00
4.2290e+02   1.62040439e+00
4.2300e+02   1.61900057e+00
4.2310e+02   1.61759744e+00
4.2320e+02   1.61619504e+00
4.2330e+02   1.61479338e+00
4.2340e+02   1.61339238e+00
4.2350e+02   1.61199217e+00
4.2360e+02   1.61059261e+00
4.2370e+02   1.60919381e+00
4.2380e+02   1.60779571e+00
4.2390e+02   1.60639829e+00
4.2400e+02   1.60500163e+00
4.2410e+02   1.60360562e+00
4.2420e+02   1.60221037e+00
4.2430e+02   1.60081578e+00
4.2440e+02   1.59942191e+00
4.2450e+02   1.59802876e+00
4.2460e+02   1.59663627e+00
4.2470e+02   1.59524453e+00
4.2480e+02   1.59385343e+00
4.2490e+02   1.59246307e+00
4.2500e+02   1.59107340e+00
4.2510e+02   1.58968439e+00
4.2520e+02   1.58829613e+00
4.2530e+02   1.58690849e+00
4.2540e+02   1.58552161e+00
4.2550e+02   1.58413537e+00
4.2560e+02   1.58274984e+00
4.2570e+02   1.58136501e+00
4.2580e+02   1.57998082e+00
4.2590e+02   1.57859738e+00
4.2600e+02   1.57721455e+00
4.2610e+02   1.57583246e+00
4.2620e+02   1.57445103e+00
4.2630e+02   1.57307027e+00
4.2640e+02   1.57169023e+00
4.2650e+02   1.57031081e+00
4.2660e+02   1.56893213e+00
4.2670e+02   1.56755408e+00
4.2680e+02   1.56617673e+00
4.2690e+02   1.56480006e+00
4.2700e+02   1.56342403e+00
4.2710e+02   1.56204873e+00
4.2720e+02   1.56067404e+00
4.2730e+02   1.55930008e+00
4.2740e+02   1.55792676e+00
4.2750e+02   1.55655410e+00
4.2760e+02   1.55518216e+00
4.2770e+02   1.55381082e+00
4.2780e+02   1.55244022e+00
4.2790e+02   1.55107023e+00
4.2800e+02   1.54970094e+00
4.2810e+02   1.54833232e+00
4.2820e+02   1.54696434e+00
4.2830e+02   1.54559707e+00
4.2840e+02   1.54423041e+00
4.2850e+02   1.54286447e+00
4.2860e+02   1.54149916e+00
4.2870e+02   1.54013451e+00
4.2880e+02   1.53877056e+00
4.2890e+02   1.53740721e+00
4.2900e+02   1.53604460e+00
4.2910e+02   1.53468259e+00
4.2920e+02   1.53332127e+00
4.2930e+02   1.53196061e+00
4.2940e+02   1.53060059e+00
4.2950e+02   1.52924127e+00
4.2960e+02   1.52788256e+00
4.2970e+02   1.52652456e+00
4.2980e+02   1.52516718e+00
4.2990e+02   1.52381047e+00
4.3000e+02   1.52245444e+00
4.3010e+02   1.52109902e+00
4.3020e+02   1.51974431e+00
4.3030e+02   1.51839021e+00
4.3040e+02   1.51703680e+00
4.3050e+02   1.51568404e+00
4.3060e+02   1.51433191e+00
4.3070e+02   1.51298049e+00
4.3080e+02   1.51162966e+00
4.3090e+02   1.51027955e+00
4.3100e+02   1.50893004e+00
4.3110e+02   1.50758121e+00
4.3120e+02   1.50623304e+00
4.3130e+02   1.50488549e+00
4.3140e+02   1.50353865e+00
4.3150e+02   1.50219240e+00
4.3160e+02   1.50084685e+00
4.3170e+02   1.49950193e+00
4.3180e+02   1.49815765e+00
4.3190e+02   1.49681407e+00
4.3200e+02   1.49547107e+00
4.3210e+02   1.49412880e+00
4.3220e+02   1.49278712e+00
4.3230e+02   1.49144611e+00
4.3240e+02   1.49010577e+00
4.3250e+02   1.48876603e+00
4.3260e+02   1.48742701e+00
4.3270e+02   1.48608857e+00
4.3280e+02   1.48475083e+00
4.3290e+02   1.48341372e+00
4.3300e+02   1.48207724e+00
4.3310e+02   1.48074145e+00
4.3320e+02   1.47940625e+00
4.3330e+02   1.47807177e+00
4.3340e+02   1.47673788e+00
4.3350e+02   1.47540466e+00
4.3360e+02   1.47407210e+00
4.3370e+02   1.47274014e+00
4.3380e+02   1.47140889e+00
4.3390e+02   1.47007822e+00
4.3400e+02   1.46874826e+00
4.3410e+02   1.46741891e+00
4.3420e+02   1.46609020e+00
4.3430e+02   1.46476217e+00
4.3440e+02   1.46343474e+00
4.3450e+02   1.46210801e+00
4.3460e+02   1.46078187e+00
4.3470e+02   1.45945641e+00
4.3480e+02   1.45813160e+00
4.3490e+02   1.45680739e+00
4.3500e+02   1.45548389e+00
4.3510e+02   1.45416097e+00
4.3520e+02   1.45283875e+00
4.3530e+02   1.45151714e+00
4.3540e+02   1.45019618e+00
4.3550e+02   1.44887590e+00
4.3560e+02   1.44755620e+00
4.3570e+02   1.44623722e+00
4.3580e+02   1.44491882e+00
4.3590e+02   1.44360111e+00
4.3600e+02   1.44228403e+00
4.3610e+02   1.44096757e+00
4.3620e+02   1.43965181e+00
4.3630e+02   1.43833663e+00
4.3640e+02   1.43702216e+00
4.3650e+02   1.43570830e+00
4.3660e+02   1.43439509e+00
4.3670e+02   1.43308255e+00
4.3680e+02   1.43177061e+00
4.3690e+02   1.43045938e+00
4.3700e+02   1.42914874e+00
4.3710e+02   1.42783878e+00
4.3720e+02   1.42652947e+00
4.3730e+02   1.42522078e+00
4.3740e+02   1.42391279e+00
4.3750e+02   1.42260539e+00
4.3760e+02   1.42129870e+00
4.3770e+02   1.41999262e+00
4.3780e+02   1.41868720e+00
4.3790e+02   1.41738246e+00
4.3800e+02   1.41607832e+00
4.3810e+02   1.41477490e+00
4.3820e+02   1.41347207e+00
4.3830e+02   1.41216994e+00
4.3840e+02   1.41086845e+00
4.3850e+02   1.40956760e+00
4.3860e+02   1.40826746e+00
4.3870e+02   1.40696791e+00
4.3880e+02   1.40566908e+00
4.3890e+02   1.40437087e+00
4.3900e+02   1.40307334e+00
4.3910e+02   1.40177648e+00
4.3920e+02   1.40048024e+00
4.3930e+02   1.39918473e+00
4.3940e+02   1.39788982e+00
4.3950e+02   1.39659563e+00
4.3960e+02   1.39530208e+00
4.3970e+02   1.39400919e+00
4.3980e+02   1.39271701e+00
4.3990e+02   1.39142544e+00
4.4000e+02   1.39013461e+00
4.4010e+02   1.38884440e+00
4.4020e+02   1.38755489e+00
4.4030e+02   1.38626606e+00
4.4040e+02   1.38497787e+00
4.4050e+02   1.38369042e+00
4.4060e+02   1.38240358e+00
4.4070e+02   1.38111748e+00
4.4080e+02   1.37983203e+00
4.4090e+02   1.37854727e+00
4.4100e+02   1.37726322e+00
4.4110e+02   1.37597980e+00
4.4120e+02   1.37469713e+00
4.4130e+02   1.37341510e+00
4.4140e+02   1.37213379e+00
4.4150e+02   1.37085317e+00
4.4160e+02   1.36957321e+00
4.4170e+02   1.36829400e+00
4.4180e+02   1.36701542e+00
4.4190e+02   1.36573760e+00
4.4200e+02   1.36446045e+00
4.4210e+02   1.36318399e+00
4.4220e+02   1.36190827e+00
4.4230e+02   1.36063320e+00
4.4240e+02   1.35935889e+00
4.4250e+02   1.35808524e+00
4.4260e+02   1.35681232e+00
4.4270e+02   1.35554011e+00
4.4280e+02   1.35426859e+00
4.4290e+02   1.35299783e+00
4.4300e+02   1.35172772e+00
4.4310e+02   1.35045838e+00
4.4320e+02   1.34918972e+00
4.4330e+02   1.34792178e+00
4.4340e+02   1.34665459e+00
4.4350e+02   1.34538807e+00
4.4360e+02   1.34412233e+00
4.4370e+02   1.34285725e+00
4.4380e+02   1.34159294e+00
4.4390e+02   1.34032934e+00
4.4400e+02   1.33906645e+00
4.4410e+02   1.33780434e+00
4.4420e+02   1.33654289e+00
4.4430e+02   1.33528223e+00
4.4440e+02   1.33402226e+00
4.4450e+02   1.33276304e+00
4.4460e+02   1.33150457e+00
4.4470e+02   1.33024678e+00
4.4480e+02   1.32898980e+00
4.4490e+02   1.32773349e+00
4.4500e+02   1.32647797e+00
4.4510e+02   1.32522317e+00
4.4520e+02   1.32396909e+00
4.4530e+02   1.32271580e+00
4.4540e+02   1.32146319e+00
4.4550e+02   1.32021139e+00
4.4560e+02   1.31896028e+00
4.4570e+02   1.31770994e+00
4.4580e+02   1.31646036e+00
4.4590e+02   1.31521149e+00
4.4600e+02   1.31396343e+00
4.4610e+02   1.31271605e+00
4.4620e+02   1.31146947e+00
4.4630e+02   1.31022362e+00
4.4640e+02   1.30897852e+00
4.4650e+02   1.30773420e+00
4.4660e+02   1.30649059e+00
4.4670e+02   1.30524779e+00
4.4680e+02   1.30400570e+00
4.4690e+02   1.30276439e+00
4.4700e+02   1.30152384e+00
4.4710e+02   1.30028402e+00
4.4720e+02   1.29904501e+00
4.4730e+02   1.29780671e+00
4.4740e+02   1.29656921e+00
4.4750e+02   1.29533245e+00
4.4760e+02   1.29409646e+00
4.4770e+02   1.29286126e+00
4.4780e+02   1.29162677e+00
4.4790e+02   1.29039311e+00
4.4800e+02   1.28916016e+00
4.4810e+02   1.28792802e+00
4.4820e+02   1.28669664e+00
4.4830e+02   1.28546600e+00
4.4840e+02   1.28423619e+00
4.4850e+02   1.28300708e+00
4.4860e+02   1.28177881e+00
4.4870e+02   1.28055127e+00
4.4880e+02   1.27932452e+00
4.4890e+02   1.27809857e+00
4.4900e+02   1.27687334e+00
4.4910e+02   1.27564896e+00
4.4920e+02   1.27442530e+00
4.4930e+02   1.27320246e+00
4.4940e+02   1.27198039e+00
4.4950e+02   1.27075908e+00
4.4960e+02   1.26953861e+00
4.4970e+02   1.26831886e+00
4.4980e+02   1.26709995e+00
4.4990e+02   1.26588180e+00
4.5000e+02   1.26466445e+00
4.5010e+02   1.26344791e+00
4.5020e+02   1.26223211e+00
4.5030e+02   1.26101717e+00
4.5040e+02   1.25980297e+00
4.5050e+02   1.25858961e+00
4.5060e+02   1.25737703e+00
4.5070e+02   1.25616524e+00
4.5080e+02   1.25495429e+00
4.5090e+02   1.25374409e+00
4.5100e+02   1.25253476e+00
4.5110e+02   1.25132619e+00
4.5120e+02   1.25011844e+00
4.5130e+02   1.24891152e+00
4.5140e+02   1.24770538e+00
4.5150e+02   1.24650010e+00
4.5160e+02   1.24529559e+00
4.5170e+02   1.24409194e+00
4.5180e+02   1.24288909e+00
4.5190e+02   1.24168705e+00
4.5200e+02   1.24048588e+00
4.5210e+02   1.23928548e+00
4.5220e+02   1.23808597e+00
4.5230e+02   1.23688724e+00
4.5240e+02   1.23568937e+00
4.5250e+02   1.23449235e+00
4.5260e+02   1.23329612e+00
4.5270e+02   1.23210080e+00
4.5280e+02   1.23090626e+00
4.5290e+02   1.22971261e+00
4.5300e+02   1.22851978e+00
4.5310e+02   1.22732781e+00
4.5320e+02   1.22613671e+00
4.5330e+02   1.22494642e+00
4.5340e+02   1.22375705e+00
4.5350e+02   1.22256849e+00
4.5360e+02   1.22138082e+00
4.5370e+02   1.22019401e+00
4.5380e+02   1.21900805e+00
4.5390e+02   1.21782300e+00
4.5400e+02   1.21663877e+00
4.5410e+02   1.21545547e+00
4.5420e+02   1.21427301e+00
4.5430e+02   1.21309143e+00
4.5440e+02   1.21191077e+00
4.5450e+02   1.21073094e+00
4.5460e+02   1.20955206e+00
4.5470e+02   1.20837402e+00
4.5480e+02   1.20719690e+00
4.5490e+02   1.20602068e+00
4.5500e+02   1.20484533e+00
4.5510e+02   1.20367092e+00
4.5520e+02   1.20249736e+00
4.5530e+02   1.20132476e+00
4.5540e+02   1.20015304e+00
4.5550e+02   1.19898223e+00
4.5560e+02   1.19781236e+00
4.5570e+02   1.19664335e+00
4.5580e+02   1.19547532e+00
4.5590e+02   1.19430816e+00
4.5600e+02   1.19314195e+00
4.5610e+02   1.19197666e+00
4.5620e+02   1.19081228e+00
4.5630e+02   1.18964887e+00
4.5640e+02   1.18848633e+00
4.5650e+02   1.18732478e+00
4.5660e+02   1.18616412e+00
4.5670e+02   1.18500442e+00
4.5680e+02   1.18384567e+00
4.5690e+02   1.18268782e+00
4.5700e+02   1.18153098e+00
4.5710e+02   1.18037501e+00
4.5720e+02   1.17922004e+00
4.5730e+02   1.17806600e+00
4.5740e+02   1.17691289e+00
4.5750e+02   1.17576078e+00
4.5760e+02   1.17460956e+00
4.5770e+02   1.17345936e+00
4.5780e+02   1.17231006e+00
4.5790e+02   1.17116175e+00
4.5800e+02   1.17001440e+00
4.5810e+02   1.16886798e+00
4.5820e+02   1.16772257e+00
4.5830e+02   1.16657807e+00
4.5840e+02   1.16543458e+00
4.5850e+02   1.16429203e+00
4.5860e+02   1.16315044e+00
4.5870e+02   1.16200986e+00
4.5880e+02   1.16087018e+00
4.5890e+02   1.15973154e+00
4.5900e+02   1.15859382e+00
4.5910e+02   1.15745709e+00
4.5920e+02   1.15632134e+00
4.5930e+02   1.15518653e+00
4.5940e+02   1.15405275e+00
4.5950e+02   1.15291988e+00
4.5960e+02   1.15178803e+00
4.5970e+02   1.15065714e+00
4.5980e+02   1.14952721e+00
4.5990e+02   1.14839830e+00
4.6000e+02   1.14727030e+00
4.6010e+02   1.14614335e+00
4.6020e+02   1.14501732e+00
4.6030e+02   1.14389230e+00
4.6040e+02   1.14276825e+00
4.6050e+02   1.14164515e+00
4.6060e+02   1.14052309e+00
4.6070e+02   1.13940194e+00
4.6080e+02   1.13828182e+00
4.6090e+02   1.13716264e+00
4.6100e+02   1.13604445e+00
4.6110e+02   1.13492727e+00
4.6120e+02   1.13381101e+00
4.6130e+02   1.13269579e+00
4.6140e+02   1.13158149e+00
4.6150e+02   1.13046821e+00
4.6160e+02   1.12935590e+00
4.6170e+02   1.12824454e+00
4.6180e+02   1.12713421e+00
4.6190e+02   1.12602479e+00
4.6200e+02   1.12491641e+00
4.6210e+02   1.12380896e+00
4.6220e+02   1.12270251e+00
4.6230e+02   1.12159705e+00
4.6240e+02   1.12049252e+00
4.6250e+02   1.11938902e+00
4.6260e+02   1.11828644e+00
4.6270e+02   1.11718488e+00
4.6280e+02   1.11608428e+00
4.6290e+02   1.11498464e+00
4.6300e+02   1.11388601e+00
4.6310e+02   1.11278830e+00
4.6320e+02   1.11169163e+00
4.6330e+02   1.11059588e+00
4.6340e+02   1.10950112e+00
4.6350e+02   1.10840735e+00
4.6360e+02   1.10731451e+00
4.6370e+02   1.10622270e+00
4.6380e+02   1.10513180e+00
4.6390e+02   1.10404192e+00
4.6400e+02   1.10295299e+00
4.6410e+02   1.10186502e+00
4.6420e+02   1.10077806e+00
4.6430e+02   1.09969202e+00
4.6440e+02   1.09860700e+00
4.6450e+02   1.09752291e+00
4.6460e+02   1.09643981e+00
4.6470e+02   1.09535769e+00
4.6480e+02   1.09427651e+00
4.6490e+02   1.09319635e+00
4.6500e+02   1.09211710e+00
4.6510e+02   1.09103886e+00
4.6520e+02   1.08996158e+00
4.6530e+02   1.08888525e+00
4.6540e+02   1.08780994e+00
4.6550e+02   1.08673553e+00
4.6560e+02   1.08566216e+00
4.6570e+02   1.08458971e+00
4.6580e+02   1.08351825e+00
4.6590e+02   1.08244777e+00
4.6600e+02   1.08137823e+00
4.6610e+02   1.08030971e+00
4.6620e+02   1.07924210e+00
4.6630e+02   1.07817552e+00
4.6640e+02   1.07710987e+00
4.6650e+02   1.07604520e+00
4.6660e+02   1.07498153e+00
4.6670e+02   1.07391878e+00
4.6680e+02   1.07285707e+00
4.6690e+02   1.07179627e+00
4.6700e+02   1.07073648e+00
4.6710e+02   1.06967766e+00
4.6720e+02   1.06861979e+00
4.6730e+02   1.06756294e+00
4.6740e+02   1.06650701e+00
4.6750e+02   1.06545211e+00
4.6760e+02   1.06439814e+00
4.6770e+02   1.06334517e+00
4.6780e+02   1.06229319e+00
4.6790e+02   1.06124214e+00
4.6800e+02   1.06019213e+00
4.6810e+02   1.05914304e+00
4.6820e+02   1.05809496e+00
4.6830e+02   1.05704786e+00
4.6840e+02   1.05600171e+00
4.6850e+02   1.05495659e+00
4.6860e+02   1.05391239e+00
4.6870e+02   1.05286923e+00
4.6880e+02   1.05182701e+00
4.6890e+02   1.05078579e+00
4.6900e+02   1.04974556e+00
4.6910e+02   1.04870627e+00
4.6920e+02   1.04766803e+00
4.6930e+02   1.04663071e+00
4.6940e+02   1.04559441e+00
4.6950e+02   1.04455908e+00
4.6960e+02   1.04352472e+00
4.6970e+02   1.04249139e+00
4.6980e+02   1.04145898e+00
4.6990e+02   1.04042762e+00
4.7000e+02   1.03939719e+00
4.7010e+02   1.03836777e+00
4.7020e+02   1.03733935e+00
4.7030e+02   1.03631187e+00
4.7040e+02   1.03528543e+00
4.7050e+02   1.03425992e+00
4.7060e+02   1.03323543e+00
4.7070e+02   1.03221191e+00
4.7080e+02   1.03118937e+00
4.7090e+02   1.03016784e+00
4.7100e+02   1.02914724e+00
4.7110e+02   1.02812769e+00
4.7120e+02   1.02710907e+00
4.7130e+02   1.02609145e+00
4.7140e+02   1.02507483e+00
4.7150e+02   1.02405914e+00
4.7160e+02   1.02304450e+00
4.7170e+02   1.02203077e+00
4.7180e+02   1.02101807e+00
4.7190e+02   1.02000632e+00
4.7200e+02   1.01899555e+00
4.7210e+02   1.01798578e+00
4.7220e+02   1.01697694e+00
4.7230e+02   1.01596913e+00
4.7240e+02   1.01496224e+00
4.7250e+02   1.01395635e+00
4.7260e+02   1.01295143e+00
4.7270e+02   1.01194746e+00
4.7280e+02   1.01094450e+00
4.7290e+02   1.00994245e+00
4.7300e+02   1.00894141e+00
4.7310e+02   1.00794131e+00
4.7320e+02   1.00694217e+00
4.7330e+02   1.00594402e+00
4.7340e+02   1.00494677e+00
4.7350e+02   1.00395055e+00
4.7360e+02   1.00295522e+00
4.7370e+02   1.00196088e+00
4.7380e+02   1.00096749e+00
4.7390e+02   9.99975024e-01
4.7400e+02   9.98983553e-01
4.7410e+02   9.97992967e-01
4.7420e+02   9.97003381e-01
4.7430e+02   9.96014699e-01
4.7440e+02   9.95026966e-01
4.7450e+02   9.94040191e-01
4.7460e+02   9.93054306e-01
4.7470e+02   9.92069412e-01
4.7480e+02   9.91085393e-01
4.7490e+02   9.90102342e-01
4.7500e+02   9.89120207e-01
4.7510e+02   9.88138976e-01
4.7520e+02   9.87158713e-01
4.7530e+02   9.86179311e-01
4.7540e+02   9.85200884e-01
4.7550e+02   9.84223331e-01
4.7560e+02   9.83246706e-01
4.7570e+02   9.82271009e-01
4.7580e+02   9.81296178e-01
4.7590e+02   9.80322311e-01
4.7600e+02   9.79349292e-01
4.7610e+02   9.78377218e-01
4.7620e+02   9.77406027e-01
4.7630e+02   9.76435721e-01
4.7640e+02   9.75466351e-01
4.7650e+02   9.74497819e-01
4.7660e+02   9.73530238e-01
4.7670e+02   9.72563502e-01
4.7680e+02   9.71597674e-01
4.7690e+02   9.70632742e-01
4.7700e+02   9.69668657e-01
4.7710e+02   9.68705510e-01
4.7720e+02   9.67743185e-01
4.7730e+02   9.66781786e-01
4.7740e+02   9.65821241e-01
4.7750e+02   9.64861565e-01
4.7760e+02   9.63902798e-01
4.7770e+02   9.62944849e-01
4.7780e+02   9.61987831e-01
4.7790e+02   9.61031633e-01
4.7800e+02   9.60076329e-01
4.7810e+02   9.59121895e-01
4.7820e+02   9.58168295e-01
4.7830e+02   9.57215611e-01
4.7840e+02   9.56263731e-01
4.7850e+02   9.55312763e-01
4.7860e+02   9.54362627e-01
4.7870e+02   9.53413350e-01
4.7880e+02   9.52464961e-01
4.7890e+02   9.51517379e-01
4.7900e+02   9.50570712e-01
4.7910e+02   9.49624850e-01
4.7920e+02   9.48679873e-01
4.7930e+02   9.47735748e-01
4.7940e+02   9.46792449e-01
4.7950e+02   9.45850053e-01
4.7960e+02   9.44908449e-01
4.7970e+02   9.43967750e-01
4.7980e+02   9.43027868e-01
4.7990e+02   9.42088841e-01
4.8000e+02   9.41150688e-01
4.8010e+02   9.40213336e-01
4.8020e+02   9.39276891e-01
4.8030e+02   9.38341240e-01
4.8040e+02   9.37406472e-01
4.8050e+02   9.36472543e-01
4.8060e+02   9.35539438e-01
4.8070e+02   9.34607225e-01
4.8080e+02   9.33675800e-01
4.8090e+02   9.32745275e-01
4.8100e+02   9.31815556e-01
4.8110e+02   9.30886693e-01
4.8120e+02   9.29958692e-01
4.8130e+02   9.29031490e-01
4.8140e+02   9.28105189e-01
4.8150e+02   9.27179673e-01
4.8160e+02   9.26255040e-01
4.8170e+02   9.25331234e-01
4.8180e+02   9.24408252e-01
4.8190e+02   9.23486152e-01
4.8200e+02   9.22564835e-01
4.8210e+02   9.21644413e-01
4.8220e+02   9.20724787e-01
4.8230e+02   9.19806015e-01
4.8240e+02   9.18888094e-01
4.8250e+02   9.17970968e-01
4.8260e+02   9.17054734e-01
4.8270e+02   9.16139276e-01
4.8280e+02   9.15224696e-01
4.8290e+02   9.14310929e-01
4.8300e+02   9.13397983e-01
4.8310e+02   9.12485905e-01
4.8320e+02   9.11574602e-01
4.8330e+02   9.10664186e-01
4.8340e+02   9.09754551e-01
4.8350e+02   9.08845763e-01
4.8360e+02   9.07937809e-01
4.8370e+02   9.07030643e-01
4.8380e+02   9.06124353e-01
4.8390e+02   9.05218826e-01
4.8400e+02   9.04314167e-01
4.8410e+02   9.03410301e-01
4.8420e+02   9.02507247e-01
4.8430e+02   9.01605042e-01
4.8440e+02   9.00703598e-01
4.8450e+02   8.99803024e-01
4.8460e+02   8.98903212e-01
4.8470e+02   8.98004236e-01
4.8480e+02   8.97106069e-01
4.8490e+02   8.96208677e-01
4.8500e+02   8.95312140e-01
4.8510e+02   8.94416346e-01
4.8520e+02   8.93521403e-01
4.8530e+02   8.92627228e-01
4.8540e+02   8.91733851e-01
4.8550e+02   8.90841296e-01
4.8560e+02   8.89949483e-01
4.8570e+02   8.89058520e-01
4.8580e+02   8.88168293e-01
4.8590e+02   8.87278884e-01
4.8600e+02   8.86390256e-01
4.8610e+02   8.85502384e-01
4.8620e+02   8.84615341e-01
4.8630e+02   8.83729018e-01
4.8640e+02   8.82843524e-01
4.8650e+02   8.81958769e-01
4.8660e+02   8.81074792e-01
4.8670e+02   8.80191607e-01
4.8680e+02   8.79309144e-01
4.8690e+02   8.78427503e-01
4.8700e+02   8.77546571e-01
4.8710e+02   8.76666436e-01
4.8720e+02   8.75787051e-01
4.8730e+02   8.74908401e-01
4.8740e+02   8.74030551e-01
4.8750e+02   8.73153394e-01
4.8760e+02   8.72277043e-01
4.8770e+02   8.71401400e-01
4.8780e+02   8.70526515e-01
4.8790e+02   8.69652391e-01
4.8800e+02   8.68778965e-01
4.8810e+02   8.67906334e-01
4.8820e+02   8.67034384e-01
4.8830e+02   8.66163209e-01
4.8840e+02   8.65292752e-01
4.8850e+02   8.64423010e-01
4.8860e+02   8.63554036e-01
4.8870e+02   8.62685733e-01
4.8880e+02   8.61818210e-01
4.8890e+02   8.60951367e-01
4.8900e+02   8.60085260e-01
4.8910e+02   8.59219884e-01
4.8920e+02   8.58355184e-01
4.8930e+02   8.57491253e-01
4.8940e+02   8.56627977e-01
4.8950e+02   8.55765455e-01
4.8960e+02   8.54903620e-01
4.8970e+02   8.54042482e-01
4.8980e+02   8.53182084e-01
4.8990e+02   8.52322335e-01
4.9000e+02   8.51463343e-01
4.9010e+02   8.50605003e-01
4.9020e+02   8.49747383e-01
4.9030e+02   8.48890464e-01
4.9040e+02   8.48034204e-01
4.9050e+02   8.47178689e-01
4.9060e+02   8.46323805e-01
4.9070e+02   8.45469657e-01
4.9080e+02   8.44616171e-01
4.9090e+02   8.43763366e-01
4.9100e+02   8.42911275e-01
4.9110e+02   8.42059815e-01
4.9120e+02   8.41209094e-01
4.9130e+02   8.40359002e-01
4.9140e+02   8.39509615e-01
4.9150e+02   8.38660906e-01
4.9160e+02   8.37812842e-01
4.9170e+02   8.36965502e-01
4.9180e+02   8.36118776e-01
4.9190e+02   8.35272772e-01
4.9200e+02   8.34427407e-01
4.9210e+02   8.33582714e-01
4.9220e+02   8.32738714e-01
4.9230e+02   8.31895333e-01
4.9240e+02   8.31052676e-01
4.9250e+02   8.30210631e-01
4.9260e+02   8.29369282e-01
4.9270e+02   8.28528591e-01
4.9280e+02   8.27688539e-01
4.9290e+02   8.26849195e-01
4.9300e+02   8.26010453e-01
4.9310e+02   8.25172425e-01
4.9320e+02   8.24335020e-01
4.9330e+02   8.23498282e-01
4.9340e+02   8.22662223e-01
4.9350e+02   8.21826777e-01
4.9360e+02   8.20992045e-01
4.9370e+02   8.20157915e-01
4.9380e+02   8.19324478e-01
4.9390e+02   8.18491686e-01
4.9400e+02   8.17659531e-01
4.9410e+02   8.16828074e-01
4.9420e+02   8.15997216e-01
4.9430e+02   8.15167067e-01
4.9440e+02   8.14337533e-01
4.9450e+02   8.13508668e-01
4.9460e+02   8.12680472e-01
4.9470e+02   8.11852889e-01
4.9480e+02   8.11026017e-01
4.9490e+02   8.10199742e-01
4.9500e+02   8.09374163e-01
4.9510e+02   8.08549222e-01
4.9520e+02   8.07724923e-01
4.9530e+02   8.06901316e-01
4.9540e+02   8.06078310e-01
4.9550e+02   8.05256015e-01
4.9560e+02   8.04434331e-01
4.9570e+02   8.03613322e-01
4.9580e+02   8.02792978e-01
4.9590e+02   8.01973253e-01
4.9600e+02   8.01154238e-01
4.9610e+02   8.00335822e-01
4.9620e+02   7.99518108e-01
4.9630e+02   7.98701029e-01
4.9640e+02   7.97884600e-01
4.9650e+02   7.97068863e-01
4.9660e+02   7.96253731e-01
4.9670e+02   7.95439314e-01
4.9680e+02   7.94625509e-01
4.9690e+02   7.93812387e-01
4.9700e+02   7.92999928e-01
4.9710e+02   7.92188097e-01
4.9720e+02   7.91376977e-01
4.9730e+02   7.90566460e-01
4.9740e+02   7.89756651e-01
4.9750e+02   7.88947476e-01
4.9760e+02   7.88138961e-01
4.9770e+02   7.87331137e-01
4.9780e+02   7.86523924e-01
4.9790e+02   7.85717430e-01
4.9800e+02   7.84911548e-01
4.9810e+02   7.84106358e-01
4.9820e+02   7.83301829e-01
4.9830e+02   7.82497935e-01
4.9840e+02   7.81694752e-01
4.9850e+02   7.80892175e-01
4.9860e+02   7.80090312e-01
4.9870e+02   7.79289079e-01
4.9880e+02   7.78488514e-01
4.9890e+02   7.77688636e-01
4.9900e+02   7.76889374e-01
4.9910e+02   7.76090832e-01
4.9920e+02   7.75292900e-01
4.9930e+02   7.74495665e-01
4.9940e+02   7.73699085e-01
4.9950e+02   7.72903145e-01
4.9960e+02   7.72107912e-01
4.9970e+02   7.71313284e-01
4.9980e+02   7.70519371e-01
4.9990e+02   7.69726082e-01
5.0000e+02   7.68933464e-01
5.0010e+02   7.68141525e-01
5.0020e+02   7.67350202e-01
5.0030e+02   7.66559594e-01
5.0040e+02   7.65769591e-01
5.0050e+02   7.64980284e-01
5.0060e+02   7.64191622e-01
5.0070e+02   7.63403599e-01
5.0080e+02   7.62616274e-01
5.0090e+02   7.61829549e-01
5.0100e+02   7.61043534e-01
5.0110e+02   7.60258131e-01
5.0120e+02   7.59473397e-01
5.0130e+02   7.58689328e-01
5.0140e+02   7.57905871e-01
5.0150e+02   7.57123119e-01
5.0160e+02   7.56340960e-01
5.0170e+02   7.55559492e-01
5.0180e+02   7.54778653e-01
5.0190e+02   7.53998449e-01
5.0200e+02   7.53218927e-01
5.0210e+02   7.52439995e-01
5.0220e+02   7.51661762e-01
5.0230e+02   7.50884127e-01
5.0240e+02   7.50107154e-01
5.0250e+02   7.49330827e-01
5.0260e+02   7.48555104e-01
5.0270e+02   7.47780071e-01
5.0280e+02   7.47005617e-01
5.0290e+02   7.46231844e-01
5.0300e+02   7.45458681e-01
5.0310e+02   7.44686145e-01
5.0320e+02   7.43914273e-01
5.0330e+02   7.43142980e-01
5.0340e+02   7.42372373e-01
5.0350e+02   7.41602345e-01
5.0360e+02   7.40832971e-01
5.0370e+02   7.40064224e-01
5.0380e+02   7.39296072e-01
5.0390e+02   7.38528594e-01
5.0400e+02   7.37761681e-01
5.0410e+02   7.36995438e-01
5.0420e+02   7.36229787e-01
5.0430e+02   7.35464757e-01
5.0440e+02   7.34700373e-01
5.0450e+02   7.33936558e-01
5.0460e+02   7.33173417e-01
5.0470e+02   7.32410842e-01
5.0480e+02   7.31648914e-01
5.0490e+02   7.30887596e-01
5.0500e+02   7.30126869e-01
5.0510e+02   7.29366801e-01
5.0520e+02   7.28607291e-01
5.0530e+02   7.27848444e-01
5.0540e+02   7.27090177e-01
5.0550e+02   7.26332527e-01
5.0560e+02   7.25575512e-01
5.0570e+02   7.24819063e-01
5.0580e+02   7.24063281e-01
5.0590e+02   7.23308057e-01
5.0600e+02   7.22553480e-01
5.0610e+02   7.21799504e-01
5.0620e+02   7.21046120e-01
5.0630e+02   7.20293389e-01
5.0640e+02   7.19541214e-01
5.0650e+02   7.18789703e-01
5.0660e+02   7.18038766e-01
5.0670e+02   7.17288453e-01
5.0680e+02   7.16538768e-01
5.0690e+02   7.15789653e-01
5.0700e+02   7.15041206e-01
5.0710e+02   7.14293318e-01
5.0720e+02   7.13546081e-01
5.0730e+02   7.12799444e-01
5.0740e+02   7.12053407e-01
5.0750e+02   7.11308023e-01
5.0760e+02   7.10563199e-01
5.0770e+02   7.09819046e-01
5.0780e+02   7.09075468e-01
5.0790e+02   7.08332522e-01
5.0800e+02   7.07590205e-01
5.0810e+02   7.06848468e-01
5.0820e+02   7.06107402e-01
5.0830e+02   7.05366899e-01
5.0840e+02   7.04627057e-01
5.0850e+02   7.03887815e-01
5.0860e+02   7.03149183e-01
5.0870e+02   7.02411206e-01
5.0880e+02   7.01673797e-01
5.0890e+02   7.00937065e-01
5.0900e+02   7.00200908e-01
5.0910e+02   6.99465395e-01
5.0920e+02   6.98730509e-01
5.0930e+02   6.97996212e-01
5.0940e+02   6.97262588e-01
5.0950e+02   6.96529529e-01
5.0960e+02   6.95797139e-01
5.0970e+02   6.95065345e-01
5.0980e+02   6.94334171e-01
5.0990e+02   6.93603648e-01
5.1000e+02   6.92873697e-01
5.1010e+02   6.92144424e-01
5.1020e+02   6.91415724e-01
5.1030e+02   6.90687672e-01
5.1040e+02   6.89960241e-01
5.1050e+02   6.89233402e-01
5.1060e+02   6.88507232e-01
5.1070e+02   6.87781624e-01
5.1080e+02   6.87056684e-01
5.1090e+02   6.86332333e-01
5.1100e+02   6.85608602e-01
5.1110e+02   6.84885513e-01
5.1120e+02   6.84162994e-01
5.1130e+02   6.83441145e-01
5.1140e+02   6.82719861e-01
5.1150e+02   6.81999223e-01
5.1160e+02   6.81279192e-01
5.1170e+02   6.80559751e-01
5.1180e+02   6.79840965e-01
5.1190e+02   6.79122735e-01
5.1200e+02   6.78405165e-01
5.1210e+02   6.77688169e-01
5.1220e+02   6.76971788e-01
5.1230e+02   6.76256034e-01
5.1240e+02   6.75540842e-01
5.1250e+02   6.74826308e-01
5.1260e+02   6.74112326e-01
5.1270e+02   6.73398981e-01
5.1280e+02   6.72686227e-01
5.1290e+02   6.71974055e-01
5.1300e+02   6.71262522e-01
5.1310e+02   6.70551534e-01
5.1320e+02   6.69841195e-01
5.1330e+02   6.69131413e-01
5.1340e+02   6.68422239e-01
5.1350e+02   6.67713673e-01
5.1360e+02   6.67005661e-01
5.1370e+02   6.66298293e-01
5.1380e+02   6.65591462e-01
5.1390e+02   6.64885261e-01
5.1400e+02   6.64179632e-01
5.1410e+02   6.63474578e-01
5.1420e+02   6.62770148e-01
5.1430e+02   6.62066251e-01
5.1440e+02   6.61362993e-01
5.1450e+02   6.60660278e-01
5.1460e+02   6.59958164e-01
5.1470e+02   6.59256642e-01
5.1480e+02   6.58555666e-01
5.1490e+02   6.57855323e-01
5.1500e+02   6.57155505e-01
5.1510e+02   6.56456311e-01
5.1520e+02   6.55757674e-01
5.1530e+02   6.55059608e-01
5.1540e+02   6.54362153e-01
5.1550e+02   6.53665225e-01
5.1560e+02   6.52968928e-01
5.1570e+02   6.52273162e-01
5.1580e+02   6.51577994e-01
5.1590e+02   6.50883406e-01
5.1600e+02   6.50189362e-01
5.1610e+02   6.49495942e-01
5.1620e+02   6.48803040e-01
5.1630e+02   6.48110758e-01
5.1640e+02   6.47419024e-01
5.1650e+02   6.46727861e-01
5.1660e+02   6.46037298e-01
5.1670e+02   6.45347260e-01
5.1680e+02   6.44657850e-01
5.1690e+02   6.43968963e-01
5.1700e+02   6.43280676e-01
5.1710e+02   6.42592960e-01
5.1720e+02   6.41905788e-01
5.1730e+02   6.41219235e-01
5.1740e+02   6.40533197e-01
5.1750e+02   6.39847780e-01
5.1760e+02   6.39162903e-01
5.1770e+02   6.38478601e-01
5.1780e+02   6.37794894e-01
5.1790e+02   6.37111712e-01
5.1800e+02   6.36429155e-01
5.1810e+02   6.35747119e-01
5.1820e+02   6.35065687e-01
5.1830e+02   6.34384818e-01
5.1840e+02   6.33704500e-01
5.1850e+02   6.33024795e-01
5.1860e+02   6.32345607e-01
5.1870e+02   6.31667041e-01
5.1880e+02   6.30989011e-01
5.1890e+02   6.30311561e-01
5.1900e+02   6.29634701e-01
5.1910e+02   6.28958371e-01
5.1920e+02   6.28282666e-01
5.1930e+02   6.27607480e-01
5.1940e+02   6.26932902e-01
5.1950e+02   6.26258883e-01
5.1960e+02   6.25585421e-01
5.1970e+02   6.24912570e-01
5.1980e+02   6.24240238e-01
5.1990e+02   6.23568530e-01
5.2000e+02   6.22897356e-01
5.2010e+02   6.22226769e-01
5.2020e+02   6.21556767e-01
5.2030e+02   6.20887300e-01
5.2040e+02   6.20218458e-01
5.2050e+02   6.19550136e-01
5.2060e+02   6.18882427e-01
5.2070e+02   6.18215273e-01
5.2080e+02   6.17548683e-01
5.2090e+02   6.16882701e-01
5.2100e+02   6.16217241e-01
5.2110e+02   6.15552409e-01
5.2120e+02   6.14888108e-01
5.2130e+02   6.14224400e-01
5.2140e+02   6.13561275e-01
5.2150e+02   6.12898690e-01
5.2160e+02   6.12236730e-01
5.2170e+02   6.11575290e-01
5.2180e+02   6.10914468e-01
5.2190e+02   6.10254199e-01
5.2200e+02   6.09594499e-01
5.2210e+02   6.08935406e-01
5.2220e+02   6.08276838e-01
5.2230e+02   6.07618900e-01
5.2240e+02   6.06961492e-01
5.2250e+02   6.06304683e-01
5.2260e+02   6.05648453e-01
5.2270e+02   6.04992770e-01
5.2280e+02   6.04337710e-01
5.2290e+02   6.03683171e-01
5.2300e+02   6.03029256e-01
5.2310e+02   6.02375889e-01
5.2320e+02   6.01723099e-01
5.2330e+02   6.01070912e-01
5.2340e+02   6.00419255e-01
5.2350e+02   5.99768229e-01
5.2360e+02   5.99117731e-01
5.2370e+02   5.98467840e-01
5.2380e+02   5.97818522e-01
5.2390e+02   5.97169757e-01
5.2400e+02   5.96521614e-01
5.2410e+02   5.95873994e-01
5.2420e+02   5.95227001e-01
5.2430e+02   5.94580553e-01
5.2440e+02   5.93934689e-01
5.2450e+02   5.93289423e-01
5.2460e+02   5.92644692e-01
5.2470e+02   5.92000592e-01
5.2480e+02   5.91357020e-01
5.2490e+02   5.90714059e-01
5.2500e+02   5.90071668e-01
5.2510e+02   5.89429836e-01
5.2520e+02   5.88788623e-01
5.2530e+02   5.88147935e-01
5.2540e+02   5.87507876e-01
5.2550e+02   5.86868359e-01
5.2560e+02   5.86229432e-01
5.2570e+02   5.85591100e-01
5.2580e+02   5.84953306e-01
5.2590e+02   5.84316144e-01
5.2600e+02   5.83679508e-01
5.2610e+02   5.83043488e-01
5.2620e+02   5.82408033e-01
5.2630e+02   5.81773143e-01
5.2640e+02   5.81138869e-01
5.2650e+02   5.80505122e-01
5.2660e+02   5.79872006e-01
5.2670e+02   5.79239429e-01
5.2680e+02   5.78607447e-01
5.2690e+02   5.77976055e-01
5.2700e+02   5.77345207e-01
5.2710e+02   5.76714988e-01
5.2720e+02   5.76085294e-01
5.2730e+02   5.75456221e-01
5.2740e+02   5.74827708e-01
5.2750e+02   5.74199765e-01
5.2760e+02   5.73572435e-01
5.2770e+02   5.72945633e-01
5.2780e+02   5.72319464e-01
5.2790e+02   5.71693831e-01
5.2800e+02   5.71068798e-01
5.2810e+02   5.70444349e-01
5.2820e+02   5.69820448e-01
5.2830e+02   5.69197174e-01
5.2840e+02   5.68574426e-01
5.2850e+02   5.67952301e-01
5.2860e+02   5.67330731e-01
5.2870e+02   5.66709736e-01
5.2880e+02   5.66089350e-01
5.2890e+02   5.65469494e-01
5.2900e+02   5.64850271e-01
5.2910e+02   5.64231580e-01
5.2920e+02   5.63613494e-01
5.2930e+02   5.62995987e-01
5.2940e+02   5.62379032e-01
5.2950e+02   5.61762701e-01
5.2960e+02   5.61146895e-01
5.2970e+02   5.60531715e-01
5.2980e+02   5.59917084e-01
5.2990e+02   5.59303034e-01
5.3000e+02   5.58689587e-01
5.3010e+02   5.58076673e-01
5.3020e+02   5.57464390e-01
5.3030e+02   5.56852637e-01
5.3040e+02   5.56241492e-01
5.3050e+02   5.55630921e-01
5.3060e+02   5.55020905e-01
5.3070e+02   5.54411510e-01
5.3080e+02   5.53802639e-01
5.3090e+02   5.53194395e-01
5.3100e+02   5.52586696e-01
5.3110e+02   5.51979582e-01
5.3120e+02   5.51373065e-01
5.3130e+02   5.50767083e-01
5.3140e+02   5.50161731e-01
5.3150e+02   5.49556905e-01
5.3160e+02   5.48952691e-01
5.3170e+02   5.48349044e-01
5.3180e+02   5.47745956e-01
5.3190e+02   5.47143484e-01
5.3200e+02   5.46541537e-01
5.3210e+02   5.45940217e-01
5.3220e+02   5.45339436e-01
5.3230e+02   5.44739245e-01
5.3240e+02   5.44139643e-01
5.3250e+02   5.43540579e-01
5.3260e+02   5.42942143e-01
5.3270e+02   5.42344230e-01
5.3280e+02   5.41746931e-01
5.3290e+02   5.41150192e-01
5.3300e+02   5.40554016e-01
5.3310e+02   5.39958451e-01
5.3320e+02   5.39363410e-01
5.3330e+02   5.38768996e-01
5.3340e+02   5.38175116e-01
5.3350e+02   5.37581828e-01
5.3360e+02   5.36989123e-01
5.3370e+02   5.36396959e-01
5.3380e+02   5.35805418e-01
5.3390e+02   5.35214398e-01
5.3400e+02   5.34623993e-01
5.3410e+02   5.34034141e-01
5.3420e+02   5.33444856e-01
5.3430e+02   5.32856175e-01
5.3440e+02   5.32268018e-01
5.3450e+02   5.31680487e-01
5.3460e+02   5.31093484e-01
5.3470e+02   5.30507076e-01
5.3480e+02   5.29921244e-01
5.3490e+02   5.29335955e-01
5.3500e+02   5.28751284e-01
5.3510e+02   5.28167131e-01
5.3520e+02   5.27583594e-01
5.3530e+02   5.27000603e-01
5.3540e+02   5.26418182e-01
5.3550e+02   5.25836358e-01
5.3560e+02   5.25255058e-01
5.3570e+02   5.24674381e-01
5.3580e+02   5.24094228e-01
5.3590e+02   5.23514671e-01
5.3600e+02   5.22935682e-01
5.3610e+02   5.22357237e-01
5.3620e+02   5.21779406e-01
5.3630e+02   5.21202090e-01
5.3640e+02   5.20625390e-01
5.3650e+02   5.20049229e-01
5.3660e+02   5.19473639e-01
5.3670e+02   5.18898639e-01
5.3680e+02   5.18324163e-01
5.3690e+02   5.17750307e-01
5.3700e+02   5.17176969e-01
5.3710e+02   5.16604229e-01
5.3720e+02   5.16032048e-01
5.3730e+02   5.15460414e-01
5.3740e+02   5.14889386e-01
5.3750e+02   5.14318871e-01
5.3760e+02   5.13748971e-01
5.3770e+02   5.13179602e-01
5.3780e+02   5.12610807e-01
5.3790e+02   5.12042593e-01
5.3800e+02   5.11474903e-01
5.3810e+02   5.10907829e-01
5.3820e+02   5.10341267e-01
5.3830e+02   5.09775304e-01
5.3840e+02   5.09209892e-01
5.3850e+02   5.08645027e-01
5.3860e+02   5.08080762e-01
5.3870e+02   5.07517007e-01
5.3880e+02   5.06953865e-01
5.3890e+02   5.06391247e-01
5.3900e+02   5.05829203e-01
5.3910e+02   5.05267732e-01
5.3920e+02   5.04706786e-01
5.3930e+02   5.04146449e-01
5.3940e+02   5.03586620e-01
5.3950e+02   5.03027389e-01
5.3960e+02   5.02468701e-01
5.3970e+02   5.01910560e-01
5.3980e+02   5.01353012e-01
5.3990e+02   5.00795972e-01
5.4000e+02   5.00239541e-01
5.4010e+02   4.99683627e-01
5.4020e+02   4.99128288e-01
5.4030e+02   4.98573512e-01
5.4040e+02   4.98019261e-01
5.4050e+02   4.97465613e-01
5.4060e+02   4.96912469e-01
5.4070e+02   4.96359921e-01
5.4080e+02   4.95807907e-01
5.4090e+02   4.95256441e-01
5.4100e+02   4.94705560e-01
5.4110e+02   4.94155184e-01
5.4120e+02   4.93605413e-01
5.4130e+02   4.93056152e-01
5.4140e+02   4.92507466e-01
5.4150e+02   4.91959334e-01
5.4160e+02   4.91411726e-01
5.4170e+02   4.90864715e-01
5.4180e+02   4.90318202e-01
5.4190e+02   4.89772285e-01
5.4200e+02   4.89226891e-01
5.4210e+02   4.88682047e-01
5.4220e+02   4.88137777e-01
5.4230e+02   4.87594012e-01
5.4240e+02   4.87050847e-01
5.4250e+02   4.86508183e-01
5.4260e+02   4.85966095e-01
5.4270e+02   4.85424551e-01
5.4280e+02   4.84883531e-01
5.4290e+02   4.84343100e-01
5.4300e+02   4.83803163e-01
5.4310e+02   4.83263819e-01
5.4320e+02   4.82724989e-01
5.4330e+02   4.82186709e-01
5.4340e+02   4.81648994e-01
5.4350e+02   4.81111781e-01
5.4360e+02   4.80575163e-01
5.4370e+02   4.80039040e-01
5.4380e+02   4.79503491e-01
5.4390e+02   4.78968476e-01
5.4400e+02   4.78433985e-01
5.4410e+02   4.77900075e-01
5.4420e+02   4.77366654e-01
5.4430e+02   4.76833823e-01
5.4440e+02   4.76301497e-01
5.4450e+02   4.75769721e-01
5.4460e+02   4.75238500e-01
5.4470e+02   4.74707779e-01
5.4480e+02   4.74177648e-01
5.4490e+02   4.73648003e-01
5.4500e+02   4.73118933e-01
5.4510e+02   4.72590386e-01
5.4520e+02   4.72062362e-01
5.4530e+02   4.71534910e-01
5.4540e+02   4.71007943e-01
5.4550e+02   4.70481563e-01
5.4560e+02   4.69955678e-01
5.4570e+02   4.69430344e-01
5.4580e+02   4.68905554e-01
5.4590e+02   4.68381263e-01
5.4600e+02   4.67857553e-01
5.4610e+02   4.67334325e-01
5.4620e+02   4.66811668e-01
5.4630e+02   4.66289525e-01
5.4640e+02   4.65767904e-01
5.4650e+02   4.65246846e-01
5.4660e+02   4.64726270e-01
5.4670e+02   4.64206275e-01
5.4680e+02   4.63686768e-01
5.4690e+02   4.63167809e-01
5.4700e+02   4.62649385e-01
5.4710e+02   4.62131458e-01
5.4720e+02   4.61614105e-01
5.4730e+02   4.61097227e-01
5.4740e+02   4.60580918e-01
5.4750e+02   4.60065113e-01
5.4760e+02   4.59549829e-01
5.4770e+02   4.59035099e-01
5.4780e+02   4.58520847e-01
5.4790e+02   4.58007170e-01
5.4800e+02   4.57493973e-01
5.4810e+02   4.56981324e-01
5.4820e+02   4.56469198e-01
5.4830e+02   4.55957568e-01
5.4840e+02   4.55446505e-01
5.4850e+02   4.54935910e-01
5.4860e+02   4.54425882e-01
5.4870e+02   4.53916346e-01
5.4880e+02   4.53407332e-01
5.4890e+02   4.52898861e-01
5.4900e+02   4.52390866e-01
5.4910e+02   4.51883440e-01
5.4920e+02   4.51376485e-01
5.4930e+02   4.50870077e-01
5.4940e+02   4.50364181e-01
5.4950e+02   4.49858780e-01
5.4960e+02   4.49353937e-01
5.4970e+02   4.48849557e-01
5.4980e+02   4.48345740e-01
5.4990e+02   4.47842406e-01
5.5000e+02   4.47339592e-01
