-1.5000e+02   1.39523208e-03
-1.4990e+02   1.39666197e-03
-1.4980e+02   1.39849645e-03
-1.4970e+02   1.39953174e-03
-1.4960e+02   1.40156351e-03
-1.4950e+02   1.40267008e-03
-1.4940e+02   1.40439994e-03
-1.4930e+02   1.40598072e-03
-1.4920e+02   1.40720694e-03
-1.4910e+02   1.40920986e-03
-1.4900e+02   1.41022520e-03
-1.4890e+02   1.41219266e-03
-1.4880e+02   1.41350098e-03
-1.4870e+02   1.41501384e-03
-1.4860e+02   1.41684062e-03
-1.4850e+02   1.41792602e-03
-1.4840e+02   1.41999831e-03
-1.4830e+02   1.42110450e-03
-1.4820e+02   1.42291510e-03
-1.4810e+02   1.42447661e-03
-1.4800e+02   1.42577678e-03
-1.4790e+02   1.42779176e-03
-1.4780e+02   1.42883390e-03
-1.4770e+02   1.43086476e-03
-1.4760e+02   1.43215829e-03
-1.4750e+02   1.43375617e-03
-1.4740e+02   1.43557274e-03
-1.4730e+02   1.43671413e-03
-1.4720e+02   1.43882280e-03
-1.4710e+02   1.43993353e-03
-1.4700e+02   1.44182405e-03
-1.4690e+02   1.44336640e-03
-1.4680e+02   1.44474479e-03
-1.4670e+02   1.44676794e-03
-1.4660e+02   1.44784302e-03
-1.4650e+02   1.44993413e-03
-1.4640e+02   1.45121586e-03
-1.4630e+02   1.45290039e-03
-1.4620e+02   1.45470464e-03
-1.4610e+02   1.45590778e-03
-1.4600e+02   1.45804862e-03
-1.4590e+02   1.45916918e-03
-1.4580e+02   1.46113838e-03
-1.4570e+02   1.46266220e-03
-1.4560e+02   1.46412271e-03
-1.4550e+02   1.46615037e-03
-1.4540e+02   1.46726466e-03
-1.4530e+02   1.46941259e-03
-1.4520e+02   1.47068604e-03
-1.4510e+02   1.47245835e-03
-1.4500e+02   1.47424861e-03
-1.4490e+02   1.47551912e-03
-1.4480e+02   1.47768789e-03
-1.4470e+02   1.47882392e-03
-1.4460e+02   1.48087011e-03
-1.4450e+02   1.48237660e-03
-1.4440e+02   1.48392276e-03
-1.4430e+02   1.48595151e-03
-1.4420e+02   1.48711136e-03
-1.4410e+02   1.48931243e-03
-1.4400e+02   1.49058162e-03
-1.4390e+02   1.49244237e-03
-1.4380e+02   1.49421746e-03
-1.4370e+02   1.49556074e-03
-1.4360e+02   1.49775323e-03
-1.4350e+02   1.49891068e-03
-1.4340e+02   1.50103177e-03
-1.4330e+02   1.50252267e-03
-1.4320e+02   1.50415761e-03
-1.4310e+02   1.50618434e-03
-1.4300e+02   1.50739613e-03
-1.4290e+02   1.50964645e-03
-1.4280e+02   1.51091589e-03
-1.4270e+02   1.51286526e-03
-1.4260e+02   1.51462451e-03
-1.4250e+02   1.51604573e-03
-1.4240e+02   1.51825780e-03
-1.4230e+02   1.51944290e-03
-1.4220e+02   1.52163638e-03
-1.4210e+02   1.52311403e-03
-1.4200e+02   1.52484042e-03
-1.4190e+02   1.52686240e-03
-1.4180e+02   1.52813248e-03
-1.4170e+02   1.53042800e-03
-1.4160e+02   1.53170267e-03
-1.4150e+02   1.53374036e-03
-1.4140e+02   1.53548361e-03
-1.4130e+02   1.53698765e-03
-1.4120e+02   1.53921529e-03
-1.4110e+02   1.54043450e-03
-1.4100e+02   1.54269752e-03
-1.4090e+02   1.54416482e-03
-1.4080e+02   1.54598488e-03
-1.4070e+02   1.54799975e-03
-1.4060e+02   1.54933443e-03
-1.4050e+02   1.55167098e-03
-1.4040e+02   1.55295630e-03
-1.4030e+02   1.55508152e-03
-1.4020e+02   1.55680921e-03
-1.4010e+02   1.55840062e-03
-1.4000e+02   1.56064001e-03
-1.3990e+02   1.56189996e-03
-1.3980e+02   1.56422934e-03
-1.3970e+02   1.56568974e-03
-1.3960e+02   1.56760522e-03
-1.3950e+02   1.56961108e-03
-1.3940e+02   1.57101654e-03
-1.3930e+02   1.57338988e-03
-1.3920e+02   1.57469167e-03
-1.3910e+02   1.57690319e-03
-1.3900e+02   1.57861633e-03
-1.3890e+02   1.58029928e-03
-1.3880e+02   1.58254684e-03
-1.3870e+02   1.58385431e-03
-1.3860e+02   1.58624658e-03
-1.3850e+02   1.58770409e-03
-1.3840e+02   1.58971625e-03
-1.3830e+02   1.59171168e-03
-1.3820e+02   1.59319394e-03
-1.3810e+02   1.59559984e-03
-1.3800e+02   1.59692428e-03
-1.3790e+02   1.59922042e-03
-1.3780e+02   1.60092060e-03
-1.3770e+02   1.60269889e-03
-1.3760e+02   1.60495132e-03
-1.3750e+02   1.60631317e-03
-1.3740e+02   1.60876462e-03
-1.3730e+02   1.61022379e-03
-1.3720e+02   1.61233340e-03
-1.3710e+02   1.61431749e-03
-1.3700e+02   1.61588235e-03
-1.3690e+02   1.61831663e-03
-1.3680e+02   1.61967024e-03
-1.3670e+02   1.62204890e-03
-1.3660e+02   1.62373832e-03
-1.3650e+02   1.62561530e-03
-1.3640e+02   1.62786967e-03
-1.3630e+02   1.62929278e-03
-1.3620e+02   1.63179951e-03
-1.3610e+02   1.63326540e-03
-1.3600e+02   1.63547272e-03
-1.3590e+02   1.63744513e-03
-1.3580e+02   1.63909815e-03
-1.3570e+02   1.64155671e-03
-1.3560e+02   1.64294630e-03
-1.3550e+02   1.64540499e-03
-1.3540e+02   1.64708646e-03
-1.3530e+02   1.64906504e-03
-1.3520e+02   1.65131879e-03
-1.3510e+02   1.65281004e-03
-1.3500e+02   1.65536799e-03
-1.3490e+02   1.65684616e-03
-1.3480e+02   1.65915098e-03
-1.3470e+02   1.66111193e-03
-1.3460e+02   1.66285836e-03
-1.3450e+02   1.66533729e-03
-1.3440e+02   1.66676989e-03
-1.3430e+02   1.66930577e-03
-1.3420e+02   1.67098269e-03
-1.3410e+02   1.67306532e-03
-1.3400e+02   1.67531633e-03
-1.3390e+02   1.67688252e-03
-1.3380e+02   1.67948754e-03
-1.3370e+02   1.68098401e-03
-1.3360e+02   1.68338563e-03
-1.3350e+02   1.68533596e-03
-1.3340e+02   1.68718071e-03
-1.3330e+02   1.68967630e-03
-1.3320e+02   1.69115915e-03
-1.3310e+02   1.69376905e-03
-1.3300e+02   1.69544545e-03
-1.3290e+02   1.69763406e-03
-1.3280e+02   1.69988071e-03
-1.3270e+02   1.70152854e-03
-1.3260e+02   1.70417643e-03
-1.3250e+02   1.70569765e-03
-1.3240e+02   1.70819490e-03
-1.3230e+02   1.71013607e-03
-1.3220e+02   1.71208367e-03
-1.3210e+02   1.71459249e-03
-1.3200e+02   1.71613298e-03
-1.3190e+02   1.71881345e-03
-1.3180e+02   1.72049393e-03
-1.3170e+02   1.72278997e-03
-1.3160e+02   1.72503117e-03
-1.3150e+02   1.72676715e-03
-1.3140e+02   1.72945375e-03
-1.3130e+02   1.73100655e-03
-1.3120e+02   1.73359783e-03
-1.3110e+02   1.73553194e-03
-1.3100e+02   1.73758652e-03
-1.3090e+02   1.74010547e-03
-1.3080e+02   1.74171106e-03
-1.3070e+02   1.74445843e-03
-1.3060e+02   1.74614817e-03
-1.3050e+02   1.74855259e-03
-1.3040e+02   1.75078779e-03
-1.3030e+02   1.75261822e-03
-1.3020e+02   1.75533944e-03
-1.3010e+02   1.75693101e-03
-1.3000e+02   1.75961429e-03
-1.2990e+02   1.76154407e-03
-1.2980e+02   1.76370932e-03
-1.2970e+02   1.76623570e-03
-1.2960e+02   1.76791391e-03
-1.2950e+02   1.77072431e-03
-1.2940e+02   1.77242903e-03
-1.2930e+02   1.77494228e-03
-1.2920e+02   1.77717156e-03
-1.2910e+02   1.77910248e-03
-1.2900e+02   1.78185435e-03
-1.2890e+02   1.78349219e-03
-1.2880e+02   1.78626506e-03
-1.2870e+02   1.78819392e-03
-1.2860e+02   1.79047306e-03
-1.2850e+02   1.79300459e-03
-1.2840e+02   1.79476292e-03
-1.2830e+02   1.79763237e-03
-1.2820e+02   1.79935832e-03
-1.2810e+02   1.80198034e-03
-1.2800e+02   1.80420440e-03
-1.2790e+02   1.80624155e-03
-1.2780e+02   1.80902030e-03
-1.2770e+02   1.81071217e-03
-1.2760e+02   1.81357186e-03
-1.2750e+02   1.81550384e-03
-1.2740e+02   1.81789963e-03
-1.2730e+02   1.82043452e-03
-1.2720e+02   1.82228040e-03
-1.2710e+02   1.82520484e-03
-1.2700e+02   1.82695878e-03
-1.2690e+02   1.82968904e-03
-1.2680e+02   1.83190922e-03
-1.2670e+02   1.83405799e-03
-1.2660e+02   1.83686013e-03
-1.2650e+02   1.83861399e-03
-1.2640e+02   1.84155742e-03
-1.2630e+02   1.84349721e-03
-1.2620e+02   1.84601189e-03
-1.2610e+02   1.84854890e-03
-1.2600e+02   1.85048965e-03
-1.2590e+02   1.85346502e-03
-1.2580e+02   1.85525414e-03
-1.2570e+02   1.85809165e-03
-1.2560e+02   1.86030998e-03
-1.2550e+02   1.86257537e-03
-1.2540e+02   1.86539771e-03
-1.2530e+02   1.86722169e-03
-1.2520e+02   1.87024553e-03
-1.2510e+02   1.87219846e-03
-1.2500e+02   1.87483378e-03
-1.2490e+02   1.87737224e-03
-1.2480e+02   1.87941500e-03
-1.2470e+02   1.88243727e-03
-1.2460e+02   1.88426923e-03
-1.2450e+02   1.88721253e-03
-1.2440e+02   1.88943174e-03
-1.2430e+02   1.89181833e-03
-1.2420e+02   1.89465808e-03
-1.2410e+02   1.89656040e-03
-1.2400e+02   1.89966109e-03
-1.2390e+02   1.90163311e-03
-1.2380e+02   1.90439030e-03
-1.2370e+02   1.90693016e-03
-1.2360e+02   1.90908188e-03
-1.2350e+02   1.91214715e-03
-1.2340e+02   1.91402994e-03
-1.2330e+02   1.91707719e-03
-1.2320e+02   1.91930069e-03
-1.2310e+02   1.92181265e-03
-1.2300e+02   1.92466742e-03
-1.2290e+02   1.92665637e-03
-1.2280e+02   1.92983021e-03
-1.2270e+02   1.93182785e-03
-1.2260e+02   1.93470765e-03
-1.2250e+02   1.93724953e-03
-1.2240e+02   1.93951687e-03
-1.2230e+02   1.94262141e-03
-1.2220e+02   1.94456339e-03
-1.2210e+02   1.94771234e-03
-1.2200e+02   1.94994428e-03
-1.2190e+02   1.95258526e-03
-1.2180e+02   1.95545319e-03
-1.2170e+02   1.95753706e-03
-1.2160e+02   1.96078022e-03
-1.2150e+02   1.96281061e-03
-1.2140e+02   1.96581325e-03
-1.2130e+02   1.96835844e-03
-1.2120e+02   1.97074778e-03
-1.2110e+02   1.97388810e-03
-1.2100e+02   1.97589790e-03
-1.2090e+02   1.97914599e-03
-1.2080e+02   1.98139120e-03
-1.2070e+02   1.98416441e-03
-1.2060e+02   1.98704417e-03
-1.2050e+02   1.98923118e-03
-1.2040e+02   1.99253982e-03
-1.2030e+02   1.99461060e-03
-1.2020e+02   1.99773584e-03
-1.2010e+02   2.00028638e-03
-1.2000e+02   2.00280373e-03
-1.1990e+02   2.00597665e-03
-1.1980e+02   2.00806315e-03
-1.1970e+02   2.01140751e-03
-1.1960e+02   2.01367154e-03
-1.1950e+02   2.01657966e-03
-1.1940e+02   2.01947052e-03
-1.1930e+02   2.02176880e-03
-1.1920e+02   2.02513909e-03
-1.1910e+02   2.02725843e-03
-1.1900e+02   2.03050556e-03
-1.1890e+02   2.03306420e-03
-1.1880e+02   2.03571520e-03
-1.1870e+02   2.03891792e-03
-1.1860e+02   2.04109018e-03
-1.1850e+02   2.04452770e-03
-1.1840e+02   2.04681678e-03
-1.1830e+02   2.04986202e-03
-1.1820e+02   2.05276389e-03
-1.1810e+02   2.05518141e-03
-1.1800e+02   2.05860962e-03
-1.1790e+02   2.06078612e-03
-1.1780e+02   2.06415401e-03
-1.1770e+02   2.06672428e-03
-1.1760e+02   2.06951416e-03
-1.1750e+02   2.07274431e-03
-1.1740e+02   2.07501151e-03
-1.1730e+02   2.07853892e-03
-1.1720e+02   2.08085995e-03
-1.1710e+02   2.08404399e-03
-1.1700e+02   2.08695749e-03
-1.1690e+02   2.08950200e-03
-1.1680e+02   2.09298456e-03
-1.1670e+02   2.09522728e-03
-1.1660e+02   2.09871439e-03
-1.1650e+02   2.10130058e-03
-1.1640e+02   2.10423412e-03
-1.1630e+02   2.10748984e-03
-1.1620e+02   2.10986126e-03
-1.1610e+02   2.11347512e-03
-1.1600e+02   2.11583569e-03
-1.1590e+02   2.11915970e-03
-1.1580e+02   2.12208617e-03
-1.1570e+02   2.12476519e-03
-1.1560e+02   2.12829874e-03
-1.1550e+02   2.13061712e-03
-1.1540e+02   2.13422154e-03
-1.1530e+02   2.13682873e-03
-1.1520e+02   2.13991025e-03
-1.1510e+02   2.14319024e-03
-1.1500e+02   2.14567516e-03
-1.1490e+02   2.14937200e-03
-1.1480e+02   2.15178030e-03
-1.1470e+02   2.15524500e-03
-1.1460e+02   2.15818654e-03
-1.1450e+02   2.16100728e-03
-1.1440e+02   2.16458879e-03
-1.1430e+02   2.16699256e-03
-1.1420e+02   2.17071211e-03
-1.1410e+02   2.17334615e-03
-1.1400e+02   2.17657949e-03
-1.1390e+02   2.17988307e-03
-1.1380e+02   2.18249075e-03
-1.1370e+02   2.18626709e-03
-1.1360e+02   2.18873192e-03
-1.1350e+02   2.19233753e-03
-1.1340e+02   2.19529706e-03
-1.1330e+02   2.19826640e-03
-1.1320e+02   2.20189320e-03
-1.1310e+02   2.20439240e-03
-1.1300e+02   2.20822459e-03
-1.1290e+02   2.21089211e-03
-1.1280e+02   2.21428063e-03
-1.1270e+02   2.21760779e-03
-1.1260e+02   2.22034743e-03
-1.1250e+02   2.22419987e-03
-1.1240e+02   2.22673059e-03
-1.1230e+02   2.23047691e-03
-1.1220e+02   2.23345815e-03
-1.1210e+02   2.23658261e-03
-1.1200e+02   2.24025247e-03
-1.1190e+02   2.24285736e-03
-1.1180e+02   2.24679951e-03
-1.1170e+02   2.24950793e-03
-1.1160e+02   2.25305448e-03
-1.1150e+02   2.25640596e-03
-1.1140e+02   2.25928658e-03
-1.1130e+02   2.26321188e-03
-1.1120e+02   2.26581839e-03
-1.1110e+02   2.26970479e-03
-1.1100e+02   2.27271233e-03
-1.1090e+02   2.27599800e-03
-1.1080e+02   2.27970922e-03
-1.1070e+02   2.28243024e-03
-1.1060e+02   2.28647953e-03
-1.1050e+02   2.28923700e-03
-1.1040e+02   2.29294395e-03
-1.1030e+02   2.29632126e-03
-1.1020e+02   2.29935174e-03
-1.1010e+02   2.30334687e-03
-1.1000e+02   2.30603953e-03
-1.0990e+02   2.31006503e-03
-1.0980e+02   2.31310430e-03
-1.0970e+02   2.31655689e-03
-1.0960e+02   2.32030834e-03
-1.0950e+02   2.32315603e-03
-1.0940e+02   2.32730957e-03
-1.0930e+02   2.33012498e-03
-1.0920e+02   2.33399423e-03
-1.0910e+02   2.33739970e-03
-1.0900e+02   2.34058869e-03
-1.0890e+02   2.34465093e-03
-1.0880e+02   2.34744057e-03
-1.0870e+02   2.35160383e-03
-1.0860e+02   2.35468117e-03
-1.0850e+02   2.35830590e-03
-1.0840e+02   2.36209712e-03
-1.0830e+02   2.36508211e-03
-1.0820e+02   2.36933698e-03
-1.0810e+02   2.37221995e-03
-1.0800e+02   2.37625293e-03
-1.0790e+02   2.37968976e-03
-1.0780e+02   2.38304562e-03
-1.0770e+02   2.38717263e-03
-1.0760e+02   2.39007046e-03
-1.0750e+02   2.39436992e-03
-1.0740e+02   2.39749250e-03
-1.0730e+02   2.40129417e-03
-1.0720e+02   2.40512541e-03
-1.0710e+02   2.40825832e-03
-1.0700e+02   2.41261170e-03
-1.0690e+02   2.41557252e-03
-1.0680e+02   2.41977021e-03
-1.0670e+02   2.42324252e-03
-1.0660e+02   2.42677333e-03
-1.0650e+02   2.43096323e-03
-1.0640e+02   2.43398079e-03
-1.0630e+02   2.43841464e-03
-1.0620e+02   2.44159054e-03
-1.0610e+02   2.44557348e-03
-1.0600e+02   2.44944577e-03
-1.0590e+02   2.45273721e-03
-1.0580e+02   2.45718640e-03
-1.0570e+02   2.46023601e-03
-1.0560e+02   2.46459901e-03
-1.0550e+02   2.46811185e-03
-1.0540e+02   2.47182533e-03
-1.0530e+02   2.47607678e-03
-1.0520e+02   2.47922592e-03
-1.0510e+02   2.48379222e-03
-1.0500e+02   2.48703039e-03
-1.0490e+02   2.49119845e-03
-1.0480e+02   2.49511368e-03
-1.0470e+02   2.49857415e-03
-1.0460e+02   2.50311671e-03
-1.0450e+02   2.50626667e-03
-1.0440e+02   2.51079520e-03
-1.0430e+02   2.51435457e-03
-1.0420e+02   2.51825810e-03
-1.0410e+02   2.52257039e-03
-1.0400e+02   2.52586320e-03
-1.0390e+02   2.53055990e-03
-1.0380e+02   2.53387016e-03
-1.0370e+02   2.53822677e-03
-1.0360e+02   2.54218771e-03
-1.0350e+02   2.54582760e-03
-1.0340e+02   2.55046139e-03
-1.0330e+02   2.55372383e-03
-1.0320e+02   2.55841780e-03
-1.0310e+02   2.56203069e-03
-1.0300e+02   2.56613126e-03
-1.0290e+02   2.57050437e-03
-1.0280e+02   2.57395312e-03
-1.0270e+02   2.57877821e-03
-1.0260e+02   2.58217121e-03
-1.0250e+02   2.58671935e-03
-1.0240e+02   2.59072973e-03
-1.0230e+02   2.59455925e-03
-1.0220e+02   2.59928253e-03
-1.0210e+02   2.60267013e-03
-1.0200e+02   2.60752917e-03
-1.0190e+02   2.61120358e-03
-1.0180e+02   2.61550778e-03
-1.0170e+02   2.61994247e-03
-1.0160e+02   2.62355960e-03
-1.0150e+02   2.62851111e-03
-1.0140e+02   2.63199835e-03
-1.0130e+02   2.63674060e-03
-1.0120e+02   2.64080514e-03
-1.0110e+02   2.64483430e-03
-1.0100e+02   2.64964583e-03
-1.0090e+02   2.65317174e-03
-1.0080e+02   2.65819531e-03
-1.0070e+02   2.66194024e-03
-1.0060e+02   2.66645427e-03
-1.0050e+02   2.67095215e-03
-1.0040e+02   2.67475015e-03
-1.0030e+02   2.67982632e-03
-1.0020e+02   2.68342008e-03
-1.0010e+02   2.68835863e-03
-1.0000e+02   2.69248314e-03
-9.9900e+01   2.69672168e-03
-9.9800e+01   2.70162082e-03
-9.9700e+01   2.70529865e-03
-9.9600e+01   2.71048604e-03
-9.9500e+01   2.71431153e-03
-9.9400e+01   2.71904117e-03
-9.9300e+01   2.72360478e-03
-9.9200e+01   2.72759622e-03
-9.9100e+01   2.73279550e-03
-9.9000e+01   2.73650888e-03
-9.8900e+01   2.74164559e-03
-9.8800e+01   2.74583693e-03
-9.8700e+01   2.75029436e-03
-9.8600e+01   2.75528111e-03
-9.8500e+01   2.75912488e-03
-9.8400e+01   2.76447534e-03
-9.8300e+01   2.76839245e-03
-9.8200e+01   2.77334308e-03
-9.8100e+01   2.77797597e-03
-9.8000e+01   2.78217340e-03
-9.7900e+01   2.78749463e-03
-9.7800e+01   2.79134145e-03
-9.7700e+01   2.79667789e-03
-9.7600e+01   2.80094406e-03
-9.7500e+01   2.80562958e-03
-9.7400e+01   2.81070474e-03
-9.7300e+01   2.81472881e-03
-9.7200e+01   2.82024161e-03
-9.7100e+01   2.82426242e-03
-9.7000e+01   2.82943907e-03
-9.6900e+01   2.83414584e-03
-9.6800e+01   2.83856178e-03
-9.6700e+01   2.84400424e-03
-9.6600e+01   2.84799903e-03
-9.6500e+01   2.85353656e-03
-9.6400e+01   2.85788673e-03
-9.6300e+01   2.86280925e-03
-9.6200e+01   2.86797447e-03
-9.6100e+01   2.87219350e-03
-9.6000e+01   2.87786804e-03
-9.5900e+01   2.88200563e-03
-9.5800e+01   2.88741298e-03
-9.5700e+01   2.89219937e-03
-9.5600e+01   2.89684627e-03
-9.5500e+01   2.90240979e-03
-9.5400e+01   2.90656778e-03
-9.5300e+01   2.91230759e-03
-9.5200e+01   2.91675210e-03
-9.5100e+01   2.92192021e-03
-9.5000e+01   2.92717809e-03
-9.4900e+01   2.93160702e-03
-9.4800e+01   2.93744292e-03
-9.4700e+01   2.94171138e-03
-9.4600e+01   2.94735379e-03
-9.4500e+01   2.95222674e-03
-9.4400e+01   2.95711696e-03
-9.4300e+01   2.96280201e-03
-9.4200e+01   2.96713908e-03
-9.4100e+01   2.97308227e-03
-9.4000e+01   2.97763268e-03
-9.3900e+01   2.98305468e-03
-9.3800e+01   2.98840889e-03
-9.3700e+01   2.99306288e-03
-9.3600e+01   2.99906005e-03
-9.3500e+01   3.00347446e-03
-9.3400e+01   3.00935603e-03
-9.3300e+01   3.01432374e-03
-9.3200e+01   3.01946949e-03
-9.3100e+01   3.02527734e-03
-9.3000e+01   3.02980996e-03
-9.2900e+01   3.03595765e-03
-9.2800e+01   3.04062674e-03
-9.2700e+01   3.04631065e-03
-9.2600e+01   3.05176596e-03
-9.2500e+01   3.05666036e-03
-9.2400e+01   3.06281915e-03
-9.2300e+01   3.06739558e-03
-9.2200e+01   3.07352020e-03
-9.2100e+01   3.07859217e-03
-9.2000e+01   3.08400554e-03
-9.1900e+01   3.08993832e-03
-9.1800e+01   3.09468355e-03
-9.1700e+01   3.10103695e-03
-9.1600e+01   3.10583874e-03
-9.1500e+01   3.11179231e-03
-9.1400e+01   3.11735474e-03
-9.1300e+01   3.12250506e-03
-9.1200e+01   3.12882634e-03
-9.1100e+01   3.13358181e-03
-9.1000e+01   3.13995322e-03
-9.0900e+01   3.14514033e-03
-9.0800e+01   3.15083325e-03
-9.0700e+01   3.15689410e-03
-9.0600e+01   3.16186952e-03
-9.0500e+01   3.16843003e-03
-9.0400e+01   3.17337982e-03
-9.0300e+01   3.17961056e-03
-9.0200e+01   3.18528744e-03
-9.0100e+01   3.19070930e-03
-9.0000e+01   3.19719464e-03
-8.9900e+01   3.20214709e-03
-8.9800e+01   3.20876897e-03
-8.9700e+01   3.21408351e-03
-8.9600e+01   3.22006778e-03
-8.9500e+01   3.22626091e-03
-8.9400e+01   3.23148463e-03
-8.9300e+01   3.23825397e-03
-8.9200e+01   3.24336831e-03
-8.9100e+01   3.24988354e-03
-8.9000e+01   3.25568360e-03
-8.8900e+01   3.26139274e-03
-8.8800e+01   3.26804446e-03
-8.8700e+01   3.27321277e-03
-8.8600e+01   3.28008883e-03
-8.8500e+01   3.28554454e-03
-8.8400e+01   3.29183182e-03
-8.8300e+01   3.29816269e-03
-8.8200e+01   3.30365328e-03
-8.8100e+01   3.31063359e-03
-8.8000e+01   3.31593031e-03
-8.7900e+01   3.32273724e-03
-8.7800e+01   3.32867069e-03
-8.7700e+01   3.33468295e-03
-8.7600e+01   3.34150429e-03
-8.7500e+01   3.34690821e-03
-8.7400e+01   3.35404229e-03
-8.7300e+01   3.35965443e-03
-8.7200e+01   3.36625627e-03
-8.7100e+01   3.37273165e-03
-8.7000e+01   3.37850815e-03
-8.6900e+01   3.38570214e-03
-8.6800e+01   3.39120033e-03
-8.6700e+01   3.39830610e-03
-8.6600e+01   3.40438472e-03
-8.6500e+01   3.41071602e-03
-8.6400e+01   3.41771129e-03
-8.6300e+01   3.42337146e-03
-8.6200e+01   3.43076762e-03
-8.6100e+01   3.43655300e-03
-8.6000e+01   3.44348086e-03
-8.5900e+01   3.45010900e-03
-8.5800e+01   3.45619088e-03
-8.5700e+01   3.46360195e-03
-8.5600e+01   3.46932200e-03
-8.5500e+01   3.47673376e-03
-8.5400e+01   3.48297099e-03
-8.5300e+01   3.48963734e-03
-8.5200e+01   3.49681202e-03
-8.5100e+01   3.50274996e-03
-8.5000e+01   3.51041261e-03
-8.4900e+01   3.51638962e-03
-8.4800e+01   3.52365496e-03
-8.4700e+01   3.53044566e-03
-8.4600e+01   3.53685281e-03
-8.4500e+01   3.54448520e-03
-8.4400e+01   3.55044879e-03
-8.4300e+01   3.55817381e-03
-8.4200e+01   3.56458482e-03
-8.4100e+01   3.57160236e-03
-8.4000e+01   3.57896326e-03
-8.3900e+01   3.58520132e-03
-8.3800e+01   3.59313538e-03
-8.3700e+01   3.59932403e-03
-8.3600e+01   3.60693832e-03
-8.3500e+01   3.61390310e-03
-8.3400e+01   3.62065583e-03
-8.3300e+01   3.62851478e-03
-8.3200e+01   3.63474488e-03
-8.3100e+01   3.64279065e-03
-8.3000e+01   3.64939242e-03
-8.2900e+01   3.65677741e-03
-8.2800e+01   3.66433285e-03
-8.2700e+01   3.67089423e-03
-8.2600e+01   3.67910525e-03
-8.2500e+01   3.68552724e-03
-8.2400e+01   3.69350207e-03
-8.2300e+01   3.70065424e-03
-8.2200e+01   3.70777328e-03
-8.2100e+01   3.71586519e-03
-8.2000e+01   3.72238607e-03
-8.1900e+01   3.73076044e-03
-8.1800e+01   3.73757185e-03
-8.1700e+01   3.74534075e-03
-8.1600e+01   3.75310067e-03
-8.1500e+01   3.76000943e-03
-8.1400e+01   3.76850374e-03
-8.1300e+01   3.77518246e-03
-8.1200e+01   3.78352961e-03
-8.1100e+01   3.79088443e-03
-8.1000e+01   3.79839099e-03
-8.0900e+01   3.80672359e-03
-8.0800e+01   3.81356084e-03
-8.0700e+01   3.82227213e-03
-8.0600e+01   3.82931403e-03
-8.0500e+01   3.83748354e-03
-8.0400e+01   3.84545968e-03
-8.0300e+01   3.85274072e-03
-8.0200e+01   3.86152564e-03
-8.0100e+01   3.86848623e-03
-8.0000e+01   3.87721779e-03
-7.9900e+01   3.88479260e-03
-7.9800e+01   3.89270835e-03
-7.9700e+01   3.90129086e-03
-7.9600e+01   3.90847142e-03
-7.9500e+01   3.91752859e-03
-7.9400e+01   3.92482391e-03
-7.9300e+01   3.93341103e-03
-7.9200e+01   3.94161711e-03
-7.9100e+01   3.94929622e-03
-7.9000e+01   3.95838020e-03
-7.8900e+01   3.96564960e-03
-7.8800e+01   3.97477811e-03
-7.8700e+01   3.98259242e-03
-7.8600e+01   3.99093955e-03
-7.8500e+01   3.99978293e-03
-7.8400e+01   4.00733508e-03
-7.8300e+01   4.01674791e-03
-7.8200e+01   4.02432171e-03
-7.8100e+01   4.03334387e-03
-7.8000e+01   4.04179573e-03
-7.7900e+01   4.04989959e-03
-7.7800e+01   4.05929246e-03
-7.7700e+01   4.06689946e-03
-7.7600e+01   4.07643801e-03
-7.7500e+01   4.08451369e-03
-7.7400e+01   4.09331499e-03
-7.7300e+01   4.10243209e-03
-7.7200e+01   4.11038552e-03
-7.7100e+01   4.12016478e-03
-7.7000e+01   4.12804437e-03
-7.6900e+01   4.13751951e-03
-7.6800e+01   4.14623532e-03
-7.6700e+01   4.15479158e-03
-7.6600e+01   4.16450472e-03
-7.6500e+01   4.17248001e-03
-7.6400e+01   4.18244246e-03
-7.6300e+01   4.19080383e-03
-7.6200e+01   4.20008274e-03
-7.6100e+01   4.20948854e-03
-7.6000e+01   4.21787438e-03
-7.5900e+01   4.22803207e-03
-7.5800e+01   4.23624710e-03
-7.5700e+01   4.24619381e-03
-7.5600e+01   4.25519423e-03
-7.5500e+01   4.26423156e-03
-7.5400e+01   4.27427815e-03
-7.5300e+01   4.28265439e-03
-7.5200e+01   4.29305552e-03
-7.5100e+01   4.30172953e-03
-7.5000e+01   4.31151029e-03
-7.4900e+01   4.32122209e-03
-7.4800e+01   4.33007298e-03
-7.4700e+01   4.34062254e-03
-7.4600e+01   4.34920509e-03
-7.4500e+01   4.35964278e-03
-7.4400e+01   4.36895118e-03
-7.4300e+01   4.37849933e-03
-7.4200e+01   4.38889461e-03
-7.4100e+01   4.39770653e-03
-7.4000e+01   4.40856225e-03
-7.3900e+01   4.41757862e-03
-7.3800e+01   4.42788636e-03
-7.3700e+01   4.43792407e-03
-7.3600e+01   4.44727422e-03
-7.3500e+01   4.45823077e-03
-7.3400e+01   4.46721549e-03
-7.3300e+01   4.47816457e-03
-7.3200e+01   4.48780722e-03
-7.3100e+01   4.49789716e-03
-7.3000e+01   4.50865867e-03
-7.2900e+01   4.51794312e-03
-7.2800e+01   4.52927075e-03
-7.2700e+01   4.53866215e-03
-7.2600e+01   4.54952304e-03
-7.2500e+01   4.55990939e-03
-7.2400e+01   4.56979472e-03
-7.2300e+01   4.58117534e-03
-7.2200e+01   4.59059958e-03
-7.2100e+01   4.60208165e-03
-7.2000e+01   4.61208796e-03
-7.1900e+01   4.62275198e-03
-7.1800e+01   4.63389987e-03
-7.1700e+01   4.64369598e-03
-7.1600e+01   4.65551447e-03
-7.1500e+01   4.66531666e-03
-7.1400e+01   4.67675812e-03
-7.1300e+01   4.68751896e-03
-7.1200e+01   4.69797716e-03
-7.1100e+01   4.70980122e-03
-7.1000e+01   4.71970516e-03
-7.0900e+01   4.73174328e-03
-7.0800e+01   4.74214601e-03
-7.0700e+01   4.75341790e-03
-7.0600e+01   4.76497521e-03
-7.0500e+01   4.77532449e-03
-7.0400e+01   4.78765473e-03
-7.0300e+01   4.79790682e-03
-7.0200e+01   4.80995771e-03
-7.0100e+01   4.82112228e-03
-7.0000e+01   4.83219300e-03
-6.9900e+01   4.84448247e-03
-6.9800e+01   4.85490927e-03
-6.9700e+01   4.86752822e-03
-6.9600e+01   4.87836377e-03
-6.9500e+01   4.89027898e-03
-6.9400e+01   4.90227201e-03
-6.9300e+01   4.91321851e-03
-6.9200e+01   4.92608369e-03
-6.9100e+01   4.93682828e-03
-6.9000e+01   4.94951917e-03
-6.8900e+01   4.96112044e-03
-6.8800e+01   4.97284546e-03
-6.8700e+01   4.98562523e-03
-6.8600e+01   4.99662126e-03
-6.8500e+01   5.00984787e-03
-6.8400e+01   5.02115652e-03
-6.8300e+01   5.03375242e-03
-6.8200e+01   5.04621107e-03
-6.8100e+01   5.05780158e-03
-6.8000e+01   5.07122750e-03
-6.7900e+01   5.08251100e-03
-6.7800e+01   5.09587443e-03
-6.7700e+01   5.10794940e-03
-6.7600e+01   5.12037283e-03
-6.7500e+01   5.13367118e-03
-6.7400e+01   5.14528621e-03
-6.7300e+01   5.15914971e-03
-6.7200e+01   5.17097593e-03
-6.7100e+01   5.18429206e-03
-6.7000e+01   5.19725022e-03
-6.6900e+01   5.20953449e-03
-6.6800e+01   5.22355000e-03
-6.6700e+01   5.23542283e-03
-6.6600e+01   5.24949369e-03
-6.6500e+01   5.26208378e-03
-6.6400e+01   5.27525234e-03
-6.6300e+01   5.28910133e-03
-6.6200e+01   5.30138877e-03
-6.6100e+01   5.31592117e-03
-6.6000e+01   5.32831399e-03
-6.5900e+01   5.34239238e-03
-6.5800e+01   5.35588837e-03
-6.5700e+01   5.36891935e-03
-6.5600e+01   5.38355682e-03
-6.5500e+01   5.39607375e-03
-6.5400e+01   5.41088961e-03
-6.5300e+01   5.42404110e-03
-6.5200e+01   5.43800439e-03
-6.5100e+01   5.45244032e-03
-6.5000e+01   5.46545754e-03
-6.4900e+01   5.48069413e-03
-6.4800e+01   5.49370746e-03
-6.4700e+01   5.50859298e-03
-6.4600e+01   5.52267004e-03
-6.4500e+01   5.53650421e-03
-6.4400e+01   5.55180000e-03
-6.4300e+01   5.56502048e-03
-6.4200e+01   5.58062209e-03
-6.4100e+01   5.59438651e-03
-6.4000e+01   5.60919739e-03
-6.3900e+01   5.62426136e-03
-6.3800e+01   5.63807003e-03
-6.3700e+01   5.65404984e-03
-6.3600e+01   5.66774293e-03
-6.3500e+01   5.68348374e-03
-6.3400e+01   5.69819051e-03
-6.3300e+01   5.71288825e-03
-6.3200e+01   5.72888327e-03
-6.3100e+01   5.74287183e-03
-6.3000e+01   5.75930360e-03
-6.2900e+01   5.77373825e-03
-6.2800e+01   5.78945327e-03
-6.2700e+01   5.80519176e-03
-6.2600e+01   5.81985820e-03
-6.2500e+01   5.83662462e-03
-6.2400e+01   5.85106250e-03
-6.2300e+01   5.86771055e-03
-6.2200e+01   5.88310168e-03
-6.2100e+01   5.89872766e-03
-6.2000e+01   5.91546805e-03
-6.1900e+01   5.93029475e-03
-6.1800e+01   5.94760532e-03
-6.1700e+01   5.96277383e-03
-6.1600e+01   5.97945370e-03
-6.1500e+01   5.99591919e-03
-6.1400e+01   6.01151489e-03
-6.1300e+01   6.02911632e-03
-6.1200e+01   6.04437032e-03
-6.1100e+01   6.06198191e-03
-6.1000e+01   6.07811869e-03
-6.0900e+01   6.09474244e-03
-6.0800e+01   6.11228021e-03
-6.0700e+01   6.12802115e-03
-6.0600e+01   6.14626409e-03
-6.0500e+01   6.16223704e-03
-6.0400e+01   6.17994721e-03
-6.0300e+01   6.19719894e-03
-6.0200e+01   6.21380106e-03
-6.0100e+01   6.23229163e-03
-6.0000e+01   6.24844002e-03
-5.9900e+01   6.26707648e-03
-5.9800e+01   6.28402755e-03
-5.9700e+01   6.30172399e-03
-5.9600e+01   6.32011786e-03
-5.9500e+01   6.33685579e-03
-5.9400e+01   6.35609033e-03
-5.9300e+01   6.37294593e-03
-5.9200e+01   6.39175730e-03
-5.9100e+01   6.40986205e-03
-5.9000e+01   6.42755406e-03
-5.8900e+01   6.44699450e-03
-5.8800e+01   6.46412313e-03
-5.8700e+01   6.48385160e-03
-5.8600e+01   6.50169378e-03
-5.8500e+01   6.52054395e-03
-5.8400e+01   6.53986021e-03
-5.8300e+01   6.55768524e-03
-5.8200e+01   6.57797716e-03
-5.8100e+01   6.59580208e-03
-5.8000e+01   6.61579174e-03
-5.7900e+01   6.63482476e-03
-5.7800e+01   6.65369720e-03
-5.7700e+01   6.67415575e-03
-5.7600e+01   6.69235889e-03
-5.7500e+01   6.71325321e-03
-5.7400e+01   6.73207240e-03
-5.7300e+01   6.75216427e-03
-5.7200e+01   6.77247779e-03
-5.7100e+01   6.79148818e-03
-5.7000e+01   6.81291081e-03
-5.6900e+01   6.83180106e-03
-5.6800e+01   6.85305324e-03
-5.6700e+01   6.87309929e-03
-5.6600e+01   6.89325062e-03
-5.6500e+01   6.91480415e-03
-5.6400e+01   6.93418538e-03
-5.6300e+01   6.95632711e-03
-5.6200e+01   6.97621933e-03
-5.6100e+01   6.99764877e-03
-5.6000e+01   7.01904415e-03
-5.5900e+01   7.03934729e-03
-5.5800e+01   7.06198263e-03
-5.5700e+01   7.08204464e-03
-5.5600e+01   7.10465176e-03
-5.5500e+01   7.12580628e-03
-5.5400e+01   7.14734389e-03
-5.5300e+01   7.17007913e-03
-5.5200e+01   7.19075240e-03
-5.5100e+01   7.21423205e-03
-5.5000e+01   7.23530465e-03
-5.4900e+01   7.25817651e-03
-5.4800e+01   7.28074941e-03
-5.4700e+01   7.30246288e-03
-5.4600e+01   7.32640297e-03
-5.4500e+01   7.34775475e-03
-5.4400e+01   7.37181872e-03
-5.4300e+01   7.39418916e-03
-5.4200e+01   7.41723057e-03
-5.4100e+01   7.44124554e-03
-5.4000e+01   7.46333643e-03
-5.3900e+01   7.48825483e-03
-5.3800e+01   7.51062783e-03
-5.3700e+01   7.53505731e-03
-5.3600e+01   7.55891588e-03
-5.3500e+01   7.58216881e-03
-5.3400e+01   7.60751722e-03
-5.3300e+01   7.63028978e-03
-5.3200e+01   7.65592342e-03
-5.3100e+01   7.67963079e-03
-5.3000e+01   7.70430509e-03
-5.2900e+01   7.72971070e-03
-5.2800e+01   7.75335786e-03
-5.2700e+01   7.77982778e-03
-5.2600e+01   7.80363546e-03
-5.2500e+01   7.82974964e-03
-5.2400e+01   7.85501630e-03
-5.2300e+01   7.87995086e-03
-5.2200e+01   7.90682444e-03
-5.2100e+01   7.93116344e-03
-5.2000e+01   7.95849219e-03
-5.1900e+01   7.98367286e-03
-5.1800e+01   8.01012234e-03
-5.1700e+01   8.03704429e-03
-5.1600e+01   8.06240113e-03
-5.1500e+01   8.09054917e-03
-5.1400e+01   8.11594193e-03
-5.1300e+01   8.14388156e-03
-5.1200e+01   8.17069495e-03
-5.1100e+01   8.19746821e-03
-5.1000e+01   8.22599915e-03
-5.0900e+01   8.25206678e-03
-5.0800e+01   8.28123073e-03
-5.0700e+01   8.30803844e-03
-5.0600e+01   8.33642055e-03
-5.0500e+01   8.36500155e-03
-5.0400e+01   8.39223824e-03
-5.0300e+01   8.42220703e-03
-5.0200e+01   8.44935349e-03
-5.0100e+01   8.47927520e-03
-5.0000e+01   8.50779247e-03
-4.9900e+01   8.53657849e-03
-4.9800e+01   8.56691671e-03
-4.9700e+01   8.59489391e-03
-4.9600e+01   8.62605016e-03
-4.9500e+01   8.65465850e-03
-4.9400e+01   8.68514818e-03
-4.9300e+01   8.71555044e-03
-4.9200e+01   8.74485626e-03
-4.9100e+01   8.77680703e-03
-4.9000e+01   8.80589658e-03
-4.8900e+01   8.83797537e-03
-4.8800e+01   8.86837491e-03
-4.8700e+01   8.89936726e-03
-4.8600e+01   8.93168319e-03
-4.8500e+01   8.96177231e-03
-4.8400e+01   8.99509775e-03
-4.8300e+01   9.02570291e-03
-4.8200e+01   9.05849533e-03
-4.8100e+01   9.09090358e-03
-4.8000e+01   9.12248974e-03
-4.7900e+01   9.15660536e-03
-4.7800e+01   9.18785109e-03
-4.7700e+01   9.22228335e-03
-4.7600e+01   9.25476790e-03
-4.7500e+01   9.28818273e-03
-4.7400e+01   9.32267058e-03
-4.7300e+01   9.35509848e-03
-4.7200e+01   9.39079306e-03
-4.7100e+01   9.42361718e-03
-4.7000e+01   9.45893102e-03
-4.6900e+01   9.49355597e-03
-4.6800e+01   9.52765895e-03
-4.6700e+01   9.56414750e-03
-4.6600e+01   9.59778969e-03
-4.6500e+01   9.63479678e-03
-4.6400e+01   9.66959717e-03
-4.6300e+01   9.70567675e-03
-4.6200e+01   9.74255837e-03
-4.6100e+01   9.77758014e-03
-4.6000e+01   9.81587080e-03
-4.5900e+01   9.85116589e-03
-4.5800e+01   9.88924724e-03
-4.5700e+01   9.92632975e-03
-4.5600e+01   9.96321521e-03
-4.5500e+01   1.00023142e-02
-4.5400e+01   1.00386245e-02
-4.5300e+01   1.00784571e-02
-4.5200e+01   1.01158366e-02
-4.5100e+01   1.01548536e-02
-4.5000e+01   1.01943830e-02
-4.4900e+01   1.02322864e-02
-4.4800e+01   1.02734317e-02
-4.4700e+01   1.03114843e-02
-4.4600e+01   1.03526114e-02
-4.4500e+01   1.03924273e-02
-4.4400e+01   1.04323949e-02
-4.4300e+01   1.04743765e-02
-4.4200e+01   1.05136629e-02
-4.4100e+01   1.05566057e-02
-4.4000e+01   1.05968653e-02
-4.3900e+01   1.06391281e-02
-4.3800e+01   1.06815971e-02
-4.3700e+01   1.07227079e-02
-4.3600e+01   1.07670035e-02
-4.3500e+01   1.08081403e-02
-4.3400e+01   1.08526289e-02
-4.3300e+01   1.08954951e-02
-4.3200e+01   1.09388842e-02
-4.3100e+01   1.09840608e-02
-4.3000e+01   1.10266736e-02
-4.2900e+01   1.10730522e-02
-4.2800e+01   1.11165369e-02
-4.2700e+01   1.11623955e-02
-4.2600e+01   1.12081400e-02
-4.2500e+01   1.12528282e-02
-4.2400e+01   1.13006138e-02
-4.2300e+01   1.13452083e-02
-4.2200e+01   1.13934188e-02
-4.2100e+01   1.14396998e-02
-4.2000e+01   1.14868965e-02
-4.1900e+01   1.15356286e-02
-4.1800e+01   1.15819675e-02
-4.1700e+01   1.16321550e-02
-4.1600e+01   1.16792612e-02
-4.1500e+01   1.17291151e-02
-4.1400e+01   1.17785231e-02
-4.1300e+01   1.18272111e-02
-4.1200e+01   1.18788782e-02
-4.1100e+01   1.19273588e-02
-4.1000e+01   1.19797042e-02
-4.0900e+01   1.20298212e-02
-4.0800e+01   1.20812665e-02
-4.0700e+01   1.21339710e-02
-4.0600e+01   1.21844939e-02
-4.0500e+01   1.22389205e-02
-4.0400e+01   1.22901054e-02
-4.0300e+01   1.23444124e-02
-4.0200e+01   1.23979334e-02
-4.0100e+01   1.24511050e-02
-4.0000e+01   1.25071069e-02
-3.9900e+01   1.25599668e-02
-3.9800e+01   1.26169229e-02
-3.9700e+01   1.26713635e-02
-3.9600e+01   1.27275639e-02
-3.9500e+01   1.27847249e-02
-3.9400e+01   1.28399589e-02
-3.9300e+01   1.28991222e-02
-3.9200e+01   1.29549147e-02
-3.9100e+01   1.30142026e-02
-3.9000e+01   1.30723592e-02
-3.8900e+01   1.31305715e-02
-3.8800e+01   1.31914350e-02
-3.8700e+01   1.32492442e-02
-3.8600e+01   1.33113617e-02
-3.8500e+01   1.33706930e-02
-3.8400e+01   1.34322328e-02
-3.8300e+01   1.34944148e-02
-3.8200e+01   1.35549686e-02
-3.8100e+01   1.36194477e-02
-3.8000e+01   1.36804622e-02
-3.7900e+01   1.37453420e-02
-3.7800e+01   1.38087443e-02
-3.7700e+01   1.38726416e-02
-3.7600e+01   1.39389820e-02
-3.7500e+01   1.40024024e-02
-3.7400e+01   1.40703219e-02
-3.7300e+01   1.41352057e-02
-3.7200e+01   1.42027627e-02
-3.7100e+01   1.42706263e-02
-3.7000e+01   1.43372070e-02
-3.6900e+01   1.44076786e-02
-3.6800e+01   1.44746316e-02
-3.6700e+01   1.45458150e-02
-3.6600e+01   1.46151778e-02
-3.6500e+01   1.46855098e-02
-3.6400e+01   1.47580488e-02
-3.6300e+01   1.48278520e-02
-3.6200e+01   1.49023230e-02
-3.6100e+01   1.49735348e-02
-3.6000e+01   1.50478997e-02
-3.5900e+01   1.51222219e-02
-3.5800e+01   1.51956546e-02
-3.5700e+01   1.52729135e-02
-3.5600e+01   1.53466450e-02
-3.5500e+01   1.54249653e-02
-3.5400e+01   1.55011302e-02
-3.5300e+01   1.55787734e-02
-3.5200e+01   1.56583617e-02
-3.5100e+01   1.57354524e-02
-3.5000e+01   1.58173565e-02
-3.4900e+01   1.58958096e-02
-3.4800e+01   1.59779100e-02
-3.4700e+01   1.60596088e-02
-3.4600e+01   1.61408618e-02
-3.4500e+01   1.62258471e-02
-3.4400e+01   1.63073461e-02
-3.4300e+01   1.63937850e-02
-3.4200e+01   1.64777475e-02
-3.4100e+01   1.65637330e-02
-3.4000e+01   1.66513788e-02
-3.3900e+01   1.67368234e-02
-3.3800e+01   1.68272035e-02
-3.3700e+01   1.69139789e-02
-3.3600e+01   1.70049099e-02
-3.3500e+01   1.70950752e-02
-3.3400e+01   1.71852920e-02
-3.3300e+01   1.72791188e-02
-3.3200e+01   1.73695568e-02
-3.3100e+01   1.74652780e-02
-3.3000e+01   1.75582218e-02
-3.2900e+01   1.76537704e-02
-3.2800e+01   1.77506749e-02
-3.2700e+01   1.78457378e-02
-3.2600e+01   1.79458353e-02
-3.2500e+01   1.80422197e-02
-3.2400e+01   1.81432821e-02
-3.2300e+01   1.82432158e-02
-3.2200e+01   1.83437549e-02
-3.2100e+01   1.84477559e-02
-3.2000e+01   1.85485288e-02
-3.1900e+01   1.86549205e-02
-3.1800e+01   1.87582614e-02
-3.1700e+01   1.88648278e-02
-3.1600e+01   1.89724310e-02
-3.1500e+01   1.90786210e-02
-3.1400e+01   1.91899233e-02
-3.1300e+01   1.92974575e-02
-3.1200e+01   1.94102077e-02
-3.1100e+01   1.95214739e-02
-3.1000e+01   1.96339603e-02
-3.0900e+01   1.97497382e-02
-3.0800e+01   1.98625200e-02
-3.0700e+01   1.99812499e-02
-3.0600e+01   2.00966918e-02
-3.0500e+01   2.02160220e-02
-3.0400e+01   2.03360610e-02
-3.0300e+01   2.04551913e-02
-3.0200e+01   2.05794929e-02
-3.0100e+01   2.07000342e-02
-3.0000e+01   2.08263474e-02
-2.9900e+01   2.09508376e-02
-2.9800e+01   2.10772297e-02
-2.9700e+01   2.12067254e-02
-2.9600e+01   2.13335375e-02
-2.9500e+01   2.14666239e-02
-2.9400e+01   2.15962320e-02
-2.9300e+01   2.17304374e-02
-2.9200e+01   2.18650226e-02
-2.9100e+01   2.19992883e-02
-2.9000e+01   2.21387698e-02
-2.8900e+01   2.22745736e-02
-2.8800e+01   2.24167270e-02
-2.8700e+01   2.25567454e-02
-2.8600e+01   2.26994214e-02
-2.8500e+01   2.28450027e-02
-2.8400e+01   2.29883056e-02
-2.8300e+01   2.31382100e-02
-2.8200e+01   2.32845055e-02
-2.8100e+01   2.34361605e-02
-2.8000e+01   2.35878752e-02
-2.7900e+01   2.37399553e-02
-2.7800e+01   2.38972880e-02
-2.7700e+01   2.40511144e-02
-2.7600e+01   2.42118965e-02
-2.7500e+01   2.43702717e-02
-2.7400e+01   2.45321445e-02
-2.7300e+01   2.46967236e-02
-2.7200e+01   2.48595364e-02
-2.7100e+01   2.50292869e-02
-2.7000e+01   2.51953734e-02
-2.6900e+01   2.53676439e-02
-2.6800e+01   2.55396766e-02
-2.6700e+01   2.57128695e-02
-2.6600e+01   2.58913539e-02
-2.6500e+01   2.60666101e-02
-2.6400e+01   2.62494661e-02
-2.6300e+01   2.64297003e-02
-2.6200e+01   2.66143704e-02
-2.6100e+01   2.68015603e-02
-2.6000e+01   2.69876217e-02
-2.5900e+01   2.71809772e-02
-2.5800e+01   2.73707092e-02
-2.5700e+01   2.75675263e-02
-2.5600e+01   2.77638475e-02
-2.5500e+01   2.79622530e-02
-2.5400e+01   2.81660054e-02
-2.5300e+01   2.83669367e-02
-2.5200e+01   2.85761648e-02
-2.5100e+01   2.87826352e-02
-2.5000e+01   2.89945972e-02
-2.4900e+01   2.92089234e-02
-2.4800e+01   2.94229092e-02
-2.4700e+01   2.96445824e-02
-2.4600e+01   2.98627947e-02
-2.4500e+01   3.00890889e-02
-2.4400e+01   3.03146928e-02
-2.4300e+01   3.05434599e-02
-2.4200e+01   3.07776660e-02
-2.4100e+01   3.10096177e-02
-2.4000e+01   3.12506367e-02
-2.3900e+01   3.14888709e-02
-2.3800e+01   3.17337961e-02
-2.3700e+01   3.19809871e-02
-2.3600e+01   3.22288090e-02
-2.3500e+01   3.24847727e-02
-2.3400e+01   3.27375953e-02
-2.3300e+01   3.29996206e-02
-2.3200e+01   3.32608576e-02
-2.3100e+01   3.35265266e-02
-2.3000e+01   3.37977932e-02
-2.2900e+01   3.40675715e-02
-2.2800e+01   3.43472930e-02
-2.2700e+01   3.46243509e-02
-2.2600e+01   3.49094810e-02
-2.2500e+01   3.51968722e-02
-2.2400e+01   3.54860935e-02
-2.2300e+01   3.57840086e-02
-2.2200e+01   3.60793070e-02
-2.2100e+01   3.63850944e-02
-2.2000e+01   3.66901370e-02
-2.1900e+01   3.70011197e-02
-2.1800e+01   3.73179687e-02
-2.1700e+01   3.76343502e-02
-2.1600e+01   3.79617018e-02
-2.1500e+01   3.82867151e-02
-2.1400e+01   3.86214180e-02
-2.1300e+01   3.89585236e-02
-2.1200e+01   3.92989499e-02
-2.1100e+01   3.96487723e-02
-2.1000e+01   3.99967740e-02
-2.0900e+01   4.03567764e-02
-2.0800e+01   4.07162839e-02
-2.0700e+01   4.10835504e-02
-2.0600e+01   4.14571245e-02
-2.0500e+01   4.18315856e-02
-2.0400e+01   4.22182628e-02
-2.0300e+01   4.26032106e-02
-2.0200e+01   4.29997806e-02
-2.0100e+01   4.33991186e-02
-2.0000e+01   4.38036498e-02
-1.9900e+01   4.42185094e-02
-1.9800e+01   4.46327113e-02
-1.9700e+01   4.50607405e-02
-1.9600e+01   4.54888263e-02
-1.9500e+01   4.59269037e-02
-1.9400e+01   4.63719982e-02
-1.9300e+01   4.68197810e-02
-1.9200e+01   4.72813479e-02
-1.9100e+01   4.77421939e-02
-1.9000e+01   4.82170283e-02
-1.8900e+01   4.86953354e-02
-1.8800e+01   4.91812228e-02
-1.8700e+01   4.96787217e-02
-1.8600e+01   5.01772339e-02
-1.8500e+01   5.06918507e-02
-1.8400e+01   5.12075189e-02
-1.8300e+01   5.17359799e-02
-1.8200e+01   5.22725807e-02
-1.8100e+01   5.28142870e-02
-1.8000e+01   5.33718257e-02
-1.7900e+01   5.39302258e-02
-1.7800e+01   5.45055936e-02
-1.7700e+01   5.50856553e-02
-1.7600e+01   5.56764003e-02
-1.7500e+01   5.62805783e-02
-1.7400e+01   5.68881618e-02
-1.7300e+01   5.75147879e-02
-1.7200e+01   5.81441217e-02
-1.7100e+01   5.87898560e-02
-1.7000e+01   5.94454929e-02
-1.6900e+01   6.01095272e-02
-1.6800e+01   6.07921708e-02
-1.6700e+01   6.14781019e-02
-1.6600e+01   6.21848744e-02
-1.6500e+01   6.28983568e-02
-1.6400e+01   6.36266542e-02
-1.6300e+01   6.43710427e-02
-1.6200e+01   6.51222835e-02
-1.6100e+01   6.58964993e-02
-1.6000e+01   6.66760867e-02
-1.5900e+01   6.74768645e-02
-1.5800e+01   6.82903120e-02
-1.5700e+01   6.91167341e-02
-1.5600e+01   6.99656716e-02
-1.5500e+01   7.08215980e-02
-1.5400e+01   7.17035858e-02
-1.5300e+01   7.25955467e-02
-1.5200e+01   7.35079849e-02
-1.5100e+01   7.44404976e-02
-1.5000e+01   7.53849027e-02
-1.4900e+01   7.63577564e-02
-1.4800e+01   7.73402198e-02
-1.4700e+01   7.83504598e-02
-1.4600e+01   7.93777459e-02
-1.4500e+01   8.04245403e-02
-1.4400e+01   8.14995539e-02
-1.4300e+01   8.25872481e-02
-1.4200e+01   8.37083222e-02
-1.4100e+01   8.48446391e-02
-1.4000e+01   8.60094624e-02
-1.3900e+01   8.72004967e-02
-1.3800e+01   8.84109613e-02
-1.3700e+01   8.96578169e-02
-1.3600e+01   9.09210584e-02
-1.3500e+01   9.22215003e-02
-1.3400e+01   9.35460150e-02
-1.3300e+01   9.48996735e-02
-1.3200e+01   9.62902083e-02
-1.3100e+01   9.77023386e-02
-1.3000e+01   9.91585675e-02
-1.2900e+01   1.00638642e-01
-1.2800e+01   1.02159071e-01
-1.2700e+01   1.03715460e-01
-1.2600e+01   1.05302899e-01
-1.2500e+01   1.06938781e-01
-1.2400e+01   1.08602073e-01
-1.2300e+01   1.10316673e-01
-1.2200e+01   1.12066891e-01
-1.2100e+01   1.13861035e-01
-1.2000e+01   1.15705753e-01
-1.1900e+01   1.17586431e-01
-1.1800e+01   1.19527686e-01
-1.1700e+01   1.21507152e-01
-1.1600e+01   1.23545283e-01
-1.1500e+01   1.25635432e-01
-1.1400e+01   1.27775249e-01
-1.1300e+01   1.29982713e-01
-1.1200e+01   1.32236056e-01
-1.1100e+01   1.34562940e-01
-1.1000e+01   1.36945041e-01
-1.0900e+01   1.39394837e-01
-1.0800e+01   1.41917926e-01
-1.0700e+01   1.44501034e-01
-1.0600e+01   1.47171475e-01
-1.0500e+01   1.49904954e-01
-1.0400e+01   1.52726973e-01
-1.0300e+01   1.55628651e-01
-1.0200e+01   1.58611311e-01
-1.0100e+01   1.61693973e-01
-1.0000e+01   1.64854761e-01
-9.9000e+00   1.68126281e-01
-9.8000e+00   1.71487774e-01
-9.7000e+00   1.74957439e-01
-9.6000e+00   1.78540212e-01
-9.5000e+00   1.82225412e-01
-9.4000e+00   1.86044235e-01
-9.3000e+00   1.89971109e-01
-9.2000e+00   1.94038533e-01
-9.1000e+00   1.98235900e-01
-9.0000e+00   2.02570232e-01
-8.9000e+00   2.07062791e-01
-8.8000e+00   2.11693043e-01
-8.7000e+00   2.16500824e-01
-8.6000e+00   2.21463924e-01
-8.5000e+00   2.26609167e-01
-8.4000e+00   2.31942217e-01
-8.3000e+00   2.37457615e-01
-8.2000e+00   2.43193084e-01
-8.1000e+00   2.49123753e-01
-8.0000e+00   2.55293011e-01
-7.9000e+00   2.61690520e-01
-7.8000e+00   2.68333227e-01
-7.7000e+00   2.75247857e-01
-7.6000e+00   2.82418912e-01
-7.5000e+00   2.89898535e-01
-7.4000e+00   2.97666427e-01
-7.3000e+00   3.05764381e-01
-7.2000e+00   3.14203157e-01
-7.1000e+00   3.22988905e-01
-7.0000e+00   3.32172618e-01
-6.9000e+00   3.41736112e-01
-6.8000e+00   3.51742877e-01
-6.7000e+00   3.62189569e-01
-6.6000e+00   3.73113544e-01
-6.5000e+00   3.84556462e-01
-6.4000e+00   3.96518495e-01
-6.3000e+00   4.09077509e-01
-6.2000e+00   4.22226479e-01
-6.1000e+00   4.36038909e-01
-6.0000e+00   4.50545170e-01
-5.9000e+00   4.65781593e-01
-5.8000e+00   4.81832679e-01
-5.7000e+00   4.98707131e-01
-5.6000e+00   5.16515301e-01
-5.5000e+00   5.35285134e-01
-5.4000e+00   5.55106547e-01
-5.3000e+00   5.76068696e-01
-5.2000e+00   5.98224182e-01
-5.1000e+00   6.21720660e-01
-5.0000e+00   6.46608071e-01
-4.9000e+00   6.73047925e-01
-4.8000e+00   7.01146818e-01
-4.7000e+00   7.31039538e-01
-4.6000e+00   7.62920829e-01
-4.5000e+00   7.96909300e-01
-4.4000e+00   8.33264313e-01
-4.3000e+00   8.72151640e-01
-4.2000e+00   9.13844773e-01
-4.1000e+00   9.58624372e-01
-4.0000e+00   1.00676158e+00
-3.9000e+00   1.05867080e+00
-3.8000e+00   1.11467557e+00
-3.7000e+00   1.17529064e+00
-3.6000e+00   1.24099408e+00
-3.5000e+00   1.31237274e+00
-3.4000e+00   1.39014511e+00
-3.3000e+00   1.47501828e+00
-3.2000e+00   1.56798258e+00
-3.1000e+00   1.67001163e+00
-3.0000e+00   1.78238209e+00
-2.9000e+00   1.90653523e+00
-2.8000e+00   2.04413065e+00
-2.7000e+00   2.19728036e+00
-2.6000e+00   2.36830100e+00
-2.5000e+00   2.56020509e+00
-2.4000e+00   2.77646031e+00
-2.3000e+00   3.02138936e+00
-2.2000e+00   3.30035475e+00
-2.1000e+00   3.61985098e+00
-2.0000e+00   3.98829344e+00
-1.9000e+00   4.41605645e+00
-1.8000e+00   4.91671507e+00
-1.7000e+00   5.50778491e+00
-1.6000e+00   6.21234957e+00
-1.5000e+00   7.06158900e+00
-1.4000e+00   8.09772614e+00
-1.3000e+00   9.38009463e+00
-1.2000e+00   1.09930128e+01
-1.1000e+00   1.30604720e+01
-1.0000e+00   1.57702972e+01
-9.0000e-01   1.94175323e+01
-8.0000e-01   2.44880221e+01
-7.0000e-01   3.18246349e+01
-6.0000e-01   4.29943629e+01
-5.0000e-01   6.11691730e+01
-4.0000e-01   9.35328416e+01
-3.0000e-01   1.58978448e+02
-2.0000e-01   3.17915083e+02
-1.0000e-01   7.94723529e+02
0.0000e+00   1.58940191e+03
1.0000e-01   7.94726637e+02
2.0000e-01   3.17921302e+02
3.0000e-01   1.58987783e+02
4.0000e-01   9.35453002e+01
5.0000e-01   6.11847667e+01
6.0000e-01   4.30131053e+01
7.0000e-01   3.18465421e+01
8.0000e-01   2.45131132e+01
9.0000e-01   1.94458291e+01
1.0000e+00   1.58018240e+01
1.1000e+00   1.30952558e+01
1.2000e+00   1.10310833e+01
1.3000e+00   9.42148421e+00
1.4000e+00   8.14246987e+00
1.5000e+00   7.10972456e+00
1.6000e+00   6.26391726e+00
1.7000e+00   5.56282764e+00
1.8000e+00   4.97527836e+00
1.9000e+00   4.47818839e+00
2.0000e+00   4.05404468e+00
2.1000e+00   3.68927472e+00
2.2000e+00   3.37350673e+00
2.3000e+00   3.09832780e+00
2.4000e+00   2.85724594e+00
2.5000e+00   2.64490108e+00
2.6000e+00   2.45697296e+00
2.7000e+00   2.28999633e+00
2.8000e+00   2.14096102e+00
2.9000e+00   2.00755276e+00
3.0000e+00   1.88766188e+00
3.1000e+00   1.77963106e+00
3.2000e+00   1.68202128e+00
3.3000e+00   1.59355813e+00
3.4000e+00   1.51327017e+00
3.5000e+00   1.44016920e+00
3.6000e+00   1.37355027e+00
3.7000e+00   1.31269697e+00
3.8000e+00   1.25702445e+00
3.9000e+00   1.20605666e+00
4.0000e+00   1.15928077e+00
4.1000e+00   1.11637514e+00
4.2000e+00   1.07692721e+00
4.3000e+00   1.04066764e+00
4.4000e+00   1.00731750e+00
4.5000e+00   9.76605001e-01
4.6000e+00   9.48365989e-01
4.7000e+00   9.22342681e-01
4.8000e+00   8.98417981e-01
4.9000e+00   8.76398600e-01
5.0000e+00   8.56151140e-01
5.1000e+00   8.37570329e-01
5.2000e+00   8.20495918e-01
5.3000e+00   8.04879156e-01
5.4000e+00   7.90573509e-01
5.5000e+00   7.77527427e-01
5.6000e+00   7.65652730e-01
5.7000e+00   7.54860403e-01
5.8000e+00   7.45123326e-01
5.9000e+00   7.36331894e-01
6.0000e+00   7.28478074e-01
6.1000e+00   7.21477951e-01
6.2000e+00   7.15295700e-01
6.3000e+00   7.09901372e-01
6.4000e+00   7.05221800e-01
6.5000e+00   7.01264257e-01
6.6000e+00   6.97951044e-01
6.7000e+00   6.95282061e-01
6.8000e+00   6.93215636e-01
6.9000e+00   6.91714308e-01
7.0000e+00   6.90781225e-01
7.1000e+00   6.90352609e-01
7.2000e+00   6.90446264e-01
7.3000e+00   6.91010723e-01
7.4000e+00   6.92039270e-01
7.5000e+00   6.93520484e-01
7.6000e+00   6.95411815e-01
7.7000e+00   6.97732714e-01
7.8000e+00   7.00430092e-01
7.9000e+00   7.03518410e-01
8.0000e+00   7.06969809e-01
8.1000e+00   7.10766113e-01
8.2000e+00   7.14916342e-01
8.3000e+00   7.19375692e-01
8.4000e+00   7.24167529e-01
8.5000e+00   7.29252531e-01
8.6000e+00   7.34634469e-01
8.7000e+00   7.40305903e-01
8.8000e+00   7.46238142e-01
8.9000e+00   7.52451442e-01
9.0000e+00   7.58903931e-01
9.1000e+00   7.65614018e-01
9.2000e+00   7.72558238e-01
9.3000e+00   7.79727284e-01
9.4000e+00   7.87129400e-01
9.5000e+00   7.94729647e-01
9.6000e+00   8.02551083e-01
9.7000e+00   8.10559931e-01
9.8000e+00   8.18764216e-01
9.9000e+00   8.27156281e-01
1.0000e+01   8.35715147e-01
1.0100e+01   8.44458726e-01
1.0200e+01   8.53351513e-01
1.0300e+01   8.62412426e-01
1.0400e+01   8.71619440e-01
1.0500e+01   8.80968174e-01
1.0600e+01   8.90464413e-01
1.0700e+01   9.00079511e-01
1.0800e+01   9.09834588e-01
1.0900e+01   9.19699119e-01
1.1000e+01   9.29683136e-01
1.1100e+01   9.39777773e-01
1.1200e+01   9.49967266e-01
1.1300e+01   9.60266630e-01
1.1400e+01   9.70644884e-01
1.1500e+01   9.81120465e-01
1.1600e+01   9.91672057e-01
1.1700e+01   1.00229867e+00
1.1800e+01   1.01300363e+00
1.1900e+01   1.02376313e+00
1.2000e+01   1.03459625e+00
1.2100e+01   1.04547504e+00
1.2200e+01   1.05641086e+00
1.2300e+01   1.06739379e+00
1.2400e+01   1.07841229e+00
1.2500e+01   1.08947885e+00
1.2600e+01   1.10056642e+00
1.2700e+01   1.11169291e+00
1.2800e+01   1.12283785e+00
1.2900e+01   1.13400311e+00
1.3000e+01   1.14519012e+00
1.3100e+01   1.15637945e+00
1.3200e+01   1.16758848e+00
1.3300e+01   1.17879192e+00
1.3400e+01   1.19000231e+00
1.3500e+01   1.20120926e+00
1.3600e+01   1.21240511e+00
1.3700e+01   1.22360048e+00
1.3800e+01   1.23477212e+00
1.3900e+01   1.24593768e+00
1.4000e+01   1.25707793e+00
1.4100e+01   1.26819748e+00
1.4200e+01   1.27929654e+00
1.4300e+01   1.29035983e+00
1.4400e+01   1.30140361e+00
1.4500e+01   1.31240536e+00
1.4600e+01   1.32337891e+00
1.4700e+01   1.33431394e+00
1.4800e+01   1.34520647e+00
1.4900e+01   1.35606583e+00
1.5000e+01   1.36687255e+00
1.5100e+01   1.37764426e+00
1.5200e+01   1.38836331e+00
1.5300e+01   1.39903688e+00
1.5400e+01   1.40966448e+00
1.5500e+01   1.42023482e+00
1.5600e+01   1.43076332e+00
1.5700e+01   1.44123030e+00
1.5800e+01   1.45165083e+00
1.5900e+01   1.46201499e+00
1.6000e+01   1.47232219e+00
1.6100e+01   1.48258078e+00
1.6200e+01   1.49277487e+00
1.6300e+01   1.50292207e+00
1.6400e+01   1.51300638e+00
1.6500e+01   1.52303725e+00
1.6600e+01   1.53301368e+00
1.6700e+01   1.54292797e+00
1.6800e+01   1.55279471e+00
1.6900e+01   1.56259691e+00
1.7000e+01   1.57235051e+00
1.7100e+01   1.58204603e+00
1.7200e+01   1.59168574e+00
1.7300e+01   1.60127702e+00
1.7400e+01   1.61080708e+00
1.7500e+01   1.62029325e+00
1.7600e+01   1.62972095e+00
1.7700e+01   1.63910132e+00
1.7800e+01   1.64843276e+00
1.7900e+01   1.65771051e+00
1.8000e+01   1.66694810e+00
1.8100e+01   1.67613072e+00
1.8200e+01   1.68527470e+00
1.8300e+01   1.69437067e+00
1.8400e+01   1.70342309e+00
1.8500e+01   1.71243805e+00
1.8600e+01   1.72140527e+00
1.8700e+01   1.73034129e+00
1.8800e+01   1.73923250e+00
1.8900e+01   1.74809102e+00
1.9000e+01   1.75691434e+00
1.9100e+01   1.76569988e+00
1.9200e+01   1.77445967e+00
1.9300e+01   1.78318053e+00
1.9400e+01   1.79187849e+00
1.9500e+01   1.80054396e+00
1.9600e+01   1.80918277e+00
1.9700e+01   1.81779938e+00
1.9800e+01   1.82638531e+00
1.9900e+01   1.83495578e+00
2.0000e+01   1.84349772e+00
2.0100e+01   1.85202352e+00
2.0200e+01   1.86052941e+00
2.0300e+01   1.86901429e+00
2.0400e+01   1.87748832e+00
2.0500e+01   1.88593941e+00
2.0600e+01   1.89438273e+00
2.0700e+01   1.90280815e+00
2.0800e+01   1.91122224e+00
2.0900e+01   1.91962755e+00
2.1000e+01   1.92801689e+00
2.1100e+01   1.93640379e+00
2.1200e+01   1.94477538e+00
2.1300e+01   1.95314382e+00
2.1400e+01   1.96150392e+00
2.1500e+01   1.96985560e+00
2.1600e+01   1.97820694e+00
2.1700e+01   1.98654665e+00
2.1800e+01   1.99488874e+00
2.1900e+01   2.00322243e+00
2.2000e+01   2.01155467e+00
2.2100e+01   2.01988608e+00
2.2200e+01   2.02821051e+00
2.2300e+01   2.03653967e+00
2.2400e+01   2.04486089e+00
2.2500e+01   2.05318588e+00
2.2600e+01   2.06150813e+00
2.2700e+01   2.06982840e+00
2.2800e+01   2.07815279e+00
2.2900e+01   2.08647081e+00
2.3000e+01   2.09479529e+00
2.3100e+01   2.10311500e+00
2.3200e+01   2.11143717e+00
2.3300e+01   2.11976079e+00
2.3400e+01   2.12808075e+00
2.3500e+01   2.13640713e+00
2.3600e+01   2.14472767e+00
2.3700e+01   2.15305370e+00
2.3800e+01   2.16137776e+00
2.3900e+01   2.16970152e+00
2.4000e+01   2.17802942e+00
2.4100e+01   2.18635200e+00
2.4200e+01   2.19468113e+00
2.4300e+01   2.20300549e+00
2.4400e+01   2.21133278e+00
2.4500e+01   2.21966074e+00
2.4600e+01   2.22798553e+00
2.4700e+01   2.23631594e+00
2.4800e+01   2.24464045e+00
2.4900e+01   2.25297027e+00
2.5000e+01   2.26129740e+00
2.5100e+01   2.26962463e+00
2.5200e+01   2.27795515e+00
2.5300e+01   2.28628084e+00
2.5400e+01   2.29461285e+00
2.5500e+01   2.30294022e+00
2.5600e+01   2.31127127e+00
2.5700e+01   2.31960292e+00
2.5800e+01   2.32793282e+00
2.5900e+01   2.33626877e+00
2.6000e+01   2.34460032e+00
2.6100e+01   2.35293869e+00
2.6200e+01   2.36127577e+00
2.6300e+01   2.36961554e+00
2.6400e+01   2.37796030e+00
2.6500e+01   2.38630337e+00
2.6600e+01   2.39465542e+00
2.6700e+01   2.40300605e+00
2.6800e+01   2.41136427e+00
2.6900e+01   2.41972646e+00
2.7000e+01   2.42809173e+00
2.7100e+01   2.43646708e+00
2.7200e+01   2.44484321e+00
2.7300e+01   2.45323134e+00
2.7400e+01   2.46162338e+00
2.7500e+01   2.47002443e+00
2.7600e+01   2.47843595e+00
2.7700e+01   2.48685269e+00
2.7800e+01   2.49528471e+00
2.7900e+01   2.50372224e+00
2.8000e+01   2.51217474e+00
2.8100e+01   2.52063804e+00
2.8200e+01   2.52911254e+00
2.8300e+01   2.53760427e+00
2.8400e+01   2.54610498e+00
2.8500e+01   2.55462559e+00
2.8600e+01   2.56315795e+00
2.8700e+01   2.57170792e+00
2.8800e+01   2.58027598e+00
2.8900e+01   2.58885799e+00
2.9000e+01   2.59746311e+00
2.9100e+01   2.60608196e+00
2.9200e+01   2.61472405e+00
2.9300e+01   2.62338445e+00
2.9400e+01   2.63206444e+00
2.9500e+01   2.64076876e+00
2.9600e+01   2.64948986e+00
2.9700e+01   2.65823795e+00
2.9800e+01   2.66700453e+00
2.9900e+01   2.67579576e+00
3.0000e+01   2.68461080e+00
3.0100e+01   2.69344623e+00
3.0200e+01   2.70230990e+00
3.0300e+01   2.71119249e+00
3.0400e+01   2.72010308e+00
3.0500e+01   2.72903569e+00
3.0600e+01   2.73799199e+00
3.0700e+01   2.74697514e+00
3.0800e+01   2.75597789e+00
3.0900e+01   2.76500933e+00
3.1000e+01   2.77406034e+00
3.1100e+01   2.78313694e+00
3.1200e+01   2.79223672e+00
3.1300e+01   2.80135660e+00
3.1400e+01   2.81050282e+00
3.1500e+01   2.81966587e+00
3.1600e+01   2.82885405e+00
3.1700e+01   2.83806017e+00
3.1800e+01   2.84728597e+00
3.1900e+01   2.85653284e+00
3.2000e+01   2.86579366e+00
3.2100e+01   2.87507618e+00
3.2200e+01   2.88437058e+00
3.2300e+01   2.89368250e+00
3.2400e+01   2.90300799e+00
3.2500e+01   2.91234416e+00
3.2600e+01   2.92169558e+00
3.2700e+01   2.93105261e+00
3.2800e+01   2.94042265e+00
3.2900e+01   2.94979747e+00
3.3000e+01   2.95917884e+00
3.3100e+01   2.96856655e+00
3.3200e+01   2.97795369e+00
3.3300e+01   2.98734680e+00
3.3400e+01   2.99673561e+00
3.3500e+01   3.00612551e+00
3.3600e+01   3.01551132e+00
3.3700e+01   3.02489054e+00
3.3800e+01   3.03426643e+00
3.3900e+01   3.04362952e+00
3.4000e+01   3.05298665e+00
3.4100e+01   3.06232897e+00
3.4200e+01   3.07165863e+00
3.4300e+01   3.08097428e+00
3.4400e+01   3.09026971e+00
3.4500e+01   3.09955065e+00
3.4600e+01   3.10880701e+00
3.4700e+01   3.11804433e+00
3.4800e+01   3.12725683e+00
3.4900e+01   3.13644295e+00
3.5000e+01   3.14560518e+00
3.5100e+01   3.15473492e+00
3.5200e+01   3.16383895e+00
3.5300e+01   3.17290854e+00
3.5400e+01   3.18194679e+00
3.5500e+01   3.19095191e+00
3.5600e+01   3.19991905e+00
3.5700e+01   3.20885378e+00
3.5800e+01   3.21774689e+00
3.5900e+01   3.22660473e+00
3.6000e+01   3.23542165e+00
3.6100e+01   3.24419767e+00
3.6200e+01   3.25293521e+00
3.6300e+01   3.26162722e+00
3.6400e+01   3.27028107e+00
3.6500e+01   3.27888889e+00
3.6600e+01   3.28745528e+00
3.6700e+01   3.29597875e+00
3.6800e+01   3.30445638e+00
3.6900e+01   3.31289420e+00
3.7000e+01   3.32128455e+00
3.7100e+01   3.32963506e+00
3.7200e+01   3.33794088e+00
3.7300e+01   3.34620404e+00
3.7400e+01   3.35442748e+00
3.7500e+01   3.36260618e+00
3.7600e+01   3.37074848e+00
3.7700e+01   3.37884791e+00
3.7800e+01   3.38691087e+00
3.7900e+01   3.39493660e+00
3.8000e+01   3.40292443e+00
3.8100e+01   3.41088111e+00
3.8200e+01   3.41880086e+00
3.8300e+01   3.42669271e+00
3.8400e+01   3.43455289e+00
3.8500e+01   3.44238553e+00
3.8600e+01   3.45019421e+00
3.8700e+01   3.45797603e+00
3.8800e+01   3.46574028e+00
3.8900e+01   3.47348192e+00
3.9000e+01   3.48120904e+00
3.9100e+01   3.48892155e+00
3.9200e+01   3.49662084e+00
3.9300e+01   3.50431423e+00
3.9400e+01   3.51199758e+00
3.9500e+01   3.51968103e+00
3.9600e+01   3.52736163e+00
3.9700e+01   3.53504522e+00
3.9800e+01   3.54273562e+00
3.9900e+01   3.55043164e+00
4.0000e+01   3.55814302e+00
4.0100e+01   3.56586570e+00
4.0200e+01   3.57360884e+00
4.0300e+01   3.58137251e+00
4.0400e+01   3.58915954e+00
4.0500e+01   3.59697711e+00
4.0600e+01   3.60482216e+00
4.0700e+01   3.61270513e+00
4.0800e+01   3.62062324e+00
4.0900e+01   3.62858323e+00
4.1000e+01   3.63658845e+00
4.1100e+01   3.64463859e+00
4.1200e+01   3.65274300e+00
4.1300e+01   3.66089784e+00
4.1400e+01   3.66911243e+00
4.1500e+01   3.67738621e+00
4.1600e+01   3.68572254e+00
4.1700e+01   3.69412763e+00
4.1800e+01   3.70259862e+00
4.1900e+01   3.71114536e+00
4.2000e+01   3.71976443e+00
4.2100e+01   3.72846252e+00
4.2200e+01   3.73724170e+00
4.2300e+01   3.74610172e+00
4.2400e+01   3.75505065e+00
4.2500e+01   3.76408411e+00
4.2600e+01   3.77321071e+00
4.2700e+01   3.78242855e+00
4.2800e+01   3.79174069e+00
4.2900e+01   3.80115167e+00
4.3000e+01   3.81065815e+00
4.3100e+01   3.82026862e+00
4.3200e+01   3.82997847e+00
4.3300e+01   3.83979366e+00
4.3400e+01   3.84971445e+00
4.3500e+01   3.85974008e+00
4.3600e+01   3.86987682e+00
4.3700e+01   3.88011933e+00
4.3800e+01   3.89047504e+00
4.3900e+01   3.90094037e+00
4.4000e+01   3.91151776e+00
4.4100e+01   3.92220975e+00
4.4200e+01   3.93301232e+00
4.4300e+01   3.94393238e+00
4.4400e+01   3.95496403e+00
4.4500e+01   3.96611237e+00
4.4600e+01   3.97737582e+00
4.4700e+01   3.98875311e+00
4.4800e+01   4.00024876e+00
4.4900e+01   4.01185663e+00
4.5000e+01   4.02358304e+00
4.5100e+01   4.03542302e+00
4.5200e+01   4.04737856e+00
4.5300e+01   4.05945057e+00
4.5400e+01   4.07163468e+00
4.5500e+01   4.08393657e+00
4.5600e+01   4.09634958e+00
4.5700e+01   4.10887832e+00
4.5800e+01   4.12151998e+00
4.5900e+01   4.13427333e+00
4.6000e+01   4.14714169e+00
4.6100e+01   4.16011885e+00
4.6200e+01   4.17321060e+00
4.6300e+01   4.18641137e+00
4.6400e+01   4.19972338e+00
4.6500e+01   4.21314670e+00
4.6600e+01   4.22667743e+00
4.6700e+01   4.24032079e+00
4.6800e+01   4.25407024e+00
4.6900e+01   4.26793074e+00
4.7000e+01   4.28189914e+00
4.7100e+01   4.29597510e+00
4.7200e+01   4.31016169e+00
4.7300e+01   4.32445351e+00
4.7400e+01   4.33885673e+00
4.7500e+01   4.35336615e+00
4.7600e+01   4.36798508e+00
4.7700e+01   4.38271368e+00
4.7800e+01   4.39754946e+00
4.7900e+01   4.41249805e+00
4.8000e+01   4.42755397e+00
4.8100e+01   4.44272334e+00
4.8200e+01   4.45800363e+00
4.8300e+01   4.47339621e+00
4.8400e+01   4.48890471e+00
4.8500e+01   4.50452540e+00
4.8600e+01   4.52026557e+00
4.8700e+01   4.53612120e+00
4.8800e+01   4.55209740e+00
4.8900e+01   4.56819517e+00
4.9000e+01   4.58441410e+00
4.9100e+01   4.60076083e+00
4.9200e+01   4.61723167e+00
4.9300e+01   4.63383439e+00
4.9400e+01   4.65056767e+00
4.9500e+01   4.66743510e+00
4.9600e+01   4.68444135e+00
4.9700e+01   4.70158485e+00
4.9800e+01   4.71887434e+00
4.9900e+01   4.73630741e+00
5.0000e+01   4.75389128e+00
5.0100e+01   4.77162811e+00
5.0200e+01   4.78951980e+00
5.0300e+01   4.80757425e+00
5.0400e+01   4.82578973e+00
5.0500e+01   4.84417580e+00
5.0600e+01   4.86273253e+00
5.0700e+01   4.88146574e+00
5.0800e+01   4.90038122e+00
5.0900e+01   4.91947959e+00
5.1000e+01   4.93877098e+00
5.1100e+01   4.95825463e+00
5.1200e+01   4.97793971e+00
5.1300e+01   4.99782947e+00
5.1400e+01   5.01792802e+00
5.1500e+01   5.03824433e+00
5.1600e+01   5.05877850e+00
5.1700e+01   5.07954164e+00
5.1800e+01   5.10053502e+00
5.1900e+01   5.12176645e+00
5.2000e+01   5.14324258e+00
5.2100e+01   5.16496596e+00
5.2200e+01   5.18694782e+00
5.2300e+01   5.20918879e+00
5.2400e+01   5.23169963e+00
5.2500e+01   5.25448442e+00
5.2600e+01   5.27754911e+00
5.2700e+01   5.30090340e+00
5.2800e+01   5.32454895e+00
5.2900e+01   5.34849797e+00
5.3000e+01   5.37275267e+00
5.3100e+01   5.39732244e+00
5.3200e+01   5.42221445e+00
5.3300e+01   5.44743284e+00
5.3400e+01   5.47298950e+00
5.3500e+01   5.49888617e+00
5.3600e+01   5.52513474e+00
5.3700e+01   5.55173982e+00
5.3800e+01   5.57870878e+00
5.3900e+01   5.60605167e+00
5.4000e+01   5.63377135e+00
5.4100e+01   5.66188069e+00
5.4200e+01   5.69038250e+00
5.4300e+01   5.71928728e+00
5.4400e+01   5.74860235e+00
5.4500e+01   5.77833302e+00
5.4600e+01   5.80849137e+00
5.4700e+01   5.83907984e+00
5.4800e+01   5.87011097e+00
5.4900e+01   5.90158942e+00
5.5000e+01   5.93352350e+00
5.5100e+01   5.96592307e+00
5.5200e+01   5.99879168e+00
5.5300e+01   6.03214227e+00
5.5400e+01   6.06597771e+00
5.5500e+01   6.10030895e+00
5.5600e+01   6.13514283e+00
5.5700e+01   6.17048514e+00
5.5800e+01   6.20634746e+00
5.5900e+01   6.24273217e+00
5.6000e+01   6.27965164e+00
5.6100e+01   6.31710979e+00
5.6200e+01   6.35511497e+00
5.6300e+01   6.39367595e+00
5.6400e+01   6.43279599e+00
5.6500e+01   6.47248707e+00
5.6600e+01   6.51275108e+00
5.6700e+01   6.55359827e+00
5.6800e+01   6.59503388e+00
5.6900e+01   6.63706293e+00
5.7000e+01   6.67969518e+00
5.7100e+01   6.72293171e+00
5.7200e+01   6.76678323e+00
5.7300e+01   6.81125158e+00
5.7400e+01   6.85634359e+00
5.7500e+01   6.90206537e+00
5.7600e+01   6.94841837e+00
5.7700e+01   6.99541187e+00
5.7800e+01   7.04304514e+00
5.7900e+01   7.09132592e+00
5.8000e+01   7.14025606e+00
5.8100e+01   7.18983800e+00
5.8200e+01   7.24007774e+00
5.8300e+01   7.29097317e+00
5.8400e+01   7.34253136e+00
5.8500e+01   7.39475006e+00
5.8600e+01   7.44763256e+00
5.8700e+01   7.50118029e+00
5.8800e+01   7.55539078e+00
5.8900e+01   7.61026851e+00
5.9000e+01   7.66580809e+00
5.9100e+01   7.72201260e+00
5.9200e+01   7.77887843e+00
5.9300e+01   7.83640329e+00
5.9400e+01   7.89458737e+00
5.9500e+01   7.95342331e+00
5.9600e+01   8.01291242e+00
5.9700e+01   8.07304643e+00
5.9800e+01   8.13382304e+00
5.9900e+01   8.19523704e+00
6.0000e+01   8.25728021e+00
6.0100e+01   8.31995032e+00
6.0200e+01   8.38323556e+00
6.0300e+01   8.44713259e+00
6.0400e+01   8.51163071e+00
6.0500e+01   8.57672136e+00
6.0600e+01   8.64239736e+00
6.0700e+01   8.70864475e+00
6.0800e+01   8.77545773e+00
6.0900e+01   8.84282085e+00
6.1000e+01   8.91072505e+00
6.1100e+01   8.97915754e+00
6.1200e+01   9.04810343e+00
6.1300e+01   9.11755301e+00
6.1400e+01   9.18748746e+00
6.1500e+01   9.25789644e+00
6.1600e+01   9.32876183e+00
6.1700e+01   9.40006848e+00
6.1800e+01   9.47180175e+00
6.1900e+01   9.54394109e+00
6.2000e+01   9.61647372e+00
6.2100e+01   9.68937731e+00
6.2200e+01   9.76263645e+00
6.2300e+01   9.83623136e+00
6.2400e+01   9.91014117e+00
6.2500e+01   9.98434950e+00
6.2600e+01   1.00588315e+01
6.2700e+01   1.01335710e+01
6.2800e+01   1.02085437e+01
6.2900e+01   1.02837292e+01
6.3000e+01   1.03591068e+01
6.3100e+01   1.04346512e+01
6.3200e+01   1.05103443e+01
6.3300e+01   1.05861587e+01
6.3400e+01   1.06620747e+01
6.3500e+01   1.07380675e+01
6.3600e+01   1.08141126e+01
6.3700e+01   1.08901892e+01
6.3800e+01   1.09662689e+01
6.3900e+01   1.10423318e+01
6.4000e+01   1.11183503e+01
6.4100e+01   1.11943012e+01
6.4200e+01   1.12701608e+01
6.4300e+01   1.13459014e+01
6.4400e+01   1.14215024e+01
6.4500e+01   1.14969345e+01
6.4600e+01   1.15721764e+01
6.4700e+01   1.16472015e+01
6.4800e+01   1.17219843e+01
6.4900e+01   1.17965025e+01
6.5000e+01   1.18707275e+01
6.5100e+01   1.19446387e+01
6.5200e+01   1.20182080e+01
6.5300e+01   1.20914128e+01
6.5400e+01   1.21642289e+01
6.5500e+01   1.22366297e+01
6.5600e+01   1.23085949e+01
6.5700e+01   1.23800964e+01
6.5800e+01   1.24511140e+01
6.5900e+01   1.25216223e+01
6.6000e+01   1.25915979e+01
6.6100e+01   1.26610201e+01
6.6200e+01   1.27298622e+01
6.6300e+01   1.27981063e+01
6.6400e+01   1.28657263e+01
6.6500e+01   1.29327026e+01
6.6600e+01   1.29990137e+01
6.6700e+01   1.30646362e+01
6.6800e+01   1.31295530e+01
6.6900e+01   1.31937393e+01
6.7000e+01   1.32571788e+01
6.7100e+01   1.33198495e+01
6.7200e+01   1.33817323e+01
6.7300e+01   1.34428103e+01
6.7400e+01   1.35030612e+01
6.7500e+01   1.35624715e+01
6.7600e+01   1.36210196e+01
6.7700e+01   1.36786909e+01
6.7800e+01   1.37354681e+01
6.7900e+01   1.37913334e+01
6.8000e+01   1.38462746e+01
6.8100e+01   1.39002720e+01
6.8200e+01   1.39533149e+01
6.8300e+01   1.40053865e+01
6.8400e+01   1.40564737e+01
6.8500e+01   1.41065647e+01
6.8600e+01   1.41556437e+01
6.8700e+01   1.42037028e+01
6.8800e+01   1.42507263e+01
6.8900e+01   1.42967061e+01
6.9000e+01   1.43416307e+01
6.9100e+01   1.43854891e+01
6.9200e+01   1.44282749e+01
6.9300e+01   1.44699755e+01
6.9400e+01   1.45105865e+01
6.9500e+01   1.45500975e+01
6.9600e+01   1.45885026e+01
6.9700e+01   1.46257964e+01
6.9800e+01   1.46619701e+01
6.9900e+01   1.46970226e+01
7.0000e+01   1.47309452e+01
7.0100e+01   1.47637369e+01
7.0200e+01   1.47953929e+01
7.0300e+01   1.48259095e+01
7.0400e+01   1.48552873e+01
7.0500e+01   1.48835207e+01
7.0600e+01   1.49106127e+01
7.0700e+01   1.49365595e+01
7.0800e+01   1.49613627e+01
7.0900e+01   1.49850236e+01
7.1000e+01   1.50075408e+01
7.1100e+01   1.50289200e+01
7.1200e+01   1.50491593e+01
7.1300e+01   1.50682650e+01
7.1400e+01   1.50862387e+01
7.1500e+01   1.51030839e+01
7.1600e+01   1.51188074e+01
7.1700e+01   1.51334105e+01
7.1800e+01   1.51469025e+01
7.1900e+01   1.51592859e+01
7.2000e+01   1.51705689e+01
7.2100e+01   1.51807582e+01
7.2200e+01   1.51898590e+01
7.2300e+01   1.51978823e+01
7.2400e+01   1.52048319e+01
7.2500e+01   1.52107196e+01
7.2600e+01   1.52155520e+01
7.2700e+01   1.52193379e+01
7.2800e+01   1.52220885e+01
7.2900e+01   1.52238099e+01
7.3000e+01   1.52245157e+01
7.3100e+01   1.52242124e+01
7.3200e+01   1.52229121e+01
7.3300e+01   1.52206250e+01
7.3400e+01   1.52173598e+01
7.3500e+01   1.52131302e+01
7.3600e+01   1.52079430e+01
7.3700e+01   1.52018125e+01
7.3800e+01   1.51947472e+01
7.3900e+01   1.51867583e+01
7.4000e+01   1.51778582e+01
7.4100e+01   1.51680545e+01
7.4200e+01   1.51573619e+01
7.4300e+01   1.51457874e+01
7.4400e+01   1.51333439e+01
7.4500e+01   1.51200415e+01
7.4600e+01   1.51058889e+01
7.4700e+01   1.50908994e+01
7.4800e+01   1.50750792e+01
7.4900e+01   1.50584417e+01
7.5000e+01   1.50409940e+01
7.5100e+01   1.50227463e+01
7.5200e+01   1.50037088e+01
7.5300e+01   1.49838877e+01
7.5400e+01   1.49632952e+01
7.5500e+01   1.49419362e+01
7.5600e+01   1.49198213e+01
7.5700e+01   1.48969574e+01
7.5800e+01   1.48733509e+01
7.5900e+01   1.48490117e+01
7.6000e+01   1.48239430e+01
7.6100e+01   1.47981552e+01
7.6200e+01   1.47716518e+01
7.6300e+01   1.47444397e+01
7.6400e+01   1.47165256e+01
7.6500e+01   1.46879122e+01
7.6600e+01   1.46586082e+01
7.6700e+01   1.46286148e+01
7.6800e+01   1.45979394e+01
7.6900e+01   1.45665849e+01
7.7000e+01   1.45345548e+01
7.7100e+01   1.45018552e+01
7.7200e+01   1.44684863e+01
7.7300e+01   1.44344551e+01
7.7400e+01   1.43997618e+01
7.7500e+01   1.43644110e+01
7.7600e+01   1.43284059e+01
7.7700e+01   1.42917472e+01
7.7800e+01   1.42544409e+01
7.7900e+01   1.42164858e+01
7.8000e+01   1.41778876e+01
7.8100e+01   1.41386470e+01
7.8200e+01   1.40987664e+01
7.8300e+01   1.40582502e+01
7.8400e+01   1.40170977e+01
7.8500e+01   1.39753151e+01
7.8600e+01   1.39329020e+01
7.8700e+01   1.38898629e+01
7.8800e+01   1.38462007e+01
7.8900e+01   1.38019168e+01
7.9000e+01   1.37570175e+01
7.9100e+01   1.37115026e+01
7.9200e+01   1.36653789e+01
7.9300e+01   1.36186486e+01
7.9400e+01   1.35713159e+01
7.9500e+01   1.35233871e+01
7.9600e+01   1.34748638e+01
7.9700e+01   1.34257548e+01
7.9800e+01   1.33760624e+01
7.9900e+01   1.33257944e+01
8.0000e+01   1.32749567e+01
8.0100e+01   1.32235545e+01
8.0200e+01   1.31715976e+01
8.0300e+01   1.31190898e+01
8.0400e+01   1.30660423e+01
8.0500e+01   1.30124612e+01
8.0600e+01   1.29583557e+01
8.0700e+01   1.29037361e+01
8.0800e+01   1.28486093e+01
8.0900e+01   1.27929887e+01
8.1000e+01   1.27368815e+01
8.1100e+01   1.26803008e+01
8.1200e+01   1.26232572e+01
8.1300e+01   1.25657614e+01
8.1400e+01   1.25078280e+01
8.1500e+01   1.24494662e+01
8.1600e+01   1.23906924e+01
8.1700e+01   1.23315174e+01
8.1800e+01   1.22719557e+01
8.1900e+01   1.22120224e+01
8.2000e+01   1.21517294e+01
8.2100e+01   1.20910948e+01
8.2200e+01   1.20301302e+01
8.2300e+01   1.19688535e+01
8.2400e+01   1.19072793e+01
8.2500e+01   1.18454226e+01
8.2600e+01   1.17833018e+01
8.2700e+01   1.17209299e+01
8.2800e+01   1.16583267e+01
8.2900e+01   1.15955062e+01
8.3000e+01   1.15324862e+01
8.3100e+01   1.14692841e+01
8.3200e+01   1.14059145e+01
8.3300e+01   1.13423977e+01
8.3400e+01   1.12787471e+01
8.3500e+01   1.12149824e+01
8.3600e+01   1.11511191e+01
8.3700e+01   1.10871737e+01
8.3800e+01   1.10231650e+01
8.3900e+01   1.09591064e+01
8.4000e+01   1.08950178e+01
8.4100e+01   1.08309128e+01
8.4200e+01   1.07668089e+01
8.4300e+01   1.07027225e+01
8.4400e+01   1.06386671e+01
8.4500e+01   1.05746613e+01
8.4600e+01   1.05107170e+01
8.4700e+01   1.04468516e+01
8.4800e+01   1.03830784e+01
8.4900e+01   1.03194112e+01
8.5000e+01   1.02558657e+01
8.5100e+01   1.01924524e+01
8.5200e+01   1.01291877e+01
8.5300e+01   1.00660815e+01
8.5400e+01   1.00031476e+01
8.5500e+01   9.94039783e+00
8.5600e+01   9.87784197e+00
8.5700e+01   9.81549383e+00
8.5800e+01   9.75336052e+00
8.5900e+01   9.69145509e+00
8.6000e+01   9.62978525e+00
8.6100e+01   9.56836035e+00
8.6200e+01   9.50719046e+00
8.6300e+01   9.44628101e+00
8.6400e+01   9.38564306e+00
8.6500e+01   9.32528078e+00
8.6600e+01   9.26520294e+00
8.6700e+01   9.20541547e+00
8.6800e+01   9.14592297e+00
8.6900e+01   9.08673352e+00
8.7000e+01   9.02784881e+00
8.7100e+01   8.96927657e+00
8.7200e+01   8.91101884e+00
8.7300e+01   8.85307998e+00
8.7400e+01   8.79546451e+00
8.7500e+01   8.73817294e+00
8.7600e+01   8.68121120e+00
8.7700e+01   8.62457847e+00
8.7800e+01   8.56827900e+00
8.7900e+01   8.51231376e+00
8.8000e+01   8.45668323e+00
8.8100e+01   8.40139094e+00
8.8200e+01   8.34643461e+00
8.8300e+01   8.29181809e+00
8.8400e+01   8.23753953e+00
8.8500e+01   8.18360009e+00
8.8600e+01   8.13000068e+00
8.8700e+01   8.07673901e+00
8.8800e+01   8.02381805e+00
8.8900e+01   7.97123436e+00
8.9000e+01   7.91899000e+00
8.9100e+01   7.86708354e+00
8.9200e+01   7.81551388e+00
8.9300e+01   7.76428266e+00
8.9400e+01   7.71338634e+00
8.9500e+01   7.66282764e+00
8.9600e+01   7.61260359e+00
8.9700e+01   7.56271498e+00
8.9800e+01   7.51316194e+00
8.9900e+01   7.46394224e+00
9.0000e+01   7.41505869e+00
9.0100e+01   7.36650807e+00
9.0200e+01   7.31829304e+00
9.0300e+01   7.27041252e+00
9.0400e+01   7.22286658e+00
9.0500e+01   7.17565759e+00
9.0600e+01   7.12878336e+00
9.0700e+01   7.08224798e+00
9.0800e+01   7.03604986e+00
9.0900e+01   6.99019171e+00
9.1000e+01   6.94467515e+00
9.1100e+01   6.89950016e+00
9.1200e+01   6.85467142e+00
9.1300e+01   6.81018785e+00
9.1400e+01   6.76605449e+00
9.1500e+01   6.72227227e+00
9.1600e+01   6.67884394e+00
9.1700e+01   6.63577397e+00
9.1800e+01   6.59306279e+00
9.1900e+01   6.55071691e+00
9.2000e+01   6.50873706e+00
9.2100e+01   6.46712865e+00
9.2200e+01   6.42589541e+00
9.2300e+01   6.38504000e+00
9.2400e+01   6.34456927e+00
9.2500e+01   6.30448444e+00
9.2600e+01   6.26479290e+00
9.2700e+01   6.22549745e+00
9.2800e+01   6.18660319e+00
9.2900e+01   6.14811622e+00
9.3000e+01   6.11003899e+00
9.3100e+01   6.07237962e+00
9.3200e+01   6.03514028e+00
9.3300e+01   5.99832804e+00
9.3400e+01   5.96194754e+00
9.3500e+01   5.92600284e+00
9.3600e+01   5.89050145e+00
9.3700e+01   5.85544544e+00
9.3800e+01   5.82084280e+00
9.3900e+01   5.78669650e+00
9.4000e+01   5.75301208e+00
9.4100e+01   5.71979533e+00
9.4200e+01   5.68704868e+00
9.4300e+01   5.65477973e+00
9.4400e+01   5.62298995e+00
9.4500e+01   5.59168576e+00
9.4600e+01   5.56087046e+00
9.4700e+01   5.53054715e+00
9.4800e+01   5.50072166e+00
9.4900e+01   5.47139448e+00
9.5000e+01   5.44257179e+00
9.5100e+01   5.41425428e+00
9.5200e+01   5.38644553e+00
9.5300e+01   5.35914856e+00
9.5400e+01   5.33236341e+00
9.5500e+01   5.30609474e+00
9.5600e+01   5.28034100e+00
9.5700e+01   5.25510560e+00
9.5800e+01   5.23038828e+00
9.5900e+01   5.20618895e+00
9.6000e+01   5.18250957e+00
9.6100e+01   5.15934702e+00
9.6200e+01   5.13670361e+00
9.6300e+01   5.11457589e+00
9.6400e+01   5.09296361e+00
9.6500e+01   5.07186528e+00
9.6600e+01   5.05127694e+00
9.6700e+01   5.03119874e+00
9.6800e+01   5.01162472e+00
9.6900e+01   4.99255399e+00
9.7000e+01   4.97398151e+00
9.7100e+01   4.95590297e+00
9.7200e+01   4.93831554e+00
9.7300e+01   4.92121170e+00
9.7400e+01   4.90458922e+00
9.7500e+01   4.88844001e+00
9.7600e+01   4.87275958e+00
9.7700e+01   4.85754172e+00
9.7800e+01   4.84277837e+00
9.7900e+01   4.82846521e+00
9.8000e+01   4.81459209e+00
9.8100e+01   4.80115411e+00
9.8200e+01   4.78814198e+00
9.8300e+01   4.77554780e+00
9.8400e+01   4.76336467e+00
9.8500e+01   4.75158162e+00
9.8600e+01   4.74019289e+00
9.8700e+01   4.72918695e+00
9.8800e+01   4.71855637e+00
9.8900e+01   4.70829168e+00
9.9000e+01   4.69838227e+00
9.9100e+01   4.68882101e+00
9.9200e+01   4.67959538e+00
9.9300e+01   4.67069840e+00
9.9400e+01   4.66211852e+00
9.9500e+01   4.65384636e+00
9.9600e+01   4.64587315e+00
9.9700e+01   4.63818680e+00
9.9800e+01   4.63078038e+00
9.9900e+01   4.62364135e+00
1.0000e+02   4.61676190e+00
1.0010e+02   4.61013181e+00
1.0020e+02   4.60374059e+00
1.0030e+02   4.59758097e+00
1.0040e+02   4.59164080e+00
1.0050e+02   4.58591367e+00
1.0060e+02   4.58038860e+00
1.0070e+02   4.57505747e+00
1.0080e+02   4.56991244e+00
1.0090e+02   4.56494307e+00
1.0100e+02   4.56014397e+00
1.0110e+02   4.55550443e+00
1.0120e+02   4.55101887e+00
1.0130e+02   4.54667908e+00
1.0140e+02   4.54247733e+00
1.0150e+02   4.53840874e+00
1.0160e+02   4.53446412e+00
1.0170e+02   4.53064008e+00
1.0180e+02   4.52692863e+00
1.0190e+02   4.52332522e+00
1.0200e+02   4.51982518e+00
1.0210e+02   4.51642188e+00
1.0220e+02   4.51311351e+00
1.0230e+02   4.50989318e+00
1.0240e+02   4.50675936e+00
1.0250e+02   4.50370760e+00
1.0260e+02   4.50073454e+00
1.0270e+02   4.49783922e+00
1.0280e+02   4.49501678e+00
1.0290e+02   4.49226809e+00
1.0300e+02   4.48958929e+00
1.0310e+02   4.48698037e+00
1.0320e+02   4.48444068e+00
1.0330e+02   4.48196813e+00
1.0340e+02   4.47956505e+00
1.0350e+02   4.47722878e+00
1.0360e+02   4.47496215e+00
1.0370e+02   4.47276460e+00
1.0380e+02   4.47063713e+00
1.0390e+02   4.46858252e+00
1.0400e+02   4.46659997e+00
1.0410e+02   4.46469412e+00
1.0420e+02   4.46286468e+00
1.0430e+02   4.46111541e+00
1.0440e+02   4.45944880e+00
1.0450e+02   4.45786628e+00
1.0460e+02   4.45637311e+00
1.0470e+02   4.45496960e+00
1.0480e+02   4.45366143e+00
1.0490e+02   4.45245038e+00
1.0500e+02   4.45134008e+00
1.0510e+02   4.45033522e+00
1.0520e+02   4.44943708e+00
1.0530e+02   4.44865199e+00
1.0540e+02   4.44798104e+00
1.0550e+02   4.44742945e+00
1.0560e+02   4.44700045e+00
1.0570e+02   4.44669647e+00
1.0580e+02   4.44652311e+00
1.0590e+02   4.44648098e+00
1.0600e+02   4.44657586e+00
1.0610e+02   4.44680908e+00
1.0620e+02   4.44718403e+00
1.0630e+02   4.44770434e+00
1.0640e+02   4.44837050e+00
1.0650e+02   4.44918749e+00
1.0660e+02   4.45015482e+00
1.0670e+02   4.45127614e+00
1.0680e+02   4.45255243e+00
1.0690e+02   4.45398419e+00
1.0700e+02   4.45557436e+00
1.0710e+02   4.45732101e+00
1.0720e+02   4.45922712e+00
1.0730e+02   4.46129082e+00
1.0740e+02   4.46351253e+00
1.0750e+02   4.46589230e+00
1.0760e+02   4.46842728e+00
1.0770e+02   4.47111874e+00
1.0780e+02   4.47396239e+00
1.0790e+02   4.47695821e+00
1.0800e+02   4.48010302e+00
1.0810e+02   4.48339359e+00
1.0820e+02   4.48682866e+00
1.0830e+02   4.49040236e+00
1.0840e+02   4.49411368e+00
1.0850e+02   4.49795658e+00
1.0860e+02   4.50192780e+00
1.0870e+02   4.50602320e+00
1.0880e+02   4.51023637e+00
1.0890e+02   4.51456476e+00
1.0900e+02   4.51900051e+00
1.0910e+02   4.52354034e+00
1.0920e+02   4.52817757e+00
1.0930e+02   4.53290622e+00
1.0940e+02   4.53772193e+00
1.0950e+02   4.54261636e+00
1.0960e+02   4.54758612e+00
1.0970e+02   4.55262293e+00
1.0980e+02   4.55772190e+00
1.0990e+02   4.56287705e+00
1.1000e+02   4.56808097e+00
1.1010e+02   4.57333000e+00
1.1020e+02   4.57861563e+00
1.1030e+02   4.58393439e+00
1.1040e+02   4.58927937e+00
1.1050e+02   4.59464519e+00
1.1060e+02   4.60002791e+00
1.1070e+02   4.60542033e+00
1.1080e+02   4.61082035e+00
1.1090e+02   4.61622122e+00
1.1100e+02   4.62162020e+00
1.1110e+02   4.62701335e+00
1.1120e+02   4.63239603e+00
1.1130e+02   4.63776728e+00
1.1140e+02   4.64312176e+00
1.1150e+02   4.64845947e+00
1.1160e+02   4.65377693e+00
1.1170e+02   4.65907287e+00
1.1180e+02   4.66434716e+00
1.1190e+02   4.66959702e+00
1.1200e+02   4.67482472e+00
1.1210e+02   4.68002796e+00
1.1220e+02   4.68520891e+00
1.1230e+02   4.69036811e+00
1.1240e+02   4.69550604e+00
1.1250e+02   4.70062645e+00
1.1260e+02   4.70572897e+00
1.1270e+02   4.71081860e+00
1.1280e+02   4.71589656e+00
1.1290e+02   4.72096664e+00
1.1300e+02   4.72603326e+00
1.1310e+02   4.73109846e+00
1.1320e+02   4.73616896e+00
1.1330e+02   4.74124682e+00
1.1340e+02   4.74633857e+00
1.1350e+02   4.75144856e+00
1.1360e+02   4.75658132e+00
1.1370e+02   4.76174400e+00
1.1380e+02   4.76693966e+00
1.1390e+02   4.77217642e+00
1.1400e+02   4.77745813e+00
1.1410e+02   4.78279136e+00
1.1420e+02   4.78818244e+00
1.1430e+02   4.79363553e+00
1.1440e+02   4.79915883e+00
1.1450e+02   4.80475558e+00
1.1460e+02   4.81043338e+00
1.1470e+02   4.81619692e+00
1.1480e+02   4.82205119e+00
1.1490e+02   4.82800303e+00
1.1500e+02   4.83405512e+00
1.1510e+02   4.84021481e+00
1.1520e+02   4.84648467e+00
1.1530e+02   4.85287001e+00
1.1540e+02   4.85937513e+00
1.1550e+02   4.86600227e+00
1.1560e+02   4.87275709e+00
1.1570e+02   4.87964012e+00
1.1580e+02   4.88665609e+00
1.1590e+02   4.89380615e+00
1.1600e+02   4.90109205e+00
1.1610e+02   4.90851659e+00
1.1620e+02   4.91607860e+00
1.1630e+02   4.92378117e+00
1.1640e+02   4.93162234e+00
1.1650e+02   4.93960303e+00
1.1660e+02   4.94772253e+00
1.1670e+02   4.95597840e+00
1.1680e+02   4.96437112e+00
1.1690e+02   4.97289611e+00
1.1700e+02   4.98155300e+00
1.1710e+02   4.99033745e+00
1.1720e+02   4.99924611e+00
1.1730e+02   5.00827621e+00
1.1740e+02   5.01742138e+00
1.1750e+02   5.02667931e+00
1.1760e+02   5.03604265e+00
1.1770e+02   5.04550722e+00
1.1780e+02   5.05506689e+00
1.1790e+02   5.06471432e+00
1.1800e+02   5.07444485e+00
1.1810e+02   5.08424904e+00
1.1820e+02   5.09412186e+00
1.1830e+02   5.10405420e+00
1.1840e+02   5.11403852e+00
1.1850e+02   5.12406759e+00
1.1860e+02   5.13413113e+00
1.1870e+02   5.14422298e+00
1.1880e+02   5.15433207e+00
1.1890e+02   5.16445104e+00
1.1900e+02   5.17457036e+00
1.1910e+02   5.18468005e+00
1.1920e+02   5.19477265e+00
1.1930e+02   5.20483641e+00
1.1940e+02   5.21486425e+00
1.1950e+02   5.22484509e+00
1.1960e+02   5.23477007e+00
1.1970e+02   5.24463047e+00
1.1980e+02   5.25441521e+00
1.1990e+02   5.26411734e+00
1.2000e+02   5.27372535e+00
1.2010e+02   5.28323191e+00
1.2020e+02   5.29262739e+00
1.2030e+02   5.30190249e+00
1.2040e+02   5.31105023e+00
1.2050e+02   5.32005992e+00
1.2060e+02   5.32892572e+00
1.2070e+02   5.33763786e+00
1.2080e+02   5.34618942e+00
1.2090e+02   5.35457336e+00
1.2100e+02   5.36278097e+00
1.2110e+02   5.37080759e+00
1.2120e+02   5.37864425e+00
1.2130e+02   5.38628655e+00
1.2140e+02   5.39372762e+00
1.2150e+02   5.40096150e+00
1.2160e+02   5.40798433e+00
1.2170e+02   5.41478897e+00
1.2180e+02   5.42137317e+00
1.2190e+02   5.42773075e+00
1.2200e+02   5.43385883e+00
1.2210e+02   5.43975406e+00
1.2220e+02   5.44541196e+00
1.2230e+02   5.45083187e+00
1.2240e+02   5.45600902e+00
1.2250e+02   5.46094336e+00
1.2260e+02   5.46563213e+00
1.2270e+02   5.47007399e+00
1.2280e+02   5.47426926e+00
1.2290e+02   5.47821536e+00
1.2300e+02   5.48191451e+00
1.2310e+02   5.48536490e+00
1.2320e+02   5.48856836e+00
1.2330e+02   5.49152584e+00
1.2340e+02   5.49423760e+00
1.2350e+02   5.49670741e+00
1.2360e+02   5.49893505e+00
1.2370e+02   5.50092516e+00
1.2380e+02   5.50267934e+00
1.2390e+02   5.50420105e+00
1.2400e+02   5.50549499e+00
1.2410e+02   5.50656331e+00
1.2420e+02   5.50741280e+00
1.2430e+02   5.50804615e+00
1.2440e+02   5.50847002e+00
1.2450e+02   5.50868973e+00
1.2460e+02   5.50871045e+00
1.2470e+02   5.50854044e+00
1.2480e+02   5.50818422e+00
1.2490e+02   5.50765122e+00
1.2500e+02   5.50694759e+00
1.2510e+02   5.50608181e+00
1.2520e+02   5.50506310e+00
1.2530e+02   5.50389861e+00
1.2540e+02   5.50259989e+00
1.2550e+02   5.50117445e+00
1.2560e+02   5.49963398e+00
1.2570e+02   5.49798849e+00
1.2580e+02   5.49624827e+00
1.2590e+02   5.49442635e+00
1.2600e+02   5.49253226e+00
1.2610e+02   5.49058037e+00
1.2620e+02   5.48858163e+00
1.2630e+02   5.48654959e+00
1.2640e+02   5.48449815e+00
1.2650e+02   5.48243942e+00
1.2660e+02   5.48038965e+00
1.2670e+02   5.47836099e+00
1.2680e+02   5.47636987e+00
1.2690e+02   5.47443059e+00
1.2700e+02   5.47255805e+00
1.2710e+02   5.47076931e+00
1.2720e+02   5.46907805e+00
1.2730e+02   5.46750257e+00
1.2740e+02   5.46605733e+00
1.2750e+02   5.46475954e+00
1.2760e+02   5.46362605e+00
1.2770e+02   5.46267203e+00
1.2780e+02   5.46191624e+00
1.2790e+02   5.46137307e+00
1.2800e+02   5.46106094e+00
1.2810e+02   5.46099547e+00
1.2820e+02   5.46119284e+00
1.2830e+02   5.46167055e+00
1.2840e+02   5.46244257e+00
1.2850e+02   5.46352686e+00
1.2860e+02   5.46493690e+00
1.2870e+02   5.46668869e+00
1.2880e+02   5.46879686e+00
1.2890e+02   5.47127425e+00
1.2900e+02   5.47413627e+00
1.2910e+02   5.47739351e+00
1.2920e+02   5.48106004e+00
1.2930e+02   5.48514615e+00
1.2940e+02   5.48966244e+00
1.2950e+02   5.49461974e+00
1.2960e+02   5.50002494e+00
1.2970e+02   5.50588813e+00
1.2980e+02   5.51221413e+00
1.2990e+02   5.51900990e+00
1.3000e+02   5.52627991e+00
1.3010e+02   5.53402660e+00
1.3020e+02   5.54225403e+00
1.3030e+02   5.55096094e+00
1.3040e+02   5.56014902e+00
1.3050e+02   5.56981532e+00
1.3060e+02   5.57995708e+00
1.3070e+02   5.59057080e+00
1.3080e+02   5.60164896e+00
1.3090e+02   5.61318661e+00
1.3100e+02   5.62517315e+00
1.3110e+02   5.63760001e+00
1.3120e+02   5.65045551e+00
1.3130e+02   5.66372615e+00
1.3140e+02   5.67739958e+00
1.3150e+02   5.69145823e+00
1.3160e+02   5.70588749e+00
1.3170e+02   5.72066797e+00
1.3180e+02   5.73578096e+00
1.3190e+02   5.75120685e+00
1.3200e+02   5.76692261e+00
1.3210e+02   5.78290797e+00
1.3220e+02   5.79913742e+00
1.3230e+02   5.81558823e+00
1.3240e+02   5.83223479e+00
1.3250e+02   5.84905074e+00
1.3260e+02   5.86601121e+00
1.3270e+02   5.88308718e+00
1.3280e+02   5.90025339e+00
1.3290e+02   5.91748056e+00
1.3300e+02   5.93474142e+00
1.3310e+02   5.95200838e+00
1.3320e+02   5.96925194e+00
1.3330e+02   5.98644618e+00
1.3340e+02   6.00356120e+00
1.3350e+02   6.02057118e+00
1.3360e+02   6.03744831e+00
1.3370e+02   6.05416570e+00
1.3380e+02   6.07069875e+00
1.3390e+02   6.08702021e+00
1.3400e+02   6.10310781e+00
1.3410e+02   6.11893627e+00
1.3420e+02   6.13448387e+00
1.3430e+02   6.14972935e+00
1.3440e+02   6.16465104e+00
1.3450e+02   6.17923172e+00
1.3460e+02   6.19345130e+00
1.3470e+02   6.20729494e+00
1.3480e+02   6.22074642e+00
1.3490e+02   6.23379175e+00
1.3500e+02   6.24641966e+00
1.3510e+02   6.25861728e+00
1.3520e+02   6.27037724e+00
1.3530e+02   6.28168971e+00
1.3540e+02   6.29254920e+00
1.3550e+02   6.30295071e+00
1.3560e+02   6.31288960e+00
1.3570e+02   6.32236561e+00
1.3580e+02   6.33137595e+00
1.3590e+02   6.33992322e+00
1.3600e+02   6.34800840e+00
1.3610e+02   6.35563501e+00
1.3620e+02   6.36280872e+00
1.3630e+02   6.36953369e+00
1.3640e+02   6.37581912e+00
1.3650e+02   6.38167129e+00
1.3660e+02   6.38710067e+00
1.3670e+02   6.39211726e+00
1.3680e+02   6.39673132e+00
1.3690e+02   6.40095650e+00
1.3700e+02   6.40480340e+00
1.3710e+02   6.40828738e+00
1.3720e+02   6.41142115e+00
1.3730e+02   6.41421953e+00
1.3740e+02   6.41669830e+00
1.3750e+02   6.41887122e+00
1.3760e+02   6.42075606e+00
1.3770e+02   6.42236678e+00
1.3780e+02   6.42372089e+00
1.3790e+02   6.42483421e+00
1.3800e+02   6.42572234e+00
1.3810e+02   6.42640312e+00
1.3820e+02   6.42689066e+00
1.3830e+02   6.42720303e+00
1.3840e+02   6.42735467e+00
1.3850e+02   6.42736170e+00
1.3860e+02   6.42724007e+00
1.3870e+02   6.42700333e+00
1.3880e+02   6.42666820e+00
1.3890e+02   6.42624696e+00
1.3900e+02   6.42575499e+00
1.3910e+02   6.42520516e+00
1.3920e+02   6.42460997e+00
1.3930e+02   6.42398333e+00
1.3940e+02   6.42333524e+00
1.3950e+02   6.42267922e+00
1.3960e+02   6.42202466e+00
1.3970e+02   6.42138269e+00
1.3980e+02   6.42076355e+00
1.3990e+02   6.42017531e+00
1.4000e+02   6.41962873e+00
1.4010e+02   6.41913008e+00
1.4020e+02   6.41868880e+00
1.4030e+02   6.41831140e+00
1.4040e+02   6.41800441e+00
1.4050e+02   6.41777540e+00
1.4060e+02   6.41762833e+00
1.4070e+02   6.41757065e+00
1.4080e+02   6.41760567e+00
1.4090e+02   6.41773881e+00
1.4100e+02   6.41797439e+00
1.4110e+02   6.41831507e+00
1.4120e+02   6.41876611e+00
1.4130e+02   6.41932856e+00
1.4140e+02   6.42000694e+00
1.4150e+02   6.42080279e+00
1.4160e+02   6.42171828e+00
1.4170e+02   6.42275642e+00
1.4180e+02   6.42391718e+00
1.4190e+02   6.42520413e+00
1.4200e+02   6.42661681e+00
1.4210e+02   6.42815743e+00
1.4220e+02   6.42982693e+00
1.4230e+02   6.43162517e+00
1.4240e+02   6.43355460e+00
1.4250e+02   6.43561376e+00
1.4260e+02   6.43780495e+00
1.4270e+02   6.44012741e+00
1.4280e+02   6.44258158e+00
1.4290e+02   6.44516852e+00
1.4300e+02   6.44788671e+00
1.4310e+02   6.45073820e+00
1.4320e+02   6.45372113e+00
1.4330e+02   6.45683659e+00
1.4340e+02   6.46008418e+00
1.4350e+02   6.46346288e+00
1.4360e+02   6.46697397e+00
1.4370e+02   6.47061506e+00
1.4380e+02   6.47438756e+00
1.4390e+02   6.47828961e+00
1.4400e+02   6.48232089e+00
1.4410e+02   6.48648132e+00
1.4420e+02   6.49076848e+00
1.4430e+02   6.49518334e+00
1.4440e+02   6.49972286e+00
1.4450e+02   6.50438713e+00
1.4460e+02   6.50917427e+00
1.4470e+02   6.51408213e+00
1.4480e+02   6.51911042e+00
1.4490e+02   6.52425530e+00
1.4500e+02   6.52951660e+00
1.4510e+02   6.53489064e+00
1.4520e+02   6.54037550e+00
1.4530e+02   6.54596900e+00
1.4540e+02   6.55166693e+00
1.4550e+02   6.55746815e+00
1.4560e+02   6.56336748e+00
1.4570e+02   6.56936296e+00
1.4580e+02   6.57545036e+00
1.4590e+02   6.58162548e+00
1.4600e+02   6.58788562e+00
1.4610e+02   6.59422476e+00
1.4620e+02   6.60064054e+00
1.4630e+02   6.60712695e+00
1.4640e+02   6.61368008e+00
1.4650e+02   6.62029549e+00
1.4660e+02   6.62696710e+00
1.4670e+02   6.63369179e+00
1.4680e+02   6.64046253e+00
1.4690e+02   6.64727582e+00
1.4700e+02   6.65412566e+00
1.4710e+02   6.66100667e+00
1.4720e+02   6.66791474e+00
1.4730e+02   6.67484283e+00
1.4740e+02   6.68178766e+00
1.4750e+02   6.68874235e+00
1.4760e+02   6.69570257e+00
1.4770e+02   6.70266322e+00
1.4780e+02   6.70961810e+00
1.4790e+02   6.71656383e+00
1.4800e+02   6.72349339e+00
1.4810e+02   6.73040343e+00
1.4820e+02   6.73728799e+00
1.4830e+02   6.74414214e+00
1.4840e+02   6.75096191e+00
1.4850e+02   6.75774073e+00
1.4860e+02   6.76447564e+00
1.4870e+02   6.77116000e+00
1.4880e+02   6.77778993e+00
1.4890e+02   6.78436033e+00
1.4900e+02   6.79086526e+00
1.4910e+02   6.79730118e+00
1.4920e+02   6.80366086e+00
1.4930e+02   6.80994063e+00
1.4940e+02   6.81613376e+00
1.4950e+02   6.82223465e+00
1.4960e+02   6.82823801e+00
1.4970e+02   6.83413600e+00
1.4980e+02   6.83992395e+00
1.4990e+02   6.84559317e+00
1.5000e+02   6.85113762e+00
1.5010e+02   6.85654941e+00
1.5020e+02   6.86181988e+00
1.5030e+02   6.86694216e+00
1.5040e+02   6.87190557e+00
1.5050e+02   6.87670275e+00
1.5060e+02   6.88132282e+00
1.5070e+02   6.88575613e+00
1.5080e+02   6.88999283e+00
1.5090e+02   6.89402062e+00
1.5100e+02   6.89783012e+00
1.5110e+02   6.90140783e+00
1.5120e+02   6.90474307e+00
1.5130e+02   6.90782301e+00
1.5140e+02   6.91063451e+00
1.5150e+02   6.91316599e+00
1.5160e+02   6.91540245e+00
1.5170e+02   6.91733244e+00
1.5180e+02   6.91894107e+00
1.5190e+02   6.92021537e+00
1.5200e+02   6.92114215e+00
1.5210e+02   6.92170659e+00
1.5220e+02   6.92189699e+00
1.5230e+02   6.92169817e+00
1.5240e+02   6.92109843e+00
1.5250e+02   6.92008425e+00
1.5260e+02   6.91864278e+00
1.5270e+02   6.91676304e+00
1.5280e+02   6.91443156e+00
1.5290e+02   6.91163900e+00
1.5300e+02   6.90837319e+00
1.5310e+02   6.90462481e+00
1.5320e+02   6.90038469e+00
1.5330e+02   6.89564299e+00
1.5340e+02   6.89039349e+00
1.5350e+02   6.88462709e+00
1.5360e+02   6.87833899e+00
1.5370e+02   6.87152278e+00
1.5380e+02   6.86417367e+00
1.5390e+02   6.85628882e+00
1.5400e+02   6.84786361e+00
1.5410e+02   6.83889785e+00
1.5420e+02   6.82938871e+00
1.5430e+02   6.81933678e+00
1.5440e+02   6.80874261e+00
1.5450e+02   6.79760662e+00
1.5460e+02   6.78593262e+00
1.5470e+02   6.77372172e+00
1.5480e+02   6.76097930e+00
1.5490e+02   6.74770887e+00
1.5500e+02   6.73391565e+00
1.5510e+02   6.71960632e+00
1.5520e+02   6.70478575e+00
1.5530e+02   6.68946278e+00
1.5540e+02   6.67364322e+00
1.5550e+02   6.65733611e+00
1.5560e+02   6.64054966e+00
1.5570e+02   6.62329185e+00
1.5580e+02   6.60557326e+00
1.5590e+02   6.58740138e+00
1.5600e+02   6.56878749e+00
1.5610e+02   6.54974020e+00
1.5620e+02   6.53026965e+00
1.5630e+02   6.51038650e+00
1.5640e+02   6.49009935e+00
1.5650e+02   6.46942008e+00
1.5660e+02   6.44835699e+00
1.5670e+02   6.42692131e+00
1.5680e+02   6.40512263e+00
1.5690e+02   6.38297023e+00
1.5700e+02   6.36047525e+00
1.5710e+02   6.33764555e+00
1.5720e+02   6.31449242e+00
1.5730e+02   6.29102401e+00
1.5740e+02   6.26725004e+00
1.5750e+02   6.24318018e+00
1.5760e+02   6.21882218e+00
1.5770e+02   6.19418674e+00
1.5780e+02   6.16928096e+00
1.5790e+02   6.14411494e+00
1.5800e+02   6.11869690e+00
1.5810e+02   6.09303514e+00
1.5820e+02   6.06713962e+00
1.5830e+02   6.04101734e+00
1.5840e+02   6.01467892e+00
1.5850e+02   5.98813189e+00
1.5860e+02   5.96138588e+00
1.5870e+02   5.93445045e+00
1.5880e+02   5.90733384e+00
1.5890e+02   5.88004741e+00
1.5900e+02   5.85259932e+00
1.5910e+02   5.82500127e+00
1.5920e+02   5.79726320e+00
1.5930e+02   5.76939594e+00
1.5940e+02   5.74141206e+00
1.5950e+02   5.71332187e+00
1.5960e+02   5.68513970e+00
1.5970e+02   5.65687715e+00
1.5980e+02   5.62854870e+00
1.5990e+02   5.60016888e+00
1.6000e+02   5.57175176e+00
1.6010e+02   5.54331483e+00
1.6020e+02   5.51487298e+00
1.6030e+02   5.48644533e+00
1.6040e+02   5.45804959e+00
1.6050e+02   5.42970533e+00
1.6060e+02   5.40143421e+00
1.6070e+02   5.37325665e+00
1.6080e+02   5.34519782e+00
1.6090e+02   5.31728099e+00
1.6100e+02   5.28953363e+00
1.6110e+02   5.26198405e+00
1.6120e+02   5.23466185e+00
1.6130e+02   5.20760127e+00
1.6140e+02   5.18083585e+00
1.6150e+02   5.15440542e+00
1.6160e+02   5.12835047e+00
1.6170e+02   5.10271631e+00
1.6180e+02   5.07755299e+00
1.6190e+02   5.05291301e+00
1.6200e+02   5.02885730e+00
1.6210e+02   5.00544924e+00
1.6220e+02   4.98276143e+00
1.6230e+02   4.96087251e+00
1.6240e+02   4.93986873e+00
1.6250e+02   4.91984747e+00
1.6260e+02   4.90091283e+00
1.6270e+02   4.88318328e+00
1.6280e+02   4.86678647e+00
1.6290e+02   4.85186454e+00
1.6300e+02   4.83857408e+00
1.6310e+02   4.82708506e+00
1.6320e+02   4.81758692e+00
1.6330e+02   4.81028325e+00
1.6340e+02   4.80539912e+00
1.6350e+02   4.80317760e+00
1.6360e+02   4.80388219e+00
1.6370e+02   4.80779948e+00
1.6380e+02   4.81523498e+00
1.6390e+02   4.82652002e+00
1.6400e+02   4.84200549e+00
1.6410e+02   4.86206651e+00
1.6420e+02   4.88710025e+00
1.6430e+02   4.91752356e+00
1.6440e+02   4.95377641e+00
1.6450e+02   4.99631395e+00
1.6460e+02   5.04561094e+00
1.6470e+02   5.10215423e+00
1.6480e+02   5.16644180e+00
1.6490e+02   5.23898031e+00
1.6500e+02   5.32027659e+00
1.6510e+02   5.41083901e+00
1.6520e+02   5.51116560e+00
1.6530e+02   5.62174313e+00
1.6540e+02   5.74303824e+00
1.6550e+02   5.87548947e+00
1.6560e+02   6.01950381e+00
1.6570e+02   6.17544277e+00
1.6580e+02   6.34362074e+00
1.6590e+02   6.52429133e+00
1.6600e+02   6.71764155e+00
1.6610e+02   6.92378397e+00
1.6620e+02   7.14274465e+00
1.6630e+02   7.37446101e+00
1.6640e+02   7.61876774e+00
1.6650e+02   7.87539519e+00
1.6660e+02   8.14396026e+00
1.6670e+02   8.42396074e+00
1.6680e+02   8.71477450e+00
1.6690e+02   9.01565080e+00
1.6700e+02   9.32571504e+00
1.6710e+02   9.64396306e+00
1.6720e+02   9.96926570e+00
1.6730e+02   1.03003719e+01
1.6740e+02   1.06359104e+01
1.6750e+02   1.09744017e+01
1.6760e+02   1.13142602e+01
1.6770e+02   1.16538101e+01
1.6780e+02   1.19912935e+01
1.6790e+02   1.23248843e+01
1.6800e+02   1.26527063e+01
1.6810e+02   1.29728441e+01
1.6820e+02   1.32833666e+01
1.6830e+02   1.35823399e+01
1.6840e+02   1.38678503e+01
1.6850e+02   1.41380228e+01
1.6860e+02   1.43910385e+01
1.6870e+02   1.46251592e+01
1.6880e+02   1.48387404e+01
1.6890e+02   1.50302555e+01
1.6900e+02   1.51983094e+01
1.6910e+02   1.53416556e+01
1.6920e+02   1.54592133e+01
1.6930e+02   1.55500750e+01
1.6940e+02   1.56135240e+01
1.6950e+02   1.56490366e+01
1.6960e+02   1.56562929e+01
1.6970e+02   1.56351796e+01
1.6980e+02   1.55857888e+01
1.6990e+02   1.55084220e+01
1.7000e+02   1.54035802e+01
1.7010e+02   1.52719637e+01
1.7020e+02   1.51144593e+01
1.7030e+02   1.49321312e+01
1.7040e+02   1.47262099e+01
1.7050e+02   1.44980735e+01
1.7060e+02   1.42492374e+01
1.7070e+02   1.39813308e+01
1.7080e+02   1.36960833e+01
1.7090e+02   1.33953032e+01
1.7100e+02   1.30808573e+01
1.7110e+02   1.27546549e+01
1.7120e+02   1.24186222e+01
1.7130e+02   1.20746895e+01
1.7140e+02   1.17247682e+01
1.7150e+02   1.13707345e+01
1.7160e+02   1.10144152e+01
1.7170e+02   1.06575674e+01
1.7180e+02   1.03018718e+01
1.7190e+02   9.94891384e+00
1.7200e+02   9.60017844e+00
1.7210e+02   9.25703920e+00
1.7220e+02   8.92075079e+00
1.7230e+02   8.59244769e+00
1.7240e+02   8.27313524e+00
1.7250e+02   7.96369434e+00
1.7260e+02   7.66487639e+00
1.7270e+02   7.37730752e+00
1.7280e+02   7.10149200e+00
1.7290e+02   6.83781291e+00
1.7300e+02   6.58654301e+00
1.7310e+02   6.34784463e+00
1.7320e+02   6.12178203e+00
1.7330e+02   5.90832587e+00
1.7340e+02   5.70736123e+00
1.7350e+02   5.51869909e+00
1.7360e+02   5.34207938e+00
1.7370e+02   5.17718586e+00
1.7380e+02   5.02364897e+00
1.7390e+02   4.88105746e+00
1.7400e+02   4.74896600e+00
1.7410e+02   4.62689994e+00
1.7420e+02   4.51436762e+00
1.7430e+02   4.41086079e+00
1.7440e+02   4.31586625e+00
1.7450e+02   4.22886787e+00
1.7460e+02   4.14935206e+00
1.7470e+02   4.07681465e+00
1.7480e+02   4.01075969e+00
1.7490e+02   3.95070879e+00
1.7500e+02   3.89619806e+00
1.7510e+02   3.84678405e+00
1.7520e+02   3.80204453e+00
1.7530e+02   3.76157746e+00
1.7540e+02   3.72500660e+00
1.7550e+02   3.69197587e+00
1.7560e+02   3.66215527e+00
1.7570e+02   3.63523673e+00
1.7580e+02   3.61093486e+00
1.7590e+02   3.58898835e+00
1.7600e+02   3.56915456e+00
1.7610e+02   3.55121469e+00
1.7620e+02   3.53496685e+00
1.7630e+02   3.52022920e+00
1.7640e+02   3.50683740e+00
1.7650e+02   3.49464174e+00
1.7660e+02   3.48351037e+00
1.7670e+02   3.47332222e+00
1.7680e+02   3.46397179e+00
1.7690e+02   3.45536369e+00
1.7700e+02   3.44741330e+00
1.7710e+02   3.44004717e+00
1.7720e+02   3.43319793e+00
1.7730e+02   3.42680923e+00
1.7740e+02   3.42082894e+00
1.7750e+02   3.41521299e+00
1.7760e+02   3.40992265e+00
1.7770e+02   3.40492281e+00
1.7780e+02   3.40018529e+00
1.7790e+02   3.39568265e+00
1.7800e+02   3.39139369e+00
1.7810e+02   3.38729829e+00
1.7820e+02   3.38337929e+00
1.7830e+02   3.37962298e+00
1.7840e+02   3.37601511e+00
1.7850e+02   3.37254621e+00
1.7860e+02   3.36920534e+00
1.7870e+02   3.36598480e+00
1.7880e+02   3.36287741e+00
1.7890e+02   3.35987587e+00
1.7900e+02   3.35697603e+00
1.7910e+02   3.35417134e+00
1.7920e+02   3.35145880e+00
1.7930e+02   3.34883380e+00
1.7940e+02   3.34629284e+00
1.7950e+02   3.34383364e+00
1.7960e+02   3.34145201e+00
1.7970e+02   3.33914703e+00
1.7980e+02   3.33691496e+00
1.7990e+02   3.33475451e+00
1.8000e+02   3.33266365e+00
1.8010e+02   3.33063979e+00
1.8020e+02   3.32868256e+00
1.8030e+02   3.32678873e+00
1.8040e+02   3.32495820e+00
1.8050e+02   3.32318861e+00
1.8060e+02   3.32147868e+00
1.8070e+02   3.31982775e+00
1.8080e+02   3.31823322e+00
1.8090e+02   3.31669543e+00
1.8100e+02   3.31521170e+00
1.8110e+02   3.31378182e+00
1.8120e+02   3.31240444e+00
1.8130e+02   3.31107782e+00
1.8140e+02   3.30980214e+00
1.8150e+02   3.30857474e+00
1.8160e+02   3.30739607e+00
1.8170e+02   3.30626409e+00
1.8180e+02   3.30517805e+00
1.8190e+02   3.30413752e+00
1.8200e+02   3.30314030e+00
1.8210e+02   3.30218700e+00
1.8220e+02   3.30127517e+00
1.8230e+02   3.30040494e+00
1.8240e+02   3.29957507e+00
1.8250e+02   3.29878417e+00
1.8260e+02   3.29803254e+00
1.8270e+02   3.29731774e+00
1.8280e+02   3.29664045e+00
1.8290e+02   3.29599871e+00
1.8300e+02   3.29539211e+00
1.8310e+02   3.29482021e+00
1.8320e+02   3.29428112e+00
1.8330e+02   3.29377555e+00
1.8340e+02   3.29330118e+00
1.8350e+02   3.29285842e+00
1.8360e+02   3.29244602e+00
1.8370e+02   3.29206292e+00
1.8380e+02   3.29170942e+00
1.8390e+02   3.29138333e+00
1.8400e+02   3.29108549e+00
1.8410e+02   3.29081398e+00
1.8420e+02   3.29056871e+00
1.8430e+02   3.29034923e+00
1.8440e+02   3.29015391e+00
1.8450e+02   3.28998358e+00
1.8460e+02   3.28983604e+00
1.8470e+02   3.28971193e+00
1.8480e+02   3.28961002e+00
1.8490e+02   3.28952957e+00
1.8500e+02   3.28947088e+00
1.8510e+02   3.28943199e+00
1.8520e+02   3.28941391e+00
1.8530e+02   3.28941477e+00
1.8540e+02   3.28943478e+00
1.8550e+02   3.28947347e+00
1.8560e+02   3.28952952e+00
1.8570e+02   3.28960381e+00
1.8580e+02   3.28969429e+00
1.8590e+02   3.28980183e+00
1.8600e+02   3.28992522e+00
1.8610e+02   3.29006401e+00
1.8620e+02   3.29021852e+00
1.8630e+02   3.29038700e+00
1.8640e+02   3.29057061e+00
1.8650e+02   3.29076756e+00
1.8660e+02   3.29097830e+00
1.8670e+02   3.29120238e+00
1.8680e+02   3.29143872e+00
1.8690e+02   3.29168827e+00
1.8700e+02   3.29194913e+00
1.8710e+02   3.29222236e+00
1.8720e+02   3.29250674e+00
1.8730e+02   3.29280212e+00
1.8740e+02   3.29310880e+00
1.8750e+02   3.29342525e+00
1.8760e+02   3.29375271e+00
1.8770e+02   3.29408946e+00
1.8780e+02   3.29443620e+00
1.8790e+02   3.29479242e+00
1.8800e+02   3.29515732e+00
1.8810e+02   3.29553183e+00
1.8820e+02   3.29591420e+00
1.8830e+02   3.29630565e+00
1.8840e+02   3.29670493e+00
1.8850e+02   3.29711213e+00
1.8860e+02   3.29752751e+00
1.8870e+02   3.29794974e+00
1.8880e+02   3.29838011e+00
1.8890e+02   3.29881694e+00
1.8900e+02   3.29926112e+00
1.8910e+02   3.29971207e+00
1.8920e+02   3.30016923e+00
1.8930e+02   3.30063348e+00
1.8940e+02   3.30110319e+00
1.8950e+02   3.30157967e+00
1.8960e+02   3.30206166e+00
1.8970e+02   3.30254945e+00
1.8980e+02   3.30304321e+00
1.8990e+02   3.30354177e+00
1.9000e+02   3.30404644e+00
1.9010e+02   3.30455558e+00
1.9020e+02   3.30507020e+00
1.9030e+02   3.30558965e+00
1.9040e+02   3.30611356e+00
1.9050e+02   3.30664274e+00
1.9060e+02   3.30717566e+00
1.9070e+02   3.30771370e+00
1.9080e+02   3.30825553e+00
1.9090e+02   3.30880163e+00
1.9100e+02   3.30935206e+00
1.9110e+02   3.30990580e+00
1.9120e+02   3.31046414e+00
1.9130e+02   3.31102545e+00
1.9140e+02   3.31159087e+00
1.9150e+02   3.31215964e+00
1.9160e+02   3.31273157e+00
1.9170e+02   3.31330737e+00
1.9180e+02   3.31388561e+00
1.9190e+02   3.31446770e+00
1.9200e+02   3.31505226e+00
1.9210e+02   3.31563994e+00
1.9220e+02   3.31623066e+00
1.9230e+02   3.31682357e+00
1.9240e+02   3.31741989e+00
1.9250e+02   3.31801802e+00
1.9260e+02   3.31861922e+00
1.9270e+02   3.31922261e+00
1.9280e+02   3.31982817e+00
1.9290e+02   3.32043651e+00
1.9300e+02   3.32104630e+00
1.9310e+02   3.32165898e+00
1.9320e+02   3.32227312e+00
1.9330e+02   3.32288951e+00
1.9340e+02   3.32350795e+00
1.9350e+02   3.32412776e+00
1.9360e+02   3.32475009e+00
1.9370e+02   3.32537340e+00
1.9380e+02   3.32599901e+00
1.9390e+02   3.32662596e+00
1.9400e+02   3.32725440e+00
1.9410e+02   3.32788484e+00
1.9420e+02   3.32851606e+00
1.9430e+02   3.32914950e+00
1.9440e+02   3.32978371e+00
1.9450e+02   3.33041962e+00
1.9460e+02   3.33105692e+00
1.9470e+02   3.33169509e+00
1.9480e+02   3.33233521e+00
1.9490e+02   3.33297580e+00
1.9500e+02   3.33361825e+00
1.9510e+02   3.33426152e+00
1.9520e+02   3.33490593e+00
1.9530e+02   3.33555187e+00
1.9540e+02   3.33619827e+00
1.9550e+02   3.33684653e+00
1.9560e+02   3.33749521e+00
1.9570e+02   3.33814537e+00
1.9580e+02   3.33879656e+00
1.9590e+02   3.33944844e+00
1.9600e+02   3.34010201e+00
1.9610e+02   3.34075585e+00
1.9620e+02   3.34141141e+00
1.9630e+02   3.34206755e+00
1.9640e+02   3.34272477e+00
1.9650e+02   3.34338333e+00
1.9660e+02   3.34404228e+00
1.9670e+02   3.34470299e+00
1.9680e+02   3.34536402e+00
1.9690e+02   3.34602650e+00
1.9700e+02   3.34668989e+00
1.9710e+02   3.34735399e+00
1.9720e+02   3.34801969e+00
1.9730e+02   3.34868563e+00
1.9740e+02   3.34935327e+00
1.9750e+02   3.35002142e+00
1.9760e+02   3.35069069e+00
1.9770e+02   3.35136118e+00
1.9780e+02   3.35203207e+00
1.9790e+02   3.35270467e+00
1.9800e+02   3.35337749e+00
1.9810e+02   3.35405176e+00
1.9820e+02   3.35472678e+00
1.9830e+02   3.35540250e+00
1.9840e+02   3.35607964e+00
1.9850e+02   3.35675691e+00
1.9860e+02   3.35743575e+00
1.9870e+02   3.35811486e+00
1.9880e+02   3.35879496e+00
1.9890e+02   3.35947598e+00
1.9900e+02   3.36015719e+00
1.9910e+02   3.36083979e+00
1.9920e+02   3.36152227e+00
1.9930e+02   3.36220589e+00
1.9940e+02   3.36288978e+00
1.9950e+02   3.36357400e+00
1.9960e+02   3.36425910e+00
1.9970e+02   3.36494384e+00
1.9980e+02   3.36562959e+00
1.9990e+02   3.36631495e+00
2.0000e+02   3.36700070e+00
2.0010e+02   3.36768659e+00
2.0020e+02   3.36837198e+00
2.0030e+02   3.36905791e+00
2.0040e+02   3.36974286e+00
2.0050e+02   3.37042807e+00
2.0060e+02   3.37111254e+00
2.0070e+02   3.37179639e+00
2.0080e+02   3.37247999e+00
2.0090e+02   3.37316215e+00
2.0100e+02   3.37384415e+00
2.0110e+02   3.37452449e+00
2.0120e+02   3.37520402e+00
2.0130e+02   3.37588229e+00
2.0140e+02   3.37655873e+00
2.0150e+02   3.37723427e+00
2.0160e+02   3.37790735e+00
2.0170e+02   3.37857921e+00
2.0180e+02   3.37924869e+00
2.0190e+02   3.37991602e+00
2.0200e+02   3.38058139e+00
2.0210e+02   3.38124366e+00
2.0220e+02   3.38190404e+00
2.0230e+02   3.38256097e+00
2.0240e+02   3.38321535e+00
2.0250e+02   3.38386657e+00
2.0260e+02   3.38451418e+00
2.0270e+02   3.38515895e+00
2.0280e+02   3.38579937e+00
2.0290e+02   3.38643670e+00
2.0300e+02   3.38706964e+00
2.0310e+02   3.38769856e+00
2.0320e+02   3.38832351e+00
2.0330e+02   3.38894344e+00
2.0340e+02   3.38955951e+00
2.0350e+02   3.39017015e+00
2.0360e+02   3.39077636e+00
2.0370e+02   3.39137739e+00
2.0380e+02   3.39197297e+00
2.0390e+02   3.39256377e+00
2.0400e+02   3.39314836e+00
2.0410e+02   3.39372803e+00
2.0420e+02   3.39430145e+00
2.0430e+02   3.39486915e+00
2.0440e+02   3.39543107e+00
2.0450e+02   3.39598634e+00
2.0460e+02   3.39653611e+00
2.0470e+02   3.39707884e+00
2.0480e+02   3.39761567e+00
2.0490e+02   3.39814580e+00
2.0500e+02   3.39866916e+00
2.0510e+02   3.39918636e+00
2.0520e+02   3.39969614e+00
2.0530e+02   3.40019985e+00
2.0540e+02   3.40069619e+00
2.0550e+02   3.40118589e+00
2.0560e+02   3.40166883e+00
2.0570e+02   3.40214437e+00
2.0580e+02   3.40261367e+00
2.0590e+02   3.40307533e+00
2.0600e+02   3.40353061e+00
2.0610e+02   3.40397873e+00
2.0620e+02   3.40441987e+00
2.0630e+02   3.40485461e+00
2.0640e+02   3.40528189e+00
2.0650e+02   3.40570316e+00
2.0660e+02   3.40611718e+00
2.0670e+02   3.40652490e+00
2.0680e+02   3.40692621e+00
2.0690e+02   3.40732069e+00
2.0700e+02   3.40770955e+00
2.0710e+02   3.40809151e+00
2.0720e+02   3.40846804e+00
2.0730e+02   3.40883834e+00
2.0740e+02   3.40920285e+00
2.0750e+02   3.40956216e+00
2.0760e+02   3.40991541e+00
2.0770e+02   3.41026413e+00
2.0780e+02   3.41060717e+00
2.0790e+02   3.41094569e+00
2.0800e+02   3.41127955e+00
2.0810e+02   3.41160858e+00
2.0820e+02   3.41193400e+00
2.0830e+02   3.41225468e+00
2.0840e+02   3.41257220e+00
2.0850e+02   3.41288579e+00
2.0860e+02   3.41319611e+00
2.0870e+02   3.41350370e+00
2.0880e+02   3.41380788e+00
2.0890e+02   3.41411024e+00
2.0900e+02   3.41440966e+00
2.0910e+02   3.41470749e+00
2.0920e+02   3.41500349e+00
2.0930e+02   3.41529773e+00
2.0940e+02   3.41559135e+00
2.0950e+02   3.41588334e+00
2.0960e+02   3.41617534e+00
2.0970e+02   3.41646653e+00
2.0980e+02   3.41675773e+00
2.0990e+02   3.41704938e+00
2.1000e+02   3.41734095e+00
2.1010e+02   3.41763395e+00
2.1020e+02   3.41792730e+00
2.1030e+02   3.41822239e+00
2.1040e+02   3.41851889e+00
2.1050e+02   3.41881698e+00
2.1060e+02   3.41911767e+00
2.1070e+02   3.41941999e+00
2.1080e+02   3.41972557e+00
2.1090e+02   3.42003348e+00
2.1100e+02   3.42034462e+00
2.1110e+02   3.42065923e+00
2.1120e+02   3.42097685e+00
2.1130e+02   3.42129888e+00
2.1140e+02   3.42162416e+00
2.1150e+02   3.42195409e+00
2.1160e+02   3.42228815e+00
2.1170e+02   3.42262655e+00
2.1180e+02   3.42297012e+00
2.1190e+02   3.42331786e+00
2.1200e+02   3.42367129e+00
2.1210e+02   3.42402933e+00
2.1220e+02   3.42439289e+00
2.1230e+02   3.42476196e+00
2.1240e+02   3.42513609e+00
2.1250e+02   3.42551650e+00
2.1260e+02   3.42590190e+00
2.1270e+02   3.42629364e+00
2.1280e+02   3.42669095e+00
2.1290e+02   3.42709408e+00
2.1300e+02   3.42750357e+00
2.1310e+02   3.42791839e+00
2.1320e+02   3.42833991e+00
2.1330e+02   3.42876686e+00
2.1340e+02   3.42920012e+00
2.1350e+02   3.42963943e+00
2.1360e+02   3.43008432e+00
2.1370e+02   3.43053577e+00
2.1380e+02   3.43099241e+00
2.1390e+02   3.43145549e+00
2.1400e+02   3.43192400e+00
2.1410e+02   3.43239821e+00
2.1420e+02   3.43287839e+00
2.1430e+02   3.43336348e+00
2.1440e+02   3.43385469e+00
2.1450e+02   3.43435061e+00
2.1460e+02   3.43485208e+00
2.1470e+02   3.43535860e+00
2.1480e+02   3.43586973e+00
2.1490e+02   3.43638625e+00
2.1500e+02   3.43690672e+00
2.1510e+02   3.43743231e+00
2.1520e+02   3.43796185e+00
2.1530e+02   3.43849563e+00
2.1540e+02   3.43903372e+00
2.1550e+02   3.43957510e+00
2.1560e+02   3.44012083e+00
2.1570e+02   3.44066943e+00
2.1580e+02   3.44122177e+00
2.1590e+02   3.44177717e+00
2.1600e+02   3.44233527e+00
2.1610e+02   3.44289671e+00
2.1620e+02   3.44346006e+00
2.1630e+02   3.44402650e+00
2.1640e+02   3.44459474e+00
2.1650e+02   3.44516519e+00
2.1660e+02   3.44573777e+00
2.1670e+02   3.44631158e+00
2.1680e+02   3.44688763e+00
2.1690e+02   3.44746445e+00
2.1700e+02   3.44804299e+00
2.1710e+02   3.44862249e+00
2.1720e+02   3.44920276e+00
2.1730e+02   3.44978435e+00
2.1740e+02   3.45036598e+00
2.1750e+02   3.45094886e+00
2.1760e+02   3.45153170e+00
2.1770e+02   3.45211510e+00
2.1780e+02   3.45269892e+00
2.1790e+02   3.45328245e+00
2.1800e+02   3.45386674e+00
2.1810e+02   3.45445040e+00
2.1820e+02   3.45503455e+00
2.1830e+02   3.45561841e+00
2.1840e+02   3.45620205e+00
2.1850e+02   3.45678603e+00
2.1860e+02   3.45736924e+00
2.1870e+02   3.45795302e+00
2.1880e+02   3.45853616e+00
2.1890e+02   3.45911950e+00
2.1900e+02   3.45970291e+00
2.1910e+02   3.46028596e+00
2.1920e+02   3.46086975e+00
2.1930e+02   3.46145307e+00
2.1940e+02   3.46203726e+00
2.1950e+02   3.46262160e+00
2.1960e+02   3.46320644e+00
2.1970e+02   3.46379239e+00
2.1980e+02   3.46437860e+00
2.1990e+02   3.46496656e+00
2.2000e+02   3.46555520e+00
2.2010e+02   3.46614562e+00
2.2020e+02   3.46673777e+00
2.2030e+02   3.46733151e+00
2.2040e+02   3.46792804e+00
2.2050e+02   3.46852637e+00
2.2060e+02   3.46912806e+00
2.2070e+02   3.46973249e+00
2.2080e+02   3.47034033e+00
2.2090e+02   3.47095225e+00
2.2100e+02   3.47156768e+00
2.2110e+02   3.47218828e+00
2.2120e+02   3.47281313e+00
2.2130e+02   3.47344362e+00
2.2140e+02   3.47407976e+00
2.2150e+02   3.47472173e+00
2.2160e+02   3.47537084e+00
2.2170e+02   3.47602631e+00
2.2180e+02   3.47668992e+00
2.2190e+02   3.47736116e+00
2.2200e+02   3.47804101e+00
2.2210e+02   3.47873018e+00
2.2220e+02   3.47942842e+00
2.2230e+02   3.48013748e+00
2.2240e+02   3.48085663e+00
2.2250e+02   3.48158752e+00
2.2260e+02   3.48233019e+00
2.2270e+02   3.48308514e+00
2.2280e+02   3.48385374e+00
2.2290e+02   3.48463543e+00
2.2300e+02   3.48543217e+00
2.2310e+02   3.48624352e+00
2.2320e+02   3.48707074e+00
2.2330e+02   3.48791456e+00
2.2340e+02   3.48877499e+00
2.2350e+02   3.48965386e+00
2.2360e+02   3.49055057e+00
2.2370e+02   3.49146697e+00
2.2380e+02   3.49240312e+00
2.2390e+02   3.49335976e+00
2.2400e+02   3.49433826e+00
2.2410e+02   3.49533826e+00
2.2420e+02   3.49636179e+00
2.2430e+02   3.49740846e+00
2.2440e+02   3.49847972e+00
2.2450e+02   3.49957627e+00
2.2460e+02   3.50069829e+00
2.2470e+02   3.50184760e+00
2.2480e+02   3.50302369e+00
2.2490e+02   3.50422849e+00
2.2500e+02   3.50546201e+00
2.2510e+02   3.50672514e+00
2.2520e+02   3.50801916e+00
2.2530e+02   3.50934378e+00
2.2540e+02   3.51070103e+00
2.2550e+02   3.51209045e+00
2.2560e+02   3.51351359e+00
2.2570e+02   3.51497097e+00
2.2580e+02   3.51646284e+00
2.2590e+02   3.51799090e+00
2.2600e+02   3.51955459e+00
2.2610e+02   3.52115579e+00
2.2620e+02   3.52279433e+00
2.2630e+02   3.52447111e+00
2.2640e+02   3.52618716e+00
2.2650e+02   3.52794217e+00
2.2660e+02   3.52973797e+00
2.2670e+02   3.53157391e+00
2.2680e+02   3.53345145e+00
2.2690e+02   3.53537078e+00
2.2700e+02   3.53733210e+00
2.2710e+02   3.53933678e+00
2.2720e+02   3.54138405e+00
2.2730e+02   3.54347557e+00
2.2740e+02   3.54561083e+00
2.2750e+02   3.54779056e+00
2.2760e+02   3.55001537e+00
2.2770e+02   3.55228472e+00
2.2780e+02   3.55460009e+00
2.2790e+02   3.55696045e+00
2.2800e+02   3.55936698e+00
2.2810e+02   3.56181939e+00
2.2820e+02   3.56431760e+00
2.2830e+02   3.56686248e+00
2.2840e+02   3.56945289e+00
2.2850e+02   3.57209009e+00
2.2860e+02   3.57477302e+00
2.2870e+02   3.57750207e+00
2.2880e+02   3.58027727e+00
2.2890e+02   3.58309766e+00
2.2900e+02   3.58596419e+00
2.2910e+02   3.58887530e+00
2.2920e+02   3.59183172e+00
2.2930e+02   3.59483250e+00
2.2940e+02   3.59787714e+00
2.2950e+02   3.60096586e+00
2.2960e+02   3.60409699e+00
2.2970e+02   3.60727122e+00
2.2980e+02   3.61048685e+00
2.2990e+02   3.61374379e+00
2.3000e+02   3.61704131e+00
2.3010e+02   3.62037800e+00
2.3020e+02   3.62375410e+00
2.3030e+02   3.62716744e+00
2.3040e+02   3.63061818e+00
2.3050e+02   3.63410467e+00
2.3060e+02   3.63762587e+00
2.3070e+02   3.64118128e+00
2.3080e+02   3.64476866e+00
2.3090e+02   3.64838807e+00
2.3100e+02   3.65203711e+00
2.3110e+02   3.65571517e+00
2.3120e+02   3.65942078e+00
2.3130e+02   3.66315201e+00
2.3140e+02   3.66690841e+00
2.3150e+02   3.67068722e+00
2.3160e+02   3.67448804e+00
2.3170e+02   3.67830849e+00
2.3180e+02   3.68214711e+00
2.3190e+02   3.68600267e+00
2.3200e+02   3.68987244e+00
2.3210e+02   3.69375590e+00
2.3220e+02   3.69765004e+00
2.3230e+02   3.70155382e+00
2.3240e+02   3.70546512e+00
2.3250e+02   3.70938161e+00
2.3260e+02   3.71330224e+00
2.3270e+02   3.71722381e+00
2.3280e+02   3.72114548e+00
2.3290e+02   3.72506433e+00
2.3300e+02   3.72897857e+00
2.3310e+02   3.73288644e+00
2.3320e+02   3.73678491e+00
2.3330e+02   3.74067301e+00
2.3340e+02   3.74454737e+00
2.3350e+02   3.74840669e+00
2.3360e+02   3.75224838e+00
2.3370e+02   3.75606993e+00
2.3380e+02   3.75986995e+00
2.3390e+02   3.76364499e+00
2.3400e+02   3.76739400e+00
2.3410e+02   3.77111376e+00
2.3420e+02   3.77480242e+00
2.3430e+02   3.77845789e+00
2.3440e+02   3.78207712e+00
2.3450e+02   3.78565895e+00
2.3460e+02   3.78919990e+00
2.3470e+02   3.79269864e+00
2.3480e+02   3.79615244e+00
2.3490e+02   3.79955887e+00
2.3500e+02   3.80291641e+00
2.3510e+02   3.80622168e+00
2.3520e+02   3.80947369e+00
2.3530e+02   3.81266920e+00
2.3540e+02   3.81580654e+00
2.3550e+02   3.81888363e+00
2.3560e+02   3.82189761e+00
2.3570e+02   3.82484745e+00
2.3580e+02   3.82772981e+00
2.3590e+02   3.83054363e+00
2.3600e+02   3.83328628e+00
2.3610e+02   3.83595570e+00
2.3620e+02   3.83855051e+00
2.3630e+02   3.84106768e+00
2.3640e+02   3.84350650e+00
2.3650e+02   3.84586402e+00
2.3660e+02   3.84813898e+00
2.3670e+02   3.85032955e+00
2.3680e+02   3.85243336e+00
2.3690e+02   3.85444971e+00
2.3700e+02   3.85637566e+00
2.3710e+02   3.85821066e+00
2.3720e+02   3.85995241e+00
2.3730e+02   3.86159943e+00
2.3740e+02   3.86315074e+00
2.3750e+02   3.86460385e+00
2.3760e+02   3.86595856e+00
2.3770e+02   3.86721238e+00
2.3780e+02   3.86836471e+00
2.3790e+02   3.86941414e+00
2.3800e+02   3.87035897e+00
2.3810e+02   3.87119900e+00
2.3820e+02   3.87193192e+00
2.3830e+02   3.87255779e+00
2.3840e+02   3.87307486e+00
2.3850e+02   3.87348236e+00
2.3860e+02   3.87377983e+00
2.3870e+02   3.87396550e+00
2.3880e+02   3.87403978e+00
2.3890e+02   3.87400080e+00
2.3900e+02   3.87384869e+00
2.3910e+02   3.87358260e+00
2.3920e+02   3.87320160e+00
2.3930e+02   3.87270608e+00
2.3940e+02   3.87209442e+00
2.3950e+02   3.87136740e+00
2.3960e+02   3.87052384e+00
2.3970e+02   3.86956379e+00
2.3980e+02   3.86848732e+00
2.3990e+02   3.86729343e+00
2.4000e+02   3.86598318e+00
2.4010e+02   3.86455533e+00
2.4020e+02   3.86301077e+00
2.4030e+02   3.86134917e+00
2.4040e+02   3.85957041e+00
2.4050e+02   3.85767543e+00
2.4060e+02   3.85566328e+00
2.4070e+02   3.85353542e+00
2.4080e+02   3.85129121e+00
2.4090e+02   3.84893144e+00
2.4100e+02   3.84645666e+00
2.4110e+02   3.84386659e+00
2.4120e+02   3.84116281e+00
2.4130e+02   3.83834465e+00
2.4140e+02   3.83541365e+00
2.4150e+02   3.83236991e+00
2.4160e+02   3.82921396e+00
2.4170e+02   3.82594717e+00
2.4180e+02   3.82256917e+00
2.4190e+02   3.81908189e+00
2.4200e+02   3.81548512e+00
2.4210e+02   3.81178020e+00
2.4220e+02   3.80796803e+00
2.4230e+02   3.80404882e+00
2.4240e+02   3.80002451e+00
2.4250e+02   3.79589483e+00
2.4260e+02   3.79166173e+00
2.4270e+02   3.78732556e+00
2.4280e+02   3.78288730e+00
2.4290e+02   3.77834851e+00
2.4300e+02   3.77370918e+00
2.4310e+02   3.76897152e+00
2.4320e+02   3.76413548e+00
2.4330e+02   3.75920274e+00
2.4340e+02   3.75417429e+00
2.4350e+02   3.74905063e+00
2.4360e+02   3.74383381e+00
2.4370e+02   3.73852369e+00
2.4380e+02   3.73312240e+00
2.4390e+02   3.72763033e+00
2.4400e+02   3.72204863e+00
2.4410e+02   3.71637885e+00
2.4420e+02   3.71062107e+00
2.4430e+02   3.70477753e+00
2.4440e+02   3.69884815e+00
2.4450e+02   3.69283471e+00
2.4460e+02   3.68673804e+00
2.4470e+02   3.68055874e+00
2.4480e+02   3.67429872e+00
2.4490e+02   3.66795781e+00
2.4500e+02   3.66153811e+00
2.4510e+02   3.65503980e+00
2.4520e+02   3.64846408e+00
2.4530e+02   3.64181225e+00
2.4540e+02   3.63508437e+00
2.4550e+02   3.62828251e+00
2.4560e+02   3.62140643e+00
2.4570e+02   3.61445784e+00
2.4580e+02   3.60743733e+00
2.4590e+02   3.60034543e+00
2.4600e+02   3.59318383e+00
2.4610e+02   3.58595223e+00
2.4620e+02   3.57865258e+00
2.4630e+02   3.57128483e+00
2.4640e+02   3.56385012e+00
2.4650e+02   3.55634950e+00
2.4660e+02   3.54878294e+00
2.4670e+02   3.54115232e+00
2.4680e+02   3.53345723e+00
2.4690e+02   3.52569932e+00
2.4700e+02   3.51787892e+00
2.4710e+02   3.50999656e+00
2.4720e+02   3.50205370e+00
2.4730e+02   3.49404997e+00
2.4740e+02   3.48598726e+00
2.4750e+02   3.47786532e+00
2.4760e+02   3.46968536e+00
2.4770e+02   3.46144819e+00
2.4780e+02   3.45315385e+00
2.4790e+02   3.44480413e+00
2.4800e+02   3.43639857e+00
2.4810e+02   3.42793886e+00
2.4820e+02   3.41942523e+00
2.4830e+02   3.41085834e+00
2.4840e+02   3.40223958e+00
2.4850e+02   3.39356867e+00
2.4860e+02   3.38484755e+00
2.4870e+02   3.37607599e+00
2.4880e+02   3.36725538e+00
2.4890e+02   3.35838652e+00
2.4900e+02   3.34946966e+00
2.4910e+02   3.34050666e+00
2.4920e+02   3.33149720e+00
2.4930e+02   3.32244318e+00
2.4940e+02   3.31334491e+00
2.4950e+02   3.30420334e+00
2.4960e+02   3.29501994e+00
2.4970e+02   3.28579471e+00
2.4980e+02   3.27652980e+00
2.4990e+02   3.26722515e+00
2.5000e+02   3.25788248e+00
2.5010e+02   3.24850272e+00
2.5020e+02   3.23908647e+00
2.5030e+02   3.22963578e+00
2.5040e+02   3.22015062e+00
2.5050e+02   3.21063320e+00
2.5060e+02   3.20108400e+00
2.5070e+02   3.19150436e+00
2.5080e+02   3.18189593e+00
2.5090e+02   3.17225906e+00
2.5100e+02   3.16259615e+00
2.5110e+02   3.15290739e+00
2.5120e+02   3.14319485e+00
2.5130e+02   3.13345962e+00
2.5140e+02   3.12370270e+00
2.5150e+02   3.11392629e+00
2.5160e+02   3.10413066e+00
2.5170e+02   3.09431830e+00
2.5180e+02   3.08448984e+00
2.5190e+02   3.07464697e+00
2.5200e+02   3.06479144e+00
2.5210e+02   3.05492390e+00
2.5220e+02   3.04504691e+00
2.5230e+02   3.03516082e+00
2.5240e+02   3.02526794e+00
2.5250e+02   3.01536943e+00
2.5260e+02   3.00546651e+00
2.5270e+02   2.99556144e+00
2.5280e+02   2.98565463e+00
2.5290e+02   2.97574868e+00
2.5300e+02   2.96584423e+00
2.5310e+02   2.95594312e+00
2.5320e+02   2.94604705e+00
2.5330e+02   2.93615674e+00
2.5340e+02   2.92627473e+00
2.5350e+02   2.91640135e+00
2.5360e+02   2.90653892e+00
2.5370e+02   2.89668844e+00
2.5380e+02   2.88685118e+00
2.5390e+02   2.87702921e+00
2.5400e+02   2.86722287e+00
2.5410e+02   2.85743464e+00
2.5420e+02   2.84766493e+00
2.5430e+02   2.83791555e+00
2.5440e+02   2.82818787e+00
2.5450e+02   2.81848251e+00
2.5460e+02   2.80880174e+00
2.5470e+02   2.79914564e+00
2.5480e+02   2.78951635e+00
2.5490e+02   2.77991450e+00
2.5500e+02   2.77034118e+00
2.5510e+02   2.76079808e+00
2.5520e+02   2.75128528e+00
2.5530e+02   2.74180495e+00
2.5540e+02   2.73235711e+00
2.5550e+02   2.72294331e+00
2.5560e+02   2.71356446e+00
2.5570e+02   2.70422094e+00
2.5580e+02   2.69491458e+00
2.5590e+02   2.68564509e+00
2.5600e+02   2.67641428e+00
2.5610e+02   2.66722230e+00
2.5620e+02   2.65806997e+00
2.5630e+02   2.64895850e+00
2.5640e+02   2.63988762e+00
2.5650e+02   2.63085911e+00
2.5660e+02   2.62187255e+00
2.5670e+02   2.61292919e+00
2.5680e+02   2.60402945e+00
2.5690e+02   2.59517342e+00
2.5700e+02   2.58636248e+00
2.5710e+02   2.57759598e+00
2.5720e+02   2.56887541e+00
2.5730e+02   2.56020047e+00
2.5740e+02   2.55157174e+00
2.5750e+02   2.54298996e+00
2.5760e+02   2.53445463e+00
2.5770e+02   2.52596715e+00
2.5780e+02   2.51752677e+00
2.5790e+02   2.50913451e+00
2.5800e+02   2.50079039e+00
2.5810e+02   2.49249433e+00
2.5820e+02   2.48424737e+00
2.5830e+02   2.47604863e+00
2.5840e+02   2.46789939e+00
2.5850e+02   2.45979905e+00
2.5860e+02   2.45174808e+00
2.5870e+02   2.44374693e+00
2.5880e+02   2.43579497e+00
2.5890e+02   2.42789343e+00
2.5900e+02   2.42004137e+00
2.5910e+02   2.41223976e+00
2.5920e+02   2.40448838e+00
2.5930e+02   2.39678715e+00
2.5940e+02   2.38913694e+00
2.5950e+02   2.38153683e+00
2.5960e+02   2.37398805e+00
2.5970e+02   2.36648987e+00
2.5980e+02   2.35904284e+00
2.5990e+02   2.35164726e+00
2.6000e+02   2.34430260e+00
2.6010e+02   2.33701003e+00
2.6020e+02   2.32976861e+00
2.6030e+02   2.32257938e+00
2.6040e+02   2.31544208e+00
2.6050e+02   2.30835677e+00
2.6060e+02   2.30132426e+00
2.6070e+02   2.29434376e+00
2.6080e+02   2.28741657e+00
2.6090e+02   2.28054196e+00
2.6100e+02   2.27372067e+00
2.6110e+02   2.26695296e+00
2.6120e+02   2.26023847e+00
2.6130e+02   2.25357843e+00
2.6140e+02   2.24697198e+00
2.6150e+02   2.24042032e+00
2.6160e+02   2.23392316e+00
2.6170e+02   2.22748079e+00
2.6180e+02   2.22109402e+00
2.6190e+02   2.21476219e+00
2.6200e+02   2.20848669e+00
2.6210e+02   2.20226684e+00
2.6220e+02   2.19610353e+00
2.6230e+02   2.18999700e+00
2.6240e+02   2.18394707e+00
2.6250e+02   2.17795495e+00
2.6260e+02   2.17201984e+00
2.6270e+02   2.16614306e+00
2.6280e+02   2.16032426e+00
2.6290e+02   2.15456386e+00
2.6300e+02   2.14886261e+00
2.6310e+02   2.14321990e+00
2.6320e+02   2.13763713e+00
2.6330e+02   2.13211355e+00
2.6340e+02   2.12665012e+00
2.6350e+02   2.12124693e+00
2.6360e+02   2.11590385e+00
2.6370e+02   2.11062198e+00
2.6380e+02   2.10540045e+00
2.6390e+02   2.10024052e+00
2.6400e+02   2.09514167e+00
2.6410e+02   2.09010431e+00
2.6420e+02   2.08512895e+00
2.6430e+02   2.08021493e+00
2.6440e+02   2.07536344e+00
2.6450e+02   2.07057356e+00
2.6460e+02   2.06584614e+00
2.6470e+02   2.06118096e+00
2.6480e+02   2.05657780e+00
2.6490e+02   2.05203744e+00
2.6500e+02   2.04755883e+00
2.6510e+02   2.04314300e+00
2.6520e+02   2.03878911e+00
2.6530e+02   2.03449740e+00
2.6540e+02   2.03026799e+00
2.6550e+02   2.02610002e+00
2.6560e+02   2.02199436e+00
2.6570e+02   2.01794974e+00
2.6580e+02   2.01396678e+00
2.6590e+02   2.01004485e+00
2.6600e+02   2.00618349e+00
2.6610e+02   2.00238307e+00
2.6620e+02   1.99864225e+00
2.6630e+02   1.99496172e+00
2.6640e+02   1.99134023e+00
2.6650e+02   1.98777778e+00
2.6660e+02   1.98427401e+00
2.6670e+02   1.98082782e+00
2.6680e+02   1.97743967e+00
2.6690e+02   1.97410794e+00
2.6700e+02   1.97083295e+00
2.6710e+02   1.96761362e+00
2.6720e+02   1.96444926e+00
2.6730e+02   1.96133982e+00
2.6740e+02   1.95828365e+00
2.6750e+02   1.95528114e+00
2.6760e+02   1.95233064e+00
2.6770e+02   1.94943193e+00
2.6780e+02   1.94658425e+00
2.6790e+02   1.94378629e+00
2.6800e+02   1.94103815e+00
2.6810e+02   1.93833795e+00
2.6820e+02   1.93568579e+00
2.6830e+02   1.93308025e+00
2.6840e+02   1.93052049e+00
2.6850e+02   1.92800615e+00
2.6860e+02   1.92553541e+00
2.6870e+02   1.92310846e+00
2.6880e+02   1.92072341e+00
2.6890e+02   1.91837997e+00
2.6900e+02   1.91607711e+00
2.6910e+02   1.91381346e+00
2.6920e+02   1.91158897e+00
2.6930e+02   1.90940163e+00
2.6940e+02   1.90725151e+00
2.6950e+02   1.90513702e+00
2.6960e+02   1.90305740e+00
2.6970e+02   1.90101211e+00
2.6980e+02   1.89899941e+00
2.6990e+02   1.89701945e+00
2.7000e+02   1.89507033e+00
2.7010e+02   1.89315186e+00
2.7020e+02   1.89126296e+00
2.7030e+02   1.88940243e+00
2.7040e+02   1.88757022e+00
2.7050e+02   1.88576445e+00
2.7060e+02   1.88398534e+00
2.7070e+02   1.88223135e+00
2.7080e+02   1.88050195e+00
2.7090e+02   1.87879669e+00
2.7100e+02   1.87711406e+00
2.7110e+02   1.87545438e+00
2.7120e+02   1.87381591e+00
2.7130e+02   1.87219876e+00
2.7140e+02   1.87060198e+00
2.7150e+02   1.86902471e+00
2.7160e+02   1.86746706e+00
2.7170e+02   1.86592745e+00
2.7180e+02   1.86440638e+00
2.7190e+02   1.86290252e+00
2.7200e+02   1.86141573e+00
2.7210e+02   1.85994574e+00
2.7220e+02   1.85849141e+00
2.7230e+02   1.85705333e+00
2.7240e+02   1.85563006e+00
2.7250e+02   1.85422207e+00
2.7260e+02   1.85282862e+00
2.7270e+02   1.85144926e+00
2.7280e+02   1.85008435e+00
2.7290e+02   1.84873265e+00
2.7300e+02   1.84739497e+00
2.7310e+02   1.84607025e+00
2.7320e+02   1.84475873e+00
2.7330e+02   1.84346034e+00
2.7340e+02   1.84217432e+00
2.7350e+02   1.84090152e+00
2.7360e+02   1.83964075e+00
2.7370e+02   1.83839283e+00
2.7380e+02   1.83715719e+00
2.7390e+02   1.83593375e+00
2.7400e+02   1.83472301e+00
2.7410e+02   1.83352404e+00
2.7420e+02   1.83233788e+00
2.7430e+02   1.83116361e+00
2.7440e+02   1.83000179e+00
2.7450e+02   1.82885242e+00
2.7460e+02   1.82771503e+00
2.7470e+02   1.82659055e+00
2.7480e+02   1.82547799e+00
2.7490e+02   1.82437831e+00
2.7500e+02   1.82329101e+00
2.7510e+02   1.82221620e+00
2.7520e+02   1.82115440e+00
2.7530e+02   1.82010480e+00
2.7540e+02   1.81906850e+00
2.7550e+02   1.81804461e+00
2.7560e+02   1.81703378e+00
2.7570e+02   1.81603595e+00
2.7580e+02   1.81505074e+00
2.7590e+02   1.81407901e+00
2.7600e+02   1.81311976e+00
2.7610e+02   1.81217397e+00
2.7620e+02   1.81124099e+00
2.7630e+02   1.81032099e+00
2.7640e+02   1.80941432e+00
2.7650e+02   1.80852014e+00
2.7660e+02   1.80763946e+00
2.7670e+02   1.80677123e+00
2.7680e+02   1.80591608e+00
2.7690e+02   1.80507371e+00
2.7700e+02   1.80424373e+00
2.7710e+02   1.80342679e+00
2.7720e+02   1.80262175e+00
2.7730e+02   1.80182950e+00
2.7740e+02   1.80104915e+00
2.7750e+02   1.80028081e+00
2.7760e+02   1.79952458e+00
2.7770e+02   1.79877955e+00
2.7780e+02   1.79804651e+00
2.7790e+02   1.79732424e+00
2.7800e+02   1.79661330e+00
2.7810e+02   1.79591312e+00
2.7820e+02   1.79522326e+00
2.7830e+02   1.79454415e+00
2.7840e+02   1.79387455e+00
2.7850e+02   1.79321522e+00
2.7860e+02   1.79256507e+00
2.7870e+02   1.79192421e+00
2.7880e+02   1.79129250e+00
2.7890e+02   1.79066902e+00
2.7900e+02   1.79005443e+00
2.7910e+02   1.78944742e+00
2.7920e+02   1.78884852e+00
2.7930e+02   1.78825702e+00
2.7940e+02   1.78767254e+00
2.7950e+02   1.78709539e+00
2.7960e+02   1.78652434e+00
2.7970e+02   1.78596017e+00
2.7980e+02   1.78540173e+00
2.7990e+02   1.78484924e+00
2.8000e+02   1.78430249e+00
2.8010e+02   1.78376070e+00
2.8020e+02   1.78322454e+00
2.8030e+02   1.78269276e+00
2.8040e+02   1.78216605e+00
2.8050e+02   1.78164371e+00
2.8060e+02   1.78112557e+00
2.8070e+02   1.78061197e+00
2.8080e+02   1.78010190e+00
2.8090e+02   1.77959624e+00
2.8100e+02   1.77909400e+00
2.8110e+02   1.77859562e+00
2.8120e+02   1.77810099e+00
2.8130e+02   1.77760960e+00
2.8140e+02   1.77712226e+00
2.8150e+02   1.77663793e+00
2.8160e+02   1.77615756e+00
2.8170e+02   1.77568056e+00
2.8180e+02   1.77520709e+00
2.8190e+02   1.77473761e+00
2.8200e+02   1.77427139e+00
2.8210e+02   1.77380954e+00
2.8220e+02   1.77335122e+00
2.8230e+02   1.77289719e+00
2.8240e+02   1.77244745e+00
2.8250e+02   1.77200180e+00
2.8260e+02   1.77156118e+00
2.8270e+02   1.77112479e+00
2.8280e+02   1.77069379e+00
2.8290e+02   1.77026771e+00
2.8300e+02   1.76984698e+00
2.8310e+02   1.76943214e+00
2.8320e+02   1.76902268e+00
2.8330e+02   1.76861982e+00
2.8340e+02   1.76822284e+00
2.8350e+02   1.76783269e+00
2.8360e+02   1.76744936e+00
2.8370e+02   1.76707284e+00
2.8380e+02   1.76670409e+00
2.8390e+02   1.76634237e+00
2.8400e+02   1.76598892e+00
2.8410e+02   1.76564322e+00
2.8420e+02   1.76530579e+00
2.8430e+02   1.76497708e+00
2.8440e+02   1.76465660e+00
2.8450e+02   1.76434552e+00
2.8460e+02   1.76404301e+00
2.8470e+02   1.76375001e+00
2.8480e+02   1.76346631e+00
2.8490e+02   1.76319188e+00
2.8500e+02   1.76292747e+00
2.8510e+02   1.76267221e+00
2.8520e+02   1.76242718e+00
2.8530e+02   1.76219162e+00
2.8540e+02   1.76196595e+00
2.8550e+02   1.76175027e+00
2.8560e+02   1.76154396e+00
2.8570e+02   1.76134788e+00
2.8580e+02   1.76116093e+00
2.8590e+02   1.76098385e+00
2.8600e+02   1.76081605e+00
2.8610e+02   1.76065729e+00
2.8620e+02   1.76050793e+00
2.8630e+02   1.76036684e+00
2.8640e+02   1.76023478e+00
2.8650e+02   1.76011060e+00
2.8660e+02   1.75999447e+00
2.8670e+02   1.75988606e+00
2.8680e+02   1.75978448e+00
2.8690e+02   1.75969020e+00
2.8700e+02   1.75960179e+00
2.8710e+02   1.75951967e+00
2.8720e+02   1.75944282e+00
2.8730e+02   1.75937076e+00
2.8740e+02   1.75930342e+00
2.8750e+02   1.75923940e+00
2.8760e+02   1.75917911e+00
2.8770e+02   1.75912103e+00
2.8780e+02   1.75906511e+00
2.8790e+02   1.75901060e+00
2.8800e+02   1.75895642e+00
2.8810e+02   1.75890268e+00
2.8820e+02   1.75884769e+00
2.8830e+02   1.75879164e+00
2.8840e+02   1.75873319e+00
2.8850e+02   1.75867173e+00
2.8860e+02   1.75860687e+00
2.8870e+02   1.75853706e+00
2.8880e+02   1.75846252e+00
2.8890e+02   1.75838152e+00
2.8900e+02   1.75829392e+00
2.8910e+02   1.75819875e+00
2.8920e+02   1.75809490e+00
2.8930e+02   1.75798233e+00
2.8940e+02   1.75785926e+00
2.8950e+02   1.75772588e+00
2.8960e+02   1.75758072e+00
2.8970e+02   1.75742325e+00
2.8980e+02   1.75725299e+00
2.8990e+02   1.75706847e+00
2.9000e+02   1.75686992e+00
2.9010e+02   1.75665566e+00
2.9020e+02   1.75642568e+00
2.9030e+02   1.75617903e+00
2.9040e+02   1.75591481e+00
2.9050e+02   1.75563303e+00
2.9060e+02   1.75533213e+00
2.9070e+02   1.75501247e+00
2.9080e+02   1.75467272e+00
2.9090e+02   1.75431266e+00
2.9100e+02   1.75393194e+00
2.9110e+02   1.75352942e+00
2.9120e+02   1.75310556e+00
2.9130e+02   1.75265894e+00
2.9140e+02   1.75218993e+00
2.9150e+02   1.75169779e+00
2.9160e+02   1.75118205e+00
2.9170e+02   1.75064300e+00
2.9180e+02   1.75007946e+00
2.9190e+02   1.74949219e+00
2.9200e+02   1.74888019e+00
2.9210e+02   1.74824372e+00
2.9220e+02   1.74758274e+00
2.9230e+02   1.74689662e+00
2.9240e+02   1.74618622e+00
2.9250e+02   1.74545055e+00
2.9260e+02   1.74469049e+00
2.9270e+02   1.74390567e+00
2.9280e+02   1.74309619e+00
2.9290e+02   1.74226274e+00
2.9300e+02   1.74140466e+00
2.9310e+02   1.74052322e+00
2.9320e+02   1.73961786e+00
2.9330e+02   1.73868942e+00
2.9340e+02   1.73773828e+00
2.9350e+02   1.73676440e+00
2.9360e+02   1.73576910e+00
2.9370e+02   1.73475191e+00
2.9380e+02   1.73371428e+00
2.9390e+02   1.73265627e+00
2.9400e+02   1.73157859e+00
2.9410e+02   1.73048237e+00
2.9420e+02   1.72936752e+00
2.9430e+02   1.72823581e+00
2.9440e+02   1.72708714e+00
2.9450e+02   1.72592296e+00
2.9460e+02   1.72474404e+00
2.9470e+02   1.72355092e+00
2.9480e+02   1.72234537e+00
2.9490e+02   1.72112740e+00
2.9500e+02   1.71989897e+00
2.9510e+02   1.71866053e+00
2.9520e+02   1.71741334e+00
2.9530e+02   1.71615888e+00
2.9540e+02   1.71489757e+00
2.9550e+02   1.71363155e+00
2.9560e+02   1.71236111e+00
2.9570e+02   1.71108815e+00
2.9580e+02   1.70981372e+00
2.9590e+02   1.70853880e+00
2.9600e+02   1.70726542e+00
2.9610e+02   1.70599394e+00
2.9620e+02   1.70472662e+00
2.9630e+02   1.70346412e+00
2.9640e+02   1.70220803e+00
2.9650e+02   1.70095996e+00
2.9660e+02   1.69972057e+00
2.9670e+02   1.69849217e+00
2.9680e+02   1.69727514e+00
2.9690e+02   1.69607156e+00
2.9700e+02   1.69488246e+00
2.9710e+02   1.69370897e+00
2.9720e+02   1.69255304e+00
2.9730e+02   1.69141504e+00
2.9740e+02   1.69029721e+00
2.9750e+02   1.68920002e+00
2.9760e+02   1.68812506e+00
2.9770e+02   1.68707365e+00
2.9780e+02   1.68604634e+00
2.9790e+02   1.68504514e+00
2.9800e+02   1.68407015e+00
2.9810e+02   1.68312319e+00
2.9820e+02   1.68220483e+00
2.9830e+02   1.68131591e+00
2.9840e+02   1.68045785e+00
2.9850e+02   1.67963061e+00
2.9860e+02   1.67883589e+00
2.9870e+02   1.67807358e+00
2.9880e+02   1.67734475e+00
2.9890e+02   1.67665000e+00
2.9900e+02   1.67598929e+00
2.9910e+02   1.67536390e+00
2.9920e+02   1.67477319e+00
2.9930e+02   1.67421825e+00
2.9940e+02   1.67369879e+00
2.9950e+02   1.67321490e+00
2.9960e+02   1.67276708e+00
2.9970e+02   1.67235443e+00
2.9980e+02   1.67197778e+00
2.9990e+02   1.67163602e+00
3.0000e+02   1.67132937e+00
3.0010e+02   1.67105737e+00
3.0020e+02   1.67081908e+00
3.0030e+02   1.67061474e+00
3.0040e+02   1.67044273e+00
3.0050e+02   1.67030317e+00
3.0060e+02   1.67019468e+00
3.0070e+02   1.67011645e+00
3.0080e+02   1.67006787e+00
3.0090e+02   1.67004713e+00
3.0100e+02   1.67005402e+00
3.0110e+02   1.67008645e+00
3.0120e+02   1.67014373e+00
3.0130e+02   1.67022438e+00
3.0140e+02   1.67032663e+00
3.0150e+02   1.67044976e+00
3.0160e+02   1.67059129e+00
3.0170e+02   1.67075055e+00
3.0180e+02   1.67092529e+00
3.0190e+02   1.67111403e+00
3.0200e+02   1.67131534e+00
3.0210e+02   1.67152678e+00
3.0220e+02   1.67174752e+00
3.0230e+02   1.67197482e+00
3.0240e+02   1.67220754e+00
3.0250e+02   1.67244361e+00
3.0260e+02   1.67268092e+00
3.0270e+02   1.67291831e+00
3.0280e+02   1.67315300e+00
3.0290e+02   1.67338408e+00
3.0300e+02   1.67360902e+00
3.0310e+02   1.67382629e+00
3.0320e+02   1.67403429e+00
3.0330e+02   1.67423062e+00
3.0340e+02   1.67441444e+00
3.0350e+02   1.67458311e+00
3.0360e+02   1.67473569e+00
3.0370e+02   1.67487024e+00
3.0380e+02   1.67498502e+00
3.0390e+02   1.67507912e+00
3.0400e+02   1.67515018e+00
3.0410e+02   1.67519775e+00
3.0420e+02   1.67521973e+00
3.0430e+02   1.67521522e+00
3.0440e+02   1.67518313e+00
3.0450e+02   1.67512176e+00
3.0460e+02   1.67503092e+00
3.0470e+02   1.67490868e+00
3.0480e+02   1.67475493e+00
3.0490e+02   1.67456842e+00
3.0500e+02   1.67434836e+00
3.0510e+02   1.67409459e+00
3.0520e+02   1.67380571e+00
3.0530e+02   1.67348217e+00
3.0540e+02   1.67312274e+00
3.0550e+02   1.67272756e+00
3.0560e+02   1.67229638e+00
3.0570e+02   1.67182857e+00
3.0580e+02   1.67132487e+00
3.0590e+02   1.67078430e+00
3.0600e+02   1.67020779e+00
3.0610e+02   1.66959498e+00
3.0620e+02   1.66894613e+00
3.0630e+02   1.66826197e+00
3.0640e+02   1.66754206e+00
3.0650e+02   1.66678779e+00
3.0660e+02   1.66599879e+00
3.0670e+02   1.66517617e+00
3.0680e+02   1.66432045e+00
3.0690e+02   1.66343191e+00
3.0700e+02   1.66251204e+00
3.0710e+02   1.66156068e+00
3.0720e+02   1.66057952e+00
3.0730e+02   1.65956883e+00
3.0740e+02   1.65852966e+00
3.0750e+02   1.65746328e+00
3.0760e+02   1.65636994e+00
3.0770e+02   1.65525155e+00
3.0780e+02   1.65410827e+00
3.0790e+02   1.65294174e+00
3.0800e+02   1.65175285e+00
3.0810e+02   1.65054240e+00
3.0820e+02   1.64931216e+00
3.0830e+02   1.64806233e+00
3.0840e+02   1.64679492e+00
3.0850e+02   1.64551039e+00
3.0860e+02   1.64421008e+00
3.0870e+02   1.64289537e+00
3.0880e+02   1.64156670e+00
3.0890e+02   1.64022607e+00
3.0900e+02   1.63887367e+00
3.0910e+02   1.63751126e+00
3.0920e+02   1.63613964e+00
3.0930e+02   1.63475966e+00
3.0940e+02   1.63337298e+00
3.0950e+02   1.63197974e+00
3.0960e+02   1.63058185e+00
3.0970e+02   1.62917959e+00
3.0980e+02   1.62777421e+00
3.0990e+02   1.62636682e+00
3.1000e+02   1.62495773e+00
3.1010e+02   1.62354869e+00
3.1020e+02   1.62213963e+00
3.1030e+02   1.62073213e+00
3.1040e+02   1.61932661e+00
3.1050e+02   1.61792374e+00
3.1060e+02   1.61652483e+00
3.1070e+02   1.61512972e+00
3.1080e+02   1.61374005e+00
3.1090e+02   1.61235571e+00
3.1100e+02   1.61097773e+00
3.1110e+02   1.60960677e+00
3.1120e+02   1.60824290e+00
3.1130e+02   1.60688750e+00
3.1140e+02   1.60554014e+00
3.1150e+02   1.60420212e+00
3.1160e+02   1.60287344e+00
3.1170e+02   1.60155454e+00
3.1180e+02   1.60024629e+00
3.1190e+02   1.59894826e+00
3.1200e+02   1.59766176e+00
3.1210e+02   1.59638630e+00
3.1220e+02   1.59512266e+00
3.1230e+02   1.59387111e+00
3.1240e+02   1.59263147e+00
3.1250e+02   1.59140476e+00
3.1260e+02   1.59019027e+00
3.1270e+02   1.58898902e+00
3.1280e+02   1.58780066e+00
3.1290e+02   1.58662540e+00
3.1300e+02   1.58546376e+00
3.1310e+02   1.58431511e+00
3.1320e+02   1.58318043e+00
3.1330e+02   1.58205896e+00
3.1340e+02   1.58095128e+00
3.1350e+02   1.57985730e+00
3.1360e+02   1.57877669e+00
3.1370e+02   1.57771015e+00
3.1380e+02   1.57665675e+00
3.1390e+02   1.57561728e+00
3.1400e+02   1.57459111e+00
3.1410e+02   1.57357830e+00
3.1420e+02   1.57257907e+00
3.1430e+02   1.57159259e+00
3.1440e+02   1.57061963e+00
3.1450e+02   1.56965916e+00
3.1460e+02   1.56871164e+00
3.1470e+02   1.56777668e+00
3.1480e+02   1.56685380e+00
3.1490e+02   1.56594346e+00
3.1500e+02   1.56504452e+00
3.1510e+02   1.56415764e+00
3.1520e+02   1.56328188e+00
3.1530e+02   1.56241721e+00
3.1540e+02   1.56156357e+00
3.1550e+02   1.56072001e+00
3.1560e+02   1.55988708e+00
3.1570e+02   1.55906354e+00
3.1580e+02   1.55824972e+00
3.1590e+02   1.55744496e+00
3.1600e+02   1.55664870e+00
3.1610e+02   1.55586113e+00
3.1620e+02   1.55508097e+00
3.1630e+02   1.55430871e+00
3.1640e+02   1.55354319e+00
3.1650e+02   1.55278428e+00
3.1660e+02   1.55203164e+00
3.1670e+02   1.55128422e+00
3.1680e+02   1.55054237e+00
3.1690e+02   1.54980467e+00
3.1700e+02   1.54907130e+00
3.1710e+02   1.54834137e+00
3.1720e+02   1.54761421e+00
3.1730e+02   1.54688978e+00
3.1740e+02   1.54616667e+00
3.1750e+02   1.54544517e+00
3.1760e+02   1.54472390e+00
3.1770e+02   1.54400265e+00
3.1780e+02   1.54328080e+00
3.1790e+02   1.54255719e+00
3.1800e+02   1.54183195e+00
3.1810e+02   1.54110346e+00
3.1820e+02   1.54037180e+00
3.1830e+02   1.53963577e+00
3.1840e+02   1.53889464e+00
3.1850e+02   1.53814808e+00
3.1860e+02   1.53739454e+00
3.1870e+02   1.53663413e+00
3.1880e+02   1.53586522e+00
3.1890e+02   1.53508750e+00
3.1900e+02   1.53430005e+00
3.1910e+02   1.53350162e+00
3.1920e+02   1.53269209e+00
3.1930e+02   1.53186965e+00
3.1940e+02   1.53103424e+00
3.1950e+02   1.53018440e+00
3.1960e+02   1.52931930e+00
3.1970e+02   1.52843836e+00
3.1980e+02   1.52753989e+00
3.1990e+02   1.52662383e+00
3.2000e+02   1.52568837e+00
3.2010e+02   1.52473307e+00
3.2020e+02   1.52375682e+00
3.2030e+02   1.52275827e+00
3.2040e+02   1.52173714e+00
3.2050e+02   1.52069150e+00
3.2060e+02   1.51962121e+00
3.2070e+02   1.51852466e+00
3.2080e+02   1.51740100e+00
3.2090e+02   1.51624951e+00
3.2100e+02   1.51506852e+00
3.2110e+02   1.51385788e+00
3.2120e+02   1.51261575e+00
3.2130e+02   1.51134177e+00
3.2140e+02   1.51003472e+00
3.2150e+02   1.50869341e+00
3.2160e+02   1.50731752e+00
3.2170e+02   1.50590525e+00
3.2180e+02   1.50445657e+00
3.2190e+02   1.50296993e+00
3.2200e+02   1.50144471e+00
3.2210e+02   1.49988027e+00
3.2220e+02   1.49827518e+00
3.2230e+02   1.49662951e+00
3.2240e+02   1.49494161e+00
3.2250e+02   1.49321144e+00
3.2260e+02   1.49143800e+00
3.2270e+02   1.48962047e+00
3.2280e+02   1.48775880e+00
3.2290e+02   1.48585157e+00
3.2300e+02   1.48389912e+00
3.2310e+02   1.48190024e+00
3.2320e+02   1.47985482e+00
3.2330e+02   1.47776254e+00
3.2340e+02   1.47562250e+00
3.2350e+02   1.47343518e+00
3.2360e+02   1.47119942e+00
3.2370e+02   1.46891572e+00
3.2380e+02   1.46658348e+00
3.2390e+02   1.46420253e+00
3.2400e+02   1.46177324e+00
3.2410e+02   1.45929477e+00
3.2420e+02   1.45676803e+00
3.2430e+02   1.45419230e+00
3.2440e+02   1.45156811e+00
3.2450e+02   1.44889560e+00
3.2460e+02   1.44617452e+00
3.2470e+02   1.44340587e+00
3.2480e+02   1.44058905e+00
3.2490e+02   1.43772515e+00
3.2500e+02   1.43481410e+00
3.2510e+02   1.43185632e+00
3.2520e+02   1.42885269e+00
3.2530e+02   1.42580296e+00
3.2540e+02   1.42270857e+00
3.2550e+02   1.41956929e+00
3.2560e+02   1.41638626e+00
3.2570e+02   1.41316005e+00
3.2580e+02   1.40989100e+00
3.2590e+02   1.40658057e+00
3.2600e+02   1.40322865e+00
3.2610e+02   1.39983687e+00
3.2620e+02   1.39640555e+00
3.2630e+02   1.39293569e+00
3.2640e+02   1.38942854e+00
3.2650e+02   1.38588438e+00
3.2660e+02   1.38230507e+00
3.2670e+02   1.37869082e+00
3.2680e+02   1.37504328e+00
3.2690e+02   1.37136338e+00
3.2700e+02   1.36765198e+00
3.2710e+02   1.36391095e+00
3.2720e+02   1.36014063e+00
3.2730e+02   1.35634314e+00
3.2740e+02   1.35251920e+00
3.2750e+02   1.34867038e+00
3.2760e+02   1.34479831e+00
3.2770e+02   1.34090385e+00
3.2780e+02   1.33698934e+00
3.2790e+02   1.33305551e+00
3.2800e+02   1.32910462e+00
3.2810e+02   1.32513812e+00
3.2820e+02   1.32115756e+00
3.2830e+02   1.31716538e+00
3.2840e+02   1.31316264e+00
3.2850e+02   1.30915220e+00
3.2860e+02   1.30513548e+00
3.2870e+02   1.30111493e+00
3.2880e+02   1.29709297e+00
3.2890e+02   1.29307142e+00
3.2900e+02   1.28905358e+00
3.2910e+02   1.28504117e+00
3.2920e+02   1.28103762e+00
3.2930e+02   1.27704544e+00
3.2940e+02   1.27306752e+00
3.2950e+02   1.26910752e+00
3.2960e+02   1.26516793e+00
3.2970e+02   1.26125309e+00
3.2980e+02   1.25736591e+00
3.2990e+02   1.25351056e+00
3.3000e+02   1.24969111e+00
3.3010e+02   1.24591125e+00
3.3020e+02   1.24217616e+00
3.3030e+02   1.23848956e+00
3.3040e+02   1.23485700e+00
3.3050e+02   1.23128310e+00
3.3060e+02   1.22777311e+00
3.3070e+02   1.22433298e+00
3.3080e+02   1.22096767e+00
3.3090e+02   1.21768404e+00
3.3100e+02   1.21448754e+00
3.3110e+02   1.21138509e+00
3.3120e+02   1.20838337e+00
3.3130e+02   1.20548891e+00
3.3140e+02   1.20270965e+00
3.3150e+02   1.20005212e+00
3.3160e+02   1.19752475e+00
3.3170e+02   1.19513492e+00
3.3180e+02   1.19289074e+00
3.3190e+02   1.19080084e+00
3.3200e+02   1.18887293e+00
3.3210e+02   1.18711645e+00
3.3220e+02   1.18553930e+00
3.3230e+02   1.18415082e+00
3.3240e+02   1.18295977e+00
3.3250e+02   1.18197473e+00
3.3260e+02   1.18120534e+00
3.3270e+02   1.18065963e+00
3.3280e+02   1.18034723e+00
3.3290e+02   1.18027631e+00
3.3300e+02   1.18045556e+00
3.3310e+02   1.18089361e+00
3.3320e+02   1.18159785e+00
3.3330e+02   1.18257688e+00
3.3340e+02   1.18383723e+00
3.3350e+02   1.18538639e+00
3.3360e+02   1.18723055e+00
3.3370e+02   1.18937531e+00
3.3380e+02   1.19182647e+00
3.3390e+02   1.19458767e+00
3.3400e+02   1.19766345e+00
3.3410e+02   1.20105606e+00
3.3420e+02   1.20476769e+00
3.3430e+02   1.20879953e+00
3.3440e+02   1.21315092e+00
3.3450e+02   1.21782153e+00
3.3460e+02   1.22280819e+00
3.3470e+02   1.22810802e+00
3.3480e+02   1.23371593e+00
3.3490e+02   1.23962564e+00
3.3500e+02   1.24583024e+00
3.3510e+02   1.25232004e+00
3.3520e+02   1.25908560e+00
3.3530e+02   1.26611452e+00
3.3540e+02   1.27339392e+00
3.3550e+02   1.28090927e+00
3.3560e+02   1.28864393e+00
3.3570e+02   1.29658111e+00
3.3580e+02   1.30470096e+00
3.3590e+02   1.31298379e+00
3.3600e+02   1.32140748e+00
3.3610e+02   1.32994890e+00
3.3620e+02   1.33858423e+00
3.3630e+02   1.34728722e+00
3.3640e+02   1.35603216e+00
3.3650e+02   1.36479074e+00
3.3660e+02   1.37353489e+00
3.3670e+02   1.38223537e+00
3.3680e+02   1.39086177e+00
3.3690e+02   1.39938436e+00
3.3700e+02   1.40777136e+00
3.3710e+02   1.41599234e+00
3.3720e+02   1.42401554e+00
3.3730e+02   1.43180967e+00
3.3740e+02   1.43934403e+00
3.3750e+02   1.44658708e+00
3.3760e+02   1.45350938e+00
3.3770e+02   1.46008051e+00
3.3780e+02   1.46627208e+00
3.3790e+02   1.47205616e+00
3.3800e+02   1.47740559e+00
3.3810e+02   1.48229557e+00
3.3820e+02   1.48670115e+00
3.3830e+02   1.49060055e+00
3.3840e+02   1.49397239e+00
3.3850e+02   1.49679768e+00
3.3860e+02   1.49905959e+00
3.3870e+02   1.50074226e+00
3.3880e+02   1.50183349e+00
3.3890e+02   1.50232159e+00
3.3900e+02   1.50219842e+00
3.3910e+02   1.50145749e+00
3.3920e+02   1.50009447e+00
3.3930e+02   1.49810831e+00
3.3940e+02   1.49549883e+00
3.3950e+02   1.49226986e+00
3.3960e+02   1.48842619e+00
3.3970e+02   1.48397561e+00
3.3980e+02   1.47892827e+00
3.3990e+02   1.47329563e+00
3.4000e+02   1.46709268e+00
3.4010e+02   1.46033480e+00
3.4020e+02   1.45304070e+00
3.4030e+02   1.44523012e+00
3.4040e+02   1.43692444e+00
3.4050e+02   1.42814746e+00
3.4060e+02   1.41892297e+00
3.4070e+02   1.40927771e+00
3.4080e+02   1.39923810e+00
3.4090e+02   1.38883241e+00
3.4100e+02   1.37808968e+00
3.4110e+02   1.36703886e+00
3.4120e+02   1.35571080e+00
3.4130e+02   1.34413505e+00
3.4140e+02   1.33234285e+00
3.4150e+02   1.32036453e+00
3.4160e+02   1.30823047e+00
3.4170e+02   1.29597150e+00
3.4180e+02   1.28361668e+00
3.4190e+02   1.27119623e+00
3.4200e+02   1.25873816e+00
3.4210e+02   1.24627074e+00
3.4220e+02   1.23382112e+00
3.4230e+02   1.22141487e+00
3.4240e+02   1.20907777e+00
3.4250e+02   1.19683282e+00
3.4260e+02   1.18470334e+00
3.4270e+02   1.17271030e+00
3.4280e+02   1.16087366e+00
3.4290e+02   1.14921251e+00
3.4300e+02   1.13774331e+00
3.4310e+02   1.12648270e+00
3.4320e+02   1.11544433e+00
3.4330e+02   1.10464151e+00
3.4340e+02   1.09408573e+00
3.4350e+02   1.08378662e+00
3.4360e+02   1.07375357e+00
3.4370e+02   1.06399303e+00
3.4380e+02   1.05451170e+00
3.4390e+02   1.04531381e+00
3.4400e+02   1.03640282e+00
3.4410e+02   1.02778137e+00
3.4420e+02   1.01944986e+00
3.4430e+02   1.01140917e+00
3.4440e+02   1.00365759e+00
3.4450e+02   9.96193676e-01
3.4460e+02   9.89014573e-01
3.4470e+02   9.82116343e-01
3.4480e+02   9.75495335e-01
3.4490e+02   9.69145712e-01
3.4500e+02   9.63062646e-01
3.4510e+02   9.57239484e-01
3.4520e+02   9.51669735e-01
3.4530e+02   9.46346691e-01
3.4540e+02   9.41262339e-01
3.4550e+02   9.36409861e-01
3.4560e+02   9.31780597e-01
3.4570e+02   9.27367040e-01
3.4580e+02   9.23160861e-01
3.4590e+02   9.19153544e-01
3.4600e+02   9.15337434e-01
3.4610e+02   9.11703442e-01
3.4620e+02   9.08244146e-01
3.4630e+02   9.04950834e-01
3.4640e+02   9.01815674e-01
3.4650e+02   8.98831011e-01
3.4660e+02   8.95988530e-01
3.4670e+02   8.93281506e-01
3.4680e+02   8.90701803e-01
3.4690e+02   8.88242921e-01
3.4700e+02   8.85897754e-01
3.4710e+02   8.83659491e-01
3.4720e+02   8.81522330e-01
3.4730e+02   8.79479368e-01
3.4740e+02   8.77525580e-01
3.4750e+02   8.75654759e-01
3.4760e+02   8.73861870e-01
3.4770e+02   8.72142015e-01
3.4780e+02   8.70489875e-01
3.4790e+02   8.68901704e-01
3.4800e+02   8.67372404e-01
3.4810e+02   8.65898602e-01
3.4820e+02   8.64476197e-01
3.4830e+02   8.63101529e-01
3.4840e+02   8.61771765e-01
3.4850e+02   8.60483030e-01
3.4860e+02   8.59233243e-01
3.4870e+02   8.58019015e-01
3.4880e+02   8.56838177e-01
3.4890e+02   8.55688451e-01
3.4900e+02   8.54567198e-01
3.4910e+02   8.53473148e-01
3.4920e+02   8.52403610e-01
3.4930e+02   8.51357562e-01
3.4940e+02   8.50333030e-01
3.4950e+02   8.49328527e-01
3.4960e+02   8.48343136e-01
3.4970e+02   8.47374897e-01
3.4980e+02   8.46423502e-01
3.4990e+02   8.45487189e-01
3.5000e+02   8.44565424e-01
3.5010e+02   8.43657315e-01
3.5020e+02   8.42761665e-01
3.5030e+02   8.41878441e-01
3.5040e+02   8.41006146e-01
3.5050e+02   8.40144902e-01
3.5060e+02   8.39293690e-01
3.5070e+02   8.38452054e-01
3.5080e+02   8.37619880e-01
3.5090e+02   8.36796061e-01
3.5100e+02   8.35981025e-01
3.5110e+02   8.35173656e-01
3.5120e+02   8.34374114e-01
3.5130e+02   8.33581996e-01
3.5140e+02   8.32796705e-01
3.5150e+02   8.32018635e-01
3.5160e+02   8.31246731e-01
3.5170e+02   8.30481544e-01
3.5180e+02   8.29722348e-01
3.5190e+02   8.28969095e-01
3.5200e+02   8.28221887e-01
3.5210e+02   8.27479935e-01
3.5220e+02   8.26743896e-01
3.5230e+02   8.26012842e-01
3.5240e+02   8.25287192e-01
3.5250e+02   8.24566638e-01
3.5260e+02   8.23850819e-01
3.5270e+02   8.23140217e-01
3.5280e+02   8.22433924e-01
3.5290e+02   8.21732630e-01
3.5300e+02   8.21035652e-01
3.5310e+02   8.20343114e-01
3.5320e+02   8.19655124e-01
3.5330e+02   8.18971026e-01
3.5340e+02   8.18291520e-01
3.5350e+02   8.17615721e-01
3.5360e+02   8.16944157e-01
3.5370e+02   8.16276492e-01
3.5380e+02   8.15612489e-01
3.5390e+02   8.14952610e-01
3.5400e+02   8.14296008e-01
3.5410e+02   8.13643421e-01
3.5420e+02   8.12994145e-01
3.5430e+02   8.12348407e-01
3.5440e+02   8.11706259e-01
3.5450e+02   8.11067132e-01
3.5460e+02   8.10431719e-01
3.5470e+02   8.09799142e-01
3.5480e+02   8.09169998e-01
3.5490e+02   8.08543892e-01
3.5500e+02   8.07920685e-01
3.5510e+02   8.07300788e-01
3.5520e+02   8.06683404e-01
3.5530e+02   8.06069290e-01
3.5540e+02   8.05457710e-01
3.5550e+02   8.04848978e-01
3.5560e+02   8.04243076e-01
3.5570e+02   8.03639515e-01
3.5580e+02   8.03038962e-01
3.5590e+02   8.02440548e-01
3.5600e+02   8.01844924e-01
3.5610e+02   8.01251633e-01
3.5620e+02   8.00660629e-01
3.5630e+02   8.00072262e-01
3.5640e+02   7.99485788e-01
3.5650e+02   7.98901972e-01
3.5660e+02   7.98320049e-01
3.5670e+02   7.97740411e-01
3.5680e+02   7.97162969e-01
3.5690e+02   7.96587316e-01
3.5700e+02   7.96014084e-01
3.5710e+02   7.95442418e-01
3.5720e+02   7.94873014e-01
3.5730e+02   7.94305358e-01
3.5740e+02   7.93739494e-01
3.5750e+02   7.93175706e-01
3.5760e+02   7.92613306e-01
3.5770e+02   7.92053061e-01
3.5780e+02   7.91494181e-01
3.5790e+02   7.90937132e-01
3.5800e+02   7.90381753e-01
3.5810e+02   7.89827723e-01
3.5820e+02   7.89275627e-01
3.5830e+02   7.88724636e-01
3.5840e+02   7.88175479e-01
3.5850e+02   7.87627589e-01
3.5860e+02   7.87081099e-01
3.5870e+02   7.86536224e-01
3.5880e+02   7.85992338e-01
3.5890e+02   7.85450197e-01
3.5900e+02   7.84908996e-01
3.5910e+02   7.84369268e-01
3.5920e+02   7.83830780e-01
3.5930e+02   7.83293295e-01
3.5940e+02   7.82757353e-01
3.5950e+02   7.82222149e-01
3.5960e+02   7.81688441e-01
3.5970e+02   7.81155614e-01
3.5980e+02   7.80623884e-01
3.5990e+02   7.80093395e-01
3.6000e+02   7.79563586e-01
3.6010e+02   7.79035197e-01
3.6020e+02   7.78507413e-01
3.6030e+02   7.77980825e-01
3.6040e+02   7.77455133e-01
3.6050e+02   7.76930184e-01
3.6060e+02   7.76406462e-01
3.6070e+02   7.75883199e-01
3.6080e+02   7.75361169e-01
3.6090e+02   7.74839715e-01
3.6100e+02   7.74319132e-01
3.6110e+02   7.73799492e-01
3.6120e+02   7.73280303e-01
3.6130e+02   7.72762279e-01
3.6140e+02   7.72244601e-01
3.6150e+02   7.71727915e-01
3.6160e+02   7.71211851e-01
3.6170e+02   7.70696343e-01
3.6180e+02   7.70181814e-01
3.6190e+02   7.69667535e-01
3.6200e+02   7.69154294e-01
3.6210e+02   7.68641391e-01
3.6220e+02   7.68129200e-01
3.6230e+02   7.67617716e-01
3.6240e+02   7.67106521e-01
3.6250e+02   7.66596296e-01
3.6260e+02   7.66086226e-01
3.6270e+02   7.65576999e-01
3.6280e+02   7.65068184e-01
3.6290e+02   7.64559798e-01
3.6300e+02   7.64052197e-01
3.6310e+02   7.63544701e-01
3.6320e+02   7.63038097e-01
3.6330e+02   7.62531654e-01
3.6340e+02   7.62025816e-01
3.6350e+02   7.61520502e-01
3.6360e+02   7.61015372e-01
3.6370e+02   7.60511063e-01
3.6380e+02   7.60006771e-01
3.6390e+02   7.59503222e-01
3.6400e+02   7.58999923e-01
3.6410e+02   7.58496975e-01
3.6420e+02   7.57994663e-01
3.6430e+02   7.57492358e-01
3.6440e+02   7.56990839e-01
3.6450e+02   7.56489351e-01
3.6460e+02   7.55988401e-01
3.6470e+02   7.55487834e-01
3.6480e+02   7.54987386e-01
3.6490e+02   7.54487644e-01
3.6500e+02   7.53987824e-01
3.6510e+02   7.53488679e-01
3.6520e+02   7.52989658e-01
3.6530e+02   7.52490943e-01
3.6540e+02   7.51992745e-01
3.6550e+02   7.51494492e-01
3.6560e+02   7.50996944e-01
3.6570e+02   7.50499329e-01
3.6580e+02   7.50002209e-01
3.6590e+02   7.49505355e-01
3.6600e+02   7.49008583e-01
3.6610e+02   7.48512422e-01
3.6620e+02   7.48016112e-01
3.6630e+02   7.47520426e-01
3.6640e+02   7.47024759e-01
3.6650e+02   7.46529370e-01
3.6660e+02   7.46034392e-01
3.6670e+02   7.45539314e-01
3.6680e+02   7.45044871e-01
3.6690e+02   7.44550275e-01
3.6700e+02   7.44056142e-01
3.6710e+02   7.43562166e-01
3.6720e+02   7.43068241e-01
3.6730e+02   7.42574837e-01
3.6740e+02   7.42081221e-01
3.6750e+02   7.41588176e-01
3.6760e+02   7.41095050e-01
3.6770e+02   7.40602172e-01
3.6780e+02   7.40109598e-01
3.6790e+02   7.39616879e-01
3.6800e+02   7.39124716e-01
3.6810e+02   7.38632314e-01
3.6820e+02   7.38140331e-01
3.6830e+02   7.37648392e-01
3.6840e+02   7.37156466e-01
3.6850e+02   7.36664955e-01
3.6860e+02   7.36173164e-01
3.6870e+02   7.35681874e-01
3.6880e+02   7.35190393e-01
3.6890e+02   7.34699116e-01
3.6900e+02   7.34208018e-01
3.6910e+02   7.33716719e-01
3.6920e+02   7.33225875e-01
3.6930e+02   7.32734694e-01
3.6940e+02   7.32243867e-01
3.6950e+02   7.31752952e-01
3.6960e+02   7.31261995e-01
3.6970e+02   7.30771326e-01
3.6980e+02   7.30280291e-01
3.6990e+02   7.29789664e-01
3.7000e+02   7.29298718e-01
3.7010e+02   7.28807910e-01
3.7020e+02   7.28317136e-01
3.7030e+02   7.27826085e-01
3.7040e+02   7.27335366e-01
3.7050e+02   7.26844193e-01
3.7060e+02   7.26353288e-01
3.7070e+02   7.25862145e-01
3.7080e+02   7.25370886e-01
3.7090e+02   7.24879765e-01
3.7100e+02   7.24388180e-01
3.7110e+02   7.23896888e-01
3.7120e+02   7.23405136e-01
3.7130e+02   7.22913438e-01
3.7140e+02   7.22421614e-01
3.7150e+02   7.21929425e-01
3.7160e+02   7.21437429e-01
3.7170e+02   7.20944857e-01
3.7180e+02   7.20452451e-01
3.7190e+02   7.19959650e-01
3.7200e+02   7.19466652e-01
3.7210e+02   7.18973636e-01
3.7220e+02   7.18480055e-01
3.7230e+02   7.17986646e-01
3.7240e+02   7.17492638e-01
3.7250e+02   7.16998600e-01
3.7260e+02   7.16504278e-01
3.7270e+02   7.16009512e-01
3.7280e+02   7.15514801e-01
3.7290e+02   7.15019404e-01
3.7300e+02   7.14524080e-01
3.7310e+02   7.14028218e-01
3.7320e+02   7.13532092e-01
3.7330e+02   7.13035808e-01
3.7340e+02   7.12538881e-01
3.7350e+02   7.12042021e-01
3.7360e+02   7.11544452e-01
3.7370e+02   7.11046791e-01
3.7380e+02   7.10548718e-01
3.7390e+02   7.10050151e-01
3.7400e+02   7.09551532e-01
3.7410e+02   7.09052156e-01
3.7420e+02   7.08552791e-01
3.7430e+02   7.08052789e-01
3.7440e+02   7.07552496e-01
3.7450e+02   7.07051946e-01
3.7460e+02   7.06550723e-01
3.7470e+02   7.06049508e-01
3.7480e+02   7.05547525e-01
3.7490e+02   7.05045438e-01
3.7500e+02   7.04542862e-01
3.7510e+02   7.04039802e-01
3.7520e+02   7.03536635e-01
3.7530e+02   7.03032701e-01
3.7540e+02   7.02528775e-01
3.7550e+02   7.02024175e-01
3.7560e+02   7.01519320e-01
3.7570e+02   7.01014171e-01
3.7580e+02   7.00508388e-01
3.7590e+02   7.00002615e-01
3.7600e+02   6.99496087e-01
3.7610e+02   6.98989507e-01
3.7620e+02   6.98482435e-01
3.7630e+02   6.97974955e-01
3.7640e+02   6.97467383e-01
3.7650e+02   6.96959108e-01
3.7660e+02   6.96450904e-01
3.7670e+02   6.95942063e-01
3.7680e+02   6.95433071e-01
3.7690e+02   6.94923820e-01
3.7700e+02   6.94414046e-01
3.7710e+02   6.93904351e-01
3.7720e+02   6.93393986e-01
3.7730e+02   6.92883688e-01
3.7740e+02   6.92372962e-01
3.7750e+02   6.91861973e-01
3.7760e+02   6.91350968e-01
3.7770e+02   6.90839395e-01
3.7780e+02   6.90328011e-01
3.7790e+02   6.89816094e-01
3.7800e+02   6.89304189e-01
3.7810e+02   6.88792116e-01
3.7820e+02   6.88279688e-01
3.7830e+02   6.87767458e-01
3.7840e+02   6.87254701e-01
3.7850e+02   6.86742174e-01
3.7860e+02   6.86229331e-01
3.7870e+02   6.85716415e-01
3.7880e+02   6.85203600e-01
3.7890e+02   6.84690391e-01
3.7900e+02   6.84177524e-01
3.7910e+02   6.83664262e-01
3.7920e+02   6.83151203e-01
3.7930e+02   6.82638093e-01
3.7940e+02   6.82124824e-01
3.7950e+02   6.81611888e-01
3.7960e+02   6.81098585e-01
3.7970e+02   6.80585688e-01
3.7980e+02   6.80072600e-01
3.7990e+02   6.79559633e-01
3.8000e+02   6.79046885e-01
3.8010e+02   6.78533919e-01
3.8020e+02   6.78021442e-01
3.8030e+02   6.77508702e-01
3.8040e+02   6.76996341e-01
3.8050e+02   6.76484034e-01
3.8060e+02   6.75971744e-01
3.8070e+02   6.75459897e-01
3.8080e+02   6.74947824e-01
3.8090e+02   6.74436296e-01
3.8100e+02   6.73924672e-01
3.8110e+02   6.73413327e-01
3.8120e+02   6.72902278e-01
3.8130e+02   6.72391147e-01
3.8140e+02   6.71880599e-01
3.8150e+02   6.71369878e-01
3.8160e+02   6.70859655e-01
3.8170e+02   6.70349536e-01
3.8180e+02   6.69839553e-01
3.8190e+02   6.69330058e-01
3.8200e+02   6.68820417e-01
3.8210e+02   6.68311391e-01
3.8220e+02   6.67802298e-01
3.8230e+02   6.67293569e-01
3.8240e+02   6.66785138e-01
3.8250e+02   6.66276690e-01
3.8260e+02   6.65768837e-01
3.8270e+02   6.65260824e-01
3.8280e+02   6.64753346e-01
3.8290e+02   6.64245941e-01
3.8300e+02   6.63738707e-01
3.8310e+02   6.63231920e-01
3.8320e+02   6.62724986e-01
3.8330e+02   6.62218646e-01
3.8340e+02   6.61712185e-01
3.8350e+02   6.61206083e-01
3.8360e+02   6.60700194e-01
3.8370e+02   6.60194266e-01
3.8380e+02   6.59688855e-01
3.8390e+02   6.59183215e-01
3.8400e+02   6.58678056e-01
3.8410e+02   6.58172853e-01
3.8420e+02   6.57667773e-01
3.8430e+02   6.57163013e-01
3.8440e+02   6.56658024e-01
3.8450e+02   6.56153523e-01
3.8460e+02   6.55648767e-01
3.8470e+02   6.55144288e-01
3.8480e+02   6.54639858e-01
3.8490e+02   6.54135295e-01
3.8500e+02   6.53631096e-01
3.8510e+02   6.53126529e-01
3.8520e+02   6.52622320e-01
3.8530e+02   6.52117887e-01
3.8540e+02   6.51613465e-01
3.8550e+02   6.51109174e-01
3.8560e+02   6.50604517e-01
3.8570e+02   6.50100185e-01
3.8580e+02   6.49595420e-01
3.8590e+02   6.49090796e-01
3.8600e+02   6.48586016e-01
3.8610e+02   6.48080969e-01
3.8620e+02   6.47576092e-01
3.8630e+02   6.47070681e-01
3.8640e+02   6.46565470e-01
3.8650e+02   6.46059832e-01
3.8660e+02   6.45554071e-01
3.8670e+02   6.45048232e-01
3.8680e+02   6.44541882e-01
3.8690e+02   6.44035680e-01
3.8700e+02   6.43528862e-01
3.8710e+02   6.43022049e-01
3.8720e+02   6.42514877e-01
3.8730e+02   6.42007313e-01
3.8740e+02   6.41499733e-01
3.8750e+02   6.40991472e-01
3.8760e+02   6.40483269e-01
3.8770e+02   6.39974464e-01
3.8780e+02   6.39465430e-01
3.8790e+02   6.38956140e-01
3.8800e+02   6.38446233e-01
3.8810e+02   6.37936333e-01
3.8820e+02   6.37425686e-01
3.8830e+02   6.36914951e-01
3.8840e+02   6.36403710e-01
3.8850e+02   6.35892009e-01
3.8860e+02   6.35380166e-01
3.8870e+02   6.34867563e-01
3.8880e+02   6.34354943e-01
3.8890e+02   6.33841619e-01
3.8900e+02   6.33328035e-01
3.8910e+02   6.32814098e-01
3.8920e+02   6.32299522e-01
3.8930e+02   6.31784897e-01
3.8940e+02   6.31269487e-01
3.8950e+02   6.30753988e-01
3.8960e+02   6.30237932e-01
3.8970e+02   6.29721450e-01
3.8980e+02   6.29204800e-01
3.8990e+02   6.28687421e-01
3.9000e+02   6.28170051e-01
3.9010e+02   6.27651993e-01
3.9020e+02   6.27133753e-01
3.9030e+02   6.26615180e-01
3.9040e+02   6.26096066e-01
3.9050e+02   6.25576963e-01
3.9060e+02   6.25057163e-01
3.9070e+02   6.24537394e-01
3.9080e+02   6.24017146e-01
3.9090e+02   6.23496632e-01
3.9100e+02   6.22976049e-01
3.9110e+02   6.22454903e-01
3.9120e+02   6.21933922e-01
3.9130e+02   6.21412400e-01
3.9140e+02   6.20890909e-01
3.9150e+02   6.20369236e-01
3.9160e+02   6.19847259e-01
3.9170e+02   6.19325484e-01
3.9180e+02   6.18803237e-01
3.9190e+02   6.18281274e-01
3.9200e+02   6.17759046e-01
3.9210e+02   6.17236849e-01
3.9220e+02   6.16714815e-01
3.9230e+02   6.16192519e-01
3.9240e+02   6.15670673e-01
3.9250e+02   6.15148571e-01
3.9260e+02   6.14626840e-01
3.9270e+02   6.14105209e-01
3.9280e+02   6.13583640e-01
3.9290e+02   6.13062588e-01
3.9300e+02   6.12541420e-01
3.9310e+02   6.12020906e-01
3.9320e+02   6.11500466e-01
3.9330e+02   6.10980468e-01
3.9340e+02   6.10460982e-01
3.9350e+02   6.09941651e-01
3.9360e+02   6.09423161e-01
3.9370e+02   6.08904811e-01
3.9380e+02   6.08387273e-01
3.9390e+02   6.07870217e-01
3.9400e+02   6.07353686e-01
3.9410e+02   6.06838077e-01
3.9420e+02   6.06322798e-01
3.9430e+02   6.05808626e-01
3.9440e+02   6.05294946e-01
3.9450e+02   6.04782195e-01
3.9460e+02   6.04270372e-01
3.9470e+02   6.03759188e-01
3.9480e+02   6.03249291e-01
3.9490e+02   6.02739986e-01
3.9500e+02   6.02231979e-01
3.9510e+02   6.01724881e-01
3.9520e+02   6.01218805e-01
3.9530e+02   6.00714084e-01
3.9540e+02   6.00210167e-01
3.9550e+02   5.99707819e-01
3.9560e+02   5.99206395e-01
3.9570e+02   5.98706388e-01
3.9580e+02   5.98207719e-01
3.9590e+02   5.97710163e-01
3.9600e+02   5.97214317e-01
3.9610e+02   5.96719493e-01
3.9620e+02   5.96226414e-01
3.9630e+02   5.95734629e-01
3.9640e+02   5.95244315e-01
3.9650e+02   5.94755725e-01
3.9660e+02   5.94268349e-01
3.9670e+02   5.93782926e-01
3.9680e+02   5.93298780e-01
3.9690e+02   5.92816442e-01
3.9700e+02   5.92335752e-01
3.9710e+02   5.91856542e-01
3.9720e+02   5.91379344e-01
3.9730e+02   5.90903474e-01
3.9740e+02   5.90429657e-01
3.9750e+02   5.89957377e-01
3.9760e+02   5.89486864e-01
3.9770e+02   5.89018283e-01
3.9780e+02   5.88551157e-01
3.9790e+02   5.88086187e-01
3.9800e+02   5.87622661e-01
3.9810e+02   5.87161139e-01
3.9820e+02   5.86701372e-01
3.9830e+02   5.86243240e-01
3.9840e+02   5.85787199e-01
3.9850e+02   5.85332568e-01
3.9860e+02   5.84880061e-01
3.9870e+02   5.84429091e-01
3.9880e+02   5.83979932e-01
3.9890e+02   5.83532653e-01
3.9900e+02   5.83086810e-01
3.9910e+02   5.82643049e-01
3.9920e+02   5.82200624e-01
3.9930e+02   5.81760112e-01
3.9940e+02   5.81321170e-01
3.9950e+02   5.80883725e-01
3.9960e+02   5.80448144e-01
3.9970e+02   5.80013751e-01
3.9980e+02   5.79581235e-01
3.9990e+02   5.79149944e-01
4.0000e+02   5.78720186e-01
4.0010e+02   5.78291931e-01
4.0020e+02   5.77864766e-01
4.0030e+02   5.77439274e-01
4.0040e+02   5.77014680e-01
4.0050e+02   5.76591569e-01
4.0060e+02   5.76169505e-01
4.0070e+02   5.75748460e-01
4.0080e+02   5.75328710e-01
4.0090e+02   5.74909586e-01
4.0100e+02   5.74491750e-01
4.0110e+02   5.74074485e-01
4.0120e+02   5.73658134e-01
4.0130e+02   5.73242565e-01
4.0140e+02   5.72827407e-01
4.0150e+02   5.72413172e-01
4.0160e+02   5.71999066e-01
4.0170e+02   5.71585677e-01
4.0180e+02   5.71172488e-01
4.0190e+02   5.70759515e-01
4.0200e+02   5.70346943e-01
4.0210e+02   5.69934126e-01
4.0220e+02   5.69521690e-01
4.0230e+02   5.69108870e-01
4.0240e+02   5.68696043e-01
4.0250e+02   5.68282986e-01
4.0260e+02   5.67869373e-01
4.0270e+02   5.67455651e-01
4.0280e+02   5.67041020e-01
4.0290e+02   5.66626074e-01
4.0300e+02   5.66210223e-01
4.0310e+02   5.65793540e-01
4.0320e+02   5.65376124e-01
4.0330e+02   5.64957363e-01
4.0340e+02   5.64537854e-01
4.0350e+02   5.64116798e-01
4.0360e+02   5.63694614e-01
4.0370e+02   5.63270995e-01
4.0380e+02   5.62845679e-01
4.0390e+02   5.62419050e-01
4.0400e+02   5.61990322e-01
4.0410e+02   5.61560097e-01
4.0420e+02   5.61127732e-01
4.0430e+02   5.60693364e-01
4.0440e+02   5.60257019e-01
4.0450e+02   5.59818135e-01
4.0460e+02   5.59377284e-01
4.0470e+02   5.58933656e-01
4.0480e+02   5.58487714e-01
4.0490e+02   5.58039089e-01
4.0500e+02   5.57587590e-01
4.0510e+02   5.57133550e-01
4.0520e+02   5.56676217e-01
4.0530e+02   5.56216206e-01
4.0540e+02   5.55752840e-01
4.0550e+02   5.55286329e-01
4.0560e+02   5.54816637e-01
4.0570e+02   5.54343273e-01
4.0580e+02   5.53866787e-01
4.0590e+02   5.53386379e-01
4.0600e+02   5.52902563e-01
4.0610e+02   5.52414923e-01
4.0620e+02   5.51923352e-01
4.0630e+02   5.51428142e-01
4.0640e+02   5.50928590e-01
4.0650e+02   5.50425331e-01
4.0660e+02   5.49917672e-01
4.0670e+02   5.49405904e-01
4.0680e+02   5.48889940e-01
4.0690e+02   5.48369372e-01
4.0700e+02   5.47844739e-01
4.0710e+02   5.47315263e-01
4.0720e+02   5.46781517e-01
4.0730e+02   5.46243047e-01
4.0740e+02   5.45699846e-01
4.0750e+02   5.45152165e-01
4.0760e+02   5.44599368e-01
4.0770e+02   5.44042114e-01
4.0780e+02   5.43479704e-01
4.0790e+02   5.42912516e-01
4.0800e+02   5.42340422e-01
4.0810e+02   5.41763109e-01
4.0820e+02   5.41181099e-01
4.0830e+02   5.40593656e-01
4.0840e+02   5.40001409e-01
4.0850e+02   5.39403880e-01
4.0860e+02   5.38801160e-01
4.0870e+02   5.38193468e-01
4.0880e+02   5.37580241e-01
4.0890e+02   5.36962159e-01
4.0900e+02   5.36338530e-01
4.0910e+02   5.35709817e-01
4.0920e+02   5.35075855e-01
4.0930e+02   5.34436427e-01
4.0940e+02   5.33792043e-01
4.0950e+02   5.33142010e-01
4.0960e+02   5.32487011e-01
4.0970e+02   5.31826546e-01
4.0980e+02   5.31160808e-01
4.0990e+02   5.30489976e-01
4.1000e+02   5.29813570e-01
4.1010e+02   5.29132279e-01
4.1020e+02   5.28445426e-01
4.1030e+02   5.27753551e-01
4.1040e+02   5.27056449e-01
4.1050e+02   5.26354003e-01
4.1060e+02   5.25646697e-01
4.1070e+02   5.24933890e-01
4.1080e+02   5.24216304e-01
4.1090e+02   5.23493422e-01
4.1100e+02   5.22765527e-01
4.1110e+02   5.22032756e-01
4.1120e+02   5.21294707e-01
4.1130e+02   5.20552069e-01
4.1140e+02   5.19804178e-01
4.1150e+02   5.19051640e-01
4.1160e+02   5.18294208e-01
4.1170e+02   5.17531857e-01
4.1180e+02   5.16765033e-01
4.1190e+02   5.15993145e-01
4.1200e+02   5.15216942e-01
4.1210e+02   5.14435884e-01
4.1220e+02   5.13650337e-01
4.1230e+02   5.12860382e-01
4.1240e+02   5.12065695e-01
4.1250e+02   5.11266946e-01
4.1260e+02   5.10463484e-01
4.1270e+02   5.09655966e-01
4.1280e+02   5.08844097e-01
4.1290e+02   5.08027932e-01
4.1300e+02   5.07207871e-01
4.1310e+02   5.06383368e-01
4.1320e+02   5.05555179e-01
4.1330e+02   5.04722742e-01
4.1340e+02   5.03886489e-01
4.1350e+02   5.03046441e-01
4.1360e+02   5.02202342e-01
4.1370e+02   5.01354830e-01
4.1380e+02   5.00503263e-01
4.1390e+02   4.99648334e-01
4.1400e+02   4.98789695e-01
4.1410e+02   4.97927474e-01
4.1420e+02   4.97062011e-01
4.1430e+02   4.96192802e-01
4.1440e+02   4.95320599e-01
4.1450e+02   4.94444811e-01
4.1460e+02   4.93565929e-01
4.1470e+02   4.92683904e-01
4.1480e+02   4.91798544e-01
4.1490e+02   4.90910444e-01
4.1500e+02   4.90018972e-01
4.1510e+02   4.89124844e-01
4.1520e+02   4.88227656e-01
4.1530e+02   4.87327604e-01
4.1540e+02   4.86424958e-01
4.1550e+02   4.85519260e-01
4.1560e+02   4.84611244e-01
4.1570e+02   4.83700295e-01
4.1580e+02   4.82786952e-01
4.1590e+02   4.81871096e-01
4.1600e+02   4.80952598e-01
4.1610e+02   4.80032002e-01
4.1620e+02   4.79108690e-01
4.1630e+02   4.78183393e-01
4.1640e+02   4.77255656e-01
4.1650e+02   4.76325738e-01
4.1660e+02   4.75393840e-01
4.1670e+02   4.74459550e-01
4.1680e+02   4.73523580e-01
4.1690e+02   4.72585298e-01
4.1700e+02   4.71645287e-01
4.1710e+02   4.70703360e-01
4.1720e+02   4.69759456e-01
4.1730e+02   4.68814064e-01
4.1740e+02   4.67866588e-01
4.1750e+02   4.66917770e-01
4.1760e+02   4.65967111e-01
4.1770e+02   4.65014936e-01
4.1780e+02   4.64061375e-01
4.1790e+02   4.63106073e-01
4.1800e+02   4.62149715e-01
4.1810e+02   4.61191664e-01
4.1820e+02   4.60232545e-01
4.1830e+02   4.59272108e-01
4.1840e+02   4.58310365e-01
4.1850e+02   4.57347749e-01
4.1860e+02   4.56383701e-01
4.1870e+02   4.55418967e-01
4.1880e+02   4.54453016e-01
4.1890e+02   4.53486236e-01
4.1900e+02   4.52518695e-01
4.1910e+02   4.51550100e-01
4.1920e+02   4.50581109e-01
4.1930e+02   4.49611087e-01
4.1940e+02   4.48640701e-01
4.1950e+02   4.47669646e-01
4.1960e+02   4.46698009e-01
4.1970e+02   4.45726169e-01
4.1980e+02   4.44753608e-01
4.1990e+02   4.43781078e-01
4.2000e+02   4.42808020e-01
4.2010e+02   4.41834888e-01
4.2020e+02   4.40861687e-01
4.2030e+02   4.39888193e-01
4.2040e+02   4.38915030e-01
4.2050e+02   4.37941577e-01
4.2060e+02   4.36968534e-01
4.2070e+02   4.35995550e-01
4.2080e+02   4.35022783e-01
4.2090e+02   4.34050557e-01
4.2100e+02   4.33078400e-01
4.2110e+02   4.32107061e-01
4.2120e+02   4.31135961e-01
4.2130e+02   4.30165612e-01
4.2140e+02   4.29195956e-01
4.2150e+02   4.28226839e-01
4.2160e+02   4.27258844e-01
4.2170e+02   4.26291366e-01
4.2180e+02   4.25325131e-01
4.2190e+02   4.24359739e-01
4.2200e+02   4.23395418e-01
4.2210e+02   4.22432428e-01
4.2220e+02   4.21470346e-01
4.2230e+02   4.20509906e-01
4.2240e+02   4.19550509e-01
4.2250e+02   4.18592718e-01
4.2260e+02   4.17636406e-01
4.2270e+02   4.16681485e-01
4.2280e+02   4.15728488e-01
4.2290e+02   4.14776825e-01
4.2300e+02   4.13827237e-01
4.2310e+02   4.12879271e-01
4.2320e+02   4.11933219e-01
4.2330e+02   4.10989267e-01
4.2340e+02   4.10047040e-01
4.2350e+02   4.09107241e-01
4.2360e+02   4.08169255e-01
4.2370e+02   4.07233680e-01
4.2380e+02   4.06300319e-01
4.2390e+02   4.05369141e-01
4.2400e+02   4.04440617e-01
4.2410e+02   4.03514176e-01
4.2420e+02   4.02590555e-01
4.2430e+02   4.01669252e-01
4.2440e+02   4.00750609e-01
4.2450e+02   3.99834733e-01
4.2460e+02   3.98921294e-01
4.2470e+02   3.98010953e-01
4.2480e+02   3.97103077e-01
4.2490e+02   3.96198290e-01
4.2500e+02   3.95296320e-01
4.2510e+02   3.94397192e-01
4.2520e+02   3.93501303e-01
4.2530e+02   3.92608102e-01
4.2540e+02   3.91718312e-01
4.2550e+02   3.90831382e-01
4.2560e+02   3.89947699e-01
4.2570e+02   3.89067287e-01
4.2580e+02   3.88189859e-01
4.2590e+02   3.87316026e-01
4.2600e+02   3.86445144e-01
4.2610e+02   3.85577851e-01
4.2620e+02   3.84713803e-01
4.2630e+02   3.83853078e-01
4.2640e+02   3.82995999e-01
4.2650e+02   3.82142035e-01
4.2660e+02   3.81291891e-01
4.2670e+02   3.80444971e-01
4.2680e+02   3.79601704e-01
4.2690e+02   3.78762032e-01
4.2700e+02   3.77925715e-01
4.2710e+02   3.77093313e-01
4.2720e+02   3.76264172e-01
4.2730e+02   3.75438947e-01
4.2740e+02   3.74617226e-01
4.2750e+02   3.73799141e-01
4.2760e+02   3.72984940e-01
4.2770e+02   3.72174124e-01
4.2780e+02   3.71367374e-01
4.2790e+02   3.70564061e-01
4.2800e+02   3.69764655e-01
4.2810e+02   3.68969020e-01
4.2820e+02   3.68176973e-01
4.2830e+02   3.67389017e-01
4.2840e+02   3.66604506e-01
4.2850e+02   3.65824104e-01
4.2860e+02   3.65047344e-01
4.2870e+02   3.64274417e-01
4.2880e+02   3.63505497e-01
4.2890e+02   3.62740127e-01
4.2900e+02   3.61978964e-01
4.2910e+02   3.61221358e-01
4.2920e+02   3.60467819e-01
4.2930e+02   3.59718143e-01
4.2940e+02   3.58972207e-01
4.2950e+02   3.58230461e-01
4.2960e+02   3.57492276e-01
4.2970e+02   3.56758328e-01
4.2980e+02   3.56028102e-01
4.2990e+02   3.55301849e-01
4.3000e+02   3.54579675e-01
4.3010e+02   3.53861175e-01
4.3020e+02   3.53146979e-01
4.3030e+02   3.52436424e-01
4.3040e+02   3.51730063e-01
4.3050e+02   3.51027627e-01
4.3060e+02   3.50329060e-01
4.3070e+02   3.49634758e-01
4.3080e+02   3.48944119e-01
4.3090e+02   3.48257823e-01
4.3100e+02   3.47575317e-01
4.3110e+02   3.46896913e-01
4.3120e+02   3.46222651e-01
4.3130e+02   3.45552178e-01
4.3140e+02   3.44886097e-01
4.3150e+02   3.44223741e-01
4.3160e+02   3.43565696e-01
4.3170e+02   3.42911636e-01
4.3180e+02   3.42261571e-01
4.3190e+02   3.41615836e-01
4.3200e+02   3.40973864e-01
4.3210e+02   3.40336333e-01
4.3220e+02   3.39702654e-01
4.3230e+02   3.39073197e-01
4.3240e+02   3.38447930e-01
4.3250e+02   3.37826560e-01
4.3260e+02   3.37209649e-01
4.3270e+02   3.36596531e-01
4.3280e+02   3.35987819e-01
4.3290e+02   3.35383128e-01
4.3300e+02   3.34782529e-01
4.3310e+02   3.34186293e-01
4.3320e+02   3.33593887e-01
4.3330e+02   3.33005976e-01
4.3340e+02   3.32421939e-01
4.3350e+02   3.31842193e-01
4.3360e+02   3.31266633e-01
4.3370e+02   3.30695021e-01
4.3380e+02   3.30127870e-01
4.3390e+02   3.29564516e-01
4.3400e+02   3.29005587e-01
4.3410e+02   3.28450638e-01
4.3420e+02   3.27899797e-01
4.3430e+02   3.27353262e-01
4.3440e+02   3.26810533e-01
4.3450e+02   3.26272252e-01
4.3460e+02   3.25737766e-01
4.3470e+02   3.25207530e-01
4.3480e+02   3.24681364e-01
4.3490e+02   3.24159079e-01
4.3500e+02   3.23641131e-01
4.3510e+02   3.23126861e-01
4.3520e+02   3.22616899e-01
4.3530e+02   3.22110742e-01
4.3540e+02   3.21608568e-01
4.3550e+02   3.21110497e-01
4.3560e+02   3.20616064e-01
4.3570e+02   3.20125876e-01
4.3580e+02   3.19639253e-01
4.3590e+02   3.19156679e-01
4.3600e+02   3.18677898e-01
4.3610e+02   3.18202771e-01
4.3620e+02   3.17731689e-01
4.3630e+02   3.17264002e-01
4.3640e+02   3.16800337e-01
4.3650e+02   3.16340133e-01
4.3660e+02   3.15883618e-01
4.3670e+02   3.15430830e-01
4.3680e+02   3.14981344e-01
4.3690e+02   3.14535727e-01
4.3700e+02   3.14093280e-01
4.3710e+02   3.13654510e-01
4.3720e+02   3.13219087e-01
4.3730e+02   3.12786929e-01
4.3740e+02   3.12358357e-01
4.3750e+02   3.11932740e-01
4.3760e+02   3.11510696e-01
4.3770e+02   3.11091619e-01
4.3780e+02   3.10675781e-01
4.3790e+02   3.10263148e-01
4.3800e+02   3.09853339e-01
4.3810e+02   3.09446881e-01
4.3820e+02   3.09043063e-01
4.3830e+02   3.08642421e-01
4.3840e+02   3.08244558e-01
4.3850e+02   3.07849451e-01
4.3860e+02   3.07457358e-01
4.3870e+02   3.07067674e-01
4.3880e+02   3.06681013e-01
4.3890e+02   3.06296731e-01
4.3900e+02   3.05915154e-01
4.3910e+02   3.05536177e-01
4.3920e+02   3.05159476e-01
4.3930e+02   3.04785538e-01
4.3940e+02   3.04413659e-01
4.3950e+02   3.04044399e-01
4.3960e+02   3.03677309e-01
4.3970e+02   3.03312432e-01
4.3980e+02   3.02949965e-01
4.3990e+02   3.02589348e-01
4.4000e+02   3.02231186e-01
4.4010e+02   3.01874816e-01
4.4020e+02   3.01520617e-01
4.4030e+02   3.01168424e-01
4.4040e+02   3.00817981e-01
4.4050e+02   3.00469738e-01
4.4060e+02   3.00123009e-01
4.4070e+02   2.99778380e-01
4.4080e+02   2.99435362e-01
4.4090e+02   2.99094070e-01
4.4100e+02   2.98754647e-01
4.4110e+02   2.98416584e-01
4.4120e+02   2.98080482e-01
4.4130e+02   2.97745668e-01
4.4140e+02   2.97412579e-01
4.4150e+02   2.97080995e-01
4.4160e+02   2.96750736e-01
4.4170e+02   2.96422213e-01
4.4180e+02   2.96094771e-01
4.4190e+02   2.95769022e-01
4.4200e+02   2.95444445e-01
4.4210e+02   2.95121228e-01
4.4220e+02   2.94799460e-01
4.4230e+02   2.94478697e-01
4.4240e+02   2.94159526e-01
4.4250e+02   2.93841277e-01
4.4260e+02   2.93524440e-01
4.4270e+02   2.93208746e-01
4.4280e+02   2.92894091e-01
4.4290e+02   2.92580848e-01
4.4300e+02   2.92268396e-01
4.4310e+02   2.91957370e-01
4.4320e+02   2.91647218e-01
4.4330e+02   2.91338201e-01
4.4340e+02   2.91030355e-01
4.4350e+02   2.90723297e-01
4.4360e+02   2.90417601e-01
4.4370e+02   2.90112598e-01
4.4380e+02   2.89808828e-01
4.4390e+02   2.89505972e-01
4.4400e+02   2.89204000e-01
4.4410e+02   2.88903239e-01
4.4420e+02   2.88603109e-01
4.4430e+02   2.88304253e-01
4.4440e+02   2.88006095e-01
4.4450e+02   2.87708959e-01
4.4460e+02   2.87412823e-01
4.4470e+02   2.87117369e-01
4.4480e+02   2.86823143e-01
4.4490e+02   2.86529483e-01
4.4500e+02   2.86236965e-01
4.4510e+02   2.85945221e-01
4.4520e+02   2.85654290e-01
4.4530e+02   2.85364446e-01
4.4540e+02   2.85075149e-01
4.4550e+02   2.84787039e-01
4.4560e+02   2.84499517e-01
4.4570e+02   2.84212963e-01
4.4580e+02   2.83927292e-01
4.4590e+02   2.83642246e-01
4.4600e+02   2.83358336e-01
4.4610e+02   2.83074908e-01
4.4620e+02   2.82792565e-01
4.4630e+02   2.82510888e-01
4.4640e+02   2.82229981e-01
4.4650e+02   2.81950056e-01
4.4660e+02   2.81670615e-01
4.4670e+02   2.81392289e-01
4.4680e+02   2.81114453e-01
4.4690e+02   2.80837536e-01
4.4700e+02   2.80561391e-01
4.4710e+02   2.80285820e-01
4.4720e+02   2.80011287e-01
4.4730e+02   2.79737155e-01
4.4740e+02   2.79464041e-01
4.4750e+02   2.79191479e-01
4.4760e+02   2.78919635e-01
4.4770e+02   2.78648659e-01
4.4780e+02   2.78378095e-01
4.4790e+02   2.78108556e-01
4.4800e+02   2.77839402e-01
4.4810e+02   2.77571104e-01
4.4820e+02   2.77303453e-01
4.4830e+02   2.77036314e-01
4.4840e+02   2.76770101e-01
4.4850e+02   2.76504198e-01
4.4860e+02   2.76239235e-01
4.4870e+02   2.75974704e-01
4.4880e+02   2.75710830e-01
4.4890e+02   2.75447701e-01
4.4900e+02   2.75184911e-01
4.4910e+02   2.74923053e-01
4.4920e+02   2.74661476e-01
4.4930e+02   2.74400694e-01
4.4940e+02   2.74140439e-01
4.4950e+02   2.73880641e-01
4.4960e+02   2.73621667e-01
4.4970e+02   2.73362927e-01
4.4980e+02   2.73105061e-01
4.4990e+02   2.72847527e-01
4.5000e+02   2.72590612e-01
4.5010e+02   2.72334341e-01
4.5020e+02   2.72078368e-01
4.5030e+02   2.71823258e-01
4.5040e+02   2.71568363e-01
4.5050e+02   2.71314234e-01
4.5060e+02   2.71060551e-01
4.5070e+02   2.70807313e-01
4.5080e+02   2.70554836e-01
4.5090e+02   2.70302568e-01
4.5100e+02   2.70051151e-01
4.5110e+02   2.69800017e-01
4.5120e+02   2.69549513e-01
4.5130e+02   2.69299605e-01
4.5140e+02   2.69050009e-01
4.5150e+02   2.68801259e-01
4.5160e+02   2.68552715e-01
4.5170e+02   2.68304962e-01
4.5180e+02   2.68057630e-01
4.5190e+02   2.67810789e-01
4.5200e+02   2.67564698e-01
4.5210e+02   2.67318846e-01
4.5220e+02   2.67073875e-01
4.5230e+02   2.66829192e-01
4.5240e+02   2.66585200e-01
4.5250e+02   2.66341804e-01
4.5260e+02   2.66098781e-01
4.5270e+02   2.65856628e-01
4.5280e+02   2.65614716e-01
4.5290e+02   2.65373656e-01
4.5300e+02   2.65133028e-01
4.5310e+02   2.64892965e-01
4.5320e+02   2.64653667e-01
4.5330e+02   2.64414665e-01
4.5340e+02   2.64176585e-01
4.5350e+02   2.63938817e-01
4.5360e+02   2.63701806e-01
4.5370e+02   2.63465393e-01
4.5380e+02   2.63229414e-01
4.5390e+02   2.62994318e-01
4.5400e+02   2.62759489e-01
4.5410e+02   2.62525549e-01
4.5420e+02   2.62292029e-01
4.5430e+02   2.62059117e-01
4.5440e+02   2.61826946e-01
4.5450e+02   2.61595088e-01
4.5460e+02   2.61364142e-01
4.5470e+02   2.61133476e-01
4.5480e+02   2.60903571e-01
4.5490e+02   2.60674199e-01
4.5500e+02   2.60445250e-01
4.5510e+02   2.60217115e-01
4.5520e+02   2.59989190e-01
4.5530e+02   2.59762098e-01
4.5540e+02   2.59535319e-01
4.5550e+02   2.59309092e-01
4.5560e+02   2.59083473e-01
4.5570e+02   2.58858074e-01
4.5580e+02   2.58633458e-01
4.5590e+02   2.58408975e-01
4.5600e+02   2.58185130e-01
4.5610e+02   2.57961626e-01
4.5620e+02   2.57738404e-01
4.5630e+02   2.57515791e-01
4.5640e+02   2.57293198e-01
4.5650e+02   2.57071240e-01
4.5660e+02   2.56849350e-01
4.5670e+02   2.56627810e-01
4.5680e+02   2.56406602e-01
4.5690e+02   2.56185380e-01
4.5700e+02   2.55964665e-01
4.5710e+02   2.55743793e-01
4.5720e+02   2.55523291e-01
4.5730e+02   2.55302797e-01
4.5740e+02   2.55082303e-01
4.5750e+02   2.54862071e-01
4.5760e+02   2.54641535e-01
4.5770e+02   2.54421298e-01
4.5780e+02   2.54200756e-01
4.5790e+02   2.53980234e-01
4.5800e+02   2.53759645e-01
4.5810e+02   2.53538690e-01
4.5820e+02   2.53317848e-01
4.5830e+02   2.53096454e-01
4.5840e+02   2.52875057e-01
4.5850e+02   2.52653238e-01
4.5860e+02   2.52431047e-01
4.5870e+02   2.52208684e-01
4.5880e+02   2.51985621e-01
4.5890e+02   2.51762447e-01
4.5900e+02   2.51538535e-01
4.5910e+02   2.51314260e-01
4.5920e+02   2.51089470e-01
4.5930e+02   2.50863927e-01
4.5940e+02   2.50638073e-01
4.5950e+02   2.50411257e-01
4.5960e+02   2.50184050e-01
4.5970e+02   2.49955991e-01
4.5980e+02   2.49727198e-01
4.5990e+02   2.49497816e-01
4.6000e+02   2.49267366e-01
4.6010e+02   2.49036431e-01
4.6020e+02   2.48804376e-01
4.6030e+02   2.48571628e-01
4.6040e+02   2.48337987e-01
4.6050e+02   2.48103285e-01
4.6060e+02   2.47867932e-01
4.6070e+02   2.47631305e-01
4.6080e+02   2.47394006e-01
4.6090e+02   2.47155543e-01
4.6100e+02   2.46916109e-01
4.6110e+02   2.46675803e-01
4.6120e+02   2.46434211e-01
4.6130e+02   2.46191912e-01
4.6140e+02   2.45948276e-01
4.6150e+02   2.45703789e-01
4.6160e+02   2.45458211e-01
4.6170e+02   2.45211456e-01
4.6180e+02   2.44963904e-01
4.6190e+02   2.44714977e-01
4.6200e+02   2.44465305e-01
4.6210e+02   2.44214381e-01
4.6220e+02   2.43962476e-01
4.6230e+02   2.43709650e-01
4.6240e+02   2.43455562e-01
4.6250e+02   2.43200787e-01
4.6260e+02   2.42944713e-01
4.6270e+02   2.42687885e-01
4.6280e+02   2.42430030e-01
4.6290e+02   2.42171151e-01
4.6300e+02   2.41911594e-01
4.6310e+02   2.41650838e-01
4.6320e+02   2.41389537e-01
4.6330e+02   2.41127176e-01
4.6340e+02   2.40864104e-01
4.6350e+02   2.40600343e-01
4.6360e+02   2.40335628e-01
4.6370e+02   2.40070527e-01
4.6380e+02   2.39804452e-01
4.6390e+02   2.39538000e-01
4.6400e+02   2.39270867e-01
4.6410e+02   2.39003140e-01
4.6420e+02   2.38735133e-01
4.6430e+02   2.38466379e-01
4.6440e+02   2.38197548e-01
4.6450e+02   2.37928117e-01
4.6460e+02   2.37658508e-01
4.6470e+02   2.37388698e-01
4.6480e+02   2.37118496e-01
4.6490e+02   2.36848450e-01
4.6500e+02   2.36577997e-01
4.6510e+02   2.36307772e-01
4.6520e+02   2.36037438e-01
4.6530e+02   2.35767155e-01
4.6540e+02   2.35497192e-01
4.6550e+02   2.35227132e-01
4.6560e+02   2.34957646e-01
4.6570e+02   2.34688199e-01
4.6580e+02   2.34419268e-01
4.6590e+02   2.34150773e-01
4.6600e+02   2.33882592e-01
4.6610e+02   2.33615233e-01
4.6620e+02   2.33348149e-01
4.6630e+02   2.33081997e-01
4.6640e+02   2.32816393e-01
4.6650e+02   2.32551557e-01
4.6660e+02   2.32287695e-01
4.6670e+02   2.32024432e-01
4.6680e+02   2.31762415e-01
4.6690e+02   2.31501088e-01
4.6700e+02   2.31240961e-01
4.6710e+02   2.30981888e-01
4.6720e+02   2.30723793e-01
4.6730e+02   2.30467129e-01
4.6740e+02   2.30211352e-01
4.6750e+02   2.29957116e-01
4.6760e+02   2.29703979e-01
4.6770e+02   2.29452203e-01
4.6780e+02   2.29201913e-01
4.6790e+02   2.28952759e-01
4.6800e+02   2.28705345e-01
4.6810e+02   2.28459082e-01
4.6820e+02   2.28214494e-01
4.6830e+02   2.27971350e-01
4.6840e+02   2.27729610e-01
4.6850e+02   2.27489647e-01
4.6860e+02   2.27250914e-01
4.6870e+02   2.27014041e-01
4.6880e+02   2.26778518e-01
4.6890e+02   2.26544631e-01
4.6900e+02   2.26312410e-01
4.6910e+02   2.26081523e-01
4.6920e+02   2.25852512e-01
4.6930e+02   2.25624748e-01
4.6940e+02   2.25398755e-01
4.6950e+02   2.25174210e-01
4.6960e+02   2.24951099e-01
4.6970e+02   2.24729705e-01
4.6980e+02   2.24509474e-01
4.6990e+02   2.24291000e-01
4.7000e+02   2.24073705e-01
4.7010e+02   2.23857892e-01
4.7020e+02   2.23643492e-01
4.7030e+02   2.23430191e-01
4.7040e+02   2.23218461e-01
4.7050e+02   2.23007643e-01
4.7060e+02   2.22798251e-01
4.7070e+02   2.22589879e-01
4.7080e+02   2.22382539e-01
4.7090e+02   2.22176426e-01
4.7100e+02   2.21970991e-01
4.7110e+02   2.21766788e-01
4.7120e+02   2.21563189e-01
4.7130e+02   2.21360513e-01
4.7140e+02   2.21158606e-01
4.7150e+02   2.20957183e-01
4.7160e+02   2.20756656e-01
4.7170e+02   2.20556350e-01
4.7180e+02   2.20356779e-01
4.7190e+02   2.20157471e-01
4.7200e+02   2.19958480e-01
4.7210e+02   2.19759926e-01
4.7220e+02   2.19561286e-01
4.7230e+02   2.19363089e-01
4.7240e+02   2.19164674e-01
4.7250e+02   2.18966400e-01
4.7260e+02   2.18768042e-01
4.7270e+02   2.18569372e-01
4.7280e+02   2.18370751e-01
4.7290e+02   2.18171521e-01
4.7300e+02   2.17972211e-01
4.7310e+02   2.17772308e-01
4.7320e+02   2.17571928e-01
4.7330e+02   2.17371137e-01
4.7340e+02   2.17169466e-01
4.7350e+02   2.16967434e-01
4.7360e+02   2.16764379e-01
4.7370e+02   2.16560712e-01
4.7380e+02   2.16356166e-01
4.7390e+02   2.16150590e-01
4.7400e+02   2.15944315e-01
4.7410e+02   2.15736724e-01
4.7420e+02   2.15528377e-01
4.7430e+02   2.15318745e-01
4.7440e+02   2.15108025e-01
4.7450e+02   2.14896247e-01
4.7460e+02   2.14683017e-01
4.7470e+02   2.14468856e-01
4.7480e+02   2.14253127e-01
4.7490e+02   2.14036303e-01
4.7500e+02   2.13818093e-01
4.7510e+02   2.13598436e-01
4.7520e+02   2.13377648e-01
4.7530e+02   2.13155168e-01
4.7540e+02   2.12931594e-01
4.7550e+02   2.12706396e-01
4.7560e+02   2.12479859e-01
4.7570e+02   2.12251987e-01
4.7580e+02   2.12022469e-01
4.7590e+02   2.11791835e-01
4.7600e+02   2.11559477e-01
4.7610e+02   2.11325934e-01
4.7620e+02   2.11090898e-01
4.7630e+02   2.10854399e-01
4.7640e+02   2.10616734e-01
4.7650e+02   2.10377408e-01
4.7660e+02   2.10137047e-01
4.7670e+02   2.09895124e-01
4.7680e+02   2.09652007e-01
4.7690e+02   2.09407670e-01
4.7700e+02   2.09161884e-01
4.7710e+02   2.08915174e-01
4.7720e+02   2.08666965e-01
4.7730e+02   2.08417848e-01
4.7740e+02   2.08167490e-01
4.7750e+02   2.07916009e-01
4.7760e+02   2.07663667e-01
4.7770e+02   2.07410028e-01
4.7780e+02   2.07155733e-01
4.7790e+02   2.06900252e-01
4.7800e+02   2.06644019e-01
4.7810e+02   2.06386966e-01
4.7820e+02   2.06128938e-01
4.7830e+02   2.05870435e-01
4.7840e+02   2.05610909e-01
4.7850e+02   2.05350983e-01
4.7860e+02   2.05090290e-01
4.7870e+02   2.04829017e-01
4.7880e+02   2.04567379e-01
4.7890e+02   2.04304990e-01
4.7900e+02   2.04042482e-01
4.7910e+02   2.03779315e-01
4.7920e+02   2.03515971e-01
4.7930e+02   2.03252327e-01
4.7940e+02   2.02988289e-01
4.7950e+02   2.02724315e-01
4.7960e+02   2.02459873e-01
4.7970e+02   2.02195602e-01
4.7980e+02   2.01931090e-01
4.7990e+02   2.01666581e-01
4.8000e+02   2.01402226e-01
4.8010e+02   2.01137680e-01
4.8020e+02   2.00873550e-01
4.8030e+02   2.00609281e-01
4.8040e+02   2.00345386e-01
4.8050e+02   2.00081677e-01
4.8060e+02   1.99818113e-01
4.8070e+02   1.99555095e-01
4.8080e+02   1.99292106e-01
4.8090e+02   1.99029781e-01
4.8100e+02   1.98767663e-01
4.8110e+02   1.98506040e-01
4.8120e+02   1.98244991e-01
4.8130e+02   1.97984208e-01
4.8140e+02   1.97724263e-01
4.8150e+02   1.97464581e-01
4.8160e+02   1.97205696e-01
4.8170e+02   1.96947354e-01
4.8180e+02   1.96689561e-01
4.8190e+02   1.96432654e-01
4.8200e+02   1.96176129e-01
4.8210e+02   1.95920609e-01
4.8220e+02   1.95665593e-01
4.8230e+02   1.95411405e-01
4.8240e+02   1.95158051e-01
4.8250e+02   1.94905261e-01
4.8260e+02   1.94653561e-01
4.8270e+02   1.94402362e-01
4.8280e+02   1.94152214e-01
4.8290e+02   1.93902796e-01
4.8300e+02   1.93654159e-01
4.8310e+02   1.93406573e-01
4.8320e+02   1.93159551e-01
4.8330e+02   1.92913699e-01
4.8340e+02   1.92668474e-01
4.8350e+02   1.92424235e-01
4.8360e+02   1.92180916e-01
4.8370e+02   1.91938284e-01
4.8380e+02   1.91696817e-01
4.8390e+02   1.91455919e-01
4.8400e+02   1.91216148e-01
4.8410e+02   1.90977122e-01
4.8420e+02   1.90738938e-01
4.8430e+02   1.90501795e-01
4.8440e+02   1.90265231e-01
4.8450e+02   1.90029828e-01
4.8460e+02   1.89795008e-01
4.8470e+02   1.89561163e-01
4.8480e+02   1.89328154e-01
4.8490e+02   1.89095793e-01
4.8500e+02   1.88864502e-01
4.8510e+02   1.88633686e-01
4.8520e+02   1.88403908e-01
4.8530e+02   1.88174730e-01
4.8540e+02   1.87946292e-01
4.8550e+02   1.87718723e-01
4.8560e+02   1.87491591e-01
4.8570e+02   1.87265450e-01
4.8580e+02   1.87039694e-01
4.8590e+02   1.86814744e-01
4.8600e+02   1.86590391e-01
4.8610e+02   1.86366492e-01
4.8620e+02   1.86143414e-01
4.8630e+02   1.85920569e-01
4.8640e+02   1.85698517e-01
4.8650e+02   1.85476769e-01
4.8660e+02   1.85255512e-01
4.8670e+02   1.85034803e-01
4.8680e+02   1.84814243e-01
4.8690e+02   1.84594354e-01
4.8700e+02   1.84374509e-01
4.8710e+02   1.84155156e-01
4.8720e+02   1.83936016e-01
4.8730e+02   1.83716997e-01
4.8740e+02   1.83498407e-01
4.8750e+02   1.83279668e-01
4.8760e+02   1.83061339e-01
4.8770e+02   1.82842884e-01
4.8780e+02   1.82624533e-01
4.8790e+02   1.82406274e-01
4.8800e+02   1.82187748e-01
4.8810e+02   1.81969439e-01
4.8820e+02   1.81750708e-01
4.8830e+02   1.81532025e-01
4.8840e+02   1.81313051e-01
4.8850e+02   1.81093744e-01
4.8860e+02   1.80874350e-01
4.8870e+02   1.80654316e-01
4.8880e+02   1.80434190e-01
4.8890e+02   1.80213401e-01
4.8900e+02   1.79992221e-01
4.8910e+02   1.79770574e-01
4.8920e+02   1.79548146e-01
4.8930e+02   1.79325382e-01
4.8940e+02   1.79101643e-01
4.8950e+02   1.78877419e-01
4.8960e+02   1.78652318e-01
4.8970e+02   1.78426352e-01
4.8980e+02   1.78199711e-01
4.8990e+02   1.77971873e-01
4.9000e+02   1.77743378e-01
4.9010e+02   1.77513629e-01
4.9020e+02   1.77282946e-01
4.9030e+02   1.77051192e-01
4.9040e+02   1.76818108e-01
4.9050e+02   1.76584105e-01
4.9060e+02   1.76348553e-01
4.9070e+02   1.76111965e-01
4.9080e+02   1.75873908e-01
4.9090e+02   1.75634456e-01
4.9100e+02   1.75393747e-01
4.9110e+02   1.75151304e-01
4.9120e+02   1.74907659e-01
4.9130e+02   1.74662206e-01
4.9140e+02   1.74415314e-01
4.9150e+02   1.74166798e-01
4.9160e+02   1.73916465e-01
4.9170e+02   1.73664695e-01
4.9180e+02   1.73410883e-01
4.9190e+02   1.73155569e-01
4.9200e+02   1.72898290e-01
4.9210e+02   1.72639191e-01
4.9220e+02   1.72378366e-01
4.9230e+02   1.72115395e-01
4.9240e+02   1.71850809e-01
4.9250e+02   1.71584004e-01
4.9260e+02   1.71315406e-01
4.9270e+02   1.71044792e-01
4.9280e+02   1.70772045e-01
4.9290e+02   1.70497517e-01
4.9300e+02   1.70220645e-01
4.9310e+02   1.69941998e-01
4.9320e+02   1.69661097e-01
4.9330e+02   1.69378163e-01
4.9340e+02   1.69093253e-01
4.9350e+02   1.68806016e-01
4.9360e+02   1.68516985e-01
4.9370e+02   1.68225572e-01
4.9380e+02   1.67932262e-01
4.9390e+02   1.67636801e-01
4.9400e+02   1.67339158e-01
4.9410e+02   1.67039662e-01
4.9420e+02   1.66737801e-01
4.9430e+02   1.66434174e-01
4.9440e+02   1.66128297e-01
4.9450e+02   1.65820469e-01
4.9460e+02   1.65510719e-01
4.9470e+02   1.65198772e-01
4.9480e+02   1.64885161e-01
4.9490e+02   1.64569325e-01
4.9500e+02   1.64251810e-01
4.9510e+02   1.63932340e-01
4.9520e+02   1.63610971e-01
4.9530e+02   1.63288013e-01
4.9540e+02   1.62963013e-01
4.9550e+02   1.62636600e-01
4.9560e+02   1.62308293e-01
4.9570e+02   1.61978474e-01
4.9580e+02   1.61647144e-01
4.9590e+02   1.61314112e-01
4.9600e+02   1.60979913e-01
4.9610e+02   1.60644023e-01
4.9620e+02   1.60307046e-01
4.9630e+02   1.59968692e-01
4.9640e+02   1.59629112e-01
4.9650e+02   1.59288595e-01
4.9660e+02   1.58946760e-01
4.9670e+02   1.58604266e-01
4.9680e+02   1.58260647e-01
4.9690e+02   1.57916365e-01
4.9700e+02   1.57571404e-01
4.9710e+02   1.57225667e-01
4.9720e+02   1.56879689e-01
4.9730e+02   1.56532999e-01
4.9740e+02   1.56186258e-01
4.9750e+02   1.55839178e-01
4.9760e+02   1.55492006e-01
4.9770e+02   1.55145020e-01
4.9780e+02   1.54797922e-01
4.9790e+02   1.54451403e-01
4.9800e+02   1.54105024e-01
4.9810e+02   1.53759337e-01
4.9820e+02   1.53414314e-01
4.9830e+02   1.53069965e-01
4.9840e+02   1.52726828e-01
4.9850e+02   1.52384497e-01
4.9860e+02   1.52043699e-01
4.9870e+02   1.51704150e-01
4.9880e+02   1.51366207e-01
4.9890e+02   1.51030138e-01
4.9900e+02   1.50695741e-01
4.9910e+02   1.50363734e-01
4.9920e+02   1.50033722e-01
4.9930e+02   1.49706342e-01
4.9940e+02   1.49381561e-01
4.9950e+02   1.49059493e-01
4.9960e+02   1.48740680e-01
4.9970e+02   1.48424785e-01
4.9980e+02   1.48112586e-01
4.9990e+02   1.47803810e-01
5.0000e+02   1.47498907e-01
5.0010e+02   1.47198129e-01
5.0020e+02   1.46901358e-01
5.0030e+02   1.46609325e-01
5.0040e+02   1.46321660e-01
5.0050e+02   1.46039063e-01
5.0060e+02   1.45761473e-01
5.0070e+02   1.45489085e-01
5.0080e+02   1.45222409e-01
5.0090e+02   1.44961148e-01
5.0100e+02   1.44706088e-01
5.0110e+02   1.44456930e-01
5.0120e+02   1.44214169e-01
5.0130e+02   1.43977991e-01
5.0140e+02   1.43748312e-01
5.0150e+02   1.43525810e-01
5.0160e+02   1.43310085e-01
5.0170e+02   1.43101827e-01
5.0180e+02   1.42900882e-01
5.0190e+02   1.42707446e-01
5.0200e+02   1.42521917e-01
5.0210e+02   1.42343956e-01
5.0220e+02   1.42174266e-01
5.0230e+02   1.42012431e-01
5.0240e+02   1.41858896e-01
5.0250e+02   1.41713678e-01
5.0260e+02   1.41576626e-01
5.0270e+02   1.41448254e-01
5.0280e+02   1.41328030e-01
5.0290e+02   1.41216515e-01
5.0300e+02   1.41113350e-01
5.0310e+02   1.41018617e-01
5.0320e+02   1.40932480e-01
5.0330e+02   1.40854447e-01
5.0340e+02   1.40785010e-01
5.0350e+02   1.40723527e-01
5.0360e+02   1.40670266e-01
5.0370e+02   1.40624963e-01
5.0380e+02   1.40587287e-01
5.0390e+02   1.40557471e-01
5.0400e+02   1.40534746e-01
5.0410e+02   1.40519435e-01
5.0420e+02   1.40510877e-01
5.0430e+02   1.40508944e-01
5.0440e+02   1.40513474e-01
5.0450e+02   1.40523743e-01
5.0460e+02   1.40539955e-01
5.0470e+02   1.40561175e-01
5.0480e+02   1.40587437e-01
5.0490e+02   1.40618146e-01
5.0500e+02   1.40652752e-01
5.0510e+02   1.40691178e-01
5.0520e+02   1.40732405e-01
5.0530e+02   1.40776510e-01
5.0540e+02   1.40822537e-01
5.0550e+02   1.40870169e-01
5.0560e+02   1.40918952e-01
5.0570e+02   1.40967978e-01
5.0580e+02   1.41017216e-01
5.0590e+02   1.41065523e-01
5.0600e+02   1.41112778e-01
5.0610e+02   1.41158161e-01
5.0620e+02   1.41201023e-01
5.0630e+02   1.41241100e-01
5.0640e+02   1.41277276e-01
5.0650e+02   1.41309530e-01
5.0660e+02   1.41336791e-01
5.0670e+02   1.41358732e-01
5.0680e+02   1.41374800e-01
5.0690e+02   1.41384119e-01
5.0700e+02   1.41386633e-01
5.0710e+02   1.41381224e-01
5.0720e+02   1.41367852e-01
5.0730e+02   1.41345719e-01
5.0740e+02   1.41314331e-01
5.0750e+02   1.41273494e-01
5.0760e+02   1.41222265e-01
5.0770e+02   1.41160788e-01
5.0780e+02   1.41088155e-01
5.0790e+02   1.41004299e-01
5.0800e+02   1.40908844e-01
5.0810e+02   1.40801216e-01
5.0820e+02   1.40681607e-01
5.0830e+02   1.40549193e-01
5.0840e+02   1.40404272e-01
5.0850e+02   1.40246328e-01
5.0860e+02   1.40075269e-01
5.0870e+02   1.39891208e-01
5.0880e+02   1.39693609e-01
5.0890e+02   1.39482995e-01
5.0900e+02   1.39258829e-01
5.0910e+02   1.39021494e-01
5.0920e+02   1.38770967e-01
5.0930e+02   1.38507145e-01
5.0940e+02   1.38230602e-01
5.0950e+02   1.37940946e-01
5.0960e+02   1.37638917e-01
5.0970e+02   1.37324377e-01
5.0980e+02   1.36997705e-01
5.0990e+02   1.36659377e-01
5.1000e+02   1.36309299e-01
5.1010e+02   1.35948380e-01
5.1020e+02   1.35576457e-01
5.1030e+02   1.35194330e-01
5.1040e+02   1.34802286e-01
5.1050e+02   1.34400629e-01
5.1060e+02   1.33990229e-01
5.1070e+02   1.33571026e-01
5.1080e+02   1.33144078e-01
5.1090e+02   1.32709489e-01
5.1100e+02   1.32267958e-01
5.1110e+02   1.31820146e-01
5.1120e+02   1.31366223e-01
5.1130e+02   1.30907282e-01
5.1140e+02   1.30443325e-01
5.1150e+02   1.29975346e-01
5.1160e+02   1.29503710e-01
5.1170e+02   1.29028886e-01
5.1180e+02   1.28551787e-01
5.1190e+02   1.28072437e-01
5.1200e+02   1.27591943e-01
5.1210e+02   1.27110391e-01
5.1220e+02   1.26628530e-01
5.1230e+02   1.26146939e-01
5.1240e+02   1.25665787e-01
5.1250e+02   1.25186079e-01
5.1260e+02   1.24707723e-01
5.1270e+02   1.24231641e-01
5.1280e+02   1.23758026e-01
5.1290e+02   1.23287263e-01
5.1300e+02   1.22820063e-01
5.1310e+02   1.22356305e-01
5.1320e+02   1.21896916e-01
5.1330e+02   1.21441756e-01
5.1340e+02   1.20991416e-01
5.1350e+02   1.20546202e-01
5.1360e+02   1.20106105e-01
5.1370e+02   1.19671868e-01
5.1380e+02   1.19243159e-01
5.1390e+02   1.18820682e-01
5.1400e+02   1.18404333e-01
5.1410e+02   1.17994298e-01
5.1420e+02   1.17590986e-01
5.1430e+02   1.17194050e-01
5.1440e+02   1.16804160e-01
5.1450e+02   1.16420895e-01
5.1460e+02   1.16044643e-01
5.1470e+02   1.15675405e-01
5.1480e+02   1.15312978e-01
5.1490e+02   1.14957835e-01
5.1500e+02   1.14609413e-01
5.1510e+02   1.14268214e-01
5.1520e+02   1.13933866e-01
5.1530e+02   1.13606400e-01
5.1540e+02   1.13285966e-01
5.1550e+02   1.12972056e-01
5.1560e+02   1.12665143e-01
5.1570e+02   1.12364607e-01
5.1580e+02   1.12070712e-01
5.1590e+02   1.11783242e-01
5.1600e+02   1.11501897e-01
5.1610e+02   1.11226975e-01
5.1620e+02   1.10957791e-01
5.1630e+02   1.10694747e-01
5.1640e+02   1.10437317e-01
5.1650e+02   1.10185487e-01
5.1660e+02   1.09939262e-01
5.1670e+02   1.09698090e-01
5.1680e+02   1.09462360e-01
5.1690e+02   1.09231372e-01
5.1700e+02   1.09005375e-01
5.1710e+02   1.08784052e-01
5.1720e+02   1.08567120e-01
5.1730e+02   1.08354804e-01
5.1740e+02   1.08146415e-01
5.1750e+02   1.07942349e-01
5.1760e+02   1.07742032e-01
5.1770e+02   1.07545501e-01
5.1780e+02   1.07352710e-01
5.1790e+02   1.07163154e-01
5.1800e+02   1.06977218e-01
5.1810e+02   1.06794211e-01
5.1820e+02   1.06614438e-01
5.1830e+02   1.06437558e-01
5.1840e+02   1.06263370e-01
5.1850e+02   1.06092089e-01
5.1860e+02   1.05923083e-01
5.1870e+02   1.05756792e-01
5.1880e+02   1.05592651e-01
5.1890e+02   1.05430789e-01
5.1900e+02   1.05271146e-01
5.1910e+02   1.05113310e-01
5.1920e+02   1.04957688e-01
5.1930e+02   1.04803630e-01
5.1940e+02   1.04651520e-01
5.1950e+02   1.04501013e-01
5.1960e+02   1.04352014e-01
5.1970e+02   1.04204736e-01
5.1980e+02   1.04058620e-01
5.1990e+02   1.03914157e-01
5.2000e+02   1.03770795e-01
5.2010e+02   1.03628759e-01
5.2020e+02   1.03487978e-01
5.2030e+02   1.03348132e-01
5.2040e+02   1.03209640e-01
5.2050e+02   1.03071896e-01
5.2060e+02   1.02935350e-01
5.2070e+02   1.02799650e-01
5.2080e+02   1.02664792e-01
5.2090e+02   1.02530978e-01
5.2100e+02   1.02397713e-01
5.2110e+02   1.02265518e-01
5.2120e+02   1.02133850e-01
5.2130e+02   1.02003010e-01
5.2140e+02   1.01872902e-01
5.2150e+02   1.01743284e-01
5.2160e+02   1.01614570e-01
5.2170e+02   1.01486185e-01
5.2180e+02   1.01358626e-01
5.2190e+02   1.01231518e-01
5.2200e+02   1.01104937e-01
5.2210e+02   1.00979052e-01
5.2220e+02   1.00853422e-01
5.2230e+02   1.00728579e-01
5.2240e+02   1.00603978e-01
5.2250e+02   1.00479977e-01
5.2260e+02   1.00356443e-01
5.2270e+02   1.00233198e-01
5.2280e+02   1.00110636e-01
5.2290e+02   9.99882052e-02
5.2300e+02   9.98664296e-02
5.2310e+02   9.97449071e-02
5.2320e+02   9.96237755e-02
5.2330e+02   9.95031615e-02
5.2340e+02   9.93826727e-02
5.2350e+02   9.92628330e-02
5.2360e+02   9.91430926e-02
5.2370e+02   9.90238554e-02
5.2380e+02   9.89049407e-02
5.2390e+02   9.87862330e-02
5.2400e+02   9.86680887e-02
5.2410e+02   9.85499793e-02
5.2420e+02   9.84324454e-02
5.2430e+02   9.83150528e-02
5.2440e+02   9.81979956e-02
5.2450e+02   9.80813500e-02
5.2460e+02   9.79647700e-02
5.2470e+02   9.78487629e-02
5.2480e+02   9.77327739e-02
5.2490e+02   9.76172439e-02
5.2500e+02   9.75019435e-02
5.2510e+02   9.73868148e-02
5.2520e+02   9.72721720e-02
5.2530e+02   9.71575110e-02
5.2540e+02   9.70433801e-02
5.2550e+02   9.69293147e-02
5.2560e+02   9.68155607e-02
5.2570e+02   9.67021409e-02
5.2580e+02   9.65887566e-02
5.2590e+02   9.64758916e-02
5.2600e+02   9.63629898e-02
5.2610e+02   9.62505226e-02
5.2620e+02   9.61382133e-02
5.2630e+02   9.60260601e-02
5.2640e+02   9.59143310e-02
5.2650e+02   9.58025499e-02
5.2660e+02   9.56912659e-02
5.2670e+02   9.55799883e-02
5.2680e+02   9.54690110e-02
5.2690e+02   9.53583025e-02
5.2700e+02   9.52476133e-02
5.2710e+02   9.51373986e-02
5.2720e+02   9.50271056e-02
5.2730e+02   9.49172311e-02
5.2740e+02   9.48074533e-02
5.2750e+02   9.46978259e-02
5.2760e+02   9.45885676e-02
5.2770e+02   9.44792348e-02
5.2780e+02   9.43703716e-02
5.2790e+02   9.42614657e-02
5.2800e+02   9.41528557e-02
5.2810e+02   9.40444558e-02
5.2820e+02   9.39360681e-02
5.2830e+02   9.38281142e-02
5.2840e+02   9.37200502e-02
5.2850e+02   9.36123929e-02
5.2860e+02   9.35047786e-02
5.2870e+02   9.33973156e-02
5.2880e+02   9.32901714e-02
5.2890e+02   9.31829386e-02
5.2900e+02   9.30761511e-02
5.2910e+02   9.29692799e-02
5.2920e+02   9.28627046e-02
5.2930e+02   9.27562863e-02
5.2940e+02   9.26498802e-02
5.2950e+02   9.25438704e-02
5.2960e+02   9.24377267e-02
5.2970e+02   9.23319809e-02
5.2980e+02   9.22262312e-02
5.2990e+02   9.21206389e-02
5.3000e+02   9.20153187e-02
5.3010e+02   9.19099037e-02
5.3020e+02   9.18049117e-02
5.3030e+02   9.16998026e-02
5.3040e+02   9.15949928e-02
5.3050e+02   9.14902922e-02
5.3060e+02   9.13856097e-02
5.3070e+02   9.12812884e-02
5.3080e+02   9.11768170e-02
5.3090e+02   9.10727371e-02
5.3100e+02   9.09686124e-02
5.3110e+02   9.08646556e-02
5.3120e+02   9.07609278e-02
5.3130e+02   9.06571054e-02
5.3140e+02   9.05536857e-02
5.3150e+02   9.04501223e-02
5.3160e+02   9.03468644e-02
5.3170e+02   9.02436722e-02
5.3180e+02   9.01405096e-02
5.3190e+02   9.00376749e-02
5.3200e+02   8.99346811e-02
5.3210e+02   8.98320734e-02
5.3220e+02   8.97293861e-02
5.3230e+02   8.96268806e-02
5.3240e+02   8.95245638e-02
5.3250e+02   8.94221588e-02
5.3260e+02   8.93201369e-02
5.3270e+02   8.92179513e-02
5.3280e+02   8.91160790e-02
5.3290e+02   8.90142332e-02
5.3300e+02   8.89124327e-02
5.3310e+02   8.88109284e-02
5.3320e+02   8.87092619e-02
5.3330e+02   8.86079768e-02
5.3340e+02   8.85065825e-02
5.3350e+02   8.84053863e-02
5.3360e+02   8.83043410e-02
5.3370e+02   8.82032187e-02
5.3380e+02   8.81024604e-02
5.3390e+02   8.80015239e-02
5.3400e+02   8.79009091e-02
5.3410e+02   8.78002855e-02
5.3420e+02   8.76997260e-02
5.3430e+02   8.75994317e-02
5.3440e+02   8.74989772e-02
5.3450e+02   8.73988993e-02
5.3460e+02   8.72986870e-02
5.3470e+02   8.71986904e-02
5.3480e+02   8.70988087e-02
5.3490e+02   8.69988651e-02
5.3500e+02   8.68992659e-02
5.3510e+02   8.67994787e-02
5.3520e+02   8.67000215e-02
5.3530e+02   8.66005231e-02
5.3540e+02   8.65011094e-02
5.3550e+02   8.64019303e-02
5.3560e+02   8.63025971e-02
5.3570e+02   8.62036343e-02
5.3580e+02   8.61045158e-02
5.3590e+02   8.60056307e-02
5.3600e+02   8.59068259e-02
5.3610e+02   8.58079769e-02
5.3620e+02   8.57094514e-02
5.3630e+02   8.56107321e-02
5.3640e+02   8.55123496e-02
5.3650e+02   8.54138959e-02
5.3660e+02   8.53155486e-02
5.3670e+02   8.52174046e-02
5.3680e+02   8.51191159e-02
5.3690e+02   8.50211892e-02
5.3700e+02   8.49230888e-02
5.3710e+02   8.48252385e-02
5.3720e+02   8.47274345e-02
5.3730e+02   8.46296058e-02
5.3740e+02   8.45320778e-02
5.3750e+02   8.44343535e-02
5.3760e+02   8.43369704e-02
5.3770e+02   8.42394881e-02
5.3780e+02   8.41421338e-02
5.3790e+02   8.40449506e-02
5.3800e+02   8.39476344e-02
5.3810e+02   8.38506693e-02
5.3820e+02   8.37535150e-02
5.3830e+02   8.36566258e-02
5.3840e+02   8.35597495e-02
5.3850e+02   8.34628688e-02
5.3860e+02   8.33662639e-02
5.3870e+02   8.32694626e-02
5.3880e+02   8.31730045e-02
5.3890e+02   8.30764208e-02
5.3900e+02   8.29799859e-02
5.3910e+02   8.28836889e-02
5.3920e+02   8.27872725e-02
5.3930e+02   8.26911934e-02
5.3940e+02   8.25949122e-02
5.3950e+02   8.24989089e-02
5.3960e+02   8.24028855e-02
5.3970e+02   8.23068787e-02
5.3980e+02   8.22111206e-02
5.3990e+02   8.21151687e-02
5.4000e+02   8.20195589e-02
5.4010e+02   8.19237992e-02
5.4020e+02   8.18282080e-02
5.4030e+02   8.17327210e-02
5.4040e+02   8.16371299e-02
5.4050e+02   8.15418596e-02
5.4060e+02   8.14463771e-02
5.4070e+02   8.13511830e-02
5.4080e+02   8.12559372e-02
5.4090e+02   8.11607292e-02
5.4100e+02   8.10657414e-02
5.4110e+02   8.09705651e-02
5.4120e+02   8.08757273e-02
5.4130e+02   8.07807177e-02
5.4140e+02   8.06858957e-02
5.4150e+02   8.05911443e-02
5.4160e+02   8.04963060e-02
5.4170e+02   8.04017701e-02
5.4180e+02   8.03070151e-02
5.4190e+02   8.02125576e-02
5.4200e+02   8.01180184e-02
5.4210e+02   8.00235393e-02
5.4220e+02   7.99292512e-02
5.4230e+02   7.98347831e-02
5.4240e+02   7.97406481e-02
5.4250e+02   7.96463229e-02
5.4260e+02   7.95522039e-02
5.4270e+02   7.94581232e-02
5.4280e+02   7.93639753e-02
5.4290e+02   7.92701104e-02
5.4300e+02   7.91760236e-02
5.4310e+02   7.90822423e-02
5.4320e+02   7.89883523e-02
5.4330e+02   7.88945461e-02
5.4340e+02   7.88009020e-02
5.4350e+02   7.87070904e-02
5.4360e+02   7.86136057e-02
5.4370e+02   7.85199165e-02
5.4380e+02   7.84264526e-02
5.4390e+02   7.83329966e-02
5.4400e+02   7.82394965e-02
5.4410e+02   7.81462597e-02
5.4420e+02   7.80528030e-02
5.4430e+02   7.79596594e-02
5.4440e+02   7.78663842e-02
5.4450e+02   7.77732182e-02
5.4460e+02   7.76801868e-02
5.4470e+02   7.75870050e-02
5.4480e+02   7.74941434e-02
5.4490e+02   7.74010681e-02
5.4500e+02   7.73082376e-02
5.4510e+02   7.72153880e-02
5.4520e+02   7.71225206e-02
5.4530e+02   7.70298973e-02
5.4540e+02   7.69370614e-02
5.4550e+02   7.68445462e-02
5.4560e+02   7.67518809e-02
5.4570e+02   7.66593521e-02
5.4580e+02   7.65669324e-02
5.4590e+02   7.64743837e-02
5.4600e+02   7.63821485e-02
5.4610e+02   7.62896958e-02
5.4620e+02   7.61975081e-02
5.4630e+02   7.61052774e-02
5.4640e+02   7.60130584e-02
5.4650e+02   7.59210650e-02
5.4660e+02   7.58288714e-02
5.4670e+02   7.57370058e-02
5.4680e+02   7.56449760e-02
5.4690e+02   7.55531116e-02
5.4700e+02   7.54613325e-02
5.4710e+02   7.53694500e-02
5.4720e+02   7.52778738e-02
5.4730e+02   7.51860811e-02
5.4740e+02   7.50945735e-02
5.4750e+02   7.50030023e-02
5.4760e+02   7.49114742e-02
5.4770e+02   7.48201537e-02
5.4780e+02   7.47286495e-02
5.4790e+02   7.46374797e-02
5.4800e+02   7.45461355e-02
5.4810e+02   7.44549857e-02
5.4820e+02   7.43638988e-02
5.4830e+02   7.42727368e-02
5.4840e+02   7.41818729e-02
5.4850e+02   7.40907971e-02
5.4860e+02   7.40000253e-02
5.4870e+02   7.39091714e-02
5.4880e+02   7.38183931e-02
5.4890e+02   7.37278034e-02
5.4900e+02   7.36370496e-02
5.4910e+02   7.35466340e-02
5.4920e+02   7.34560367e-02
5.4930e+02   7.33656617e-02
5.4940e+02   7.32753273e-02
5.4950e+02   7.31849472e-02
5.4960e+02   7.30948545e-02
5.4970e+02   7.30045572e-02
5.4980e+02   7.29145797e-02
5.4990e+02   7.28245026e-02
5.5000e+02   7.27345327e-02
