-1.5000e+02   1.00340580e-03
-1.4990e+02   1.00431850e-03
-1.4980e+02   1.00537749e-03
-1.4970e+02   1.00614904e-03
-1.4960e+02   1.00728013e-03
-1.4950e+02   1.00807837e-03
-1.4940e+02   1.00910171e-03
-1.4930e+02   1.01007184e-03
-1.4920e+02   1.01091474e-03
-1.4910e+02   1.01203800e-03
-1.4900e+02   1.01280595e-03
-1.4890e+02   1.01391746e-03
-1.4880e+02   1.01479201e-03
-1.4870e+02   1.01574076e-03
-1.4860e+02   1.01680315e-03
-1.4850e+02   1.01759893e-03
-1.4840e+02   1.01875081e-03
-1.4830e+02   1.01955513e-03
-1.4820e+02   1.02061377e-03
-1.4810e+02   1.02158319e-03
-1.4800e+02   1.02245897e-03
-1.4790e+02   1.02359282e-03
-1.4780e+02   1.02437669e-03
-1.4770e+02   1.02551732e-03
-1.4760e+02   1.02639281e-03
-1.4750e+02   1.02737850e-03
-1.4740e+02   1.02844351e-03
-1.4730e+02   1.02926578e-03
-1.4720e+02   1.03043711e-03
-1.4710e+02   1.03124940e-03
-1.4700e+02   1.03234319e-03
-1.4690e+02   1.03331207e-03
-1.4680e+02   1.03422241e-03
-1.4670e+02   1.03536560e-03
-1.4660e+02   1.03616773e-03
-1.4650e+02   1.03733648e-03
-1.4640e+02   1.03821415e-03
-1.4630e+02   1.03923749e-03
-1.4620e+02   1.04030451e-03
-1.4610e+02   1.04115549e-03
-1.4600e+02   1.04234488e-03
-1.4590e+02   1.04316720e-03
-1.4580e+02   1.04429583e-03
-1.4570e+02   1.04526454e-03
-1.4560e+02   1.04621099e-03
-1.4550e+02   1.04736233e-03
-1.4540e+02   1.04818513e-03
-1.4530e+02   1.04938092e-03
-1.4520e+02   1.05026217e-03
-1.4510e+02   1.05132372e-03
-1.4500e+02   1.05239229e-03
-1.4490e+02   1.05327415e-03
-1.4480e+02   1.05448021e-03
-1.4470e+02   1.05531473e-03
-1.4460e+02   1.05647775e-03
-1.4450e+02   1.05744686e-03
-1.4440e+02   1.05843084e-03
-1.4430e+02   1.05958925e-03
-1.4420e+02   1.06043516e-03
-1.4410e+02   1.06165679e-03
-1.4400e+02   1.06254323e-03
-1.4390e+02   1.06364337e-03
-1.4380e+02   1.06471322e-03
-1.4370e+02   1.06562805e-03
-1.4360e+02   1.06684943e-03
-1.4350e+02   1.06769844e-03
-1.4340e+02   1.06889523e-03
-1.4330e+02   1.06986554e-03
-1.4320e+02   1.07088832e-03
-1.4310e+02   1.07205283e-03
-1.4300e+02   1.07292430e-03
-1.4290e+02   1.07417053e-03
-1.4280e+02   1.07506392e-03
-1.4270e+02   1.07620288e-03
-1.4260e+02   1.07727391e-03
-1.4250e+02   1.07822373e-03
-1.4240e+02   1.07945908e-03
-1.4230e+02   1.08032499e-03
-1.4220e+02   1.08155481e-03
-1.4210e+02   1.08252730e-03
-1.4200e+02   1.08359000e-03
-1.4190e+02   1.08475979e-03
-1.4180e+02   1.08565926e-03
-1.4170e+02   1.08692879e-03
-1.4160e+02   1.08783109e-03
-1.4150e+02   1.08900890e-03
-1.4140e+02   1.09008122e-03
-1.4130e+02   1.09106795e-03
-1.4120e+02   1.09231599e-03
-1.4110e+02   1.09320128e-03
-1.4100e+02   1.09446326e-03
-1.4090e+02   1.09543914e-03
-1.4080e+02   1.09654273e-03
-1.4070e+02   1.09771710e-03
-1.4060e+02   1.09864700e-03
-1.4050e+02   1.09993848e-03
-1.4040e+02   1.10085181e-03
-1.4030e+02   1.10206836e-03
-1.4020e+02   1.10314229e-03
-1.4010e+02   1.10416773e-03
-1.4000e+02   1.10542724e-03
-1.3990e+02   1.10633447e-03
-1.3980e+02   1.10762763e-03
-1.3970e+02   1.10860831e-03
-1.3960e+02   1.10975357e-03
-1.3950e+02   1.11093200e-03
-1.3940e+02   1.11189473e-03
-1.3930e+02   1.11320681e-03
-1.3920e+02   1.11413343e-03
-1.3910e+02   1.11538844e-03
-1.3900e+02   1.11646451e-03
-1.3890e+02   1.11753032e-03
-1.3880e+02   1.11880019e-03
-1.3870e+02   1.11973196e-03
-1.3860e+02   1.12105523e-03
-1.3850e+02   1.12204231e-03
-1.3840e+02   1.12322987e-03
-1.3830e+02   1.12441204e-03
-1.3820e+02   1.12540993e-03
-1.3810e+02   1.12674126e-03
-1.3800e+02   1.12768356e-03
-1.3790e+02   1.12897660e-03
-1.3780e+02   1.13005555e-03
-1.3770e+02   1.13116328e-03
-1.3760e+02   1.13244249e-03
-1.3750e+02   1.13340146e-03
-1.3740e+02   1.13475365e-03
-1.3730e+02   1.13574897e-03
-1.3720e+02   1.13697928e-03
-1.3710e+02   1.13816502e-03
-1.3700e+02   1.13920035e-03
-1.3690e+02   1.14054958e-03
-1.3680e+02   1.14151009e-03
-1.3670e+02   1.14284059e-03
-1.3660e+02   1.14392340e-03
-1.3650e+02   1.14507444e-03
-1.3640e+02   1.14636210e-03
-1.3630e+02   1.14735092e-03
-1.3620e+02   1.14873083e-03
-1.3610e+02   1.14973637e-03
-1.3600e+02   1.15100972e-03
-1.3590e+02   1.15219908e-03
-1.3580e+02   1.15327403e-03
-1.3570e+02   1.15463988e-03
-1.3560e+02   1.15562124e-03
-1.3550e+02   1.15698847e-03
-1.3540e+02   1.15807633e-03
-1.3530e+02   1.15927191e-03
-1.3520e+02   1.16056730e-03
-1.3510e+02   1.16158863e-03
-1.3500e+02   1.16299497e-03
-1.3490e+02   1.16401294e-03
-1.3480e+02   1.16532942e-03
-1.3470e+02   1.16652268e-03
-1.3460e+02   1.16763933e-03
-1.3450e+02   1.16902058e-03
-1.3440e+02   1.17002551e-03
-1.3430e+02   1.17142864e-03
-1.3420e+02   1.17252296e-03
-1.3410e+02   1.17376415e-03
-1.3400e+02   1.17506669e-03
-1.3390e+02   1.17612318e-03
-1.3380e+02   1.17755465e-03
-1.3370e+02   1.17858739e-03
-1.3360e+02   1.17994696e-03
-1.3350e+02   1.18114461e-03
-1.3340e+02   1.18230492e-03
-1.3330e+02   1.18370042e-03
-1.3320e+02   1.18473172e-03
-1.3310e+02   1.18616981e-03
-1.3300e+02   1.18727225e-03
-1.3290e+02   1.18855994e-03
-1.3280e+02   1.18986924e-03
-1.3270e+02   1.19096349e-03
-1.3260e+02   1.19241878e-03
-1.3250e+02   1.19346882e-03
-1.3240e+02   1.19487124e-03
-1.3230e+02   1.19607401e-03
-1.3220e+02   1.19727981e-03
-1.3210e+02   1.19868854e-03
-1.3200e+02   1.19974907e-03
-1.3190e+02   1.20122107e-03
-1.3180e+02   1.20233348e-03
-1.3170e+02   1.20366840e-03
-1.3160e+02   1.20498428e-03
-1.3150e+02   1.20611884e-03
-1.3140e+02   1.20759664e-03
-1.3130e+02   1.20866666e-03
-1.3120e+02   1.21011156e-03
-1.3110e+02   1.21132041e-03
-1.3100e+02   1.21257339e-03
-1.3090e+02   1.21399442e-03
-1.3080e+02   1.21508710e-03
-1.3070e+02   1.21659189e-03
-1.3060e+02   1.21771634e-03
-1.3050e+02   1.21909904e-03
-1.3040e+02   1.22042150e-03
-1.3030e+02   1.22159886e-03
-1.3020e+02   1.22309792e-03
-1.3010e+02   1.22419070e-03
-1.3000e+02   1.22567757e-03
-1.2990e+02   1.22689369e-03
-1.2980e+02   1.22819541e-03
-1.2970e+02   1.22962798e-03
-1.2960e+02   1.23075571e-03
-1.2950e+02   1.23229212e-03
-1.2940e+02   1.23343090e-03
-1.2930e+02   1.23486175e-03
-1.2920e+02   1.23619104e-03
-1.2910e+02   1.23741359e-03
-1.2900e+02   1.23893268e-03
-1.2890e+02   1.24005115e-03
-1.2880e+02   1.24157934e-03
-1.2870e+02   1.24280418e-03
-1.2860e+02   1.24415600e-03
-1.2850e+02   1.24559953e-03
-1.2840e+02   1.24676523e-03
-1.2830e+02   1.24833204e-03
-1.2820e+02   1.24948762e-03
-1.2810e+02   1.25096683e-03
-1.2800e+02   1.25230342e-03
-1.2790e+02   1.25357345e-03
-1.2780e+02   1.25511145e-03
-1.2770e+02   1.25625863e-03
-1.2760e+02   1.25782736e-03
-1.2750e+02   1.25906260e-03
-1.2740e+02   1.26046575e-03
-1.2730e+02   1.26191981e-03
-1.2720e+02   1.26312639e-03
-1.2710e+02   1.26472237e-03
-1.2700e+02   1.26589741e-03
-1.2690e+02   1.26742501e-03
-1.2680e+02   1.26876962e-03
-1.2670e+02   1.27008930e-03
-1.2660e+02   1.27164519e-03
-1.2650e+02   1.27282417e-03
-1.2640e+02   1.27443257e-03
-1.2630e+02   1.27568014e-03
-1.2620e+02   1.27713566e-03
-1.2610e+02   1.27860003e-03
-1.2600e+02   1.27985037e-03
-1.2590e+02   1.28147430e-03
-1.2580e+02   1.28267162e-03
-1.2570e+02   1.28424750e-03
-1.2560e+02   1.28560110e-03
-1.2550e+02   1.28697247e-03
-1.2540e+02   1.28854533e-03
-1.2530e+02   1.28975929e-03
-1.2520e+02   1.29140639e-03
-1.2510e+02   1.29266846e-03
-1.2500e+02   1.29417722e-03
-1.2490e+02   1.29565190e-03
-1.2480e+02   1.29694881e-03
-1.2470e+02   1.29859948e-03
-1.2460e+02   1.29982209e-03
-1.2450e+02   1.30144597e-03
-1.2440e+02   1.30280978e-03
-1.2430e+02   1.30423474e-03
-1.2420e+02   1.30582381e-03
-1.2410e+02   1.30707596e-03
-1.2400e+02   1.30876074e-03
-1.2390e+02   1.31003968e-03
-1.2380e+02   1.31160238e-03
-1.2370e+02   1.31308762e-03
-1.2360e+02   1.31443385e-03
-1.2350e+02   1.31611010e-03
-1.2340e+02   1.31736114e-03
-1.2330e+02   1.31903260e-03
-1.2320e+02   1.32040812e-03
-1.2310e+02   1.32188842e-03
-1.2300e+02   1.32349310e-03
-1.2290e+02   1.32478668e-03
-1.2280e+02   1.32650805e-03
-1.2270e+02   1.32780649e-03
-1.2260e+02   1.32942365e-03
-1.2250e+02   1.33091992e-03
-1.2240e+02   1.33231814e-03
-1.2230e+02   1.33401889e-03
-1.2220e+02   1.33530163e-03
-1.2210e+02   1.33702013e-03
-1.2200e+02   1.33840910e-03
-1.2190e+02   1.33994633e-03
-1.2180e+02   1.34156621e-03
-1.2170e+02   1.34290448e-03
-1.2160e+02   1.34466133e-03
-1.2150e+02   1.34598210e-03
-1.2140e+02   1.34765407e-03
-1.2130e+02   1.34916211e-03
-1.2120e+02   1.35061488e-03
-1.2110e+02   1.35233914e-03
-1.2100e+02   1.35365696e-03
-1.2090e+02   1.35542184e-03
-1.2080e+02   1.35682628e-03
-1.2070e+02   1.35842187e-03
-1.2060e+02   1.36005674e-03
-1.2050e+02   1.36144293e-03
-1.2040e+02   1.36323416e-03
-1.2030e+02   1.36458029e-03
-1.2020e+02   1.36630726e-03
-1.2010e+02   1.36782807e-03
-1.2000e+02   1.36933785e-03
-1.1990e+02   1.37108475e-03
-1.1980e+02   1.37244113e-03
-1.1970e+02   1.37425164e-03
-1.1960e+02   1.37567383e-03
-1.1950e+02   1.37732902e-03
-1.1940e+02   1.37897892e-03
-1.1930e+02   1.38041624e-03
-1.1920e+02   1.38224075e-03
-1.1910e+02   1.38361546e-03
-1.1900e+02   1.38539746e-03
-1.1890e+02   1.38693233e-03
-1.1880e+02   1.38850143e-03
-1.1870e+02   1.39027026e-03
-1.1860e+02   1.39166874e-03
-1.1850e+02   1.39352407e-03
-1.1840e+02   1.39496654e-03
-1.1830e+02   1.39668242e-03
-1.1820e+02   1.39834760e-03
-1.1810e+02   1.39983922e-03
-1.1800e+02   1.40169595e-03
-1.1790e+02   1.40310265e-03
-1.1780e+02   1.40493957e-03
-1.1770e+02   1.40649007e-03
-1.1760e+02   1.40812067e-03
-1.1750e+02   1.40991086e-03
-1.1740e+02   1.41135507e-03
-1.1730e+02   1.41325432e-03
-1.1720e+02   1.41471987e-03
-1.1710e+02   1.41649735e-03
-1.1700e+02   1.41817833e-03
-1.1690e+02   1.41972735e-03
-1.1680e+02   1.42161533e-03
-1.1670e+02   1.42305758e-03
-1.1660e+02   1.42494917e-03
-1.1650e+02   1.42651716e-03
-1.1640e+02   1.42821128e-03
-1.1630e+02   1.43002249e-03
-1.1620e+02   1.43151607e-03
-1.1610e+02   1.43345831e-03
-1.1600e+02   1.43494999e-03
-1.1590e+02   1.43678981e-03
-1.1580e+02   1.43848739e-03
-1.1570e+02   1.44009682e-03
-1.1560e+02   1.44201516e-03
-1.1550e+02   1.44349668e-03
-1.1540e+02   1.44544258e-03
-1.1530e+02   1.44703019e-03
-1.1520e+02   1.44878973e-03
-1.1510e+02   1.45062179e-03
-1.1500e+02   1.45216842e-03
-1.1490e+02   1.45415273e-03
-1.1480e+02   1.45567380e-03
-1.1470e+02   1.45757653e-03
-1.1460e+02   1.45929180e-03
-1.1450e+02   1.46096459e-03
-1.1440e+02   1.46291251e-03
-1.1430e+02   1.46443714e-03
-1.1420e+02   1.46643688e-03
-1.1410e+02   1.46804656e-03
-1.1400e+02   1.46987322e-03
-1.1390e+02   1.47172624e-03
-1.1380e+02   1.47332957e-03
-1.1370e+02   1.47535504e-03
-1.1360e+02   1.47690901e-03
-1.1350e+02   1.47887508e-03
-1.1340e+02   1.48060942e-03
-1.1330e+02   1.48234836e-03
-1.1320e+02   1.48432526e-03
-1.1310e+02   1.48589694e-03
-1.1300e+02   1.48794998e-03
-1.1290e+02   1.48958447e-03
-1.1280e+02   1.49147980e-03
-1.1270e+02   1.49335411e-03
-1.1260e+02   1.49501781e-03
-1.1250e+02   1.49708355e-03
-1.1240e+02   1.49867415e-03
-1.1230e+02   1.50070382e-03
-1.1220e+02   1.50245893e-03
-1.1210e+02   1.50426674e-03
-1.1200e+02   1.50627215e-03
-1.1190e+02   1.50789495e-03
-1.1180e+02   1.51000067e-03
-1.1170e+02   1.51166298e-03
-1.1160e+02   1.51362837e-03
-1.1150e+02   1.51552460e-03
-1.1140e+02   1.51725228e-03
-1.1130e+02   1.51935748e-03
-1.1120e+02   1.52098863e-03
-1.1110e+02   1.52308205e-03
-1.1100e+02   1.52485994e-03
-1.1090e+02   1.52673917e-03
-1.1080e+02   1.52877285e-03
-1.1070e+02   1.53045089e-03
-1.1060e+02   1.53260864e-03
-1.1050e+02   1.53430208e-03
-1.1040e+02   1.53633876e-03
-1.1030e+02   1.53825782e-03
-1.1020e+02   1.54005305e-03
-1.1010e+02   1.54219700e-03
-1.1000e+02   1.54387281e-03
-1.0990e+02   1.54603000e-03
-1.0980e+02   1.54783300e-03
-1.0970e+02   1.54978608e-03
-1.0960e+02   1.55184800e-03
-1.0950e+02   1.55358546e-03
-1.0940e+02   1.55579458e-03
-1.0930e+02   1.55752274e-03
-1.0920e+02   1.55963178e-03
-1.0910e+02   1.56157489e-03
-1.0900e+02   1.56344117e-03
-1.0890e+02   1.56562327e-03
-1.0880e+02   1.56734803e-03
-1.0870e+02   1.56956890e-03
-1.0860e+02   1.57139968e-03
-1.0850e+02   1.57342889e-03
-1.0840e+02   1.57551929e-03
-1.0830e+02   1.57732038e-03
-1.0820e+02   1.57958023e-03
-1.0810e+02   1.58134697e-03
-1.0800e+02   1.58352927e-03
-1.0790e+02   1.58549798e-03
-1.0780e+02   1.58743873e-03
-1.0770e+02   1.58965854e-03
-1.0760e+02   1.59143669e-03
-1.0750e+02   1.59372107e-03
-1.0740e+02   1.59558264e-03
-1.0730e+02   1.59769012e-03
-1.0720e+02   1.59980947e-03
-1.0710e+02   1.60167845e-03
-1.0700e+02   1.60398840e-03
-1.0690e+02   1.60579784e-03
-1.0680e+02   1.60805418e-03
-1.0670e+02   1.61005040e-03
-1.0660e+02   1.61206894e-03
-1.0650e+02   1.61432620e-03
-1.0640e+02   1.61616232e-03
-1.0630e+02   1.61850998e-03
-1.0620e+02   1.62040567e-03
-1.0610e+02   1.62259339e-03
-1.0600e+02   1.62474251e-03
-1.0590e+02   1.62668361e-03
-1.0580e+02   1.62904312e-03
-1.0570e+02   1.63089964e-03
-1.0560e+02   1.63323065e-03
-1.0550e+02   1.63525662e-03
-1.0540e+02   1.63735617e-03
-1.0530e+02   1.63965084e-03
-1.0520e+02   1.64154962e-03
-1.0510e+02   1.64396031e-03
-1.0500e+02   1.64589377e-03
-1.0490e+02   1.64816356e-03
-1.0480e+02   1.65034356e-03
-1.0470e+02   1.65236102e-03
-1.0460e+02   1.65476966e-03
-1.0450e+02   1.65667785e-03
-1.0440e+02   1.65908407e-03
-1.0430e+02   1.66114241e-03
-1.0420e+02   1.66332607e-03
-1.0410e+02   1.66565833e-03
-1.0400e+02   1.66762460e-03
-1.0390e+02   1.67009803e-03
-1.0380e+02   1.67207325e-03
-1.0370e+02   1.67442681e-03
-1.0360e+02   1.67663915e-03
-1.0350e+02   1.67873715e-03
-1.0340e+02   1.68119462e-03
-1.0330e+02   1.68315932e-03
-1.0320e+02   1.68564117e-03
-1.0310e+02   1.68773486e-03
-1.0300e+02   1.69000562e-03
-1.0290e+02   1.69237594e-03
-1.0280e+02   1.69441458e-03
-1.0270e+02   1.69695049e-03
-1.0260e+02   1.69897179e-03
-1.0250e+02   1.70141066e-03
-1.0240e+02   1.70365716e-03
-1.0230e+02   1.70583988e-03
-1.0220e+02   1.70834601e-03
-1.0210e+02   1.71037228e-03
-1.0200e+02   1.71293011e-03
-1.0190e+02   1.71506251e-03
-1.0180e+02   1.71742324e-03
-1.0170e+02   1.71983238e-03
-1.0160e+02   1.72194835e-03
-1.0150e+02   1.72454653e-03
-1.0140e+02   1.72661854e-03
-1.0130e+02   1.72914415e-03
-1.0120e+02   1.73142700e-03
-1.0110e+02   1.73369853e-03
-1.0100e+02   1.73625339e-03
-1.0090e+02   1.73834646e-03
-1.0080e+02   1.74098058e-03
-1.0070e+02   1.74315544e-03
-1.0060e+02   1.74560886e-03
-1.0050e+02   1.74805791e-03
-1.0040e+02   1.75025624e-03
-1.0030e+02   1.75291655e-03
-1.0020e+02   1.75504421e-03
-1.0010e+02   1.75765786e-03
-1.0000e+02   1.75997967e-03
-9.9900e+01   1.76234405e-03
-9.9800e+01   1.76494790e-03
-9.9700e+01   1.76711320e-03
-9.9600e+01   1.76982388e-03
-9.9500e+01   1.77204535e-03
-9.9400e+01   1.77459407e-03
-9.9300e+01   1.77708447e-03
-9.9200e+01   1.77937020e-03
-9.9100e+01   1.78209263e-03
-9.9000e+01   1.78428119e-03
-9.8900e+01   1.78698408e-03
-9.8800e+01   1.78934787e-03
-9.8700e+01   1.79180904e-03
-9.8600e+01   1.79446246e-03
-9.8500e+01   1.79670557e-03
-9.8400e+01   1.79949308e-03
-9.8300e+01   1.80176568e-03
-9.8200e+01   1.80441220e-03
-9.8100e+01   1.80694577e-03
-9.8000e+01   1.80932398e-03
-9.7900e+01   1.81210866e-03
-9.7800e+01   1.81436365e-03
-9.7700e+01   1.81715691e-03
-9.7600e+01   1.81956611e-03
-9.7500e+01   1.82212797e-03
-9.7400e+01   1.82483178e-03
-9.7300e+01   1.82715845e-03
-9.7200e+01   1.83002310e-03
-9.7100e+01   1.83235174e-03
-9.7000e+01   1.83509844e-03
-9.6900e+01   1.83767741e-03
-9.6800e+01   1.84015320e-03
-9.6700e+01   1.84300044e-03
-9.6600e+01   1.84532768e-03
-9.6500e+01   1.84821237e-03
-9.6400e+01   1.85067087e-03
-9.6300e+01   1.85333720e-03
-9.6200e+01   1.85609259e-03
-9.6100e+01   1.85850869e-03
-9.6000e+01   1.86145084e-03
-9.5900e+01   1.86384085e-03
-9.5800e+01   1.86669000e-03
-9.5700e+01   1.86931704e-03
-9.5600e+01   1.87189548e-03
-9.5500e+01   1.87480582e-03
-9.5400e+01   1.87721140e-03
-9.5300e+01   1.88018856e-03
-9.5200e+01   1.88270069e-03
-9.5100e+01   1.88547520e-03
-9.5000e+01   1.88828372e-03
-9.4900e+01   1.89079524e-03
-9.4800e+01   1.89381538e-03
-9.4700e+01   1.89627244e-03
-9.4600e+01   1.89922623e-03
-9.4500e+01   1.90190447e-03
-9.4400e+01   1.90459063e-03
-9.4300e+01   1.90756487e-03
-9.4200e+01   1.91005513e-03
-9.4100e+01   1.91312580e-03
-9.4000e+01   1.91569635e-03
-9.3900e+01   1.91858266e-03
-9.3800e+01   1.92144627e-03
-9.3700e+01   1.92405932e-03
-9.3600e+01   1.92715805e-03
-9.3500e+01   1.92968824e-03
-9.3400e+01   1.93274880e-03
-9.3300e+01   1.93548183e-03
-9.3200e+01   1.93828077e-03
-9.3100e+01   1.94132002e-03
-9.3000e+01   1.94390156e-03
-9.2900e+01   1.94706679e-03
-9.2800e+01   1.94970103e-03
-9.2700e+01   1.95270270e-03
-9.2600e+01   1.95562378e-03
-9.2500e+01   1.95834454e-03
-9.2400e+01   1.96152266e-03
-9.2300e+01   1.96413245e-03
-9.2200e+01   1.96730185e-03
-9.2100e+01   1.97009378e-03
-9.2000e+01   1.97301053e-03
-9.1900e+01   1.97611624e-03
-9.1800e+01   1.97879589e-03
-9.1700e+01   1.98205679e-03
-9.1600e+01   1.98476047e-03
-9.1500e+01   1.98788098e-03
-9.1400e+01   1.99086239e-03
-9.1300e+01   1.99369716e-03
-9.1200e+01   1.99695569e-03
-9.1100e+01   1.99965190e-03
-9.1000e+01   2.00293220e-03
-9.0900e+01   2.00578765e-03
-9.0800e+01   2.00882722e-03
-9.0700e+01   2.01200123e-03
-9.0600e+01   2.01478603e-03
-9.0500e+01   2.01814384e-03
-9.0400e+01   2.02092318e-03
-9.0300e+01   2.02416595e-03
-9.0200e+01   2.02721107e-03
-9.0100e+01   2.03016620e-03
-9.0000e+01   2.03350642e-03
-8.9900e+01   2.03629625e-03
-8.9800e+01   2.03968951e-03
-8.9700e+01   2.04261365e-03
-8.9600e+01   2.04578103e-03
-8.9500e+01   2.04902560e-03
-8.9400e+01   2.05192284e-03
-8.9300e+01   2.05537891e-03
-8.9200e+01   2.05824063e-03
-8.9100e+01   2.06160907e-03
-8.9000e+01   2.06472178e-03
-8.8900e+01   2.06780371e-03
-8.8800e+01   2.07122723e-03
-8.8700e+01   2.07411825e-03
-8.8600e+01   2.07762657e-03
-8.8500e+01   2.08062512e-03
-8.8400e+01   2.08392529e-03
-8.8300e+01   2.08724316e-03
-8.8200e+01   2.09026030e-03
-8.8100e+01   2.09381620e-03
-8.8000e+01   2.09676751e-03
-8.7900e+01   2.10026498e-03
-8.7800e+01   2.10344977e-03
-8.7700e+01   2.10666500e-03
-8.7600e+01   2.11017378e-03
-8.7500e+01   2.11317391e-03
-8.7400e+01   2.11679947e-03
-8.7300e+01   2.11987874e-03
-8.7200e+01   2.12331667e-03
-8.7100e+01   2.12671110e-03
-8.7000e+01   2.12985581e-03
-8.6900e+01   2.13351333e-03
-8.6800e+01   2.13656193e-03
-8.6700e+01   2.14019185e-03
-8.6600e+01   2.14345379e-03
-8.6500e+01   2.14680887e-03
-8.6400e+01   2.15040530e-03
-8.6300e+01   2.15352281e-03
-8.6200e+01   2.15726793e-03
-8.6100e+01   2.16043481e-03
-8.6000e+01   2.16401548e-03
-8.5900e+01   2.16749029e-03
-8.5800e+01   2.17077044e-03
-8.5700e+01   2.17453166e-03
-8.5600e+01   2.17768576e-03
-8.5500e+01   2.18145156e-03
-8.5400e+01   2.18479635e-03
-8.5300e+01   2.18829794e-03
-8.5200e+01   2.19198486e-03
-8.5100e+01   2.19522838e-03
-8.5000e+01   2.19909553e-03
-8.4900e+01   2.20235754e-03
-8.4800e+01   2.20608595e-03
-8.4700e+01   2.20964557e-03
-8.4600e+01   2.21306922e-03
-8.4500e+01   2.21693657e-03
-8.4400e+01   2.22020487e-03
-8.4300e+01   2.22411008e-03
-8.4200e+01   2.22754410e-03
-8.4100e+01   2.23119891e-03
-8.4000e+01   2.23497971e-03
-8.3900e+01   2.23835821e-03
-8.3800e+01   2.24235007e-03
-8.3700e+01   2.24571534e-03
-8.3600e+01   2.24959656e-03
-8.3500e+01   2.25324607e-03
-8.3400e+01   2.25682147e-03
-8.3300e+01   2.26079777e-03
-8.3200e+01   2.26418951e-03
-8.3100e+01   2.26823777e-03
-8.3000e+01   2.27176809e-03
-8.2900e+01   2.27558294e-03
-8.2800e+01   2.27946156e-03
-8.2700e+01   2.28298436e-03
-8.2600e+01   2.28710390e-03
-8.2500e+01   2.29058122e-03
-8.2400e+01   2.29462041e-03
-8.2300e+01   2.29836557e-03
-8.2200e+01   2.30210119e-03
-8.2100e+01   2.30618973e-03
-8.2000e+01   2.30971463e-03
-8.1900e+01   2.31390976e-03
-8.1800e+01   2.31754418e-03
-8.1700e+01   2.32152600e-03
-8.1600e+01   2.32550702e-03
-8.1500e+01   2.32918381e-03
-8.1400e+01   2.33343433e-03
-8.1300e+01   2.33703314e-03
-8.1200e+01   2.34123555e-03
-8.1100e+01   2.34508290e-03
-8.1000e+01   2.34898740e-03
-8.0900e+01   2.35319200e-03
-8.0800e+01   2.35686032e-03
-8.0700e+01   2.36120637e-03
-8.0600e+01   2.36495343e-03
-8.0500e+01   2.36910930e-03
-8.0400e+01   2.37319801e-03
-8.0300e+01   2.37703881e-03
-8.0200e+01   2.38142400e-03
-8.0100e+01   2.38515443e-03
-8.0000e+01   2.38952550e-03
-7.9900e+01   2.39348235e-03
-7.9800e+01   2.39756461e-03
-7.9700e+01   2.40188969e-03
-7.9600e+01   2.40571223e-03
-7.9500e+01   2.41021351e-03
-7.9400e+01   2.41408258e-03
-7.9300e+01   2.41841972e-03
-7.9200e+01   2.42262217e-03
-7.9100e+01   2.42663739e-03
-7.9000e+01   2.43116142e-03
-7.8900e+01   2.43503429e-03
-7.8800e+01   2.43957966e-03
-7.8700e+01   2.44365417e-03
-7.8600e+01   2.44792333e-03
-7.8500e+01   2.45237397e-03
-7.8400e+01   2.45636205e-03
-7.8300e+01   2.46102323e-03
-7.8200e+01   2.46502451e-03
-7.8100e+01   2.46955034e-03
-7.8000e+01   2.47387341e-03
-7.7900e+01   2.47807382e-03
-7.7800e+01   2.48274140e-03
-7.7700e+01   2.48676827e-03
-7.7600e+01   2.49149383e-03
-7.7500e+01   2.49569508e-03
-7.7400e+01   2.50016053e-03
-7.7300e+01   2.50474255e-03
-7.7200e+01   2.50890808e-03
-7.7100e+01   2.51373426e-03
-7.7000e+01   2.51787878e-03
-7.6900e+01   2.52260100e-03
-7.6800e+01   2.52705245e-03
-7.6700e+01   2.53144925e-03
-7.6600e+01   2.53626571e-03
-7.6500e+01   2.54045886e-03
-7.6400e+01   2.54537086e-03
-7.6300e+01   2.54970884e-03
-7.6200e+01   2.55438030e-03
-7.6100e+01   2.55910036e-03
-7.6000e+01   2.56345581e-03
-7.5900e+01   2.56845258e-03
-7.5800e+01   2.57275230e-03
-7.5700e+01   2.57767889e-03
-7.5600e+01   2.58226745e-03
-7.5500e+01   2.58687224e-03
-7.5400e+01   2.59184364e-03
-7.5300e+01   2.59621615e-03
-7.5200e+01   2.60132121e-03
-7.5100e+01   2.60580696e-03
-7.5000e+01   2.61069446e-03
-7.4900e+01   2.61556012e-03
-7.4800e+01   2.62011859e-03
-7.4700e+01   2.62529212e-03
-7.4600e+01   2.62975995e-03
-7.4500e+01   2.63489924e-03
-7.4400e+01   2.63963468e-03
-7.4300e+01   2.64445956e-03
-7.4200e+01   2.64959273e-03
-7.4100e+01   2.65415849e-03
-7.4000e+01   2.65946372e-03
-7.3900e+01   2.66410933e-03
-7.3800e+01   2.66922332e-03
-7.3700e+01   2.67424314e-03
-7.3600e+01   2.67901836e-03
-7.3500e+01   2.68437550e-03
-7.3400e+01   2.68902534e-03
-7.3300e+01   2.69438610e-03
-7.3200e+01   2.69927931e-03
-7.3100e+01   2.70433687e-03
-7.3000e+01   2.70963958e-03
-7.2900e+01   2.71441330e-03
-7.2800e+01   2.71992640e-03
-7.2700e+01   2.72474508e-03
-7.2600e+01   2.73009646e-03
-7.2500e+01   2.73528010e-03
-7.2400e+01   2.74028648e-03
-7.2300e+01   2.74583488e-03
-7.2200e+01   2.75068166e-03
-7.2100e+01   2.75627317e-03
-7.2000e+01   2.76133626e-03
-7.1900e+01   2.76663963e-03
-7.1800e+01   2.77212065e-03
-7.1700e+01   2.77711796e-03
-7.1600e+01   2.78284727e-03
-7.1500e+01   2.78785346e-03
-7.1400e+01   2.79345365e-03
-7.1300e+01   2.79881198e-03
-7.1200e+01   2.80406465e-03
-7.1100e+01   2.80981285e-03
-7.1000e+01   2.81487262e-03
-7.0900e+01   2.82070477e-03
-7.0800e+01   2.82595112e-03
-7.0700e+01   2.83151407e-03
-7.0600e+01   2.83718331e-03
-7.0500e+01   2.84242076e-03
-7.0400e+01   2.84837544e-03
-7.0300e+01   2.85358483e-03
-7.0200e+01   2.85944586e-03
-7.0100e+01   2.86499104e-03
-7.0000e+01   2.87050594e-03
-6.9900e+01   2.87646350e-03
-6.9800e+01   2.88175347e-03
-6.9700e+01   2.88783686e-03
-6.9600e+01   2.89328125e-03
-6.9500e+01   2.89911823e-03
-6.9400e+01   2.90498685e-03
-6.9300e+01   2.91048202e-03
-6.9200e+01   2.91667211e-03
-6.9100e+01   2.92210179e-03
-6.9000e+01   2.92823637e-03
-6.8900e+01   2.93398202e-03
-6.8800e+01   2.93977593e-03
-6.8700e+01   2.94595356e-03
-6.8600e+01   2.95149220e-03
-6.8500e+01   2.95783824e-03
-6.8400e+01   2.96349696e-03
-6.8300e+01   2.96962322e-03
-6.8200e+01   2.97570377e-03
-6.8100e+01   2.98147530e-03
-6.8000e+01   2.98791191e-03
-6.7900e+01   2.99358039e-03
-6.7800e+01   3.00000208e-03
-6.7700e+01   3.00596335e-03
-6.7600e+01   3.01205400e-03
-6.7500e+01   3.01846374e-03
-6.7400e+01   3.02427082e-03
-6.7300e+01   3.03089191e-03
-6.7200e+01   3.03678284e-03
-6.7100e+01   3.04321450e-03
-6.7000e+01   3.04952109e-03
-6.6900e+01   3.05558880e-03
-6.6800e+01   3.06228423e-03
-6.6700e+01   3.06821159e-03
-6.6600e+01   3.07493488e-03
-6.6500e+01   3.08112862e-03
-6.6400e+01   3.08753479e-03
-6.6300e+01   3.09419013e-03
-6.6200e+01   3.10028686e-03
-6.6100e+01   3.10719651e-03
-6.6000e+01   3.11333930e-03
-6.5900e+01   3.12009348e-03
-6.5800e+01   3.12664191e-03
-6.5700e+01   3.13302689e-03
-6.5600e+01   3.13999481e-03
-6.5500e+01   3.14620281e-03
-6.5400e+01   3.15324328e-03
-6.5300e+01   3.15968822e-03
-6.5200e+01   3.16642983e-03
-6.5100e+01   3.17334592e-03
-6.5000e+01   3.17975505e-03
-6.4900e+01   3.18696804e-03
-6.4800e+01   3.19338422e-03
-6.4700e+01   3.20047920e-03
-6.4600e+01   3.20728716e-03
-6.4500e+01   3.21401189e-03
-6.4400e+01   3.22126753e-03
-6.4300e+01   3.22777975e-03
-6.4200e+01   3.23515422e-03
-6.4100e+01   3.24187109e-03
-6.4000e+01   3.24896937e-03
-6.3900e+01   3.25616321e-03
-6.3800e+01   3.26290915e-03
-6.3700e+01   3.27044177e-03
-6.3600e+01   3.27715490e-03
-6.3500e+01   3.28461027e-03
-6.3400e+01   3.29169753e-03
-6.3300e+01   3.29878601e-03
-6.3200e+01   3.30634639e-03
-6.3100e+01   3.31318835e-03
-6.3000e+01   3.32091512e-03
-6.2900e+01   3.32792687e-03
-6.2800e+01   3.33540450e-03
-6.2700e+01   3.34289515e-03
-6.2600e+01   3.35000414e-03
-6.2500e+01   3.35787437e-03
-6.2400e+01   3.36491023e-03
-6.2300e+01   3.37274708e-03
-6.2200e+01   3.38013571e-03
-6.2100e+01   3.38761364e-03
-6.2000e+01   3.39549780e-03
-6.1900e+01   3.40269715e-03
-6.1800e+01   3.41079618e-03
-6.1700e+01   3.41812818e-03
-6.1600e+01   3.42600948e-03
-6.1500e+01   3.43381834e-03
-6.1400e+01   3.44131860e-03
-6.1300e+01   3.44954637e-03
-6.1200e+01   3.45693318e-03
-6.1100e+01   3.46517431e-03
-6.1000e+01   3.47288893e-03
-6.0900e+01   3.48078390e-03
-6.0800e+01   3.48901312e-03
-6.0700e+01   3.49659986e-03
-6.0600e+01   3.50509304e-03
-6.0500e+01   3.51277330e-03
-6.0400e+01   3.52108449e-03
-6.0300e+01   3.52923550e-03
-6.0200e+01   3.53715749e-03
-6.0100e+01   3.54576495e-03
-6.0000e+01   3.55353357e-03
-5.9900e+01   3.56220375e-03
-5.9800e+01   3.57027178e-03
-5.9700e+01   3.57861350e-03
-5.9600e+01   3.58721166e-03
-5.9500e+01   3.59521835e-03
-5.9400e+01   3.60412976e-03
-5.9300e+01   3.61218924e-03
-5.9200e+01   3.62095862e-03
-5.9100e+01   3.62947865e-03
-5.9000e+01   3.63785524e-03
-5.8900e+01   3.64686709e-03
-5.8800e+01   3.65505130e-03
-5.8700e+01   3.66417758e-03
-5.8600e+01   3.67262957e-03
-5.8500e+01   3.68145012e-03
-5.8400e+01   3.69044400e-03
-5.8300e+01   3.69890600e-03
-5.8200e+01   3.70826228e-03
-5.8100e+01   3.71673515e-03
-5.8000e+01   3.72599346e-03
-5.7900e+01   3.73491260e-03
-5.7800e+01   3.74377941e-03
-5.7700e+01   3.75322326e-03
-5.7600e+01   3.76186003e-03
-5.7500e+01   3.77147205e-03
-5.7400e+01   3.78034201e-03
-5.7300e+01   3.78967616e-03
-5.7200e+01   3.79909583e-03
-5.7100e+01   3.80805167e-03
-5.7000e+01   3.81788235e-03
-5.6900e+01   3.82680634e-03
-5.6800e+01   3.83658710e-03
-5.6700e+01   3.84593906e-03
-5.6600e+01   3.85533475e-03
-5.6500e+01   3.86524150e-03
-5.6400e+01   3.87437139e-03
-5.6300e+01   3.88450179e-03
-5.6200e+01   3.89382757e-03
-5.6100e+01   3.90371314e-03
-5.6000e+01   3.91359239e-03
-5.5900e+01   3.92308407e-03
-5.5800e+01   3.93342204e-03
-5.5700e+01   3.94283885e-03
-5.5600e+01   3.95317873e-03
-5.5500e+01   3.96300129e-03
-5.5400e+01   3.97296797e-03
-5.5300e+01   3.98337229e-03
-5.5200e+01   3.99303982e-03
-5.5100e+01   4.00372467e-03
-5.5000e+01   4.01354845e-03
-5.4900e+01   4.02402673e-03
-5.4800e+01   4.03440354e-03
-5.4700e+01   4.04447697e-03
-5.4600e+01   4.05535897e-03
-5.4500e+01   4.06531470e-03
-5.4400e+01   4.07625402e-03
-5.4300e+01   4.08658952e-03
-5.4200e+01   4.09717319e-03
-5.4100e+01   4.10811408e-03
-5.4000e+01   4.11836817e-03
-5.3900e+01   4.12964752e-03
-5.3800e+01   4.14001626e-03
-5.3700e+01   4.15113251e-03
-5.3600e+01   4.16204963e-03
-5.3500e+01   4.17275514e-03
-5.3400e+01   4.18422229e-03
-5.3300e+01   4.19476801e-03
-5.3200e+01   4.20635127e-03
-5.3100e+01   4.21724721e-03
-5.3000e+01   4.22849828e-03
-5.2900e+01   4.24001962e-03
-5.2800e+01   4.25091418e-03
-5.2700e+01   4.26283264e-03
-5.2600e+01   4.27379873e-03
-5.2500e+01   4.28560276e-03
-5.2400e+01   4.29710835e-03
-5.2300e+01   4.30850123e-03
-5.2200e+01   4.32059973e-03
-5.2100e+01   4.33179203e-03
-5.2000e+01   4.34406859e-03
-5.1900e+01   4.35557825e-03
-5.1800e+01   4.36755219e-03
-5.1700e+01   4.37970349e-03
-5.1600e+01   4.39129805e-03
-5.1500e+01   4.40390549e-03
-5.1400e+01   4.41552742e-03
-5.1300e+01   4.42807426e-03
-5.1200e+01   4.44022261e-03
-5.1100e+01   4.45236383e-03
-5.1000e+01   4.46514571e-03
-5.0900e+01   4.47704744e-03
-5.0800e+01   4.49007222e-03
-5.0700e+01   4.50225549e-03
-5.0600e+01   4.51501352e-03
-5.0500e+01   4.52785074e-03
-5.0400e+01   4.54021115e-03
-5.0300e+01   4.55356355e-03
-5.0200e+01   4.56590668e-03
-5.0100e+01   4.57925742e-03
-5.0000e+01   4.59210982e-03
-4.9900e+01   4.60506678e-03
-4.9800e+01   4.61859079e-03
-4.9700e+01   4.63127190e-03
-4.9600e+01   4.64510629e-03
-4.9500e+01   4.65803052e-03
-4.9400e+01   4.67164053e-03
-4.9300e+01   4.68522698e-03
-4.9200e+01   4.69842636e-03
-4.9100e+01   4.71258676e-03
-4.9000e+01   4.72572429e-03
-4.8900e+01   4.73994696e-03
-4.8800e+01   4.75357272e-03
-4.8700e+01   4.76742025e-03
-4.8600e+01   4.78175287e-03
-4.8500e+01   4.79529140e-03
-4.8400e+01   4.81000429e-03
-4.8300e+01   4.82374536e-03
-4.8200e+01   4.83828288e-03
-4.8100e+01   4.85269038e-03
-4.8000e+01   4.86681012e-03
-4.7900e+01   4.88184971e-03
-4.7800e+01   4.89586379e-03
-4.7700e+01   4.91103454e-03
-4.7600e+01   4.92551213e-03
-4.7500e+01   4.94033355e-03
-4.7400e+01   4.95555026e-03
-4.7300e+01   4.97003348e-03
-4.7200e+01   4.98570247e-03
-4.7100e+01   5.00034603e-03
-4.7000e+01   5.01589549e-03
-4.6900e+01   5.03120563e-03
-4.6800e+01   5.04633663e-03
-4.6700e+01   5.06233614e-03
-4.6600e+01   5.07731912e-03
-4.6500e+01   5.09352355e-03
-4.6400e+01   5.10894199e-03
-4.6300e+01   5.12483049e-03
-4.6200e+01   5.14101716e-03
-4.6100e+01   5.15654296e-03
-4.6000e+01   5.17325583e-03
-4.5900e+01   5.18889872e-03
-4.5800e+01   5.20555489e-03
-4.5700e+01   5.22186058e-03
-4.5600e+01   5.23810475e-03
-4.5500e+01   5.25515599e-03
-4.5400e+01   5.27121200e-03
-4.5300e+01   5.28854669e-03
-4.5200e+01   5.30500719e-03
-4.5100e+01   5.32206741e-03
-4.5000e+01   5.33932202e-03
-4.4900e+01   5.35600054e-03
-4.4800e+01   5.37385697e-03
-4.4700e+01   5.39060900e-03
-4.4600e+01   5.40847871e-03
-4.4500e+01   5.42588601e-03
-4.4400e+01   5.44335801e-03
-4.4300e+01   5.46156573e-03
-4.4200e+01   5.47881252e-03
-4.4100e+01   5.49738696e-03
-4.4000e+01   5.51500486e-03
-4.3900e+01   5.53335481e-03
-4.3800e+01   5.55178943e-03
-4.3700e+01   5.56974506e-03
-4.3600e+01   5.58885869e-03
-4.3500e+01   5.60684467e-03
-4.3400e+01   5.62604890e-03
-4.3300e+01   5.64467916e-03
-4.3200e+01   5.66350854e-03
-4.3100e+01   5.68299269e-03
-4.3000e+01   5.70156384e-03
-4.2900e+01   5.72150269e-03
-4.2800e+01   5.74040975e-03
-4.2700e+01   5.76018310e-03
-4.2600e+01   5.77992635e-03
-4.2500e+01   5.79930008e-03
-4.2400e+01   5.81980095e-03
-4.2300e+01   5.83916322e-03
-4.2200e+01   5.85983959e-03
-4.2100e+01   5.87983207e-03
-4.2000e+01   5.90016583e-03
-4.1900e+01   5.92106421e-03
-4.1800e+01   5.94111180e-03
-4.1700e+01   5.96255762e-03
-4.1600e+01   5.98290483e-03
-4.1500e+01   6.00425370e-03
-4.1400e+01   6.02545364e-03
-4.1300e+01   6.04640594e-03
-4.1200e+01   6.06844351e-03
-4.1100e+01   6.08934485e-03
-4.1000e+01   6.11165071e-03
-4.0900e+01   6.13316568e-03
-4.0800e+01   6.15517139e-03
-4.0700e+01   6.17764293e-03
-4.0600e+01   6.19934072e-03
-4.0500e+01   6.22245728e-03
-4.0400e+01   6.24441825e-03
-4.0300e+01   6.26751659e-03
-4.0200e+01   6.29034421e-03
-4.0100e+01   6.31305852e-03
-4.0000e+01   6.33680524e-03
-3.9900e+01   6.35943261e-03
-3.9800e+01   6.38354866e-03
-3.9700e+01   6.40677123e-03
-3.9600e+01   6.43064078e-03
-3.9500e+01   6.45486944e-03
-3.9400e+01   6.47841686e-03
-3.9300e+01   6.50339319e-03
-3.9200e+01   6.52716823e-03
-3.9100e+01   6.55221595e-03
-3.9000e+01   6.57686944e-03
-3.8900e+01   6.60155643e-03
-3.8800e+01   6.62721219e-03
-3.8700e+01   6.65178110e-03
-3.8600e+01   6.67791593e-03
-3.8500e+01   6.70306068e-03
-3.8400e+01   6.72901497e-03
-3.8300e+01   6.75521454e-03
-3.8200e+01   6.78084149e-03
-3.8100e+01   6.80789679e-03
-3.8000e+01   6.83371792e-03
-3.7900e+01   6.86094598e-03
-3.7800e+01   6.88765600e-03
-3.7700e+01   6.91455880e-03
-3.7600e+01   6.94235630e-03
-3.7500e+01   6.96911628e-03
-3.7400e+01   6.99751196e-03
-3.7300e+01   7.02482860e-03
-3.7200e+01   7.05312324e-03
-3.7100e+01   7.08154327e-03
-3.7000e+01   7.10951603e-03
-3.6900e+01   7.13890578e-03
-3.6800e+01   7.16704297e-03
-3.6700e+01   7.19671963e-03
-3.6600e+01   7.22575569e-03
-3.6500e+01   7.25515641e-03
-3.6400e+01   7.28536784e-03
-3.6300e+01   7.31460920e-03
-3.6200e+01   7.34554811e-03
-3.6100e+01   7.37532854e-03
-3.6000e+01   7.40626097e-03
-3.5900e+01   7.43719403e-03
-3.5800e+01   7.46782268e-03
-3.5700e+01   7.49984618e-03
-3.5600e+01   7.53061499e-03
-3.5500e+01   7.56305361e-03
-3.5400e+01   7.59473215e-03
-3.5300e+01   7.62695991e-03
-3.5200e+01   7.65990523e-03
-3.5100e+01   7.69196748e-03
-3.5000e+01   7.72578091e-03
-3.4900e+01   7.75836796e-03
-3.4800e+01   7.79228630e-03
-3.4700e+01   7.82607715e-03
-3.4600e+01   7.85972475e-03
-3.4500e+01   7.89473454e-03
-3.4400e+01   7.92850577e-03
-3.4300e+01   7.96407457e-03
-3.4200e+01   7.99876886e-03
-3.4100e+01   8.03420998e-03
-3.4000e+01   8.07026732e-03
-3.3900e+01   8.10554968e-03
-3.3800e+01   8.14262857e-03
-3.3700e+01   8.17842704e-03
-3.3600e+01   8.21574125e-03
-3.3500e+01   8.25279820e-03
-3.3400e+01   8.28989242e-03
-3.3300e+01   8.32830618e-03
-3.3200e+01   8.36551792e-03
-3.3100e+01   8.40465229e-03
-3.3000e+01   8.44280515e-03
-3.2900e+01   8.48191587e-03
-3.2800e+01   8.52153463e-03
-3.2700e+01   8.56050942e-03
-3.2600e+01   8.60131794e-03
-3.2500e+01   8.64080846e-03
-3.2400e+01   8.68200449e-03
-3.2300e+01   8.72281396e-03
-3.2200e+01   8.76386179e-03
-3.2100e+01   8.80617737e-03
-3.2000e+01   8.84735039e-03
-3.1900e+01   8.89056855e-03
-3.1800e+01   8.93270828e-03
-3.1700e+01   8.97603113e-03
-3.1600e+01   9.01974865e-03
-3.1500e+01   9.06297823e-03
-3.1400e+01   9.10807120e-03
-3.1300e+01   9.15182801e-03
-3.1200e+01   9.19748583e-03
-3.1100e+01   9.24263081e-03
-3.1000e+01   9.28823742e-03
-3.0900e+01   9.33505211e-03
-3.0800e+01   9.38080955e-03
-3.0700e+01   9.42873259e-03
-3.0600e+01   9.47549358e-03
-3.0500e+01   9.52367826e-03
-3.0400e+01   9.57214127e-03
-3.0300e+01   9.62029995e-03
-3.0200e+01   9.67034512e-03
-3.0100e+01   9.71905889e-03
-3.0000e+01   9.76987584e-03
-2.9900e+01   9.82005975e-03
-2.9800e+01   9.87095282e-03
-2.9700e+01   9.92298825e-03
-2.9600e+01   9.97408106e-03
-2.9500e+01   1.00274589e-02
-2.9400e+01   1.00796082e-02
-2.9300e+01   1.01334388e-02
-2.9200e+01   1.01874312e-02
-2.9100e+01   1.02413336e-02
-2.9000e+01   1.02971407e-02
-2.8900e+01   1.03516482e-02
-2.8800e+01   1.04084693e-02
-2.8700e+01   1.04645471e-02
-2.8600e+01   1.05216086e-02
-2.8500e+01   1.05797432e-02
-2.8400e+01   1.06370834e-02
-2.8300e+01   1.06968289e-02
-2.8200e+01   1.07553010e-02
-2.8100e+01   1.08157313e-02
-2.8000e+01   1.08762106e-02
-2.7900e+01   1.09368490e-02
-2.7800e+01   1.09994077e-02
-2.7700e+01   1.10607311e-02
-2.7600e+01   1.11245889e-02
-2.7500e+01   1.11876079e-02
-2.7400e+01   1.12519158e-02
-2.7300e+01   1.13172277e-02
-2.7200e+01   1.13819322e-02
-2.7100e+01   1.14491658e-02
-2.7000e+01   1.15151089e-02
-2.6900e+01   1.15833099e-02
-2.6800e+01   1.16514552e-02
-2.6700e+01   1.17200489e-02
-2.6600e+01   1.17905797e-02
-2.6500e+01   1.18599782e-02
-2.6400e+01   1.19321459e-02
-2.6300e+01   1.20034003e-02
-2.6200e+01   1.20762846e-02
-2.6100e+01   1.21501086e-02
-2.6000e+01   1.22235581e-02
-2.5900e+01   1.22996681e-02
-2.5800e+01   1.23745052e-02
-2.5700e+01   1.24519279e-02
-2.5600e+01   1.25292052e-02
-2.5500e+01   1.26072670e-02
-2.5400e+01   1.26872890e-02
-2.5300e+01   1.27663287e-02
-2.5200e+01   1.28483920e-02
-2.5100e+01   1.29294965e-02
-2.5000e+01   1.30126145e-02
-2.4900e+01   1.30966196e-02
-2.4800e+01   1.31805377e-02
-2.4700e+01   1.32672615e-02
-2.4600e+01   1.33527745e-02
-2.4500e+01   1.34412360e-02
-2.4400e+01   1.35294858e-02
-2.4300e+01   1.36189124e-02
-2.4200e+01   1.37103363e-02
-2.4100e+01   1.38009858e-02
-2.4000e+01   1.38949406e-02
-2.3900e+01   1.39879307e-02
-2.3800e+01   1.40833705e-02
-2.3700e+01   1.41796661e-02
-2.3600e+01   1.42762287e-02
-2.3500e+01   1.43757650e-02
-2.3400e+01   1.44742100e-02
-2.3300e+01   1.45760117e-02
-2.3200e+01   1.46775707e-02
-2.3100e+01   1.47807683e-02
-2.3000e+01   1.48860249e-02
-2.2900e+01   1.49907878e-02
-2.2800e+01   1.50991763e-02
-2.2700e+01   1.52066486e-02
-2.2600e+01   1.53170732e-02
-2.2500e+01   1.54283568e-02
-2.2400e+01   1.55403447e-02
-2.2300e+01   1.56555104e-02
-2.2200e+01   1.57697790e-02
-2.2100e+01   1.58878732e-02
-2.2000e+01   1.60057458e-02
-2.1900e+01   1.61258061e-02
-2.1800e+01   1.62480279e-02
-2.1700e+01   1.63701298e-02
-2.1600e+01   1.64962332e-02
-2.1500e+01   1.66215438e-02
-2.1400e+01   1.67503957e-02
-2.1300e+01   1.68801642e-02
-2.1200e+01   1.70111806e-02
-2.1100e+01   1.71456345e-02
-2.1000e+01   1.72794851e-02
-2.0900e+01   1.74177131e-02
-2.0800e+01   1.75558169e-02
-2.0700e+01   1.76967712e-02
-2.0600e+01   1.78400537e-02
-2.0500e+01   1.79837122e-02
-2.0400e+01   1.81318294e-02
-2.0300e+01   1.82793815e-02
-2.0200e+01   1.84311800e-02
-2.0100e+01   1.85840355e-02
-2.0000e+01   1.87388228e-02
-1.9900e+01   1.88973930e-02
-1.9800e+01   1.90557888e-02
-1.9700e+01   1.92192303e-02
-1.9600e+01   1.93827568e-02
-1.9500e+01   1.95499490e-02
-1.9400e+01   1.97197364e-02
-1.9300e+01   1.98905604e-02
-1.9200e+01   2.00664202e-02
-1.9100e+01   2.02420909e-02
-1.9000e+01   2.04228735e-02
-1.8900e+01   2.06049806e-02
-1.8800e+01   2.07898938e-02
-1.8700e+01   2.09790669e-02
-1.8600e+01   2.11686830e-02
-1.8500e+01   2.13641813e-02
-1.8400e+01   2.15601396e-02
-1.8300e+01   2.17607904e-02
-1.8200e+01   2.19644591e-02
-1.8100e+01   2.21700543e-02
-1.8000e+01   2.23814433e-02
-1.7900e+01   2.25932339e-02
-1.7800e+01   2.28112317e-02
-1.7700e+01   2.30310169e-02
-1.7600e+01   2.32547501e-02
-1.7500e+01   2.34834246e-02
-1.7400e+01   2.37134303e-02
-1.7300e+01   2.39504044e-02
-1.7200e+01   2.41884644e-02
-1.7100e+01   2.44325472e-02
-1.7000e+01   2.46803150e-02
-1.6900e+01   2.49312292e-02
-1.6800e+01   2.51889730e-02
-1.6700e+01   2.54480300e-02
-1.6600e+01   2.57147293e-02
-1.6500e+01   2.59839837e-02
-1.6400e+01   2.62587182e-02
-1.6300e+01   2.65393977e-02
-1.6200e+01   2.68226987e-02
-1.6100e+01   2.71144359e-02
-1.6000e+01   2.74082727e-02
-1.5900e+01   2.77099147e-02
-1.5800e+01   2.80162986e-02
-1.5700e+01   2.83275412e-02
-1.5600e+01   2.86470874e-02
-1.5500e+01   2.89693506e-02
-1.5400e+01   2.93012110e-02
-1.5300e+01   2.96368805e-02
-1.5200e+01   2.99801528e-02
-1.5100e+01   3.03308925e-02
-1.5000e+01   3.06861616e-02
-1.4900e+01   3.10519363e-02
-1.4800e+01   3.14214399e-02
-1.4700e+01   3.18012300e-02
-1.4600e+01   3.21874530e-02
-1.4500e+01   3.25810093e-02
-1.4400e+01   3.29850515e-02
-1.4300e+01   3.33939957e-02
-1.4200e+01   3.38153155e-02
-1.4100e+01   3.42424926e-02
-1.4000e+01   3.46803231e-02
-1.3900e+01   3.51279984e-02
-1.3800e+01   3.55830944e-02
-1.3700e+01   3.60517427e-02
-1.3600e+01   3.65267566e-02
-1.3500e+01   3.70156583e-02
-1.3400e+01   3.75137415e-02
-1.3300e+01   3.80228583e-02
-1.3200e+01   3.85458211e-02
-1.3100e+01   3.90771520e-02
-1.3000e+01   3.96249880e-02
-1.2900e+01   4.01820627e-02
-1.2800e+01   4.07543564e-02
-1.2700e+01   4.13403198e-02
-1.2600e+01   4.19382194e-02
-1.2500e+01   4.25543595e-02
-1.2400e+01   4.31812017e-02
-1.2300e+01   4.38273975e-02
-1.2200e+01   4.44873379e-02
-1.2100e+01   4.51640610e-02
-1.2000e+01   4.58600110e-02
-1.1900e+01   4.65699724e-02
-1.1800e+01   4.73028679e-02
-1.1700e+01   4.80506943e-02
-1.1600e+01   4.88208793e-02
-1.1500e+01   4.96110889e-02
-1.1400e+01   5.04205405e-02
-1.1300e+01   5.12557786e-02
-1.1200e+01   5.21090308e-02
-1.1100e+01   5.29903366e-02
-1.1000e+01   5.38931714e-02
-1.0900e+01   5.48221107e-02
-1.0800e+01   5.57792561e-02
-1.0700e+01   5.67599129e-02
-1.0600e+01   5.77740148e-02
-1.0500e+01   5.88129035e-02
-1.0400e+01   5.98858691e-02
-1.0300e+01   6.09898155e-02
-1.0200e+01   6.21253297e-02
-1.0100e+01   6.32993789e-02
-1.0000e+01   6.45042007e-02
-9.9000e+00   6.57516669e-02
-9.8000e+00   6.70344287e-02
-9.7000e+00   6.83591779e-02
-9.6000e+00   6.97278343e-02
-9.5000e+00   7.11366965e-02
-9.4000e+00   7.25971571e-02
-9.3000e+00   7.41001617e-02
-9.2000e+00   7.56575854e-02
-9.1000e+00   7.72657791e-02
-9.0000e+00   7.89274518e-02
-8.9000e+00   8.06504502e-02
-8.8000e+00   8.24275702e-02
-8.7000e+00   8.42733647e-02
-8.6000e+00   8.61800409e-02
-8.5000e+00   8.81574800e-02
-8.4000e+00   9.02079474e-02
-8.3000e+00   9.23297087e-02
-8.2000e+00   9.45365984e-02
-8.1000e+00   9.68199048e-02
-8.0000e+00   9.91955209e-02
-7.9000e+00   1.01659990e-01
-7.8000e+00   1.04219697e-01
-7.7000e+00   1.06884559e-01
-7.6000e+00   1.09649288e-01
-7.5000e+00   1.12532980e-01
-7.4000e+00   1.15528639e-01
-7.3000e+00   1.18651651e-01
-7.2000e+00   1.21906233e-01
-7.1000e+00   1.25294951e-01
-7.0000e+00   1.28836538e-01
-6.9000e+00   1.32524816e-01
-6.8000e+00   1.36383044e-01
-6.7000e+00   1.40410414e-01
-6.6000e+00   1.44620792e-01
-6.5000e+00   1.49029608e-01
-6.4000e+00   1.53637357e-01
-6.3000e+00   1.58472537e-01
-6.2000e+00   1.63533076e-01
-6.1000e+00   1.68845926e-01
-6.0000e+00   1.74422513e-01
-5.9000e+00   1.80276423e-01
-5.8000e+00   1.86438609e-01
-5.7000e+00   1.92912730e-01
-5.6000e+00   1.99739080e-01
-5.5000e+00   2.06928278e-01
-5.4000e+00   2.14513282e-01
-5.3000e+00   2.22526791e-01
-5.2000e+00   2.30988345e-01
-5.1000e+00   2.39951749e-01
-5.0000e+00   2.49435612e-01
-4.9000e+00   2.59498756e-01
-4.8000e+00   2.70180232e-01
-4.7000e+00   2.81529260e-01
-4.6000e+00   2.93616678e-01
-4.5000e+00   3.06485904e-01
-4.4000e+00   3.20231085e-01
-4.3000e+00   3.34912657e-01
-4.2000e+00   3.50629885e-01
-4.1000e+00   3.67484626e-01
-4.0000e+00   3.85575322e-01
-3.9000e+00   4.05052046e-01
-3.8000e+00   4.26032143e-01
-3.7000e+00   4.48701863e-01
-3.6000e+00   4.73234253e-01
-3.5000e+00   4.99841567e-01
-3.4000e+00   5.28783497e-01
-3.3000e+00   5.60315635e-01
-3.2000e+00   5.94795649e-01
-3.1000e+00   6.32575186e-01
-3.0000e+00   6.74115088e-01
-2.9000e+00   7.19935520e-01
-2.8000e+00   7.70635322e-01
-2.7000e+00   8.26976344e-01
-2.6000e+00   8.89794170e-01
-2.5000e+00   9.60175126e-01
-2.4000e+00   1.03936954e+00
-2.3000e+00   1.12893581e+00
-2.2000e+00   1.23080699e+00
-2.1000e+00   1.34732400e+00
-2.0000e+00   1.48151988e+00
-1.9000e+00   1.63713346e+00
-1.8000e+00   1.81905684e+00
-1.7000e+00   2.03360192e+00
-1.6000e+00   2.28908677e+00
-1.5000e+00   2.59674663e+00
-1.4000e+00   2.97179557e+00
-1.3000e+00   3.43561277e+00
-1.2000e+00   4.01857950e+00
-1.1000e+00   4.76537145e+00
-1.0000e+00   5.74366392e+00
-9.0000e-01   7.05976378e+00
-8.0000e-01   8.88872453e+00
-7.0000e-01   1.15342373e+01
-6.0000e-01   1.55608991e+01
-5.0000e-01   2.21115883e+01
-4.0000e-01   3.37746609e+01
-3.0000e-01   5.73574011e+01
-2.0000e-01   1.14625546e+02
-1.0000e-01   2.86424758e+02
0.0000e+00   5.72754363e+02
1.0000e-01   2.86430937e+02
2.0000e-01   1.14637906e+02
3.0000e-01   5.73759487e+01
4.0000e-01   3.37994026e+01
5.0000e-01   2.21425340e+01
6.0000e-01   1.55980612e+01
7.0000e-01   1.15776307e+01
8.0000e-01   8.93836632e+00
9.0000e-01   7.11567364e+00
1.0000e+00   5.80586388e+00
1.1000e+00   4.83388589e+00
1.2000e+00   4.09343513e+00
1.3000e+00   3.51683862e+00
1.4000e+00   3.05942293e+00
1.5000e+00   2.69080901e+00
1.6000e+00   2.38961991e+00
1.7000e+00   2.14064368e+00
1.8000e+00   1.93264722e+00
1.9000e+00   1.75731451e+00
2.0000e+00   1.60833569e+00
2.1000e+00   1.48082064e+00
2.2000e+00   1.37103242e+00
2.3000e+00   1.27593988e+00
2.4000e+00   1.19320390e+00
2.5000e+00   1.12089319e+00
2.6000e+00   1.05745104e+00
2.7000e+00   1.00162875e+00
2.8000e+00   9.52341560e-01
2.9000e+00   9.08755389e-01
3.0000e+00   8.70109823e-01
3.1000e+00   8.35807385e-01
3.2000e+00   8.05329206e-01
3.3000e+00   7.78215665e-01
3.4000e+00   7.54116266e-01
3.5000e+00   7.32674417e-01
3.6000e+00   7.13635524e-01
3.7000e+00   6.96740817e-01
3.8000e+00   6.81778889e-01
3.9000e+00   6.68577457e-01
4.0000e+00   6.56950959e-01
4.1000e+00   6.46782655e-01
4.2000e+00   6.37922999e-01
4.3000e+00   6.30273993e-01
4.4000e+00   6.23734142e-01
4.5000e+00   6.18204462e-01
4.6000e+00   6.13624714e-01
4.7000e+00   6.09900869e-01
4.8000e+00   6.06989541e-01
4.9000e+00   6.04819845e-01
5.0000e+00   6.03342429e-01
5.1000e+00   6.02518031e-01
5.2000e+00   6.02287536e-01
5.3000e+00   6.02631960e-01
5.4000e+00   6.03497047e-01
5.5000e+00   6.04862724e-01
5.6000e+00   6.06695680e-01
5.7000e+00   6.08962270e-01
5.8000e+00   6.11651112e-01
5.9000e+00   6.14721073e-01
6.0000e+00   6.18167582e-01
6.1000e+00   6.21958703e-01
6.2000e+00   6.26079794e-01
6.3000e+00   6.30518309e-01
6.4000e+00   6.35246103e-01
6.5000e+00   6.40263996e-01
6.6000e+00   6.45542169e-01
6.7000e+00   6.51078751e-01
6.8000e+00   6.56856874e-01
6.9000e+00   6.62861175e-01
7.0000e+00   6.69090915e-01
7.1000e+00   6.75521234e-01
7.2000e+00   6.82156661e-01
7.3000e+00   6.88976767e-01
7.4000e+00   6.95977244e-01
7.5000e+00   7.03152096e-01
7.6000e+00   7.10484116e-01
7.7000e+00   7.17978446e-01
7.8000e+00   7.25614102e-01
7.9000e+00   7.33394454e-01
8.0000e+00   7.41307644e-01
8.1000e+00   7.49345320e-01
8.2000e+00   7.57508954e-01
8.3000e+00   7.65780649e-01
8.4000e+00   7.74167101e-01
8.5000e+00   7.82652451e-01
8.6000e+00   7.91236399e-01
8.7000e+00   7.99914646e-01
8.8000e+00   8.08675273e-01
8.9000e+00   8.17524042e-01
9.0000e+00   8.26444374e-01
9.1000e+00   8.35441459e-01
9.2000e+00   8.44505448e-01
9.3000e+00   8.53631650e-01
9.4000e+00   8.62821748e-01
9.5000e+00   8.72061929e-01
9.6000e+00   8.81359335e-01
9.7000e+00   8.90700691e-01
9.8000e+00   9.00087850e-01
9.9000e+00   9.09517082e-01
1.0000e+01   9.18979924e-01
1.0100e+01   9.28481996e-01
1.0200e+01   9.38009745e-01
1.0300e+01   9.47569302e-01
1.0400e+01   9.57152119e-01
1.0500e+01   9.66756083e-01
1.0600e+01   9.76382823e-01
1.0700e+01   9.86021641e-01
1.0800e+01   9.95679851e-01
1.0900e+01   1.00534624e+00
1.1000e+01   1.01502428e+00
1.1100e+01   1.02471075e+00
1.1200e+01   1.03439998e+00
1.1300e+01   1.04409750e+00
1.1400e+01   1.05379236e+00
1.1500e+01   1.06349148e+00
1.1600e+01   1.07318755e+00
1.1700e+01   1.08288065e+00
1.1800e+01   1.09257253e+00
1.1900e+01   1.10225523e+00
1.2000e+01   1.11193630e+00
1.2100e+01   1.12160647e+00
1.2200e+01   1.13127068e+00
1.2300e+01   1.14092629e+00
1.2400e+01   1.15057017e+00
1.2500e+01   1.16020789e+00
1.2600e+01   1.16983088e+00
1.2700e+01   1.17944681e+00
1.2800e+01   1.18904962e+00
1.2900e+01   1.19864136e+00
1.3000e+01   1.20822397e+00
1.3100e+01   1.21779195e+00
1.3200e+01   1.22735312e+00
1.3300e+01   1.23690000e+00
1.3400e+01   1.24643876e+00
1.3500e+01   1.25596739e+00
1.3600e+01   1.26548489e+00
1.3700e+01   1.27499692e+00
1.3800e+01   1.28449695e+00
1.3900e+01   1.29399323e+00
1.4000e+01   1.30348078e+00
1.4100e+01   1.31296321e+00
1.4200e+01   1.32244258e+00
1.4300e+01   1.33191542e+00
1.4400e+01   1.34138960e+00
1.4500e+01   1.35085906e+00
1.4600e+01   1.36033084e+00
1.4700e+01   1.36980330e+00
1.4800e+01   1.37927707e+00
1.4900e+01   1.38875758e+00
1.5000e+01   1.39823988e+00
1.5100e+01   1.40773238e+00
1.5200e+01   1.41723075e+00
1.5300e+01   1.42673962e+00
1.5400e+01   1.43626081e+00
1.5500e+01   1.44579223e+00
1.5600e+01   1.45534136e+00
1.5700e+01   1.46490306e+00
1.5800e+01   1.47448460e+00
1.5900e+01   1.48408425e+00
1.6000e+01   1.49370359e+00
1.6100e+01   1.50334736e+00
1.6200e+01   1.51301150e+00
1.6300e+01   1.52270400e+00
1.6400e+01   1.53242064e+00
1.6500e+01   1.54216633e+00
1.6600e+01   1.55194215e+00
1.6700e+01   1.56174667e+00
1.6800e+01   1.57158644e+00
1.6900e+01   1.58145654e+00
1.7000e+01   1.59136386e+00
1.7100e+01   1.60130601e+00
1.7200e+01   1.61128479e+00
1.7300e+01   1.62130371e+00
1.7400e+01   1.63135898e+00
1.7500e+01   1.64145752e+00
1.7600e+01   1.65159469e+00
1.7700e+01   1.66177502e+00
1.7800e+01   1.67199834e+00
1.7900e+01   1.68226327e+00
1.8000e+01   1.69257490e+00
1.8100e+01   1.70292803e+00
1.8200e+01   1.71332858e+00
1.8300e+01   1.72377310e+00
1.8400e+01   1.73426305e+00
1.8500e+01   1.74480036e+00
1.8600e+01   1.75538098e+00
1.8700e+01   1.76601041e+00
1.8800e+01   1.77668323e+00
1.8900e+01   1.78740316e+00
1.9000e+01   1.79816858e+00
1.9100e+01   1.80897775e+00
1.9200e+01   1.81983411e+00
1.9300e+01   1.83073193e+00
1.9400e+01   1.84167594e+00
1.9500e+01   1.85266153e+00
1.9600e+01   1.86368959e+00
1.9700e+01   1.87476045e+00
1.9800e+01   1.88586970e+00
1.9900e+01   1.89702141e+00
2.0000e+01   1.90820938e+00
2.0100e+01   1.91943654e+00
2.0200e+01   1.93069996e+00
2.0300e+01   1.94199758e+00
2.0400e+01   1.95333141e+00
2.0500e+01   1.96469535e+00
2.0600e+01   1.97609313e+00
2.0700e+01   1.98751930e+00
2.0800e+01   1.99897443e+00
2.0900e+01   2.01045762e+00
2.1000e+01   2.02196442e+00
2.1100e+01   2.03349786e+00
2.1200e+01   2.04505146e+00
2.1300e+01   2.05662774e+00
2.1400e+01   2.06822300e+00
2.1500e+01   2.07983536e+00
2.1600e+01   2.09146594e+00
2.1700e+01   2.10310887e+00
2.1800e+01   2.11476745e+00
2.1900e+01   2.12643606e+00
2.2000e+01   2.13811552e+00
2.2100e+01   2.14980442e+00
2.2200e+01   2.16149895e+00
2.2300e+01   2.17320180e+00
2.2400e+01   2.18490693e+00
2.2500e+01   2.19661715e+00
2.2600e+01   2.20832877e+00
2.2700e+01   2.22004081e+00
2.2800e+01   2.23175427e+00
2.2900e+01   2.24346427e+00
2.3000e+01   2.25517442e+00
2.3100e+01   2.26687974e+00
2.3200e+01   2.27858200e+00
2.3300e+01   2.29028012e+00
2.3400e+01   2.30197161e+00
2.3500e+01   2.31365957e+00
2.3600e+01   2.32533915e+00
2.3700e+01   2.33701413e+00
2.3800e+01   2.34868161e+00
2.3900e+01   2.36034208e+00
2.4000e+01   2.37199718e+00
2.4100e+01   2.38364362e+00
2.4200e+01   2.39528592e+00
2.4300e+01   2.40692038e+00
2.4400e+01   2.41855023e+00
2.4500e+01   2.43017526e+00
2.4600e+01   2.44179480e+00
2.4700e+01   2.45341283e+00
2.4800e+01   2.46502615e+00
2.4900e+01   2.47663984e+00
2.5000e+01   2.48825217e+00
2.5100e+01   2.49986543e+00
2.5200e+01   2.51148214e+00
2.5300e+01   2.52310084e+00
2.5400e+01   2.53472714e+00
2.5500e+01   2.54635876e+00
2.5600e+01   2.55800048e+00
2.5700e+01   2.56965305e+00
2.5800e+01   2.58131756e+00
2.5900e+01   2.59299886e+00
2.6000e+01   2.60469530e+00
2.6100e+01   2.61641310e+00
2.6200e+01   2.62815158e+00
2.6300e+01   2.63991450e+00
2.6400e+01   2.65170505e+00
2.6500e+01   2.66352326e+00
2.6600e+01   2.67537543e+00
2.6700e+01   2.68726034e+00
2.6800e+01   2.69918377e+00
2.6900e+01   2.71114700e+00
2.7000e+01   2.72315232e+00
2.7100e+01   2.73520485e+00
2.7200e+01   2.74730387e+00
2.7300e+01   2.75945606e+00
2.7400e+01   2.77166113e+00
2.7500e+01   2.78392354e+00
2.7600e+01   2.79624643e+00
2.7700e+01   2.80863049e+00
2.7800e+01   2.82108189e+00
2.7900e+01   2.83359966e+00
2.8000e+01   2.84618967e+00
2.8100e+01   2.85885288e+00
2.8200e+01   2.87159182e+00
2.8300e+01   2.88441098e+00
2.8400e+01   2.89730969e+00
2.8500e+01   2.91029406e+00
2.8600e+01   2.92336330e+00
2.8700e+01   2.93652158e+00
2.8800e+01   2.94977103e+00
2.8900e+01   2.96311206e+00
2.9000e+01   2.97654976e+00
2.9100e+01   2.99008244e+00
2.9200e+01   3.00371515e+00
2.9300e+01   3.01744760e+00
2.9400e+01   3.03128164e+00
2.9500e+01   3.04522027e+00
2.9600e+01   3.05926196e+00
2.9700e+01   3.07341145e+00
2.9800e+01   3.08766661e+00
2.9900e+01   3.10203052e+00
3.0000e+01   3.11650359e+00
3.0100e+01   3.13108519e+00
3.0200e+01   3.14577863e+00
3.0300e+01   3.16058093e+00
3.0400e+01   3.17549561e+00
3.0500e+01   3.19052065e+00
3.0600e+01   3.20565667e+00
3.0700e+01   3.22090472e+00
3.0800e+01   3.23626199e+00
3.0900e+01   3.25173144e+00
3.1000e+01   3.26730935e+00
3.1100e+01   3.28299738e+00
3.1200e+01   3.29879403e+00
3.1300e+01   3.31469747e+00
3.1400e+01   3.33070914e+00
3.1500e+01   3.34682469e+00
3.1600e+01   3.36304613e+00
3.1700e+01   3.37936981e+00
3.1800e+01   3.39579519e+00
3.1900e+01   3.41232157e+00
3.2000e+01   3.42894510e+00
3.2100e+01   3.44566724e+00
3.2200e+01   3.46248304e+00
3.2300e+01   3.47939312e+00
3.2400e+01   3.49639455e+00
3.2500e+01   3.51348480e+00
3.2600e+01   3.53066396e+00
3.2700e+01   3.54792699e+00
3.2800e+01   3.56527499e+00
3.2900e+01   3.58270341e+00
3.3000e+01   3.60021129e+00
3.3100e+01   3.61779697e+00
3.3200e+01   3.63545641e+00
3.3300e+01   3.65319041e+00
3.3400e+01   3.67099374e+00
3.3500e+01   3.68886686e+00
3.3600e+01   3.70680645e+00
3.3700e+01   3.72481022e+00
3.3800e+01   3.74287797e+00
3.3900e+01   3.76100501e+00
3.4000e+01   3.77919257e+00
3.4100e+01   3.79743631e+00
3.4200e+01   3.81573592e+00
3.4300e+01   3.83408991e+00
3.4400e+01   3.85249514e+00
3.4500e+01   3.87095285e+00
3.4600e+01   3.88945868e+00
3.4700e+01   3.90801401e+00
3.4800e+01   3.92661623e+00
3.4900e+01   3.94526438e+00
3.5000e+01   3.96395906e+00
3.5100e+01   3.98269697e+00
3.5200e+01   4.00148051e+00
3.5300e+01   4.02030659e+00
3.5400e+01   4.03917649e+00
3.5500e+01   4.05808988e+00
3.5600e+01   4.07704543e+00
3.5700e+01   4.09604570e+00
3.5800e+01   4.11508805e+00
3.5900e+01   4.13417557e+00
3.6000e+01   4.15330715e+00
3.6100e+01   4.17248384e+00
3.6200e+01   4.19170769e+00
3.6300e+01   4.21097745e+00
3.6400e+01   4.23029718e+00
3.6500e+01   4.24966558e+00
3.6600e+01   4.26908593e+00
3.6700e+01   4.28855944e+00
3.6800e+01   4.30808692e+00
3.6900e+01   4.32767248e+00
3.7000e+01   4.34731540e+00
3.7100e+01   4.36702058e+00
3.7200e+01   4.38678849e+00
3.7300e+01   4.40662215e+00
3.7400e+01   4.42652501e+00
3.7500e+01   4.44649768e+00
3.7600e+01   4.46654569e+00
3.7700e+01   4.48666924e+00
3.7800e+01   4.50687325e+00
3.7900e+01   4.52716009e+00
3.8000e+01   4.54753217e+00
3.8100e+01   4.56799463e+00
3.8200e+01   4.58854809e+00
3.8300e+01   4.60919853e+00
3.8400e+01   4.62994729e+00
3.8500e+01   4.65079859e+00
3.8600e+01   4.67175640e+00
3.8700e+01   4.69282233e+00
3.8800e+01   4.71400238e+00
3.8900e+01   4.73529730e+00
3.9000e+01   4.75671256e+00
3.9100e+01   4.77825060e+00
3.9200e+01   4.79991435e+00
3.9300e+01   4.82170878e+00
3.9400e+01   4.84363466e+00
3.9500e+01   4.86569781e+00
3.9600e+01   4.88789925e+00
3.9700e+01   4.91024304e+00
3.9800e+01   4.93273243e+00
3.9900e+01   4.95536873e+00
4.0000e+01   4.97815707e+00
4.0100e+01   5.00109747e+00
4.0200e+01   5.02419460e+00
4.0300e+01   5.04744970e+00
4.0400e+01   5.07086486e+00
4.0500e+01   5.09444360e+00
4.0600e+01   5.11818559e+00
4.0700e+01   5.14209521e+00
4.0800e+01   5.16617191e+00
4.0900e+01   5.19041843e+00
4.1000e+01   5.21483611e+00
4.1100e+01   5.23942483e+00
4.1200e+01   5.26418774e+00
4.1300e+01   5.28912312e+00
4.1400e+01   5.31423381e+00
4.1500e+01   5.33951892e+00
4.1600e+01   5.36497882e+00
4.1700e+01   5.39061473e+00
4.1800e+01   5.41642446e+00
4.1900e+01   5.44241023e+00
4.2000e+01   5.46856935e+00
4.2100e+01   5.49490258e+00
4.2200e+01   5.52140892e+00
4.2300e+01   5.54808636e+00
4.2400e+01   5.57493576e+00
4.2500e+01   5.60195337e+00
4.2600e+01   5.62914000e+00
4.2700e+01   5.65649253e+00
4.2800e+01   5.68400956e+00
4.2900e+01   5.71169008e+00
4.3000e+01   5.73953015e+00
4.3100e+01   5.76753003e+00
4.3200e+01   5.79568516e+00
4.3300e+01   5.82399470e+00
4.3400e+01   5.85245571e+00
4.3500e+01   5.88106484e+00
4.3600e+01   5.90982118e+00
4.3700e+01   5.93871964e+00
4.3800e+01   5.96775968e+00
4.3900e+01   5.99693676e+00
4.4000e+01   6.02624853e+00
4.4100e+01   6.05569262e+00
4.4200e+01   6.08526435e+00
4.4300e+01   6.11496295e+00
4.4400e+01   6.14478307e+00
4.4500e+01   6.17472333e+00
4.4600e+01   6.20478001e+00
4.4700e+01   6.23494952e+00
4.4800e+01   6.26523039e+00
4.4900e+01   6.29561740e+00
4.5000e+01   6.32610984e+00
4.5100e+01   6.35670301e+00
4.5200e+01   6.38739480e+00
4.5300e+01   6.41818277e+00
4.5400e+01   6.44906266e+00
4.5500e+01   6.48003392e+00
4.5600e+01   6.51109161e+00
4.5700e+01   6.54223498e+00
4.5800e+01   6.57346065e+00
4.5900e+01   6.60476593e+00
4.6000e+01   6.63614985e+00
4.6100e+01   6.66760808e+00
4.6200e+01   6.69914072e+00
4.6300e+01   6.73074386e+00
4.6400e+01   6.76241646e+00
4.6500e+01   6.79415680e+00
4.6600e+01   6.82596182e+00
4.6700e+01   6.85783178e+00
4.6800e+01   6.88976281e+00
4.6900e+01   6.92175520e+00
4.7000e+01   6.95380642e+00
4.7100e+01   6.98591495e+00
4.7200e+01   7.01808058e+00
4.7300e+01   7.05030004e+00
4.7400e+01   7.08257428e+00
4.7500e+01   7.11490014e+00
4.7600e+01   7.14727756e+00
4.7700e+01   7.17970529e+00
4.7800e+01   7.21218115e+00
4.7900e+01   7.24470583e+00
4.8000e+01   7.27727597e+00
4.8100e+01   7.30989235e+00
4.8200e+01   7.34255256e+00
4.8300e+01   7.37525551e+00
4.8400e+01   7.40800084e+00
4.8500e+01   7.44078542e+00
4.8600e+01   7.47361000e+00
4.8700e+01   7.50647108e+00
4.8800e+01   7.53936835e+00
4.8900e+01   7.57229983e+00
4.9000e+01   7.60526287e+00
4.9100e+01   7.63825721e+00
4.9200e+01   7.67127862e+00
4.9300e+01   7.70432683e+00
4.9400e+01   7.73739807e+00
4.9500e+01   7.77049010e+00
4.9600e+01   7.80360084e+00
4.9700e+01   7.83672570e+00
4.9800e+01   7.86986356e+00
4.9900e+01   7.90300901e+00
5.0000e+01   7.93615982e+00
5.0100e+01   7.96931165e+00
5.0200e+01   8.00245980e+00
5.0300e+01   8.03560139e+00
5.0400e+01   8.06872981e+00
5.0500e+01   8.10184216e+00
5.0600e+01   8.13493185e+00
5.0700e+01   8.16799402e+00
5.0800e+01   8.20102347e+00
5.0900e+01   8.23401284e+00
5.1000e+01   8.26695784e+00
5.1100e+01   8.29984998e+00
5.1200e+01   8.33268397e+00
5.1300e+01   8.36545211e+00
5.1400e+01   8.39814667e+00
5.1500e+01   8.43076137e+00
5.1600e+01   8.46328640e+00
5.1700e+01   8.49571565e+00
5.1800e+01   8.52803914e+00
5.1900e+01   8.56024896e+00
5.2000e+01   8.59233651e+00
5.2100e+01   8.62429142e+00
5.2200e+01   8.65610621e+00
5.2300e+01   8.68776930e+00
5.2400e+01   8.71927254e+00
5.2500e+01   8.75060513e+00
5.2600e+01   8.78175672e+00
5.2700e+01   8.81271811e+00
5.2800e+01   8.84347703e+00
5.2900e+01   8.87402481e+00
5.3000e+01   8.90434902e+00
5.3100e+01   8.93443966e+00
5.3200e+01   8.96428582e+00
5.3300e+01   8.99387537e+00
5.3400e+01   9.02319886e+00
5.3500e+01   9.05224310e+00
5.3600e+01   9.08099852e+00
5.3700e+01   9.10945283e+00
5.3800e+01   9.13759473e+00
5.3900e+01   9.16541385e+00
5.4000e+01   9.19289724e+00
5.4100e+01   9.22003557e+00
5.4200e+01   9.24681592e+00
5.4300e+01   9.27322816e+00
5.4400e+01   9.29926113e+00
5.4500e+01   9.32490298e+00
5.4600e+01   9.35014443e+00
5.4700e+01   9.37497282e+00
5.4800e+01   9.39937925e+00
5.4900e+01   9.42335214e+00
5.5000e+01   9.44688139e+00
5.5100e+01   9.46995760e+00
5.5200e+01   9.49256931e+00
5.5300e+01   9.51470863e+00
5.5400e+01   9.53636424e+00
5.5500e+01   9.55752799e+00
5.5600e+01   9.57819045e+00
5.5700e+01   9.59834208e+00
5.5800e+01   9.61797568e+00
5.5900e+01   9.63708100e+00
5.6000e+01   9.65565166e+00
5.6100e+01   9.67367856e+00
5.6200e+01   9.69115444e+00
5.6300e+01   9.70807254e+00
5.6400e+01   9.72442442e+00
5.6500e+01   9.74020508e+00
5.6600e+01   9.75540625e+00
5.6700e+01   9.77002297e+00
5.6800e+01   9.78404884e+00
5.6900e+01   9.79747774e+00
5.7000e+01   9.81030557e+00
5.7100e+01   9.82252550e+00
5.7200e+01   9.83413451e+00
5.7300e+01   9.84512677e+00
5.7400e+01   9.85549861e+00
5.7500e+01   9.86524648e+00
5.7600e+01   9.87436552e+00
5.7700e+01   9.88285410e+00
5.7800e+01   9.89070734e+00
5.7900e+01   9.89792383e+00
5.8000e+01   9.90450041e+00
5.8100e+01   9.91043456e+00
5.8200e+01   9.91572541e+00
5.8300e+01   9.92036958e+00
5.8400e+01   9.92436742e+00
5.8500e+01   9.92771632e+00
5.8600e+01   9.93041607e+00
5.8700e+01   9.93246622e+00
5.8800e+01   9.93386533e+00
5.8900e+01   9.93461487e+00
5.9000e+01   9.93471319e+00
5.9100e+01   9.93416213e+00
5.9200e+01   9.93296151e+00
5.9300e+01   9.93111212e+00
5.9400e+01   9.92861603e+00
5.9500e+01   9.92547303e+00
5.9600e+01   9.92168650e+00
5.9700e+01   9.91725682e+00
5.9800e+01   9.91218692e+00
5.9900e+01   9.90647920e+00
6.0000e+01   9.90013537e+00
6.0100e+01   9.89315979e+00
6.0200e+01   9.88555382e+00
6.0300e+01   9.87732234e+00
6.0400e+01   9.86846804e+00
6.0500e+01   9.85899485e+00
6.0600e+01   9.84890766e+00
6.0700e+01   9.83820940e+00
6.0800e+01   9.82690642e+00
6.0900e+01   9.81500205e+00
6.1000e+01   9.80250242e+00
6.1100e+01   9.78941279e+00
6.1200e+01   9.77573813e+00
6.1300e+01   9.76148577e+00
6.1400e+01   9.74666022e+00
6.1500e+01   9.73126955e+00
6.1600e+01   9.71531948e+00
6.1700e+01   9.69881728e+00
6.1800e+01   9.68177088e+00
6.1900e+01   9.66418656e+00
6.2000e+01   9.64607384e+00
6.2100e+01   9.62743928e+00
6.2200e+01   9.60829240e+00
6.2300e+01   9.58864156e+00
6.2400e+01   9.56849522e+00
6.2500e+01   9.54786385e+00
6.2600e+01   9.52675534e+00
6.2700e+01   9.50518108e+00
6.2800e+01   9.48314997e+00
6.2900e+01   9.46067274e+00
6.3000e+01   9.43776041e+00
6.3100e+01   9.41442263e+00
6.3200e+01   9.39067209e+00
6.3300e+01   9.36651851e+00
6.3400e+01   9.34197465e+00
6.3500e+01   9.31705183e+00
6.3600e+01   9.29176171e+00
6.3700e+01   9.26611761e+00
6.3800e+01   9.24013042e+00
6.3900e+01   9.21381438e+00
6.4000e+01   9.18718107e+00
6.4100e+01   9.16024402e+00
6.4200e+01   9.13301669e+00
6.4300e+01   9.10551133e+00
6.4400e+01   9.07774293e+00
6.4500e+01   9.04972343e+00
6.4600e+01   9.02146782e+00
6.4700e+01   8.99298925e+00
6.4800e+01   8.96430140e+00
6.4900e+01   8.93541917e+00
6.5000e+01   8.90635508e+00
6.5100e+01   8.87712476e+00
6.5200e+01   8.84774098e+00
6.5300e+01   8.81821847e+00
6.5400e+01   8.78857143e+00
6.5500e+01   8.75881299e+00
6.5600e+01   8.72895859e+00
6.5700e+01   8.69902058e+00
6.5800e+01   8.66901416e+00
6.5900e+01   8.63895239e+00
6.6000e+01   8.60884889e+00
6.6100e+01   8.57871806e+00
6.6200e+01   8.54857192e+00
6.6300e+01   8.51842534e+00
6.6400e+01   8.48829007e+00
6.6500e+01   8.45817982e+00
6.6600e+01   8.42810731e+00
6.6700e+01   8.39808431e+00
6.6800e+01   8.36812445e+00
6.6900e+01   8.33823823e+00
6.7000e+01   8.30843888e+00
6.7100e+01   8.27873707e+00
6.7200e+01   8.24914421e+00
6.7300e+01   8.21967197e+00
6.7400e+01   8.19032978e+00
6.7500e+01   8.16112960e+00
6.7600e+01   8.13208010e+00
6.7700e+01   8.10319198e+00
6.7800e+01   8.07447449e+00
6.7900e+01   8.04593616e+00
6.8000e+01   8.01758698e+00
6.8100e+01   7.98943383e+00
6.8200e+01   7.96148623e+00
6.8300e+01   7.93375093e+00
6.8400e+01   7.90623554e+00
6.8500e+01   7.87894758e+00
6.8600e+01   7.85189252e+00
6.8700e+01   7.82507812e+00
6.8800e+01   7.79850886e+00
6.8900e+01   7.77219129e+00
6.9000e+01   7.74613024e+00
6.9100e+01   7.72033011e+00
6.9200e+01   7.69479643e+00
6.9300e+01   7.66953183e+00
6.9400e+01   7.64454152e+00
6.9500e+01   7.61982782e+00
6.9600e+01   7.59539417e+00
6.9700e+01   7.57124364e+00
6.9800e+01   7.54737757e+00
6.9900e+01   7.52379942e+00
7.0000e+01   7.50050945e+00
7.0100e+01   7.47751016e+00
7.0200e+01   7.45480216e+00
7.0300e+01   7.43238597e+00
7.0400e+01   7.41026301e+00
7.0500e+01   7.38843211e+00
7.0600e+01   7.36689463e+00
7.0700e+01   7.34564909e+00
7.0800e+01   7.32469540e+00
7.0900e+01   7.30403291e+00
7.1000e+01   7.28365961e+00
7.1100e+01   7.26357549e+00
7.1200e+01   7.24377754e+00
7.1300e+01   7.22426513e+00
7.1400e+01   7.20503567e+00
7.1500e+01   7.18608682e+00
7.1600e+01   7.16741703e+00
7.1700e+01   7.14902241e+00
7.1800e+01   7.13090167e+00
7.1900e+01   7.11305069e+00
7.2000e+01   7.09546709e+00
7.2100e+01   7.07814772e+00
7.2200e+01   7.06108847e+00
7.2300e+01   7.04428717e+00
7.2400e+01   7.02773878e+00
7.2500e+01   7.01144086e+00
7.2600e+01   6.99538890e+00
7.2700e+01   6.97957904e+00
7.2800e+01   6.96400802e+00
7.2900e+01   6.94867055e+00
7.3000e+01   6.93356398e+00
7.3100e+01   6.91868287e+00
7.3200e+01   6.90402378e+00
7.3300e+01   6.88958236e+00
7.3400e+01   6.87535368e+00
7.3500e+01   6.86133458e+00
7.3600e+01   6.84751931e+00
7.3700e+01   6.83390477e+00
7.3800e+01   6.82048575e+00
7.3900e+01   6.80725804e+00
7.4000e+01   6.79421780e+00
7.4100e+01   6.78135954e+00
7.4200e+01   6.76868030e+00
7.4300e+01   6.75617444e+00
7.4400e+01   6.74383853e+00
7.4500e+01   6.73166806e+00
7.4600e+01   6.71965832e+00
7.4700e+01   6.70780616e+00
7.4800e+01   6.69610608e+00
7.4900e+01   6.68455529e+00
7.5000e+01   6.67314884e+00
7.5100e+01   6.66188302e+00
7.5200e+01   6.65075435e+00
7.5300e+01   6.63975798e+00
7.5400e+01   6.62889148e+00
7.5500e+01   6.61814983e+00
7.5600e+01   6.60753041e+00
7.5700e+01   6.59702932e+00
7.5800e+01   6.58664280e+00
7.5900e+01   6.57636847e+00
7.6000e+01   6.56620176e+00
7.6100e+01   6.55614087e+00
7.6200e+01   6.54618175e+00
7.6300e+01   6.53632188e+00
7.6400e+01   6.52655871e+00
7.6500e+01   6.51688861e+00
7.6600e+01   6.50731027e+00
7.6700e+01   6.49781984e+00
7.6800e+01   6.48841598e+00
7.6900e+01   6.47909595e+00
7.7000e+01   6.46985738e+00
7.7100e+01   6.46069909e+00
7.7200e+01   6.45161791e+00
7.7300e+01   6.44261339e+00
7.7400e+01   6.43368277e+00
7.7500e+01   6.42482504e+00
7.7600e+01   6.41603891e+00
7.7700e+01   6.40732229e+00
7.7800e+01   6.39867521e+00
7.7900e+01   6.39009526e+00
7.8000e+01   6.38158260e+00
7.8100e+01   6.37313580e+00
7.8200e+01   6.36475408e+00
7.8300e+01   6.35643755e+00
7.8400e+01   6.34818456e+00
7.8500e+01   6.33999606e+00
7.8600e+01   6.33187065e+00
7.8700e+01   6.32380884e+00
7.8800e+01   6.31581057e+00
7.8900e+01   6.30787525e+00
7.9000e+01   6.30000417e+00
7.9100e+01   6.29219628e+00
7.9200e+01   6.28445308e+00
7.9300e+01   6.27677432e+00
7.9400e+01   6.26916059e+00
7.9500e+01   6.26161311e+00
7.9600e+01   6.25413148e+00
7.9700e+01   6.24671780e+00
7.9800e+01   6.23937173e+00
7.9900e+01   6.23209495e+00
8.0000e+01   6.22488834e+00
8.0100e+01   6.21775240e+00
8.0200e+01   6.21068931e+00
8.0300e+01   6.20369895e+00
8.0400e+01   6.19678373e+00
8.0500e+01   6.18994412e+00
8.0600e+01   6.18318162e+00
8.0700e+01   6.17649804e+00
8.0800e+01   6.16989376e+00
8.0900e+01   6.16337146e+00
8.1000e+01   6.15693136e+00
8.1100e+01   6.15057575e+00
8.1200e+01   6.14430586e+00
8.1300e+01   6.13812275e+00
8.1400e+01   6.13202887e+00
8.1500e+01   6.12602446e+00
8.1600e+01   6.12011224e+00
8.1700e+01   6.11429282e+00
8.1800e+01   6.10856799e+00
8.1900e+01   6.10293955e+00
8.2000e+01   6.09740806e+00
8.2100e+01   6.09197619e+00
8.2200e+01   6.08664410e+00
8.2300e+01   6.08141411e+00
8.2400e+01   6.07628720e+00
8.2500e+01   6.07126443e+00
8.2600e+01   6.06634793e+00
8.2700e+01   6.06153776e+00
8.2800e+01   6.05683636e+00
8.2900e+01   6.05224396e+00
8.3000e+01   6.04776210e+00
8.3100e+01   6.04339207e+00
8.3200e+01   6.03913410e+00
8.3300e+01   6.03499035e+00
8.3400e+01   6.03096048e+00
8.3500e+01   6.02704637e+00
8.3600e+01   6.02324833e+00
8.3700e+01   6.01956697e+00
8.3800e+01   6.01600374e+00
8.3900e+01   6.01255811e+00
8.4000e+01   6.00923191e+00
8.4100e+01   6.00602464e+00
8.4200e+01   6.00293727e+00
8.4300e+01   5.99997028e+00
8.4400e+01   5.99712331e+00
8.4500e+01   5.99439772e+00
8.4600e+01   5.99179249e+00
8.4700e+01   5.98930879e+00
8.4800e+01   5.98694611e+00
8.4900e+01   5.98470443e+00
8.5000e+01   5.98258433e+00
8.5100e+01   5.98058464e+00
8.5200e+01   5.97870640e+00
8.5300e+01   5.97694832e+00
8.5400e+01   5.97531074e+00
8.5500e+01   5.97379328e+00
8.5600e+01   5.97239496e+00
8.5700e+01   5.97111635e+00
8.5800e+01   5.96995572e+00
8.5900e+01   5.96891360e+00
8.6000e+01   5.96798869e+00
8.6100e+01   5.96718042e+00
8.6200e+01   5.96648860e+00
8.6300e+01   5.96591148e+00
8.6400e+01   5.96544948e+00
8.6500e+01   5.96510064e+00
8.6600e+01   5.96486482e+00
8.6700e+01   5.96474096e+00
8.6800e+01   5.96472764e+00
8.6900e+01   5.96482484e+00
8.7000e+01   5.96503037e+00
8.7100e+01   5.96534431e+00
8.7200e+01   5.96576486e+00
8.7300e+01   5.96629114e+00
8.7400e+01   5.96692246e+00
8.7500e+01   5.96765681e+00
8.7600e+01   5.96849424e+00
8.7700e+01   5.96943249e+00
8.7800e+01   5.97047122e+00
8.7900e+01   5.97160903e+00
8.8000e+01   5.97284443e+00
8.8100e+01   5.97417715e+00
8.8200e+01   5.97560491e+00
8.8300e+01   5.97712771e+00
8.8400e+01   5.97874361e+00
8.8500e+01   5.98045182e+00
8.8600e+01   5.98225154e+00
8.8700e+01   5.98414089e+00
8.8800e+01   5.98611995e+00
8.8900e+01   5.98818656e+00
8.9000e+01   5.99034058e+00
8.9100e+01   5.99258068e+00
8.9200e+01   5.99490569e+00
8.9300e+01   5.99731549e+00
8.9400e+01   5.99980808e+00
8.9500e+01   6.00238381e+00
8.9600e+01   6.00504096e+00
8.9700e+01   6.00777920e+00
8.9800e+01   6.01059799e+00
8.9900e+01   6.01349595e+00
9.0000e+01   6.01647350e+00
9.0100e+01   6.01952893e+00
9.0200e+01   6.02266261e+00
9.0300e+01   6.02587357e+00
9.0400e+01   6.02916126e+00
9.0500e+01   6.03252593e+00
9.0600e+01   6.03596616e+00
9.0700e+01   6.03948279e+00
9.0800e+01   6.04307457e+00
9.0900e+01   6.04674180e+00
9.1000e+01   6.05048431e+00
9.1100e+01   6.05430135e+00
9.1200e+01   6.05819380e+00
9.1300e+01   6.06216042e+00
9.1400e+01   6.06620214e+00
9.1500e+01   6.07031836e+00
9.1600e+01   6.07450911e+00
9.1700e+01   6.07877496e+00
9.1800e+01   6.08311498e+00
9.1900e+01   6.08753039e+00
9.2000e+01   6.09202026e+00
9.2100e+01   6.09658531e+00
9.2200e+01   6.10122557e+00
9.2300e+01   6.10594067e+00
9.2400e+01   6.11073166e+00
9.2500e+01   6.11559751e+00
9.2600e+01   6.12053937e+00
9.2700e+01   6.12555668e+00
9.2800e+01   6.13064964e+00
9.2900e+01   6.13581878e+00
9.3000e+01   6.14106325e+00
9.3100e+01   6.14638419e+00
9.3200e+01   6.15178056e+00
9.3300e+01   6.15725303e+00
9.3400e+01   6.16280136e+00
9.3500e+01   6.16842505e+00
9.3600e+01   6.17412482e+00
9.3700e+01   6.17989939e+00
9.3800e+01   6.18574958e+00
9.3900e+01   6.19167436e+00
9.4000e+01   6.19767364e+00
9.4100e+01   6.20374737e+00
9.4200e+01   6.20989430e+00
9.4300e+01   6.21611499e+00
9.4400e+01   6.22240785e+00
9.4500e+01   6.22877301e+00
9.4600e+01   6.23520952e+00
9.4700e+01   6.24171637e+00
9.4800e+01   6.24829352e+00
9.4900e+01   6.25493906e+00
9.5000e+01   6.26165313e+00
9.5100e+01   6.26843396e+00
9.5200e+01   6.27528082e+00
9.5300e+01   6.28219284e+00
9.5400e+01   6.28916814e+00
9.5500e+01   6.29620654e+00
9.5600e+01   6.30330570e+00
9.5700e+01   6.31046514e+00
9.5800e+01   6.31768309e+00
9.5900e+01   6.32495798e+00
9.6000e+01   6.33228903e+00
9.6100e+01   6.33967371e+00
9.6200e+01   6.34711157e+00
9.6300e+01   6.35460018e+00
9.6400e+01   6.36213834e+00
9.6500e+01   6.36972454e+00
9.6600e+01   6.37735650e+00
9.6700e+01   6.38503352e+00
9.6800e+01   6.39275282e+00
9.6900e+01   6.40051358e+00
9.7000e+01   6.40831362e+00
9.7100e+01   6.41615114e+00
9.7200e+01   6.42402500e+00
9.7300e+01   6.43193253e+00
9.7400e+01   6.43987308e+00
9.7500e+01   6.44784402e+00
9.7600e+01   6.45584418e+00
9.7700e+01   6.46387188e+00
9.7800e+01   6.47192493e+00
9.7900e+01   6.48000261e+00
9.8000e+01   6.48810224e+00
9.8100e+01   6.49622316e+00
9.8200e+01   6.50436325e+00
9.8300e+01   6.51252103e+00
9.8400e+01   6.52069549e+00
9.8500e+01   6.52888430e+00
9.8600e+01   6.53708709e+00
9.8700e+01   6.54530153e+00
9.8800e+01   6.55352689e+00
9.8900e+01   6.56176177e+00
9.9000e+01   6.57000448e+00
9.9100e+01   6.57825467e+00
9.9200e+01   6.58651013e+00
9.9300e+01   6.59477069e+00
9.9400e+01   6.60303465e+00
9.9500e+01   6.61130110e+00
9.9600e+01   6.61956945e+00
9.9700e+01   6.62783792e+00
9.9800e+01   6.63610665e+00
9.9900e+01   6.64437378e+00
1.0000e+02   6.65263916e+00
1.0010e+02   6.66090182e+00
1.0020e+02   6.66916067e+00
1.0030e+02   6.67741579e+00
1.0040e+02   6.68566548e+00
1.0050e+02   6.69391010e+00
1.0060e+02   6.70214834e+00
1.0070e+02   6.71037989e+00
1.0080e+02   6.71860450e+00
1.0090e+02   6.72682092e+00
1.0100e+02   6.73502970e+00
1.0110e+02   6.74322939e+00
1.0120e+02   6.75142033e+00
1.0130e+02   6.75960186e+00
1.0140e+02   6.76777339e+00
1.0150e+02   6.77593530e+00
1.0160e+02   6.78408634e+00
1.0170e+02   6.79222725e+00
1.0180e+02   6.80035702e+00
1.0190e+02   6.80847581e+00
1.0200e+02   6.81658361e+00
1.0210e+02   6.82467965e+00
1.0220e+02   6.83276477e+00
1.0230e+02   6.84083787e+00
1.0240e+02   6.84889974e+00
1.0250e+02   6.85694995e+00
1.0260e+02   6.86498842e+00
1.0270e+02   6.87301580e+00
1.0280e+02   6.88103127e+00
1.0290e+02   6.88903596e+00
1.0300e+02   6.89702920e+00
1.0310e+02   6.90501165e+00
1.0320e+02   6.91298361e+00
1.0330e+02   6.92094480e+00
1.0340e+02   6.92889645e+00
1.0350e+02   6.93683791e+00
1.0360e+02   6.94477043e+00
1.0370e+02   6.95269396e+00
1.0380e+02   6.96060896e+00
1.0390e+02   6.96851646e+00
1.0400e+02   6.97641612e+00
1.0410e+02   6.98430954e+00
1.0420e+02   6.99219644e+00
1.0430e+02   7.00007800e+00
1.0440e+02   7.00795485e+00
1.0450e+02   7.01582722e+00
1.0460e+02   7.02369666e+00
1.0470e+02   7.03156291e+00
1.0480e+02   7.03942762e+00
1.0490e+02   7.04729098e+00
1.0500e+02   7.05515382e+00
1.0510e+02   7.06301733e+00
1.0520e+02   7.07088145e+00
1.0530e+02   7.07874790e+00
1.0540e+02   7.08661650e+00
1.0550e+02   7.09448855e+00
1.0560e+02   7.10236457e+00
1.0570e+02   7.11024483e+00
1.0580e+02   7.11813070e+00
1.0590e+02   7.12602172e+00
1.0600e+02   7.13391929e+00
1.0610e+02   7.14182320e+00
1.0620e+02   7.14973397e+00
1.0630e+02   7.15765219e+00
1.0640e+02   7.16557728e+00
1.0650e+02   7.17351031e+00
1.0660e+02   7.18145033e+00
1.0670e+02   7.18939790e+00
1.0680e+02   7.19735257e+00
1.0690e+02   7.20531375e+00
1.0700e+02   7.21328170e+00
1.0710e+02   7.22125490e+00
1.0720e+02   7.22923362e+00
1.0730e+02   7.23721634e+00
1.0740e+02   7.24520240e+00
1.0750e+02   7.25319097e+00
1.0760e+02   7.26118018e+00
1.0770e+02   7.26916965e+00
1.0780e+02   7.27715697e+00
1.0790e+02   7.28514131e+00
1.0800e+02   7.29312067e+00
1.0810e+02   7.30109304e+00
1.0820e+02   7.30905714e+00
1.0830e+02   7.31701003e+00
1.0840e+02   7.32495052e+00
1.0850e+02   7.33287564e+00
1.0860e+02   7.34078343e+00
1.0870e+02   7.34867161e+00
1.0880e+02   7.35653713e+00
1.0890e+02   7.36437834e+00
1.0900e+02   7.37219170e+00
1.0910e+02   7.37997535e+00
1.0920e+02   7.38772624e+00
1.0930e+02   7.39544159e+00
1.0940e+02   7.40311924e+00
1.0950e+02   7.41075563e+00
1.0960e+02   7.41834903e+00
1.0970e+02   7.42589596e+00
1.0980e+02   7.43339424e+00
1.0990e+02   7.44084130e+00
1.1000e+02   7.44823410e+00
1.1010e+02   7.45557101e+00
1.1020e+02   7.46284868e+00
1.1030e+02   7.47006560e+00
1.1040e+02   7.47721908e+00
1.1050e+02   7.48430701e+00
1.1060e+02   7.49132784e+00
1.1070e+02   7.49827887e+00
1.1080e+02   7.50515928e+00
1.1090e+02   7.51196659e+00
1.1100e+02   7.51869981e+00
1.1110e+02   7.52535752e+00
1.1120e+02   7.53193808e+00
1.1130e+02   7.53844120e+00
1.1140e+02   7.54486500e+00
1.1150e+02   7.55120956e+00
1.1160e+02   7.55747371e+00
1.1170e+02   7.56365705e+00
1.1180e+02   7.56975961e+00
1.1190e+02   7.57578046e+00
1.1200e+02   7.58172046e+00
1.1210e+02   7.58757882e+00
1.1220e+02   7.59335635e+00
1.1230e+02   7.59905322e+00
1.1240e+02   7.60466958e+00
1.1250e+02   7.61020669e+00
1.1260e+02   7.61566434e+00
1.1270e+02   7.62104417e+00
1.1280e+02   7.62634644e+00
1.1290e+02   7.63157229e+00
1.1300e+02   7.63672302e+00
1.1310e+02   7.64179905e+00
1.1320e+02   7.64680242e+00
1.1330e+02   7.65173345e+00
1.1340e+02   7.65659401e+00
1.1350e+02   7.66138513e+00
1.1360e+02   7.66610785e+00
1.1370e+02   7.67076411e+00
1.1380e+02   7.67535432e+00
1.1390e+02   7.67988065e+00
1.1400e+02   7.68434371e+00
1.1410e+02   7.68874501e+00
1.1420e+02   7.69308595e+00
1.1430e+02   7.69736709e+00
1.1440e+02   7.70159042e+00
1.1450e+02   7.70575610e+00
1.1460e+02   7.70986582e+00
1.1470e+02   7.71392019e+00
1.1480e+02   7.71791992e+00
1.1490e+02   7.72186633e+00
1.1500e+02   7.72575927e+00
1.1510e+02   7.72960020e+00
1.1520e+02   7.73338890e+00
1.1530e+02   7.73712608e+00
1.1540e+02   7.74081213e+00
1.1550e+02   7.74444666e+00
1.1560e+02   7.74803055e+00
1.1570e+02   7.75156280e+00
1.1580e+02   7.75504397e+00
1.1590e+02   7.75847334e+00
1.1600e+02   7.76185039e+00
1.1610e+02   7.76517505e+00
1.1620e+02   7.76844580e+00
1.1630e+02   7.77166272e+00
1.1640e+02   7.77482407e+00
1.1650e+02   7.77792918e+00
1.1660e+02   7.78097684e+00
1.1670e+02   7.78396525e+00
1.1680e+02   7.78689369e+00
1.1690e+02   7.78975966e+00
1.1700e+02   7.79256220e+00
1.1710e+02   7.79529899e+00
1.1720e+02   7.79796807e+00
1.1730e+02   7.80056776e+00
1.1740e+02   7.80309510e+00
1.1750e+02   7.80554865e+00
1.1760e+02   7.80792518e+00
1.1770e+02   7.81022267e+00
1.1780e+02   7.81243840e+00
1.1790e+02   7.81456929e+00
1.1800e+02   7.81661323e+00
1.1810e+02   7.81856647e+00
1.1820e+02   7.82042686e+00
1.1830e+02   7.82219082e+00
1.1840e+02   7.82385540e+00
1.1850e+02   7.82541777e+00
1.1860e+02   7.82687405e+00
1.1870e+02   7.82822191e+00
1.1880e+02   7.82945725e+00
1.1890e+02   7.83057738e+00
1.1900e+02   7.83157886e+00
1.1910e+02   7.83245813e+00
1.1920e+02   7.83321255e+00
1.1930e+02   7.83383803e+00
1.1940e+02   7.83433217e+00
1.1950e+02   7.83469117e+00
1.1960e+02   7.83491210e+00
1.1970e+02   7.83499210e+00
1.1980e+02   7.83492753e+00
1.1990e+02   7.83471627e+00
1.2000e+02   7.83435460e+00
1.2010e+02   7.83384039e+00
1.2020e+02   7.83317070e+00
1.2030e+02   7.83234276e+00
1.2040e+02   7.83135473e+00
1.2050e+02   7.83020344e+00
1.2060e+02   7.82888755e+00
1.2070e+02   7.82740437e+00
1.2080e+02   7.82575227e+00
1.2090e+02   7.82392967e+00
1.2100e+02   7.82193441e+00
1.2110e+02   7.81976589e+00
1.2120e+02   7.81742201e+00
1.2130e+02   7.81490236e+00
1.2140e+02   7.81220572e+00
1.2150e+02   7.80933128e+00
1.2160e+02   7.80627903e+00
1.2170e+02   7.80304785e+00
1.2180e+02   7.79963846e+00
1.2190e+02   7.79605023e+00
1.2200e+02   7.79228378e+00
1.2210e+02   7.78833963e+00
1.2220e+02   7.78421797e+00
1.2230e+02   7.77992042e+00
1.2240e+02   7.77544721e+00
1.2250e+02   7.77080032e+00
1.2260e+02   7.76598084e+00
1.2270e+02   7.76099041e+00
1.2280e+02   7.75583136e+00
1.2290e+02   7.75050504e+00
1.2300e+02   7.74501459e+00
1.2310e+02   7.73936177e+00
1.2320e+02   7.73354971e+00
1.2330e+02   7.72758128e+00
1.2340e+02   7.72145918e+00
1.2350e+02   7.71518742e+00
1.2360e+02   7.70876865e+00
1.2370e+02   7.70220731e+00
1.2380e+02   7.69550681e+00
1.2390e+02   7.68867130e+00
1.2400e+02   7.68170540e+00
1.2410e+02   7.67461287e+00
1.2420e+02   7.66739920e+00
1.2430e+02   7.66006846e+00
1.2440e+02   7.65262616e+00
1.2450e+02   7.64507739e+00
1.2460e+02   7.63742720e+00
1.2470e+02   7.62968181e+00
1.2480e+02   7.62184612e+00
1.2490e+02   7.61392679e+00
1.2500e+02   7.60592936e+00
1.2510e+02   7.59786020e+00
1.2520e+02   7.58972597e+00
1.2530e+02   7.58153256e+00
1.2540e+02   7.57328749e+00
1.2550e+02   7.56499679e+00
1.2560e+02   7.55666799e+00
1.2570e+02   7.54830799e+00
1.2580e+02   7.53992378e+00
1.2590e+02   7.53152330e+00
1.2600e+02   7.52311320e+00
1.2610e+02   7.51470182e+00
1.2620e+02   7.50629623e+00
1.2630e+02   7.49790437e+00
1.2640e+02   7.48953425e+00
1.2650e+02   7.48119316e+00
1.2660e+02   7.47288981e+00
1.2670e+02   7.46463137e+00
1.2680e+02   7.45642644e+00
1.2690e+02   7.44828276e+00
1.2700e+02   7.44020819e+00
1.2710e+02   7.43221129e+00
1.2720e+02   7.42429925e+00
1.2730e+02   7.41648084e+00
1.2740e+02   7.40876333e+00
1.2750e+02   7.40115484e+00
1.2760e+02   7.39366326e+00
1.2770e+02   7.38629572e+00
1.2780e+02   7.37906055e+00
1.2790e+02   7.37196432e+00
1.2800e+02   7.36501499e+00
1.2810e+02   7.35821932e+00
1.2820e+02   7.35158416e+00
1.2830e+02   7.34511671e+00
1.2840e+02   7.33882274e+00
1.2850e+02   7.33270937e+00
1.2860e+02   7.32678193e+00
1.2870e+02   7.32104656e+00
1.2880e+02   7.31550877e+00
1.2890e+02   7.31017330e+00
1.2900e+02   7.30504571e+00
1.2910e+02   7.30012969e+00
1.2920e+02   7.29543009e+00
1.2930e+02   7.29095026e+00
1.2940e+02   7.28669359e+00
1.2950e+02   7.28266342e+00
1.2960e+02   7.27886159e+00
1.2970e+02   7.27529098e+00
1.2980e+02   7.27195248e+00
1.2990e+02   7.26884766e+00
1.3000e+02   7.26597711e+00
1.3010e+02   7.26334058e+00
1.3020e+02   7.26093835e+00
1.3030e+02   7.25876865e+00
1.3040e+02   7.25683072e+00
1.3050e+02   7.25512201e+00
1.3060e+02   7.25363999e+00
1.3070e+02   7.25238173e+00
1.3080e+02   7.25134278e+00
1.3090e+02   7.25051951e+00
1.3100e+02   7.24990617e+00
1.3110e+02   7.24949761e+00
1.3120e+02   7.24928747e+00
1.3130e+02   7.24926863e+00
1.3140e+02   7.24943425e+00
1.3150e+02   7.24977549e+00
1.3160e+02   7.25028444e+00
1.3170e+02   7.25095137e+00
1.3180e+02   7.25176662e+00
1.3190e+02   7.25272008e+00
1.3200e+02   7.25380026e+00
1.3210e+02   7.25499652e+00
1.3220e+02   7.25629618e+00
1.3230e+02   7.25768740e+00
1.3240e+02   7.25915715e+00
1.3250e+02   7.26069198e+00
1.3260e+02   7.26227883e+00
1.3270e+02   7.26390298e+00
1.3280e+02   7.26555092e+00
1.3290e+02   7.26720756e+00
1.3300e+02   7.26885840e+00
1.3310e+02   7.27048870e+00
1.3320e+02   7.27208292e+00
1.3330e+02   7.27362670e+00
1.3340e+02   7.27510416e+00
1.3350e+02   7.27650085e+00
1.3360e+02   7.27780152e+00
1.3370e+02   7.27899121e+00
1.3380e+02   7.28005582e+00
1.3390e+02   7.28098027e+00
1.3400e+02   7.28175132e+00
1.3410e+02   7.28235472e+00
1.3420e+02   7.28277756e+00
1.3430e+02   7.28300725e+00
1.3440e+02   7.28303119e+00
1.3450e+02   7.28283853e+00
1.3460e+02   7.28241762e+00
1.3470e+02   7.28175892e+00
1.3480e+02   7.28085267e+00
1.3490e+02   7.27969019e+00
1.3500e+02   7.27826412e+00
1.3510e+02   7.27656685e+00
1.3520e+02   7.27459314e+00
1.3530e+02   7.27233725e+00
1.3540e+02   7.26979546e+00
1.3550e+02   7.26696463e+00
1.3560e+02   7.26384225e+00
1.3570e+02   7.26042784e+00
1.3580e+02   7.25672053e+00
1.3590e+02   7.25272189e+00
1.3600e+02   7.24843343e+00
1.3610e+02   7.24385808e+00
1.3620e+02   7.23900010e+00
1.3630e+02   7.23386371e+00
1.3640e+02   7.22845550e+00
1.3650e+02   7.22278151e+00
1.3660e+02   7.21684979e+00
1.3670e+02   7.21066875e+00
1.3680e+02   7.20424735e+00
1.3690e+02   7.19759625e+00
1.3700e+02   7.19072546e+00
1.3710e+02   7.18364710e+00
1.3720e+02   7.17637278e+00
1.3730e+02   7.16891518e+00
1.3740e+02   7.16128772e+00
1.3750e+02   7.15350336e+00
1.3760e+02   7.14557678e+00
1.3770e+02   7.13752155e+00
1.3780e+02   7.12935269e+00
1.3790e+02   7.12108479e+00
1.3800e+02   7.11273249e+00
1.3810e+02   7.10431131e+00
1.3820e+02   7.09583551e+00
1.3830e+02   7.08732077e+00
1.3840e+02   7.07878143e+00
1.3850e+02   7.07023241e+00
1.3860e+02   7.06168845e+00
1.3870e+02   7.05316331e+00
1.3880e+02   7.04467175e+00
1.3890e+02   7.03622674e+00
1.3900e+02   7.02784213e+00
1.3910e+02   7.01953066e+00
1.3920e+02   7.01130466e+00
1.3930e+02   7.00317668e+00
1.3940e+02   6.99515758e+00
1.3950e+02   6.98725917e+00
1.3960e+02   6.97949142e+00
1.3970e+02   6.97186462e+00
1.3980e+02   6.96438838e+00
1.3990e+02   6.95707118e+00
1.4000e+02   6.94992211e+00
1.4010e+02   6.94294831e+00
1.4020e+02   6.93615769e+00
1.4030e+02   6.92955679e+00
1.4040e+02   6.92315180e+00
1.4050e+02   6.91694898e+00
1.4060e+02   6.91095295e+00
1.4070e+02   6.90516932e+00
1.4080e+02   6.89960190e+00
1.4090e+02   6.89425502e+00
1.4100e+02   6.88913233e+00
1.4110e+02   6.88423669e+00
1.4120e+02   6.87957165e+00
1.4130e+02   6.87513908e+00
1.4140e+02   6.87094191e+00
1.4150e+02   6.86698187e+00
1.4160e+02   6.86326075e+00
1.4170e+02   6.85978056e+00
1.4180e+02   6.85654211e+00
1.4190e+02   6.85354742e+00
1.4200e+02   6.85079703e+00
1.4210e+02   6.84829235e+00
1.4220e+02   6.84603434e+00
1.4230e+02   6.84402354e+00
1.4240e+02   6.84226141e+00
1.4250e+02   6.84074800e+00
1.4260e+02   6.83948473e+00
1.4270e+02   6.83847191e+00
1.4280e+02   6.83771033e+00
1.4290e+02   6.83720099e+00
1.4300e+02   6.83694397e+00
1.4310e+02   6.83694068e+00
1.4320e+02   6.83719110e+00
1.4330e+02   6.83769628e+00
1.4340e+02   6.83845673e+00
1.4350e+02   6.83947272e+00
1.4360e+02   6.84074532e+00
1.4370e+02   6.84227424e+00
1.4380e+02   6.84406051e+00
1.4390e+02   6.84610390e+00
1.4400e+02   6.84840467e+00
1.4410e+02   6.85096308e+00
1.4420e+02   6.85377842e+00
1.4430e+02   6.85685107e+00
1.4440e+02   6.86017986e+00
1.4450e+02   6.86376453e+00
1.4460e+02   6.86760401e+00
1.4470e+02   6.87169688e+00
1.4480e+02   6.87604223e+00
1.4490e+02   6.88063763e+00
1.4500e+02   6.88548175e+00
1.4510e+02   6.89057174e+00
1.4520e+02   6.89590515e+00
1.4530e+02   6.90147913e+00
1.4540e+02   6.90728983e+00
1.4550e+02   6.91333423e+00
1.4560e+02   6.91960750e+00
1.4570e+02   6.92610570e+00
1.4580e+02   6.93282371e+00
1.4590e+02   6.93975608e+00
1.4600e+02   6.94689757e+00
1.4610e+02   6.95424135e+00
1.4620e+02   6.96178157e+00
1.4630e+02   6.96951065e+00
1.4640e+02   6.97742141e+00
1.4650e+02   6.98550602e+00
1.4660e+02   6.99375572e+00
1.4670e+02   7.00216232e+00
1.4680e+02   7.01071586e+00
1.4690e+02   7.01940716e+00
1.4700e+02   7.02822574e+00
1.4710e+02   7.03716087e+00
1.4720e+02   7.04620181e+00
1.4730e+02   7.05533635e+00
1.4740e+02   7.06455316e+00
1.4750e+02   7.07383915e+00
1.4760e+02   7.08318172e+00
1.4770e+02   7.09256755e+00
1.4780e+02   7.10198248e+00
1.4790e+02   7.11141297e+00
1.4800e+02   7.12084377e+00
1.4810e+02   7.13026059e+00
1.4820e+02   7.13964784e+00
1.4830e+02   7.14899001e+00
1.4840e+02   7.15827166e+00
1.4850e+02   7.16747617e+00
1.4860e+02   7.17658806e+00
1.4870e+02   7.18559037e+00
1.4880e+02   7.19446708e+00
1.4890e+02   7.20320170e+00
1.4900e+02   7.21177751e+00
1.4910e+02   7.22017877e+00
1.4920e+02   7.22838860e+00
1.4930e+02   7.23639168e+00
1.4940e+02   7.24417192e+00
1.4950e+02   7.25171409e+00
1.4960e+02   7.25900356e+00
1.4970e+02   7.26602539e+00
1.4980e+02   7.27276644e+00
1.4990e+02   7.27921287e+00
1.5000e+02   7.28535262e+00
1.5010e+02   7.29117385e+00
1.5020e+02   7.29666545e+00
1.5030e+02   7.30181793e+00
1.5040e+02   7.30662156e+00
1.5050e+02   7.31106892e+00
1.5060e+02   7.31515253e+00
1.5070e+02   7.31886656e+00
1.5080e+02   7.32220637e+00
1.5090e+02   7.32516770e+00
1.5100e+02   7.32774864e+00
1.5110e+02   7.32994708e+00
1.5120e+02   7.33176319e+00
1.5130e+02   7.33319765e+00
1.5140e+02   7.33425224e+00
1.5150e+02   7.33493052e+00
1.5160e+02   7.33523598e+00
1.5170e+02   7.33517448e+00
1.5180e+02   7.33475168e+00
1.5190e+02   7.33397494e+00
1.5200e+02   7.33285242e+00
1.5210e+02   7.33139251e+00
1.5220e+02   7.32960549e+00
1.5230e+02   7.32750101e+00
1.5240e+02   7.32509056e+00
1.5250e+02   7.32238543e+00
1.5260e+02   7.31939750e+00
1.5270e+02   7.31613963e+00
1.5280e+02   7.31262396e+00
1.5290e+02   7.30886419e+00
1.5300e+02   7.30487301e+00
1.5310e+02   7.30066404e+00
1.5320e+02   7.29625079e+00
1.5330e+02   7.29164627e+00
1.5340e+02   7.28686448e+00
1.5350e+02   7.28191798e+00
1.5360e+02   7.27682045e+00
1.5370e+02   7.27158447e+00
1.5380e+02   7.26622267e+00
1.5390e+02   7.26074781e+00
1.5400e+02   7.25517138e+00
1.5410e+02   7.24950585e+00
1.5420e+02   7.24376212e+00
1.5430e+02   7.23795166e+00
1.5440e+02   7.23208530e+00
1.5450e+02   7.22617323e+00
1.5460e+02   7.22022627e+00
1.5470e+02   7.21425369e+00
1.5480e+02   7.20826582e+00
1.5490e+02   7.20227186e+00
1.5500e+02   7.19628122e+00
1.5510e+02   7.19030351e+00
1.5520e+02   7.18434743e+00
1.5530e+02   7.17842294e+00
1.5540e+02   7.17253882e+00
1.5550e+02   7.16670501e+00
1.5560e+02   7.16093126e+00
1.5570e+02   7.15522741e+00
1.5580e+02   7.14960455e+00
1.5590e+02   7.14407303e+00
1.5600e+02   7.13864508e+00
1.5610e+02   7.13333251e+00
1.5620e+02   7.12814840e+00
1.5630e+02   7.12310675e+00
1.5640e+02   7.11822165e+00
1.5650e+02   7.11350928e+00
1.5660e+02   7.10898546e+00
1.5670e+02   7.10466806e+00
1.5680e+02   7.10057535e+00
1.5690e+02   7.09672649e+00
1.5700e+02   7.09314226e+00
1.5710e+02   7.08984318e+00
1.5720e+02   7.08685185e+00
1.5730e+02   7.08419043e+00
1.5740e+02   7.08188225e+00
1.5750e+02   7.07995099e+00
1.5760e+02   7.07841984e+00
1.5770e+02   7.07731299e+00
1.5780e+02   7.07665296e+00
1.5790e+02   7.07646271e+00
1.5800e+02   7.07676345e+00
1.5810e+02   7.07757504e+00
1.5820e+02   7.07891606e+00
1.5830e+02   7.08080176e+00
1.5840e+02   7.08324590e+00
1.5850e+02   7.08625790e+00
1.5860e+02   7.08984418e+00
1.5870e+02   7.09400683e+00
1.5880e+02   7.09874275e+00
1.5890e+02   7.10404466e+00
1.5900e+02   7.10989841e+00
1.5910e+02   7.11628492e+00
1.5920e+02   7.12317789e+00
1.5930e+02   7.13054439e+00
1.5940e+02   7.13834488e+00
1.5950e+02   7.14653149e+00
1.5960e+02   7.15505020e+00
1.5970e+02   7.16383829e+00
1.5980e+02   7.17282640e+00
1.5990e+02   7.18193766e+00
1.6000e+02   7.19108773e+00
1.6010e+02   7.20018654e+00
1.6020e+02   7.20913659e+00
1.6030e+02   7.21783596e+00
1.6040e+02   7.22617700e+00
1.6050e+02   7.23404824e+00
1.6060e+02   7.24133540e+00
1.6070e+02   7.24792113e+00
1.6080e+02   7.25368823e+00
1.6090e+02   7.25851838e+00
1.6100e+02   7.26229550e+00
1.6110e+02   7.26490572e+00
1.6120e+02   7.26623876e+00
1.6130e+02   7.26619036e+00
1.6140e+02   7.26466151e+00
1.6150e+02   7.26156211e+00
1.6160e+02   7.25681001e+00
1.6170e+02   7.25033345e+00
1.6180e+02   7.24207195e+00
1.6190e+02   7.23197614e+00
1.6200e+02   7.22001056e+00
1.6210e+02   7.20615187e+00
1.6220e+02   7.19039161e+00
1.6230e+02   7.17273503e+00
1.6240e+02   7.15320156e+00
1.6250e+02   7.13182576e+00
1.6260e+02   7.10865516e+00
1.6270e+02   7.08375233e+00
1.6280e+02   7.05719207e+00
1.6290e+02   7.02906225e+00
1.6300e+02   6.99946253e+00
1.6310e+02   6.96850259e+00
1.6320e+02   6.93630280e+00
1.6330e+02   6.90299066e+00
1.6340e+02   6.86870178e+00
1.6350e+02   6.83357687e+00
1.6360e+02   6.79776086e+00
1.6370e+02   6.76140214e+00
1.6380e+02   6.72464938e+00
1.6390e+02   6.68765238e+00
1.6400e+02   6.65055844e+00
1.6410e+02   6.61351263e+00
1.6420e+02   6.57665594e+00
1.6430e+02   6.54012348e+00
1.6440e+02   6.50404508e+00
1.6450e+02   6.46854206e+00
1.6460e+02   6.43372865e+00
1.6470e+02   6.39970960e+00
1.6480e+02   6.36658030e+00
1.6490e+02   6.33442682e+00
1.6500e+02   6.30332408e+00
1.6510e+02   6.27333787e+00
1.6520e+02   6.24452252e+00
1.6530e+02   6.21692280e+00
1.6540e+02   6.19057324e+00
1.6550e+02   6.16549811e+00
1.6560e+02   6.14171324e+00
1.6570e+02   6.11922434e+00
1.6580e+02   6.09802985e+00
1.6590e+02   6.07811968e+00
1.6600e+02   6.05947678e+00
1.6610e+02   6.04207806e+00
1.6620e+02   6.02589373e+00
1.6630e+02   6.01089013e+00
1.6640e+02   5.99702807e+00
1.6650e+02   5.98426555e+00
1.6660e+02   5.97255727e+00
1.6670e+02   5.96185526e+00
1.6680e+02   5.95211070e+00
1.6690e+02   5.94327245e+00
1.6700e+02   5.93528991e+00
1.6710e+02   5.92811153e+00
1.6720e+02   5.92168638e+00
1.6730e+02   5.91596454e+00
1.6740e+02   5.91089633e+00
1.6750e+02   5.90643457e+00
1.6760e+02   5.90253251e+00
1.6770e+02   5.89914612e+00
1.6780e+02   5.89623295e+00
1.6790e+02   5.89375242e+00
1.6800e+02   5.89166690e+00
1.6810e+02   5.88993990e+00
1.6820e+02   5.88853832e+00
1.6830e+02   5.88743042e+00
1.6840e+02   5.88658709e+00
1.6850e+02   5.88598158e+00
1.6860e+02   5.88558851e+00
1.6870e+02   5.88538563e+00
1.6880e+02   5.88535144e+00
1.6890e+02   5.88546724e+00
1.6900e+02   5.88571561e+00
1.6910e+02   5.88608060e+00
1.6920e+02   5.88654851e+00
1.6930e+02   5.88710594e+00
1.6940e+02   5.88774202e+00
1.6950e+02   5.88844605e+00
1.6960e+02   5.88920900e+00
1.6970e+02   5.89002288e+00
1.6980e+02   5.89087997e+00
1.6990e+02   5.89177444e+00
1.7000e+02   5.89270000e+00
1.7010e+02   5.89365203e+00
1.7020e+02   5.89462595e+00
1.7030e+02   5.89561768e+00
1.7040e+02   5.89662420e+00
1.7050e+02   5.89764191e+00
1.7060e+02   5.89866874e+00
1.7070e+02   5.89970191e+00
1.7080e+02   5.90073954e+00
1.7090e+02   5.90177997e+00
1.7100e+02   5.90282119e+00
1.7110e+02   5.90386240e+00
1.7120e+02   5.90490175e+00
1.7130e+02   5.90593862e+00
1.7140e+02   5.90697184e+00
1.7150e+02   5.90800044e+00
1.7160e+02   5.90902405e+00
1.7170e+02   5.91004141e+00
1.7180e+02   5.91105251e+00
1.7190e+02   5.91205631e+00
1.7200e+02   5.91305256e+00
1.7210e+02   5.91404084e+00
1.7220e+02   5.91502040e+00
1.7230e+02   5.91599141e+00
1.7240e+02   5.91695289e+00
1.7250e+02   5.91790504e+00
1.7260e+02   5.91884727e+00
1.7270e+02   5.91977926e+00
1.7280e+02   5.92070109e+00
1.7290e+02   5.92161196e+00
1.7300e+02   5.92251225e+00
1.7310e+02   5.92340123e+00
1.7320e+02   5.92427897e+00
1.7330e+02   5.92514529e+00
1.7340e+02   5.92599970e+00
1.7350e+02   5.92684255e+00
1.7360e+02   5.92767306e+00
1.7370e+02   5.92849162e+00
1.7380e+02   5.92929774e+00
1.7390e+02   5.93009132e+00
1.7400e+02   5.93087249e+00
1.7410e+02   5.93164064e+00
1.7420e+02   5.93239622e+00
1.7430e+02   5.93313861e+00
1.7440e+02   5.93386802e+00
1.7450e+02   5.93458431e+00
1.7460e+02   5.93528713e+00
1.7470e+02   5.93597689e+00
1.7480e+02   5.93665289e+00
1.7490e+02   5.93731563e+00
1.7500e+02   5.93796467e+00
1.7510e+02   5.93860001e+00
1.7520e+02   5.93922183e+00
1.7530e+02   5.93982960e+00
1.7540e+02   5.94042387e+00
1.7550e+02   5.94100402e+00
1.7560e+02   5.94157040e+00
1.7570e+02   5.94212287e+00
1.7580e+02   5.94266120e+00
1.7590e+02   5.94318581e+00
1.7600e+02   5.94369610e+00
1.7610e+02   5.94419262e+00
1.7620e+02   5.94467495e+00
1.7630e+02   5.94514321e+00
1.7640e+02   5.94559757e+00
1.7650e+02   5.94603760e+00
1.7660e+02   5.94646387e+00
1.7670e+02   5.94687582e+00
1.7680e+02   5.94727388e+00
1.7690e+02   5.94765790e+00
1.7700e+02   5.94802775e+00
1.7710e+02   5.94838386e+00
1.7720e+02   5.94872568e+00
1.7730e+02   5.94905382e+00
1.7740e+02   5.94936786e+00
1.7750e+02   5.94966803e+00
1.7760e+02   5.94995446e+00
1.7770e+02   5.95022682e+00
1.7780e+02   5.95048568e+00
1.7790e+02   5.95073052e+00
1.7800e+02   5.95096183e+00
1.7810e+02   5.95117944e+00
1.7820e+02   5.95138332e+00
1.7830e+02   5.95157388e+00
1.7840e+02   5.95175061e+00
1.7850e+02   5.95191417e+00
1.7860e+02   5.95206413e+00
1.7870e+02   5.95220079e+00
1.7880e+02   5.95232426e+00
1.7890e+02   5.95243427e+00
1.7900e+02   5.95253140e+00
1.7910e+02   5.95261513e+00
1.7920e+02   5.95268603e+00
1.7930e+02   5.95274388e+00
1.7940e+02   5.95278873e+00
1.7950e+02   5.95282095e+00
1.7960e+02   5.95284011e+00
1.7970e+02   5.95284685e+00
1.7980e+02   5.95284075e+00
1.7990e+02   5.95282216e+00
1.8000e+02   5.95279116e+00
1.8010e+02   5.95274754e+00
1.8020e+02   5.95269186e+00
1.8030e+02   5.95262363e+00
1.8040e+02   5.95254344e+00
1.8050e+02   5.95245104e+00
1.8060e+02   5.95234655e+00
1.8070e+02   5.95223031e+00
1.8080e+02   5.95210191e+00
1.8090e+02   5.95196202e+00
1.8100e+02   5.95181018e+00
1.8110e+02   5.95164683e+00
1.8120e+02   5.95147197e+00
1.8130e+02   5.95128547e+00
1.8140e+02   5.95108786e+00
1.8150e+02   5.95087866e+00
1.8160e+02   5.95065850e+00
1.8170e+02   5.95042709e+00
1.8180e+02   5.95018461e+00
1.8190e+02   5.94993136e+00
1.8200e+02   5.94966697e+00
1.8210e+02   5.94939211e+00
1.8220e+02   5.94910632e+00
1.8230e+02   5.94881007e+00
1.8240e+02   5.94850332e+00
1.8250e+02   5.94818601e+00
1.8260e+02   5.94785864e+00
1.8270e+02   5.94752075e+00
1.8280e+02   5.94717298e+00
1.8290e+02   5.94681501e+00
1.8300e+02   5.94644711e+00
1.8310e+02   5.94606950e+00
1.8320e+02   5.94568189e+00
1.8330e+02   5.94528492e+00
1.8340e+02   5.94487813e+00
1.8350e+02   5.94446204e+00
1.8360e+02   5.94403658e+00
1.8370e+02   5.94360173e+00
1.8380e+02   5.94315797e+00
1.8390e+02   5.94270486e+00
1.8400e+02   5.94224306e+00
1.8410e+02   5.94177225e+00
1.8420e+02   5.94129273e+00
1.8430e+02   5.94080469e+00
1.8440e+02   5.94030789e+00
1.8450e+02   5.93980295e+00
1.8460e+02   5.93928943e+00
1.8470e+02   5.93876789e+00
1.8480e+02   5.93823821e+00
1.8490e+02   5.93770044e+00
1.8500e+02   5.93715502e+00
1.8510e+02   5.93660155e+00
1.8520e+02   5.93604071e+00
1.8530e+02   5.93547213e+00
1.8540e+02   5.93489620e+00
1.8550e+02   5.93431305e+00
1.8560e+02   5.93372249e+00
1.8570e+02   5.93312514e+00
1.8580e+02   5.93252055e+00
1.8590e+02   5.93190932e+00
1.8600e+02   5.93129129e+00
1.8610e+02   5.93066657e+00
1.8620e+02   5.93003556e+00
1.8630e+02   5.92939790e+00
1.8640e+02   5.92875426e+00
1.8650e+02   5.92810427e+00
1.8660e+02   5.92744834e+00
1.8670e+02   5.92678657e+00
1.8680e+02   5.92611881e+00
1.8690e+02   5.92544566e+00
1.8700e+02   5.92476667e+00
1.8710e+02   5.92408247e+00
1.8720e+02   5.92339283e+00
1.8730e+02   5.92269795e+00
1.8740e+02   5.92199815e+00
1.8750e+02   5.92129310e+00
1.8760e+02   5.92058347e+00
1.8770e+02   5.91986886e+00
1.8780e+02   5.91914971e+00
1.8790e+02   5.91842606e+00
1.8800e+02   5.91769781e+00
1.8810e+02   5.91696550e+00
1.8820e+02   5.91622869e+00
1.8830e+02   5.91548800e+00
1.8840e+02   5.91474317e+00
1.8850e+02   5.91399441e+00
1.8860e+02   5.91324198e+00
1.8870e+02   5.91248559e+00
1.8880e+02   5.91172586e+00
1.8890e+02   5.91096234e+00
1.8900e+02   5.91019552e+00
1.8910e+02   5.90942534e+00
1.8920e+02   5.90865175e+00
1.8930e+02   5.90787520e+00
1.8940e+02   5.90709525e+00
1.8950e+02   5.90631251e+00
1.8960e+02   5.90552665e+00
1.8970e+02   5.90473791e+00
1.8980e+02   5.90394646e+00
1.8990e+02   5.90315201e+00
1.9000e+02   5.90235513e+00
1.9010e+02   5.90155534e+00
1.9020e+02   5.90075312e+00
1.9030e+02   5.89994832e+00
1.9040e+02   5.89914090e+00
1.9050e+02   5.89833125e+00
1.9060e+02   5.89751890e+00
1.9070e+02   5.89670442e+00
1.9080e+02   5.89588742e+00
1.9090e+02   5.89506814e+00
1.9100e+02   5.89424665e+00
1.9110e+02   5.89342267e+00
1.9120e+02   5.89259671e+00
1.9130e+02   5.89176823e+00
1.9140e+02   5.89093769e+00
1.9150e+02   5.89010487e+00
1.9160e+02   5.88926972e+00
1.9170e+02   5.88843255e+00
1.9180e+02   5.88759287e+00
1.9190e+02   5.88675121e+00
1.9200e+02   5.88590709e+00
1.9210e+02   5.88506077e+00
1.9220e+02   5.88421222e+00
1.9230e+02   5.88336116e+00
1.9240e+02   5.88250802e+00
1.9250e+02   5.88165223e+00
1.9260e+02   5.88079423e+00
1.9270e+02   5.87993371e+00
1.9280e+02   5.87907064e+00
1.9290e+02   5.87820523e+00
1.9300e+02   5.87733698e+00
1.9310e+02   5.87646639e+00
1.9320e+02   5.87559291e+00
1.9330e+02   5.87471680e+00
1.9340e+02   5.87383796e+00
1.9350e+02   5.87295610e+00
1.9360e+02   5.87207161e+00
1.9370e+02   5.87118388e+00
1.9380e+02   5.87029334e+00
1.9390e+02   5.86939961e+00
1.9400e+02   5.86850269e+00
1.9410e+02   5.86760270e+00
1.9420e+02   5.86669917e+00
1.9430e+02   5.86579254e+00
1.9440e+02   5.86488224e+00
1.9450e+02   5.86396855e+00
1.9460e+02   5.86305129e+00
1.9470e+02   5.86213021e+00
1.9480e+02   5.86120564e+00
1.9490e+02   5.86027698e+00
1.9500e+02   5.85934466e+00
1.9510e+02   5.85840824e+00
1.9520e+02   5.85746777e+00
1.9530e+02   5.85652333e+00
1.9540e+02   5.85557445e+00
1.9550e+02   5.85462158e+00
1.9560e+02   5.85366413e+00
1.9570e+02   5.85270240e+00
1.9580e+02   5.85173617e+00
1.9590e+02   5.85076526e+00
1.9600e+02   5.84978994e+00
1.9610e+02   5.84880965e+00
1.9620e+02   5.84782483e+00
1.9630e+02   5.84683502e+00
1.9640e+02   5.84584032e+00
1.9650e+02   5.84484078e+00
1.9660e+02   5.84383598e+00
1.9670e+02   5.84282635e+00
1.9680e+02   5.84181133e+00
1.9690e+02   5.84079126e+00
1.9700e+02   5.83976588e+00
1.9710e+02   5.83873508e+00
1.9720e+02   5.83769912e+00
1.9730e+02   5.83665745e+00
1.9740e+02   5.83561057e+00
1.9750e+02   5.83455799e+00
1.9760e+02   5.83349988e+00
1.9770e+02   5.83243624e+00
1.9780e+02   5.83136674e+00
1.9790e+02   5.83029180e+00
1.9800e+02   5.82921085e+00
1.9810e+02   5.82812431e+00
1.9820e+02   5.82703188e+00
1.9830e+02   5.82593351e+00
1.9840e+02   5.82482944e+00
1.9850e+02   5.82371918e+00
1.9860e+02   5.82260322e+00
1.9870e+02   5.82148106e+00
1.9880e+02   5.82035295e+00
1.9890e+02   5.81921883e+00
1.9900e+02   5.81807843e+00
1.9910e+02   5.81693216e+00
1.9920e+02   5.81577946e+00
1.9930e+02   5.81462077e+00
1.9940e+02   5.81345577e+00
1.9950e+02   5.81228445e+00
1.9960e+02   5.81110700e+00
1.9970e+02   5.80992298e+00
1.9980e+02   5.80873284e+00
1.9990e+02   5.80753609e+00
2.0000e+02   5.80633300e+00
2.0010e+02   5.80512345e+00
2.0020e+02   5.80390720e+00
2.0030e+02   5.80268463e+00
2.0040e+02   5.80145516e+00
2.0050e+02   5.80021923e+00
2.0060e+02   5.79897646e+00
2.0070e+02   5.79772688e+00
2.0080e+02   5.79647060e+00
2.0090e+02   5.79520717e+00
2.0100e+02   5.79393704e+00
2.0110e+02   5.79265964e+00
2.0120e+02   5.79137523e+00
2.0130e+02   5.79008364e+00
2.0140e+02   5.78878463e+00
2.0150e+02   5.78747848e+00
2.0160e+02   5.78616460e+00
2.0170e+02   5.78484339e+00
2.0180e+02   5.78351439e+00
2.0190e+02   5.78217762e+00
2.0200e+02   5.78083311e+00
2.0210e+02   5.77948037e+00
2.0220e+02   5.77811977e+00
2.0230e+02   5.77675069e+00
2.0240e+02   5.77537338e+00
2.0250e+02   5.77398752e+00
2.0260e+02   5.77259288e+00
2.0270e+02   5.77118964e+00
2.0280e+02   5.76977715e+00
2.0290e+02   5.76835576e+00
2.0300e+02   5.76692491e+00
2.0310e+02   5.76548460e+00
2.0320e+02   5.76403472e+00
2.0330e+02   5.76257478e+00
2.0340e+02   5.76110504e+00
2.0350e+02   5.75962481e+00
2.0360e+02   5.75813429e+00
2.0370e+02   5.75663306e+00
2.0380e+02   5.75512085e+00
2.0390e+02   5.75359773e+00
2.0400e+02   5.75206302e+00
2.0410e+02   5.75051698e+00
2.0420e+02   5.74895896e+00
2.0430e+02   5.74738894e+00
2.0440e+02   5.74580669e+00
2.0450e+02   5.74421168e+00
2.0460e+02   5.74260411e+00
2.0470e+02   5.74098320e+00
2.0480e+02   5.73934912e+00
2.0490e+02   5.73770135e+00
2.0500e+02   5.73603960e+00
2.0510e+02   5.73436385e+00
2.0520e+02   5.73267337e+00
2.0530e+02   5.73096839e+00
2.0540e+02   5.72924816e+00
2.0550e+02   5.72751267e+00
2.0560e+02   5.72576158e+00
2.0570e+02   5.72399438e+00
2.0580e+02   5.72221118e+00
2.0590e+02   5.72041117e+00
2.0600e+02   5.71859450e+00
2.0610e+02   5.71676058e+00
2.0620e+02   5.71490915e+00
2.0630e+02   5.71304009e+00
2.0640e+02   5.71115270e+00
2.0650e+02   5.70924717e+00
2.0660e+02   5.70732271e+00
2.0670e+02   5.70537933e+00
2.0680e+02   5.70341665e+00
2.0690e+02   5.70143417e+00
2.0700e+02   5.69943196e+00
2.0710e+02   5.69740924e+00
2.0720e+02   5.69536616e+00
2.0730e+02   5.69330210e+00
2.0740e+02   5.69121684e+00
2.0750e+02   5.68911024e+00
2.0760e+02   5.68698164e+00
2.0770e+02   5.68483122e+00
2.0780e+02   5.68265822e+00
2.0790e+02   5.68046268e+00
2.0800e+02   5.67824420e+00
2.0810e+02   5.67600237e+00
2.0820e+02   5.67373725e+00
2.0830e+02   5.67144809e+00
2.0840e+02   5.66913510e+00
2.0850e+02   5.66679764e+00
2.0860e+02   5.66443561e+00
2.0870e+02   5.66204885e+00
2.0880e+02   5.65963676e+00
2.0890e+02   5.65719959e+00
2.0900e+02   5.65473657e+00
2.0910e+02   5.65224787e+00
2.0920e+02   5.64973306e+00
2.0930e+02   5.64719185e+00
2.0940e+02   5.64462431e+00
2.0950e+02   5.64202976e+00
2.0960e+02   5.63940849e+00
2.0970e+02   5.63675988e+00
2.0980e+02   5.63408393e+00
2.0990e+02   5.63138050e+00
2.1000e+02   5.62864911e+00
2.1010e+02   5.62589002e+00
2.1020e+02   5.62310255e+00
2.1030e+02   5.62028694e+00
2.1040e+02   5.61744281e+00
2.1050e+02   5.61456996e+00
2.1060e+02   5.61166850e+00
2.1070e+02   5.60873784e+00
2.1080e+02   5.60577834e+00
2.1090e+02   5.60278943e+00
2.1100e+02   5.59977122e+00
2.1110e+02   5.59672358e+00
2.1120e+02   5.59364616e+00
2.1130e+02   5.59053924e+00
2.1140e+02   5.58740225e+00
2.1150e+02   5.58423549e+00
2.1160e+02   5.58103863e+00
2.1170e+02   5.57781157e+00
2.1180e+02   5.57455447e+00
2.1190e+02   5.57126683e+00
2.1200e+02   5.56794907e+00
2.1210e+02   5.56460067e+00
2.1220e+02   5.56122186e+00
2.1230e+02   5.55781253e+00
2.1240e+02   5.55437244e+00
2.1250e+02   5.55090192e+00
2.1260e+02   5.54740046e+00
2.1270e+02   5.54386847e+00
2.1280e+02   5.54030563e+00
2.1290e+02   5.53671199e+00
2.1300e+02   5.53308771e+00
2.1310e+02   5.52943239e+00
2.1320e+02   5.52574653e+00
2.1330e+02   5.52202966e+00
2.1340e+02   5.51828210e+00
2.1350e+02   5.51450379e+00
2.1360e+02   5.51069458e+00
2.1370e+02   5.50685487e+00
2.1380e+02   5.50298420e+00
2.1390e+02   5.49908310e+00
2.1400e+02   5.49515126e+00
2.1410e+02   5.49118886e+00
2.1420e+02   5.48719609e+00
2.1430e+02   5.48317266e+00
2.1440e+02   5.47911912e+00
2.1450e+02   5.47503508e+00
2.1460e+02   5.47092096e+00
2.1470e+02   5.46677672e+00
2.1480e+02   5.46260234e+00
2.1490e+02   5.45839827e+00
2.1500e+02   5.45416415e+00
2.1510e+02   5.44990057e+00
2.1520e+02   5.44560730e+00
2.1530e+02   5.44128462e+00
2.1540e+02   5.43693275e+00
2.1550e+02   5.43255155e+00
2.1560e+02   5.42814160e+00
2.1570e+02   5.42370260e+00
2.1580e+02   5.41923509e+00
2.1590e+02   5.41473907e+00
2.1600e+02   5.41021464e+00
2.1610e+02   5.40566230e+00
2.1620e+02   5.40108180e+00
2.1630e+02   5.39647381e+00
2.1640e+02   5.39183817e+00
2.1650e+02   5.38717528e+00
2.1660e+02   5.38248543e+00
2.1670e+02   5.37776856e+00
2.1680e+02   5.37302535e+00
2.1690e+02   5.36825558e+00
2.1700e+02   5.36345989e+00
2.1710e+02   5.35863834e+00
2.1720e+02   5.35379117e+00
2.1730e+02   5.34891892e+00
2.1740e+02   5.34402144e+00
2.1750e+02   5.33909952e+00
2.1760e+02   5.33415304e+00
2.1770e+02   5.32918254e+00
2.1780e+02   5.32418833e+00
2.1790e+02   5.31917050e+00
2.1800e+02   5.31412980e+00
2.1810e+02   5.30906606e+00
2.1820e+02   5.30398007e+00
2.1830e+02   5.29887190e+00
2.1840e+02   5.29374195e+00
2.1850e+02   5.28859077e+00
2.1860e+02   5.28341835e+00
2.1870e+02   5.27822553e+00
2.1880e+02   5.27301226e+00
2.1890e+02   5.26777920e+00
2.1900e+02   5.26252669e+00
2.1910e+02   5.25725494e+00
2.1920e+02   5.25196473e+00
2.1930e+02   5.24665599e+00
2.1940e+02   5.24132958e+00
2.1950e+02   5.23598562e+00
2.1960e+02   5.23062460e+00
2.1970e+02   5.22524712e+00
2.1980e+02   5.21985325e+00
2.1990e+02   5.21444388e+00
2.2000e+02   5.20901901e+00
2.2010e+02   5.20357940e+00
2.2020e+02   5.19812539e+00
2.2030e+02   5.19265730e+00
2.2040e+02   5.18717592e+00
2.2050e+02   5.18168125e+00
2.2060e+02   5.17617422e+00
2.2070e+02   5.17065494e+00
2.2080e+02   5.16512401e+00
2.2090e+02   5.15958202e+00
2.2100e+02   5.15402912e+00
2.2110e+02   5.14846622e+00
2.2120e+02   5.14289334e+00
2.2130e+02   5.13731132e+00
2.2140e+02   5.13172049e+00
2.2150e+02   5.12612122e+00
2.2160e+02   5.12051433e+00
2.2170e+02   5.11489984e+00
2.2180e+02   5.10927871e+00
2.2190e+02   5.10365107e+00
2.2200e+02   5.09801756e+00
2.2210e+02   5.09237875e+00
2.2220e+02   5.08673483e+00
2.2230e+02   5.08108674e+00
2.2240e+02   5.07543449e+00
2.2250e+02   5.06977896e+00
2.2260e+02   5.06412044e+00
2.2270e+02   5.05845938e+00
2.2280e+02   5.05279655e+00
2.2290e+02   5.04713200e+00
2.2300e+02   5.04146669e+00
2.2310e+02   5.03580073e+00
2.2320e+02   5.03013482e+00
2.2330e+02   5.02446946e+00
2.2340e+02   5.01880489e+00
2.2350e+02   5.01314202e+00
2.2360e+02   5.00748085e+00
2.2370e+02   5.00182228e+00
2.2380e+02   4.99616656e+00
2.2390e+02   4.99051416e+00
2.2400e+02   4.98486581e+00
2.2410e+02   4.97922157e+00
2.2420e+02   4.97358238e+00
2.2430e+02   4.96794832e+00
2.2440e+02   4.96232010e+00
2.2450e+02   4.95669817e+00
2.2460e+02   4.95108278e+00
2.2470e+02   4.94547480e+00
2.2480e+02   4.93987421e+00
2.2490e+02   4.93428189e+00
2.2500e+02   4.92869804e+00
2.2510e+02   4.92312316e+00
2.2520e+02   4.91755787e+00
2.2530e+02   4.91200226e+00
2.2540e+02   4.90645723e+00
2.2550e+02   4.90092279e+00
2.2560e+02   4.89539965e+00
2.2570e+02   4.88988819e+00
2.2580e+02   4.88438867e+00
2.2590e+02   4.87890185e+00
2.2600e+02   4.87342772e+00
2.2610e+02   4.86796711e+00
2.2620e+02   4.86252013e+00
2.2630e+02   4.85708727e+00
2.2640e+02   4.85166908e+00
2.2650e+02   4.84626562e+00
2.2660e+02   4.84087771e+00
2.2670e+02   4.83550529e+00
2.2680e+02   4.83014906e+00
2.2690e+02   4.82480928e+00
2.2700e+02   4.81948619e+00
2.2710e+02   4.81418047e+00
2.2720e+02   4.80889202e+00
2.2730e+02   4.80362163e+00
2.2740e+02   4.79836931e+00
2.2750e+02   4.79313551e+00
2.2760e+02   4.78792067e+00
2.2770e+02   4.78272478e+00
2.2780e+02   4.77754858e+00
2.2790e+02   4.77239193e+00
2.2800e+02   4.76725545e+00
2.2810e+02   4.76213928e+00
2.2820e+02   4.75704362e+00
2.2830e+02   4.75196900e+00
2.2840e+02   4.74691528e+00
2.2850e+02   4.74188313e+00
2.2860e+02   4.73687245e+00
2.2870e+02   4.73188363e+00
2.2880e+02   4.72691695e+00
2.2890e+02   4.72197235e+00
2.2900e+02   4.71705045e+00
2.2910e+02   4.71215098e+00
2.2920e+02   4.70727450e+00
2.2930e+02   4.70242099e+00
2.2940e+02   4.69759057e+00
2.2950e+02   4.69278366e+00
2.2960e+02   4.68799999e+00
2.2970e+02   4.68324015e+00
2.2980e+02   4.67850387e+00
2.2990e+02   4.67379149e+00
2.3000e+02   4.66910312e+00
2.3010e+02   4.66443863e+00
2.3020e+02   4.65979849e+00
2.3030e+02   4.65518232e+00
2.3040e+02   4.65059059e+00
2.3050e+02   4.64602311e+00
2.3060e+02   4.64147995e+00
2.3070e+02   4.63696135e+00
2.3080e+02   4.63246697e+00
2.3090e+02   4.62799726e+00
2.3100e+02   4.62355184e+00
2.3110e+02   4.61913096e+00
2.3120e+02   4.61473456e+00
2.3130e+02   4.61036246e+00
2.3140e+02   4.60601498e+00
2.3150e+02   4.60169164e+00
2.3160e+02   4.59739281e+00
2.3170e+02   4.59311817e+00
2.3180e+02   4.58886771e+00
2.3190e+02   4.58464155e+00
2.3200e+02   4.58043925e+00
2.3210e+02   4.57626117e+00
2.3220e+02   4.57210680e+00
2.3230e+02   4.56797633e+00
2.3240e+02   4.56386958e+00
2.3250e+02   4.55978629e+00
2.3260e+02   4.55572668e+00
2.3270e+02   4.55169019e+00
2.3280e+02   4.54767712e+00
2.3290e+02   4.54368702e+00
2.3300e+02   4.53971986e+00
2.3310e+02   4.53577562e+00
2.3320e+02   4.53185382e+00
2.3330e+02   4.52795475e+00
2.3340e+02   4.52407781e+00
2.3350e+02   4.52022316e+00
2.3360e+02   4.51639050e+00
2.3370e+02   4.51257956e+00
2.3380e+02   4.50879046e+00
2.3390e+02   4.50502261e+00
2.3400e+02   4.50127626e+00
2.3410e+02   4.49755088e+00
2.3420e+02   4.49384643e+00
2.3430e+02   4.49016281e+00
2.3440e+02   4.48649954e+00
2.3450e+02   4.48285684e+00
2.3460e+02   4.47923407e+00
2.3470e+02   4.47563138e+00
2.3480e+02   4.47204841e+00
2.3490e+02   4.46848491e+00
2.3500e+02   4.46494093e+00
2.3510e+02   4.46141588e+00
2.3520e+02   4.45790998e+00
2.3530e+02   4.45442268e+00
2.3540e+02   4.45095397e+00
2.3550e+02   4.44750366e+00
2.3560e+02   4.44407133e+00
2.3570e+02   4.44065716e+00
2.3580e+02   4.43726050e+00
2.3590e+02   4.43388154e+00
2.3600e+02   4.43051987e+00
2.3610e+02   4.42717528e+00
2.3620e+02   4.42384779e+00
2.3630e+02   4.42053684e+00
2.3640e+02   4.41724267e+00
2.3650e+02   4.41396471e+00
2.3660e+02   4.41070299e+00
2.3670e+02   4.40745731e+00
2.3680e+02   4.40422729e+00
2.3690e+02   4.40101311e+00
2.3700e+02   4.39781416e+00
2.3710e+02   4.39463064e+00
2.3720e+02   4.39146213e+00
2.3730e+02   4.38830851e+00
2.3740e+02   4.38516977e+00
2.3750e+02   4.38204541e+00
2.3760e+02   4.37893568e+00
2.3770e+02   4.37584003e+00
2.3780e+02   4.37275855e+00
2.3790e+02   4.36969104e+00
2.3800e+02   4.36663718e+00
2.3810e+02   4.36359716e+00
2.3820e+02   4.36057041e+00
2.3830e+02   4.35755717e+00
2.3840e+02   4.35455705e+00
2.3850e+02   4.35156997e+00
2.3860e+02   4.34859594e+00
2.3870e+02   4.34563450e+00
2.3880e+02   4.34268596e+00
2.3890e+02   4.33974977e+00
2.3900e+02   4.33682611e+00
2.3910e+02   4.33391475e+00
2.3920e+02   4.33101546e+00
2.3930e+02   4.32812843e+00
2.3940e+02   4.32525314e+00
2.3950e+02   4.32238989e+00
2.3960e+02   4.31953828e+00
2.3970e+02   4.31669832e+00
2.3980e+02   4.31387001e+00
2.3990e+02   4.31105296e+00
2.4000e+02   4.30824749e+00
2.4010e+02   4.30545309e+00
2.4020e+02   4.30266999e+00
2.4030e+02   4.29989797e+00
2.4040e+02   4.29713686e+00
2.4050e+02   4.29438686e+00
2.4060e+02   4.29164749e+00
2.4070e+02   4.28891910e+00
2.4080e+02   4.28620128e+00
2.4090e+02   4.28349410e+00
2.4100e+02   4.28079758e+00
2.4110e+02   4.27811137e+00
2.4120e+02   4.27543580e+00
2.4130e+02   4.27277038e+00
2.4140e+02   4.27011540e+00
2.4150e+02   4.26747062e+00
2.4160e+02   4.26483594e+00
2.4170e+02   4.26221155e+00
2.4180e+02   4.25959700e+00
2.4190e+02   4.25699266e+00
2.4200e+02   4.25439813e+00
2.4210e+02   4.25181354e+00
2.4220e+02   4.24923886e+00
2.4230e+02   4.24667381e+00
2.4240e+02   4.24411872e+00
2.4250e+02   4.24157311e+00
2.4260e+02   4.23903729e+00
2.4270e+02   4.23651101e+00
2.4280e+02   4.23399422e+00
2.4290e+02   4.23148707e+00
2.4300e+02   4.22898916e+00
2.4310e+02   4.22650087e+00
2.4320e+02   4.22402176e+00
2.4330e+02   4.22155203e+00
2.4340e+02   4.21909159e+00
2.4350e+02   4.21664021e+00
2.4360e+02   4.21419821e+00
2.4370e+02   4.21176509e+00
2.4380e+02   4.20934121e+00
2.4390e+02   4.20692626e+00
2.4400e+02   4.20452024e+00
2.4410e+02   4.20212326e+00
2.4420e+02   4.19973495e+00
2.4430e+02   4.19735566e+00
2.4440e+02   4.19498496e+00
2.4450e+02   4.19262304e+00
2.4460e+02   4.19026980e+00
2.4470e+02   4.18792503e+00
2.4480e+02   4.18558900e+00
2.4490e+02   4.18326124e+00
2.4500e+02   4.18094209e+00
2.4510e+02   4.17863121e+00
2.4520e+02   4.17632862e+00
2.4530e+02   4.17403441e+00
2.4540e+02   4.17174820e+00
2.4550e+02   4.16947033e+00
2.4560e+02   4.16720034e+00
2.4570e+02   4.16493845e+00
2.4580e+02   4.16268451e+00
2.4590e+02   4.16043832e+00
2.4600e+02   4.15820012e+00
2.4610e+02   4.15596944e+00
2.4620e+02   4.15374661e+00
2.4630e+02   4.15153126e+00
2.4640e+02   4.14932345e+00
2.4650e+02   4.14712318e+00
2.4660e+02   4.14493010e+00
2.4670e+02   4.14274454e+00
2.4680e+02   4.14056600e+00
2.4690e+02   4.13839474e+00
2.4700e+02   4.13623052e+00
2.4710e+02   4.13407320e+00
2.4720e+02   4.13192297e+00
2.4730e+02   4.12977935e+00
2.4740e+02   4.12764268e+00
2.4750e+02   4.12551253e+00
2.4760e+02   4.12338900e+00
2.4770e+02   4.12127204e+00
2.4780e+02   4.11916132e+00
2.4790e+02   4.11705714e+00
2.4800e+02   4.11495899e+00
2.4810e+02   4.11286713e+00
2.4820e+02   4.11078128e+00
2.4830e+02   4.10870134e+00
2.4840e+02   4.10662744e+00
2.4850e+02   4.10455911e+00
2.4860e+02   4.10249670e+00
2.4870e+02   4.10043973e+00
2.4880e+02   4.09838834e+00
2.4890e+02   4.09634242e+00
2.4900e+02   4.09430168e+00
2.4910e+02   4.09226638e+00
2.4920e+02   4.09023602e+00
2.4930e+02   4.08821085e+00
2.4940e+02   4.08619057e+00
2.4950e+02   4.08417510e+00
2.4960e+02   4.08216454e+00
2.4970e+02   4.08015843e+00
2.4980e+02   4.07815710e+00
2.4990e+02   4.07616009e+00
2.5000e+02   4.07416752e+00
2.5010e+02   4.07217927e+00
2.5020e+02   4.07019506e+00
2.5030e+02   4.06821514e+00
2.5040e+02   4.06623900e+00
2.5050e+02   4.06426692e+00
2.5060e+02   4.06229855e+00
2.5070e+02   4.06033386e+00
2.5080e+02   4.05837289e+00
2.5090e+02   4.05641524e+00
2.5100e+02   4.05446121e+00
2.5110e+02   4.05251032e+00
2.5120e+02   4.05056274e+00
2.5130e+02   4.04861829e+00
2.5140e+02   4.04667675e+00
2.5150e+02   4.04473833e+00
2.5160e+02   4.04280253e+00
2.5170e+02   4.04086965e+00
2.5180e+02   4.03893931e+00
2.5190e+02   4.03701152e+00
2.5200e+02   4.03508629e+00
2.5210e+02   4.03316323e+00
2.5220e+02   4.03124266e+00
2.5230e+02   4.02932407e+00
2.5240e+02   4.02740767e+00
2.5250e+02   4.02549324e+00
2.5260e+02   4.02358061e+00
2.5270e+02   4.02166996e+00
2.5280e+02   4.01976081e+00
2.5290e+02   4.01785346e+00
2.5300e+02   4.01594752e+00
2.5310e+02   4.01404303e+00
2.5320e+02   4.01213997e+00
2.5330e+02   4.01023798e+00
2.5340e+02   4.00833737e+00
2.5350e+02   4.00643764e+00
2.5360e+02   4.00453902e+00
2.5370e+02   4.00264126e+00
2.5380e+02   4.00074422e+00
2.5390e+02   3.99884806e+00
2.5400e+02   3.99695232e+00
2.5410e+02   3.99505732e+00
2.5420e+02   3.99316263e+00
2.5430e+02   3.99126834e+00
2.5440e+02   3.98937440e+00
2.5450e+02   3.98748048e+00
2.5460e+02   3.98558688e+00
2.5470e+02   3.98369308e+00
2.5480e+02   3.98179937e+00
2.5490e+02   3.97990544e+00
2.5500e+02   3.97801122e+00
2.5510e+02   3.97611682e+00
2.5520e+02   3.97422180e+00
2.5530e+02   3.97232649e+00
2.5540e+02   3.97043045e+00
2.5550e+02   3.96853381e+00
2.5560e+02   3.96663646e+00
2.5570e+02   3.96473815e+00
2.5580e+02   3.96283912e+00
2.5590e+02   3.96093888e+00
2.5600e+02   3.95903773e+00
2.5610e+02   3.95713535e+00
2.5620e+02   3.95523170e+00
2.5630e+02   3.95332685e+00
2.5640e+02   3.95142041e+00
2.5650e+02   3.94951270e+00
2.5660e+02   3.94760326e+00
2.5670e+02   3.94569226e+00
2.5680e+02   3.94377958e+00
2.5690e+02   3.94186497e+00
2.5700e+02   3.93994869e+00
2.5710e+02   3.93803025e+00
2.5720e+02   3.93610995e+00
2.5730e+02   3.93418748e+00
2.5740e+02   3.93226281e+00
2.5750e+02   3.93033602e+00
2.5760e+02   3.92840673e+00
2.5770e+02   3.92647525e+00
2.5780e+02   3.92454115e+00
2.5790e+02   3.92260461e+00
2.5800e+02   3.92066548e+00
2.5810e+02   3.91872358e+00
2.5820e+02   3.91677913e+00
2.5830e+02   3.91483168e+00
2.5840e+02   3.91288155e+00
2.5850e+02   3.91092839e+00
2.5860e+02   3.90897225e+00
2.5870e+02   3.90701317e+00
2.5880e+02   3.90505080e+00
2.5890e+02   3.90308547e+00
2.5900e+02   3.90111675e+00
2.5910e+02   3.89914486e+00
2.5920e+02   3.89716963e+00
2.5930e+02   3.89519093e+00
2.5940e+02   3.89320897e+00
2.5950e+02   3.89122332e+00
2.5960e+02   3.88923433e+00
2.5970e+02   3.88724165e+00
2.5980e+02   3.88524536e+00
2.5990e+02   3.88324550e+00
2.6000e+02   3.88124176e+00
2.6010e+02   3.87923448e+00
2.6020e+02   3.87722322e+00
2.6030e+02   3.87520827e+00
2.6040e+02   3.87318943e+00
2.6050e+02   3.87116662e+00
2.6060e+02   3.86914005e+00
2.6070e+02   3.86710932e+00
2.6080e+02   3.86507479e+00
2.6090e+02   3.86303611e+00
2.6100e+02   3.86099343e+00
2.6110e+02   3.85894675e+00
2.6120e+02   3.85689582e+00
2.6130e+02   3.85484098e+00
2.6140e+02   3.85278180e+00
2.6150e+02   3.85071861e+00
2.6160e+02   3.84865119e+00
2.6170e+02   3.84657952e+00
2.6180e+02   3.84450378e+00
2.6190e+02   3.84242362e+00
2.6200e+02   3.84033941e+00
2.6210e+02   3.83825079e+00
2.6220e+02   3.83615797e+00
2.6230e+02   3.83406090e+00
2.6240e+02   3.83195939e+00
2.6250e+02   3.82985378e+00
2.6260e+02   3.82774364e+00
2.6270e+02   3.82562933e+00
2.6280e+02   3.82351060e+00
2.6290e+02   3.82138749e+00
2.6300e+02   3.81926015e+00
2.6310e+02   3.81712825e+00
2.6320e+02   3.81499218e+00
2.6330e+02   3.81285155e+00
2.6340e+02   3.81070660e+00
2.6350e+02   3.80855727e+00
2.6360e+02   3.80640340e+00
2.6370e+02   3.80424528e+00
2.6380e+02   3.80208253e+00
2.6390e+02   3.79991549e+00
2.6400e+02   3.79774389e+00
2.6410e+02   3.79556781e+00
2.6420e+02   3.79338735e+00
2.6430e+02   3.79120221e+00
2.6440e+02   3.78901276e+00
2.6450e+02   3.78681859e+00
2.6460e+02   3.78461998e+00
2.6470e+02   3.78241680e+00
2.6480e+02   3.78020893e+00
2.6490e+02   3.77799663e+00
2.6500e+02   3.77577949e+00
2.6510e+02   3.77355789e+00
2.6520e+02   3.77133150e+00
2.6530e+02   3.76910042e+00
2.6540e+02   3.76686470e+00
2.6550e+02   3.76462406e+00
2.6560e+02   3.76237884e+00
2.6570e+02   3.76012862e+00
2.6580e+02   3.75787366e+00
2.6590e+02   3.75561381e+00
2.6600e+02   3.75334895e+00
2.6610e+02   3.75107930e+00
2.6620e+02   3.74880445e+00
2.6630e+02   3.74652475e+00
2.6640e+02   3.74423985e+00
2.6650e+02   3.74194986e+00
2.6660e+02   3.73965477e+00
2.6670e+02   3.73735431e+00
2.6680e+02   3.73504879e+00
2.6690e+02   3.73273775e+00
2.6700e+02   3.73042149e+00
2.6710e+02   3.72809976e+00
2.6720e+02   3.72577250e+00
2.6730e+02   3.72343985e+00
2.6740e+02   3.72110141e+00
2.6750e+02   3.71875752e+00
2.6760e+02   3.71640778e+00
2.6770e+02   3.71405232e+00
2.6780e+02   3.71169107e+00
2.6790e+02   3.70932378e+00
2.6800e+02   3.70695072e+00
2.6810e+02   3.70457143e+00
2.6820e+02   3.70218619e+00
2.6830e+02   3.69979472e+00
2.6840e+02   3.69739697e+00
2.6850e+02   3.69499305e+00
2.6860e+02   3.69258256e+00
2.6870e+02   3.69016582e+00
2.6880e+02   3.68774241e+00
2.6890e+02   3.68531248e+00
2.6900e+02   3.68287593e+00
2.6910e+02   3.68043251e+00
2.6920e+02   3.67798248e+00
2.6930e+02   3.67552537e+00
2.6940e+02   3.67306148e+00
2.6950e+02   3.67059050e+00
2.6960e+02   3.66811242e+00
2.6970e+02   3.66562730e+00
2.6980e+02   3.66313477e+00
2.6990e+02   3.66063517e+00
2.7000e+02   3.65812805e+00
2.7010e+02   3.65561361e+00
2.7020e+02   3.65309170e+00
2.7030e+02   3.65056216e+00
2.7040e+02   3.64802520e+00
2.7050e+02   3.64548039e+00
2.7060e+02   3.64292805e+00
2.7070e+02   3.64036787e+00
2.7080e+02   3.63779988e+00
2.7090e+02   3.63522415e+00
2.7100e+02   3.63264036e+00
2.7110e+02   3.63004884e+00
2.7120e+02   3.62744919e+00
2.7130e+02   3.62484164e+00
2.7140e+02   3.62222606e+00
2.7150e+02   3.61960233e+00
2.7160e+02   3.61697069e+00
2.7170e+02   3.61433076e+00
2.7180e+02   3.61168290e+00
2.7190e+02   3.60902681e+00
2.7200e+02   3.60636262e+00
2.7210e+02   3.60369037e+00
2.7220e+02   3.60100984e+00
2.7230e+02   3.59832139e+00
2.7240e+02   3.59562466e+00
2.7250e+02   3.59291995e+00
2.7260e+02   3.59020714e+00
2.7270e+02   3.58748621e+00
2.7280e+02   3.58475742e+00
2.7290e+02   3.58202046e+00
2.7300e+02   3.57927574e+00
2.7310e+02   3.57652299e+00
2.7320e+02   3.57376242e+00
2.7330e+02   3.57099413e+00
2.7340e+02   3.56821794e+00
2.7350e+02   3.56543428e+00
2.7360e+02   3.56264281e+00
2.7370e+02   3.55984394e+00
2.7380e+02   3.55703756e+00
2.7390e+02   3.55422374e+00
2.7400e+02   3.55140277e+00
2.7410e+02   3.54857439e+00
2.7420e+02   3.54573909e+00
2.7430e+02   3.54289662e+00
2.7440e+02   3.54004729e+00
2.7450e+02   3.53719118e+00
2.7460e+02   3.53432823e+00
2.7470e+02   3.53145886e+00
2.7480e+02   3.52858281e+00
2.7490e+02   3.52570054e+00
2.7500e+02   3.52281195e+00
2.7510e+02   3.51991720e+00
2.7520e+02   3.51701656e+00
2.7530e+02   3.51410986e+00
2.7540e+02   3.51119760e+00
2.7550e+02   3.50827956e+00
2.7560e+02   3.50535610e+00
2.7570e+02   3.50242731e+00
2.7580e+02   3.49949318e+00
2.7590e+02   3.49655414e+00
2.7600e+02   3.49360995e+00
2.7610e+02   3.49066110e+00
2.7620e+02   3.48770749e+00
2.7630e+02   3.48474932e+00
2.7640e+02   3.48178686e+00
2.7650e+02   3.47881994e+00
2.7660e+02   3.47584909e+00
2.7670e+02   3.47287407e+00
2.7680e+02   3.46989528e+00
2.7690e+02   3.46691276e+00
2.7700e+02   3.46392655e+00
2.7710e+02   3.46093703e+00
2.7720e+02   3.45794398e+00
2.7730e+02   3.45494788e+00
2.7740e+02   3.45194860e+00
2.7750e+02   3.44894635e+00
2.7760e+02   3.44594135e+00
2.7770e+02   3.44293347e+00
2.7780e+02   3.43992316e+00
2.7790e+02   3.43691019e+00
2.7800e+02   3.43389493e+00
2.7810e+02   3.43087739e+00
2.7820e+02   3.42785758e+00
2.7830e+02   3.42483586e+00
2.7840e+02   3.42181197e+00
2.7850e+02   3.41878638e+00
2.7860e+02   3.41575888e+00
2.7870e+02   3.41272970e+00
2.7880e+02   3.40969898e+00
2.7890e+02   3.40666657e+00
2.7900e+02   3.40363289e+00
2.7910e+02   3.40059764e+00
2.7920e+02   3.39756120e+00
2.7930e+02   3.39452348e+00
2.7940e+02   3.39148451e+00
2.7950e+02   3.38844456e+00
2.7960e+02   3.38540335e+00
2.7970e+02   3.38236130e+00
2.7980e+02   3.37931816e+00
2.7990e+02   3.37627413e+00
2.8000e+02   3.37322928e+00
2.8010e+02   3.37018345e+00
2.8020e+02   3.36713699e+00
2.8030e+02   3.36408958e+00
2.8040e+02   3.36104156e+00
2.8050e+02   3.35799277e+00
2.8060e+02   3.35494324e+00
2.8070e+02   3.35189317e+00
2.8080e+02   3.34884226e+00
2.8090e+02   3.34579090e+00
2.8100e+02   3.34273878e+00
2.8110e+02   3.33968610e+00
2.8120e+02   3.33663286e+00
2.8130e+02   3.33357890e+00
2.8140e+02   3.33052453e+00
2.8150e+02   3.32746938e+00
2.8160e+02   3.32441381e+00
2.8170e+02   3.32135759e+00
2.8180e+02   3.31830076e+00
2.8190e+02   3.31524347e+00
2.8200e+02   3.31218543e+00
2.8210e+02   3.30912700e+00
2.8220e+02   3.30606784e+00
2.8230e+02   3.30300817e+00
2.8240e+02   3.29994794e+00
2.8250e+02   3.29688702e+00
2.8260e+02   3.29382569e+00
2.8270e+02   3.29076359e+00
2.8280e+02   3.28770107e+00
2.8290e+02   3.28463788e+00
2.8300e+02   3.28157411e+00
2.8310e+02   3.27850987e+00
2.8320e+02   3.27544490e+00
2.8330e+02   3.27237957e+00
2.8340e+02   3.26931353e+00
2.8350e+02   3.26624705e+00
2.8360e+02   3.26318006e+00
2.8370e+02   3.26011247e+00
2.8380e+02   3.25704457e+00
2.8390e+02   3.25397603e+00
2.8400e+02   3.25090722e+00
2.8410e+02   3.24783791e+00
2.8420e+02   3.24476824e+00
2.8430e+02   3.24169832e+00
2.8440e+02   3.23862795e+00
2.8450e+02   3.23555752e+00
2.8460e+02   3.23248671e+00
2.8470e+02   3.22941585e+00
2.8480e+02   3.22634488e+00
2.8490e+02   3.22327378e+00
2.8500e+02   3.22020286e+00
2.8510e+02   3.21713182e+00
2.8520e+02   3.21406112e+00
2.8530e+02   3.21099053e+00
2.8540e+02   3.20792028e+00
2.8550e+02   3.20485048e+00
2.8560e+02   3.20178102e+00
2.8570e+02   3.19871230e+00
2.8580e+02   3.19564407e+00
2.8590e+02   3.19257673e+00
2.8600e+02   3.18951022e+00
2.8610e+02   3.18644462e+00
2.8620e+02   3.18338024e+00
2.8630e+02   3.18031689e+00
2.8640e+02   3.17725503e+00
2.8650e+02   3.17419449e+00
2.8660e+02   3.17113557e+00
2.8670e+02   3.16807840e+00
2.8680e+02   3.16502294e+00
2.8690e+02   3.16196963e+00
2.8700e+02   3.15891826e+00
2.8710e+02   3.15586929e+00
2.8720e+02   3.15282266e+00
2.8730e+02   3.14977856e+00
2.8740e+02   3.14673729e+00
2.8750e+02   3.14369870e+00
2.8760e+02   3.14066332e+00
2.8770e+02   3.13763098e+00
2.8780e+02   3.13460203e+00
2.8790e+02   3.13157663e+00
2.8800e+02   3.12855476e+00
2.8810e+02   3.12553690e+00
2.8820e+02   3.12252284e+00
2.8830e+02   3.11951309e+00
2.8840e+02   3.11650759e+00
2.8850e+02   3.11350655e+00
2.8860e+02   3.11051028e+00
2.8870e+02   3.10751865e+00
2.8880e+02   3.10453218e+00
2.8890e+02   3.10155070e+00
2.8900e+02   3.09857460e+00
2.8910e+02   3.09560396e+00
2.8920e+02   3.09263884e+00
2.8930e+02   3.08967965e+00
2.8940e+02   3.08672619e+00
2.8950e+02   3.08377895e+00
2.8960e+02   3.08083782e+00
2.8970e+02   3.07790305e+00
2.8980e+02   3.07497485e+00
2.8990e+02   3.07205310e+00
2.9000e+02   3.06913829e+00
2.9010e+02   3.06623017e+00
2.9020e+02   3.06332914e+00
2.9030e+02   3.06043519e+00
2.9040e+02   3.05754835e+00
2.9050e+02   3.05466897e+00
2.9060e+02   3.05179680e+00
2.9070e+02   3.04893227e+00
2.9080e+02   3.04607520e+00
2.9090e+02   3.04322578e+00
2.9100e+02   3.04038413e+00
2.9110e+02   3.03755009e+00
2.9120e+02   3.03472404e+00
2.9130e+02   3.03190567e+00
2.9140e+02   3.02909530e+00
2.9150e+02   3.02629282e+00
2.9160e+02   3.02349821e+00
2.9170e+02   3.02071168e+00
2.9180e+02   3.01793292e+00
2.9190e+02   3.01516227e+00
2.9200e+02   3.01239943e+00
2.9210e+02   3.00964453e+00
2.9220e+02   3.00689756e+00
2.9230e+02   3.00415828e+00
2.9240e+02   3.00142696e+00
2.9250e+02   2.99870320e+00
2.9260e+02   2.99598722e+00
2.9270e+02   2.99327878e+00
2.9280e+02   2.99057780e+00
2.9290e+02   2.98788437e+00
2.9300e+02   2.98519807e+00
2.9310e+02   2.98251917e+00
2.9320e+02   2.97984723e+00
2.9330e+02   2.97718233e+00
2.9340e+02   2.97452431e+00
2.9350e+02   2.97187289e+00
2.9360e+02   2.96922823e+00
2.9370e+02   2.96658982e+00
2.9380e+02   2.96395782e+00
2.9390e+02   2.96133189e+00
2.9400e+02   2.95871188e+00
2.9410e+02   2.95609779e+00
2.9420e+02   2.95348915e+00
2.9430e+02   2.95088614e+00
2.9440e+02   2.94828825e+00
2.9450e+02   2.94569552e+00
2.9460e+02   2.94310773e+00
2.9470e+02   2.94052454e+00
2.9480e+02   2.93794606e+00
2.9490e+02   2.93537174e+00
2.9500e+02   2.93280173e+00
2.9510e+02   2.93023562e+00
2.9520e+02   2.92767328e+00
2.9530e+02   2.92511464e+00
2.9540e+02   2.92255926e+00
2.9550e+02   2.92000730e+00
2.9560e+02   2.91745824e+00
2.9570e+02   2.91491215e+00
2.9580e+02   2.91236878e+00
2.9590e+02   2.90982786e+00
2.9600e+02   2.90728948e+00
2.9610e+02   2.90475315e+00
2.9620e+02   2.90221905e+00
2.9630e+02   2.89968680e+00
2.9640e+02   2.89715634e+00
2.9650e+02   2.89462763e+00
2.9660e+02   2.89210031e+00
2.9670e+02   2.88957460e+00
2.9680e+02   2.88705004e+00
2.9690e+02   2.88452680e+00
2.9700e+02   2.88200468e+00
2.9710e+02   2.87948353e+00
2.9720e+02   2.87696351e+00
2.9730e+02   2.87444422e+00
2.9740e+02   2.87192595e+00
2.9750e+02   2.86940840e+00
2.9760e+02   2.86689165e+00
2.9770e+02   2.86437573e+00
2.9780e+02   2.86186041e+00
2.9790e+02   2.85934601e+00
2.9800e+02   2.85683219e+00
2.9810e+02   2.85431925e+00
2.9820e+02   2.85180706e+00
2.9830e+02   2.84929562e+00
2.9840e+02   2.84678519e+00
2.9850e+02   2.84427548e+00
2.9860e+02   2.84176693e+00
2.9870e+02   2.83925929e+00
2.9880e+02   2.83675281e+00
2.9890e+02   2.83424758e+00
2.9900e+02   2.83174351e+00
2.9910e+02   2.82924101e+00
2.9920e+02   2.82673982e+00
2.9930e+02   2.82424037e+00
2.9940e+02   2.82174259e+00
2.9950e+02   2.81924662e+00
2.9960e+02   2.81675273e+00
2.9970e+02   2.81426077e+00
2.9980e+02   2.81177122e+00
2.9990e+02   2.80928390e+00
3.0000e+02   2.80679915e+00
3.0010e+02   2.80431708e+00
3.0020e+02   2.80183769e+00
3.0030e+02   2.79936141e+00
3.0040e+02   2.79688803e+00
3.0050e+02   2.79441802e+00
3.0060e+02   2.79195131e+00
3.0070e+02   2.78948809e+00
3.0080e+02   2.78702865e+00
3.0090e+02   2.78457283e+00
3.0100e+02   2.78212113e+00
3.0110e+02   2.77967335e+00
3.0120e+02   2.77722985e+00
3.0130e+02   2.77479071e+00
3.0140e+02   2.77235592e+00
3.0150e+02   2.76992586e+00
3.0160e+02   2.76750033e+00
3.0170e+02   2.76507975e+00
3.0180e+02   2.76266401e+00
3.0190e+02   2.76025327e+00
3.0200e+02   2.75784773e+00
3.0210e+02   2.75544724e+00
3.0220e+02   2.75305221e+00
3.0230e+02   2.75066240e+00
3.0240e+02   2.74827810e+00
3.0250e+02   2.74589930e+00
3.0260e+02   2.74352598e+00
3.0270e+02   2.74115842e+00
3.0280e+02   2.73879634e+00
3.0290e+02   2.73644011e+00
3.0300e+02   2.73408952e+00
3.0310e+02   2.73174470e+00
3.0320e+02   2.72940573e+00
3.0330e+02   2.72707241e+00
3.0340e+02   2.72474507e+00
3.0350e+02   2.72242336e+00
3.0360e+02   2.72010756e+00
3.0370e+02   2.71779752e+00
3.0380e+02   2.71549317e+00
3.0390e+02   2.71319472e+00
3.0400e+02   2.71090180e+00
3.0410e+02   2.70861473e+00
3.0420e+02   2.70633319e+00
3.0430e+02   2.70405728e+00
3.0440e+02   2.70178698e+00
3.0450e+02   2.69952203e+00
3.0460e+02   2.69726268e+00
3.0470e+02   2.69500853e+00
3.0480e+02   2.69275980e+00
3.0490e+02   2.69051625e+00
3.0500e+02   2.68827778e+00
3.0510e+02   2.68604450e+00
3.0520e+02   2.68381602e+00
3.0530e+02   2.68159258e+00
3.0540e+02   2.67937380e+00
3.0550e+02   2.67715974e+00
3.0560e+02   2.67495030e+00
3.0570e+02   2.67274521e+00
3.0580e+02   2.67054464e+00
3.0590e+02   2.66834813e+00
3.0600e+02   2.66615587e+00
3.0610e+02   2.66396756e+00
3.0620e+02   2.66178307e+00
3.0630e+02   2.65960244e+00
3.0640e+02   2.65742525e+00
3.0650e+02   2.65525169e+00
3.0660e+02   2.65308133e+00
3.0670e+02   2.65091420e+00
3.0680e+02   2.64875014e+00
3.0690e+02   2.64658885e+00
3.0700e+02   2.64443045e+00
3.0710e+02   2.64227445e+00
3.0720e+02   2.64012099e+00
3.0730e+02   2.63796971e+00
3.0740e+02   2.63582048e+00
3.0750e+02   2.63367327e+00
3.0760e+02   2.63152763e+00
3.0770e+02   2.62938373e+00
3.0780e+02   2.62724105e+00
3.0790e+02   2.62509965e+00
3.0800e+02   2.62295927e+00
3.0810e+02   2.62081962e+00
3.0820e+02   2.61868076e+00
3.0830e+02   2.61654217e+00
3.0840e+02   2.61440398e+00
3.0850e+02   2.61226575e+00
3.0860e+02   2.61012738e+00
3.0870e+02   2.60798875e+00
3.0880e+02   2.60584942e+00
3.0890e+02   2.60370952e+00
3.0900e+02   2.60156852e+00
3.0910e+02   2.59942645e+00
3.0920e+02   2.59728302e+00
3.0930e+02   2.59513795e+00
3.0940e+02   2.59299126e+00
3.0950e+02   2.59084242e+00
3.0960e+02   2.58869157e+00
3.0970e+02   2.58653825e+00
3.0980e+02   2.58438237e+00
3.0990e+02   2.58222379e+00
3.1000e+02   2.58006211e+00
3.1010e+02   2.57789744e+00
3.1020e+02   2.57572927e+00
3.1030e+02   2.57355767e+00
3.1040e+02   2.57138233e+00
3.1050e+02   2.56920304e+00
3.1060e+02   2.56701982e+00
3.1070e+02   2.56483220e+00
3.1080e+02   2.56264035e+00
3.1090e+02   2.56044385e+00
3.1100e+02   2.55824268e+00
3.1110e+02   2.55603674e+00
3.1120e+02   2.55382570e+00
3.1130e+02   2.55160973e+00
3.1140e+02   2.54938839e+00
3.1150e+02   2.54716185e+00
3.1160e+02   2.54492985e+00
3.1170e+02   2.54269229e+00
3.1180e+02   2.54044927e+00
3.1190e+02   2.53820042e+00
3.1200e+02   2.53594602e+00
3.1210e+02   2.53368573e+00
3.1220e+02   2.53141969e+00
3.1230e+02   2.52914785e+00
3.1240e+02   2.52687004e+00
3.1250e+02   2.52458655e+00
3.1260e+02   2.52229704e+00
3.1270e+02   2.52000184e+00
3.1280e+02   2.51770078e+00
3.1290e+02   2.51539394e+00
3.1300e+02   2.51308151e+00
3.1310e+02   2.51076328e+00
3.1320e+02   2.50843966e+00
3.1330e+02   2.50611044e+00
3.1340e+02   2.50377592e+00
3.1350e+02   2.50143615e+00
3.1360e+02   2.49909115e+00
3.1370e+02   2.49674130e+00
3.1380e+02   2.49438641e+00
3.1390e+02   2.49202695e+00
3.1400e+02   2.48966286e+00
3.1410e+02   2.48729439e+00
3.1420e+02   2.48492180e+00
3.1430e+02   2.48254506e+00
3.1440e+02   2.48016467e+00
3.1450e+02   2.47778052e+00
3.1460e+02   2.47539304e+00
3.1470e+02   2.47300239e+00
3.1480e+02   2.47060868e+00
3.1490e+02   2.46821238e+00
3.1500e+02   2.46581341e+00
3.1510e+02   2.46341232e+00
3.1520e+02   2.46100912e+00
3.1530e+02   2.45860414e+00
3.1540e+02   2.45619770e+00
3.1550e+02   2.45378984e+00
3.1560e+02   2.45138110e+00
3.1570e+02   2.44897143e+00
3.1580e+02   2.44656132e+00
3.1590e+02   2.44415092e+00
3.1600e+02   2.44174041e+00
3.1610e+02   2.43933026e+00
3.1620e+02   2.43692042e+00
3.1630e+02   2.43451145e+00
3.1640e+02   2.43210333e+00
3.1650e+02   2.42969645e+00
3.1660e+02   2.42729107e+00
3.1670e+02   2.42488723e+00
3.1680e+02   2.42248547e+00
3.1690e+02   2.42008569e+00
3.1700e+02   2.41768838e+00
3.1710e+02   2.41529361e+00
3.1720e+02   2.41290157e+00
3.1730e+02   2.41051264e+00
3.1740e+02   2.40812674e+00
3.1750e+02   2.40574439e+00
3.1760e+02   2.40336548e+00
3.1770e+02   2.40099036e+00
3.1780e+02   2.39861920e+00
3.1790e+02   2.39625199e+00
3.1800e+02   2.39388919e+00
3.1810e+02   2.39153059e+00
3.1820e+02   2.38917662e+00
3.1830e+02   2.38682725e+00
3.1840e+02   2.38448259e+00
3.1850e+02   2.38214291e+00
3.1860e+02   2.37980803e+00
3.1870e+02   2.37747836e+00
3.1880e+02   2.37515368e+00
3.1890e+02   2.37283424e+00
3.1900e+02   2.37052006e+00
3.1910e+02   2.36821105e+00
3.1920e+02   2.36590749e+00
3.1930e+02   2.36360908e+00
3.1940e+02   2.36131611e+00
3.1950e+02   2.35902837e+00
3.1960e+02   2.35674589e+00
3.1970e+02   2.35446874e+00
3.1980e+02   2.35219661e+00
3.1990e+02   2.34992976e+00
3.2000e+02   2.34766780e+00
3.2010e+02   2.34541083e+00
3.2020e+02   2.34315870e+00
3.2030e+02   2.34091115e+00
3.2040e+02   2.33866831e+00
3.2050e+02   2.33642968e+00
3.2060e+02   2.33419543e+00
3.2070e+02   2.33196514e+00
3.2080e+02   2.32973868e+00
3.2090e+02   2.32751596e+00
3.2100e+02   2.32529651e+00
3.2110e+02   2.32308041e+00
3.2120e+02   2.32086712e+00
3.2130e+02   2.31865660e+00
3.2140e+02   2.31644853e+00
3.2150e+02   2.31424254e+00
3.2160e+02   2.31203860e+00
3.2170e+02   2.30983611e+00
3.2180e+02   2.30763511e+00
3.2190e+02   2.30543508e+00
3.2200e+02   2.30323583e+00
3.2210e+02   2.30103714e+00
3.2220e+02   2.29883852e+00
3.2230e+02   2.29664000e+00
3.2240e+02   2.29444098e+00
3.2250e+02   2.29224146e+00
3.2260e+02   2.29004107e+00
3.2270e+02   2.28783950e+00
3.2280e+02   2.28563674e+00
3.2290e+02   2.28343227e+00
3.2300e+02   2.28122621e+00
3.2310e+02   2.27901812e+00
3.2320e+02   2.27680797e+00
3.2330e+02   2.27459564e+00
3.2340e+02   2.27238085e+00
3.2350e+02   2.27016377e+00
3.2360e+02   2.26794403e+00
3.2370e+02   2.26572185e+00
3.2380e+02   2.26349706e+00
3.2390e+02   2.26126967e+00
3.2400e+02   2.25903988e+00
3.2410e+02   2.25680748e+00
3.2420e+02   2.25457290e+00
3.2430e+02   2.25233598e+00
3.2440e+02   2.25009704e+00
3.2450e+02   2.24785626e+00
3.2460e+02   2.24561370e+00
3.2470e+02   2.24336989e+00
3.2480e+02   2.24112476e+00
3.2490e+02   2.23887890e+00
3.2500e+02   2.23663246e+00
3.2510e+02   2.23438579e+00
3.2520e+02   2.23213941e+00
3.2530e+02   2.22989344e+00
3.2540e+02   2.22764860e+00
3.2550e+02   2.22540502e+00
3.2560e+02   2.22316332e+00
3.2570e+02   2.22092393e+00
3.2580e+02   2.21868716e+00
3.2590e+02   2.21645375e+00
3.2600e+02   2.21422384e+00
3.2610e+02   2.21199822e+00
3.2620e+02   2.20977715e+00
3.2630e+02   2.20756116e+00
3.2640e+02   2.20535083e+00
3.2650e+02   2.20314638e+00
3.2660e+02   2.20094858e+00
3.2670e+02   2.19875758e+00
3.2680e+02   2.19657400e+00
3.2690e+02   2.19439822e+00
3.2700e+02   2.19223051e+00
3.2710e+02   2.19007151e+00
3.2720e+02   2.18792126e+00
3.2730e+02   2.18578040e+00
3.2740e+02   2.18364903e+00
3.2750e+02   2.18152750e+00
3.2760e+02   2.17941619e+00
3.2770e+02   2.17731508e+00
3.2780e+02   2.17522471e+00
3.2790e+02   2.17314494e+00
3.2800e+02   2.17107616e+00
3.2810e+02   2.16901840e+00
3.2820e+02   2.16697169e+00
3.2830e+02   2.16493632e+00
3.2840e+02   2.16291202e+00
3.2850e+02   2.16089912e+00
3.2860e+02   2.15889736e+00
3.2870e+02   2.15690682e+00
3.2880e+02   2.15492748e+00
3.2890e+02   2.15295905e+00
3.2900e+02   2.15100171e+00
3.2910e+02   2.14905503e+00
3.2920e+02   2.14711909e+00
3.2930e+02   2.14519359e+00
3.2940e+02   2.14327831e+00
3.2950e+02   2.14137322e+00
3.2960e+02   2.13947781e+00
3.2970e+02   2.13759215e+00
3.2980e+02   2.13571573e+00
3.2990e+02   2.13384842e+00
3.3000e+02   2.13198998e+00
3.3010e+02   2.13013994e+00
3.3020e+02   2.12829829e+00
3.3030e+02   2.12646444e+00
3.3040e+02   2.12463834e+00
3.3050e+02   2.12281956e+00
3.3060e+02   2.12100776e+00
3.3070e+02   2.11920283e+00
3.3080e+02   2.11740418e+00
3.3090e+02   2.11561182e+00
3.3100e+02   2.11382519e+00
3.3110e+02   2.11204414e+00
3.3120e+02   2.11026839e+00
3.3130e+02   2.10849751e+00
3.3140e+02   2.10673147e+00
3.3150e+02   2.10496969e+00
3.3160e+02   2.10321219e+00
3.3170e+02   2.10145853e+00
3.3180e+02   2.09970850e+00
3.3190e+02   2.09796198e+00
3.3200e+02   2.09621848e+00
3.3210e+02   2.09447810e+00
3.3220e+02   2.09274033e+00
3.3230e+02   2.09100514e+00
3.3240e+02   2.08927232e+00
3.3250e+02   2.08754154e+00
3.3260e+02   2.08581288e+00
3.3270e+02   2.08408586e+00
3.3280e+02   2.08236060e+00
3.3290e+02   2.08063677e+00
3.3300e+02   2.07891426e+00
3.3310e+02   2.07719305e+00
3.3320e+02   2.07547278e+00
3.3330e+02   2.07375362e+00
3.3340e+02   2.07203518e+00
3.3350e+02   2.07031755e+00
3.3360e+02   2.06860058e+00
3.3370e+02   2.06688407e+00
3.3380e+02   2.06516818e+00
3.3390e+02   2.06345252e+00
3.3400e+02   2.06173732e+00
3.3410e+02   2.06002229e+00
3.3420e+02   2.05830745e+00
3.3430e+02   2.05659283e+00
3.3440e+02   2.05487815e+00
3.3450e+02   2.05316368e+00
3.3460e+02   2.05144905e+00
3.3470e+02   2.04973446e+00
3.3480e+02   2.04801979e+00
3.3490e+02   2.04630493e+00
3.3500e+02   2.04459006e+00
3.3510e+02   2.04287486e+00
3.3520e+02   2.04115962e+00
3.3530e+02   2.03944408e+00
3.3540e+02   2.03772832e+00
3.3550e+02   2.03601238e+00
3.3560e+02   2.03429605e+00
3.3570e+02   2.03257962e+00
3.3580e+02   2.03086275e+00
3.3590e+02   2.02914570e+00
3.3600e+02   2.02742832e+00
3.3610e+02   2.02571059e+00
3.3620e+02   2.02399267e+00
3.3630e+02   2.02227428e+00
3.3640e+02   2.02055574e+00
3.3650e+02   2.01883678e+00
3.3660e+02   2.01711753e+00
3.3670e+02   2.01539803e+00
3.3680e+02   2.01367809e+00
3.3690e+02   2.01195801e+00
3.3700e+02   2.01023746e+00
3.3710e+02   2.00851672e+00
3.3720e+02   2.00679564e+00
3.3730e+02   2.00507423e+00
3.3740e+02   2.00335263e+00
3.3750e+02   2.00163060e+00
3.3760e+02   1.99990844e+00
3.3770e+02   1.99818589e+00
3.3780e+02   1.99646312e+00
3.3790e+02   1.99474011e+00
3.3800e+02   1.99301675e+00
3.3810e+02   1.99129329e+00
3.3820e+02   1.98956943e+00
3.3830e+02   1.98784546e+00
3.3840e+02   1.98612120e+00
3.3850e+02   1.98439669e+00
3.3860e+02   1.98267208e+00
3.3870e+02   1.98094711e+00
3.3880e+02   1.97922210e+00
3.3890e+02   1.97749677e+00
3.3900e+02   1.97577133e+00
3.3910e+02   1.97404573e+00
3.3920e+02   1.97231987e+00
3.3930e+02   1.97059400e+00
3.3940e+02   1.96886782e+00
3.3950e+02   1.96714164e+00
3.3960e+02   1.96541525e+00
3.3970e+02   1.96368874e+00
3.3980e+02   1.96196219e+00
3.3990e+02   1.96023540e+00
3.4000e+02   1.95850867e+00
3.4010e+02   1.95678171e+00
3.4020e+02   1.95505476e+00
3.4030e+02   1.95332773e+00
3.4040e+02   1.95160057e+00
3.4050e+02   1.94987348e+00
3.4060e+02   1.94814620e+00
3.4070e+02   1.94641902e+00
3.4080e+02   1.94469173e+00
3.4090e+02   1.94296442e+00
3.4100e+02   1.94123718e+00
3.4110e+02   1.93950981e+00
3.4120e+02   1.93778261e+00
3.4130e+02   1.93605528e+00
3.4140e+02   1.93432806e+00
3.4150e+02   1.93260087e+00
3.4160e+02   1.93087365e+00
3.4170e+02   1.92914662e+00
3.4180e+02   1.92741949e+00
3.4190e+02   1.92569257e+00
3.4200e+02   1.92396564e+00
3.4210e+02   1.92223881e+00
3.4220e+02   1.92051214e+00
3.4230e+02   1.91878545e+00
3.4240e+02   1.91705903e+00
3.4250e+02   1.91533258e+00
3.4260e+02   1.91360637e+00
3.4270e+02   1.91188026e+00
3.4280e+02   1.91015425e+00
3.4290e+02   1.90842851e+00
3.4300e+02   1.90670277e+00
3.4310e+02   1.90497737e+00
3.4320e+02   1.90325203e+00
3.4330e+02   1.90152691e+00
3.4340e+02   1.89980204e+00
3.4350e+02   1.89807726e+00
3.4360e+02   1.89635284e+00
3.4370e+02   1.89462849e+00
3.4380e+02   1.89290448e+00
3.4390e+02   1.89118066e+00
3.4400e+02   1.88945705e+00
3.4410e+02   1.88773379e+00
3.4420e+02   1.88601065e+00
3.4430e+02   1.88428792e+00
3.4440e+02   1.88256535e+00
3.4450e+02   1.88084312e+00
3.4460e+02   1.87912120e+00
3.4470e+02   1.87739948e+00
3.4480e+02   1.87567821e+00
3.4490e+02   1.87395709e+00
3.4500e+02   1.87223642e+00
3.4510e+02   1.87051601e+00
3.4520e+02   1.86879592e+00
3.4530e+02   1.86707625e+00
3.4540e+02   1.86535680e+00
3.4550e+02   1.86363785e+00
3.4560e+02   1.86191913e+00
3.4570e+02   1.86020085e+00
3.4580e+02   1.85848296e+00
3.4590e+02   1.85676536e+00
3.4600e+02   1.85504828e+00
3.4610e+02   1.85333145e+00
3.4620e+02   1.85161514e+00
3.4630e+02   1.84989917e+00
3.4640e+02   1.84818361e+00
3.4650e+02   1.84646855e+00
3.4660e+02   1.84475378e+00
3.4670e+02   1.84303960e+00
3.4680e+02   1.84132572e+00
3.4690e+02   1.83961237e+00
3.4700e+02   1.83789946e+00
3.4710e+02   1.83618693e+00
3.4720e+02   1.83447500e+00
3.4730e+02   1.83276337e+00
3.4740e+02   1.83105237e+00
3.4750e+02   1.82934175e+00
3.4760e+02   1.82763163e+00
3.4770e+02   1.82592206e+00
3.4780e+02   1.82421286e+00
3.4790e+02   1.82250432e+00
3.4800e+02   1.82079614e+00
3.4810e+02   1.81908857e+00
3.4820e+02   1.81738149e+00
3.4830e+02   1.81567487e+00
3.4840e+02   1.81396890e+00
3.4850e+02   1.81226330e+00
3.4860e+02   1.81055839e+00
3.4870e+02   1.80885391e+00
3.4880e+02   1.80715001e+00
3.4890e+02   1.80544671e+00
3.4900e+02   1.80374384e+00
3.4910e+02   1.80204168e+00
3.4920e+02   1.80033994e+00
3.4930e+02   1.79863886e+00
3.4940e+02   1.79693832e+00
3.4950e+02   1.79523831e+00
3.4960e+02   1.79353899e+00
3.4970e+02   1.79184009e+00
3.4980e+02   1.79014194e+00
3.4990e+02   1.78844425e+00
3.5000e+02   1.78674721e+00
3.5010e+02   1.78505079e+00
3.5020e+02   1.78335487e+00
3.5030e+02   1.78165969e+00
3.5040e+02   1.77996496e+00
3.5050e+02   1.77827096e+00
3.5060e+02   1.77657752e+00
3.5070e+02   1.77488466e+00
3.5080e+02   1.77319252e+00
3.5090e+02   1.77150085e+00
3.5100e+02   1.76980995e+00
3.5110e+02   1.76811955e+00
3.5120e+02   1.76642984e+00
3.5130e+02   1.76474077e+00
3.5140e+02   1.76305224e+00
3.5150e+02   1.76136448e+00
3.5160e+02   1.75967720e+00
3.5170e+02   1.75799067e+00
3.5180e+02   1.75630472e+00
3.5190e+02   1.75461939e+00
3.5200e+02   1.75293479e+00
3.5210e+02   1.75125069e+00
3.5220e+02   1.74956738e+00
3.5230e+02   1.74788459e+00
3.5240e+02   1.74620251e+00
3.5250e+02   1.74452108e+00
3.5260e+02   1.74284021e+00
3.5270e+02   1.74116012e+00
3.5280e+02   1.73948052e+00
3.5290e+02   1.73780170e+00
3.5300e+02   1.73612346e+00
3.5310e+02   1.73444586e+00
3.5320e+02   1.73276898e+00
3.5330e+02   1.73109261e+00
3.5340e+02   1.72941705e+00
3.5350e+02   1.72774199e+00
3.5360e+02   1.72606767e+00
3.5370e+02   1.72439398e+00
3.5380e+02   1.72272087e+00
3.5390e+02   1.72104853e+00
3.5400e+02   1.71937668e+00
3.5410e+02   1.71770562e+00
3.5420e+02   1.71603511e+00
3.5430e+02   1.71436526e+00
3.5440e+02   1.71269610e+00
3.5450e+02   1.71102747e+00
3.5460e+02   1.70935962e+00
3.5470e+02   1.70769228e+00
3.5480e+02   1.70602566e+00
3.5490e+02   1.70435965e+00
3.5500e+02   1.70269422e+00
3.5510e+02   1.70102955e+00
3.5520e+02   1.69936535e+00
3.5530e+02   1.69770192e+00
3.5540e+02   1.69603902e+00
3.5550e+02   1.69437678e+00
3.5560e+02   1.69271520e+00
3.5570e+02   1.69105414e+00
3.5580e+02   1.68939384e+00
3.5590e+02   1.68773402e+00
3.5600e+02   1.68607491e+00
3.5610e+02   1.68441638e+00
3.5620e+02   1.68275842e+00
3.5630e+02   1.68110118e+00
3.5640e+02   1.67944440e+00
3.5650e+02   1.67778837e+00
3.5660e+02   1.67613283e+00
3.5670e+02   1.67447793e+00
3.5680e+02   1.67282367e+00
3.5690e+02   1.67116990e+00
3.5700e+02   1.66951686e+00
3.5710e+02   1.66786427e+00
3.5720e+02   1.66621238e+00
3.5730e+02   1.66456102e+00
3.5740e+02   1.66291022e+00
3.5750e+02   1.66126010e+00
3.5760e+02   1.65961041e+00
3.5770e+02   1.65796145e+00
3.5780e+02   1.65631294e+00
3.5790e+02   1.65466506e+00
3.5800e+02   1.65301776e+00
3.5810e+02   1.65137095e+00
3.5820e+02   1.64972483e+00
3.5830e+02   1.64807912e+00
3.5840e+02   1.64643409e+00
3.5850e+02   1.64478955e+00
3.5860e+02   1.64314556e+00
3.5870e+02   1.64150220e+00
3.5880e+02   1.63985925e+00
3.5890e+02   1.63821700e+00
3.5900e+02   1.63657516e+00
3.5910e+02   1.63493393e+00
3.5920e+02   1.63329325e+00
3.5930e+02   1.63165302e+00
3.5940e+02   1.63001346e+00
3.5950e+02   1.62837427e+00
3.5960e+02   1.62673575e+00
3.5970e+02   1.62509768e+00
3.5980e+02   1.62346013e+00
3.5990e+02   1.62182318e+00
3.6000e+02   1.62018662e+00
3.6010e+02   1.61855072e+00
3.6020e+02   1.61691521e+00
3.6030e+02   1.61528029e+00
3.6040e+02   1.61364588e+00
3.6050e+02   1.61201191e+00
3.6060e+02   1.61037856e+00
3.6070e+02   1.60874558e+00
3.6080e+02   1.60711323e+00
3.6090e+02   1.60548130e+00
3.6100e+02   1.60384988e+00
3.6110e+02   1.60221902e+00
3.6120e+02   1.60058853e+00
3.6130e+02   1.59895869e+00
3.6140e+02   1.59732920e+00
3.6150e+02   1.59570029e+00
3.6160e+02   1.59407185e+00
3.6170e+02   1.59244384e+00
3.6180e+02   1.59081643e+00
3.6190e+02   1.58918936e+00
3.6200e+02   1.58756291e+00
3.6210e+02   1.58593684e+00
3.6220e+02   1.58431129e+00
3.6230e+02   1.58268625e+00
3.6240e+02   1.58106159e+00
3.6250e+02   1.57943754e+00
3.6260e+02   1.57781382e+00
3.6270e+02   1.57619068e+00
3.6280e+02   1.57456797e+00
3.6290e+02   1.57294570e+00
3.6300e+02   1.57132399e+00
3.6310e+02   1.56970261e+00
3.6320e+02   1.56808184e+00
3.6330e+02   1.56646143e+00
3.6340e+02   1.56484152e+00
3.6350e+02   1.56322211e+00
3.6360e+02   1.56160306e+00
3.6370e+02   1.55998462e+00
3.6380e+02   1.55836648e+00
3.6390e+02   1.55674892e+00
3.6400e+02   1.55513177e+00
3.6410e+02   1.55351505e+00
3.6420e+02   1.55189888e+00
3.6430e+02   1.55028303e+00
3.6440e+02   1.54866778e+00
3.6450e+02   1.54705286e+00
3.6460e+02   1.54543846e+00
3.6470e+02   1.54382453e+00
3.6480e+02   1.54221096e+00
3.6490e+02   1.54059798e+00
3.6500e+02   1.53898531e+00
3.6510e+02   1.53737321e+00
3.6520e+02   1.53576149e+00
3.6530e+02   1.53415022e+00
3.6540e+02   1.53253948e+00
3.6550e+02   1.53092906e+00
3.6560e+02   1.52931923e+00
3.6570e+02   1.52770973e+00
3.6580e+02   1.52610076e+00
3.6590e+02   1.52449223e+00
3.6600e+02   1.52288409e+00
3.6610e+02   1.52127652e+00
3.6620e+02   1.51966925e+00
3.6630e+02   1.51806257e+00
3.6640e+02   1.51645626e+00
3.6650e+02   1.51485041e+00
3.6660e+02   1.51324508e+00
3.6670e+02   1.51164008e+00
3.6680e+02   1.51003569e+00
3.6690e+02   1.50843162e+00
3.6700e+02   1.50682809e+00
3.6710e+02   1.50522500e+00
3.6720e+02   1.50362231e+00
3.6730e+02   1.50202020e+00
3.6740e+02   1.50041841e+00
3.6750e+02   1.49881722e+00
3.6760e+02   1.49721640e+00
3.6770e+02   1.49561607e+00
3.6780e+02   1.49401626e+00
3.6790e+02   1.49241681e+00
3.6800e+02   1.49081798e+00
3.6810e+02   1.48921948e+00
3.6820e+02   1.48762155e+00
3.6830e+02   1.48602408e+00
3.6840e+02   1.48442704e+00
3.6850e+02   1.48283060e+00
3.6860e+02   1.48123450e+00
3.6870e+02   1.47963904e+00
3.6880e+02   1.47804396e+00
3.6890e+02   1.47644942e+00
3.6900e+02   1.47485542e+00
3.6910e+02   1.47326182e+00
3.6920e+02   1.47166887e+00
3.6930e+02   1.47007629e+00
3.6940e+02   1.46848433e+00
3.6950e+02   1.46689285e+00
3.6960e+02   1.46530186e+00
3.6970e+02   1.46371150e+00
3.6980e+02   1.46212153e+00
3.6990e+02   1.46053225e+00
3.7000e+02   1.45894340e+00
3.7010e+02   1.45735515e+00
3.7020e+02   1.45576747e+00
3.7030e+02   1.45418027e+00
3.7040e+02   1.45259376e+00
3.7050e+02   1.45100768e+00
3.7060e+02   1.44942230e+00
3.7070e+02   1.44783744e+00
3.7080e+02   1.44625316e+00
3.7090e+02   1.44466955e+00
3.7100e+02   1.44308642e+00
3.7110e+02   1.44150404e+00
3.7120e+02   1.43992216e+00
3.7130e+02   1.43834097e+00
3.7140e+02   1.43676042e+00
3.7150e+02   1.43518043e+00
3.7160e+02   1.43360122e+00
3.7170e+02   1.43202251e+00
3.7180e+02   1.43044459e+00
3.7190e+02   1.42886728e+00
3.7200e+02   1.42729064e+00
3.7210e+02   1.42571476e+00
3.7220e+02   1.42413946e+00
3.7230e+02   1.42256501e+00
3.7240e+02   1.42099115e+00
3.7250e+02   1.41941808e+00
3.7260e+02   1.41784575e+00
3.7270e+02   1.41627409e+00
3.7280e+02   1.41470331e+00
3.7290e+02   1.41313315e+00
3.7300e+02   1.41156389e+00
3.7310e+02   1.40999533e+00
3.7320e+02   1.40842759e+00
3.7330e+02   1.40686070e+00
3.7340e+02   1.40529451e+00
3.7350e+02   1.40372930e+00
3.7360e+02   1.40216478e+00
3.7370e+02   1.40060121e+00
3.7380e+02   1.39903847e+00
3.7390e+02   1.39747656e+00
3.7400e+02   1.39591563e+00
3.7410e+02   1.39435546e+00
3.7420e+02   1.39279633e+00
3.7430e+02   1.39123802e+00
3.7440e+02   1.38968068e+00
3.7450e+02   1.38812432e+00
3.7460e+02   1.38656880e+00
3.7470e+02   1.38501439e+00
3.7480e+02   1.38346083e+00
3.7490e+02   1.38190835e+00
3.7500e+02   1.38035685e+00
3.7510e+02   1.37880632e+00
3.7520e+02   1.37725692e+00
3.7530e+02   1.37570843e+00
3.7540e+02   1.37416113e+00
3.7550e+02   1.37261480e+00
3.7560e+02   1.37106959e+00
3.7570e+02   1.36952551e+00
3.7580e+02   1.36798243e+00
3.7590e+02   1.36644062e+00
3.7600e+02   1.36489980e+00
3.7610e+02   1.36336024e+00
3.7620e+02   1.36182179e+00
3.7630e+02   1.36028449e+00
3.7640e+02   1.35874847e+00
3.7650e+02   1.35721352e+00
3.7660e+02   1.35567993e+00
3.7670e+02   1.35414746e+00
3.7680e+02   1.35261628e+00
3.7690e+02   1.35108638e+00
3.7700e+02   1.34955767e+00
3.7710e+02   1.34803038e+00
3.7720e+02   1.34650424e+00
3.7730e+02   1.34497953e+00
3.7740e+02   1.34345609e+00
3.7750e+02   1.34193398e+00
3.7760e+02   1.34041330e+00
3.7770e+02   1.33889386e+00
3.7780e+02   1.33737595e+00
3.7790e+02   1.33585932e+00
3.7800e+02   1.33434417e+00
3.7810e+02   1.33283044e+00
3.7820e+02   1.33131807e+00
3.7830e+02   1.32980729e+00
3.7840e+02   1.32829783e+00
3.7850e+02   1.32678997e+00
3.7860e+02   1.32528353e+00
3.7870e+02   1.32377860e+00
3.7880e+02   1.32227526e+00
3.7890e+02   1.32077333e+00
3.7900e+02   1.31927310e+00
3.7910e+02   1.31777430e+00
3.7920e+02   1.31627715e+00
3.7930e+02   1.31478158e+00
3.7940e+02   1.31328755e+00
3.7950e+02   1.31179525e+00
3.7960e+02   1.31030444e+00
3.7970e+02   1.30881540e+00
3.7980e+02   1.30732793e+00
3.7990e+02   1.30584214e+00
3.8000e+02   1.30435809e+00
3.8010e+02   1.30287561e+00
3.8020e+02   1.30139499e+00
3.8030e+02   1.29991594e+00
3.8040e+02   1.29843872e+00
3.8050e+02   1.29696322e+00
3.8060e+02   1.29548942e+00
3.8070e+02   1.29401750e+00
3.8080e+02   1.29254721e+00
3.8090e+02   1.29107885e+00
3.8100e+02   1.28961220e+00
3.8110e+02   1.28814739e+00
3.8120e+02   1.28668445e+00
3.8130e+02   1.28522324e+00
3.8140e+02   1.28376402e+00
3.8150e+02   1.28230652e+00
3.8160e+02   1.28085099e+00
3.8170e+02   1.27939730e+00
3.8180e+02   1.27794547e+00
3.8190e+02   1.27649564e+00
3.8200e+02   1.27504759e+00
3.8210e+02   1.27360159e+00
3.8220e+02   1.27215742e+00
3.8230e+02   1.27071524e+00
3.8240e+02   1.26927504e+00
3.8250e+02   1.26783671e+00
3.8260e+02   1.26640048e+00
3.8270e+02   1.26496609e+00
3.8280e+02   1.26353381e+00
3.8290e+02   1.26210346e+00
3.8300e+02   1.26067511e+00
3.8310e+02   1.25924885e+00
3.8320e+02   1.25782449e+00
3.8330e+02   1.25640230e+00
3.8340e+02   1.25498203e+00
3.8350e+02   1.25356388e+00
3.8360e+02   1.25214778e+00
3.8370e+02   1.25073368e+00
3.8380e+02   1.24932176e+00
3.8390e+02   1.24791179e+00
3.8400e+02   1.24650401e+00
3.8410e+02   1.24509826e+00
3.8420e+02   1.24369461e+00
3.8430e+02   1.24229312e+00
3.8440e+02   1.24089363e+00
3.8450e+02   1.23949639e+00
3.8460e+02   1.23810115e+00
3.8470e+02   1.23670810e+00
3.8480e+02   1.23531719e+00
3.8490e+02   1.23392834e+00
3.8500e+02   1.23254176e+00
3.8510e+02   1.23115718e+00
3.8520e+02   1.22977488e+00
3.8530e+02   1.22839466e+00
3.8540e+02   1.22701660e+00
3.8550e+02   1.22564077e+00
3.8560e+02   1.22426699e+00
3.8570e+02   1.22289552e+00
3.8580e+02   1.22152609e+00
3.8590e+02   1.22015893e+00
3.8600e+02   1.21879393e+00
3.8610e+02   1.21743106e+00
3.8620e+02   1.21607048e+00
3.8630e+02   1.21471196e+00
3.8640e+02   1.21335575e+00
3.8650e+02   1.21200165e+00
3.8660e+02   1.21064976e+00
3.8670e+02   1.20930012e+00
3.8680e+02   1.20795256e+00
3.8690e+02   1.20660735e+00
3.8700e+02   1.20526419e+00
3.8710e+02   1.20392333e+00
3.8720e+02   1.20258464e+00
3.8730e+02   1.20124812e+00
3.8740e+02   1.19991389e+00
3.8750e+02   1.19858173e+00
3.8760e+02   1.19725190e+00
3.8770e+02   1.19592417e+00
3.8780e+02   1.19459869e+00
3.8790e+02   1.19327543e+00
3.8800e+02   1.19195428e+00
3.8810e+02   1.19063545e+00
3.8820e+02   1.18931869e+00
3.8830e+02   1.18800423e+00
3.8840e+02   1.18669191e+00
3.8850e+02   1.18538176e+00
3.8860e+02   1.18407389e+00
3.8870e+02   1.18276807e+00
3.8880e+02   1.18146457e+00
3.8890e+02   1.18016315e+00
3.8900e+02   1.17886396e+00
3.8910e+02   1.17756697e+00
3.8920e+02   1.17627206e+00
3.8930e+02   1.17497945e+00
3.8940e+02   1.17368887e+00
3.8950e+02   1.17240057e+00
3.8960e+02   1.17111437e+00
3.8970e+02   1.16983031e+00
3.8980e+02   1.16854848e+00
3.8990e+02   1.16726867e+00
3.9000e+02   1.16599115e+00
3.9010e+02   1.16471564e+00
3.9020e+02   1.16344234e+00
3.9030e+02   1.16217117e+00
3.9040e+02   1.16090205e+00
3.9050e+02   1.15963517e+00
3.9060e+02   1.15837026e+00
3.9070e+02   1.15710758e+00
3.9080e+02   1.15584693e+00
3.9090e+02   1.15458839e+00
3.9100e+02   1.15333200e+00
3.9110e+02   1.15207757e+00
3.9120e+02   1.15082536e+00
3.9130e+02   1.14957510e+00
3.9140e+02   1.14832699e+00
3.9150e+02   1.14708092e+00
3.9160e+02   1.14583684e+00
3.9170e+02   1.14459492e+00
3.9180e+02   1.14335491e+00
3.9190e+02   1.14211705e+00
3.9200e+02   1.14088113e+00
3.9210e+02   1.13964725e+00
3.9220e+02   1.13841543e+00
3.9230e+02   1.13718550e+00
3.9240e+02   1.13595770e+00
3.9250e+02   1.13473176e+00
3.9260e+02   1.13350788e+00
3.9270e+02   1.13228596e+00
3.9280e+02   1.13106594e+00
3.9290e+02   1.12984799e+00
3.9300e+02   1.12863185e+00
3.9310e+02   1.12741777e+00
3.9320e+02   1.12620553e+00
3.9330e+02   1.12499524e+00
3.9340e+02   1.12378691e+00
3.9350e+02   1.12258037e+00
3.9360e+02   1.12137587e+00
3.9370e+02   1.12017312e+00
3.9380e+02   1.11897234e+00
3.9390e+02   1.11777339e+00
3.9400e+02   1.11657627e+00
3.9410e+02   1.11538109e+00
3.9420e+02   1.11418763e+00
3.9430e+02   1.11299612e+00
3.9440e+02   1.11180634e+00
3.9450e+02   1.11061842e+00
3.9460e+02   1.10943232e+00
3.9470e+02   1.10824793e+00
3.9480e+02   1.10706546e+00
3.9490e+02   1.10588462e+00
3.9500e+02   1.10470566e+00
3.9510e+02   1.10352840e+00
3.9520e+02   1.10235287e+00
3.9530e+02   1.10117917e+00
3.9540e+02   1.10000706e+00
3.9550e+02   1.09883681e+00
3.9560e+02   1.09766816e+00
3.9570e+02   1.09650126e+00
3.9580e+02   1.09533607e+00
3.9590e+02   1.09417248e+00
3.9600e+02   1.09301069e+00
3.9610e+02   1.09185042e+00
3.9620e+02   1.09069191e+00
3.9630e+02   1.08953499e+00
3.9640e+02   1.08837970e+00
3.9650e+02   1.08722610e+00
3.9660e+02   1.08607399e+00
3.9670e+02   1.08492363e+00
3.9680e+02   1.08377475e+00
3.9690e+02   1.08262752e+00
3.9700e+02   1.08148186e+00
3.9710e+02   1.08033771e+00
3.9720e+02   1.07919523e+00
3.9730e+02   1.07805417e+00
3.9740e+02   1.07691476e+00
3.9750e+02   1.07577682e+00
3.9760e+02   1.07464040e+00
3.9770e+02   1.07350555e+00
3.9780e+02   1.07237210e+00
3.9790e+02   1.07124028e+00
3.9800e+02   1.07010982e+00
3.9810e+02   1.06898091e+00
3.9820e+02   1.06785346e+00
3.9830e+02   1.06672742e+00
3.9840e+02   1.06560293e+00
3.9850e+02   1.06447976e+00
3.9860e+02   1.06335814e+00
3.9870e+02   1.06223786e+00
3.9880e+02   1.06111902e+00
3.9890e+02   1.06000164e+00
3.9900e+02   1.05888555e+00
3.9910e+02   1.05777099e+00
3.9920e+02   1.05665768e+00
3.9930e+02   1.05554583e+00
3.9940e+02   1.05443533e+00
3.9950e+02   1.05332614e+00
3.9960e+02   1.05221841e+00
3.9970e+02   1.05111188e+00
3.9980e+02   1.05000682e+00
3.9990e+02   1.04890299e+00
4.0000e+02   1.04780052e+00
4.0010e+02   1.04669939e+00
4.0020e+02   1.04559948e+00
4.0030e+02   1.04450099e+00
4.0040e+02   1.04340365e+00
4.0050e+02   1.04230770e+00
4.0060e+02   1.04121298e+00
4.0070e+02   1.04011950e+00
4.0080e+02   1.03902737e+00
4.0090e+02   1.03793636e+00
4.0100e+02   1.03684674e+00
4.0110e+02   1.03575825e+00
4.0120e+02   1.03467103e+00
4.0130e+02   1.03358506e+00
4.0140e+02   1.03250023e+00
4.0150e+02   1.03141673e+00
4.0160e+02   1.03033430e+00
4.0170e+02   1.02925317e+00
4.0180e+02   1.02817319e+00
4.0190e+02   1.02709437e+00
4.0200e+02   1.02601680e+00
4.0210e+02   1.02494029e+00
4.0220e+02   1.02386507e+00
4.0230e+02   1.02279090e+00
4.0240e+02   1.02171794e+00
4.0250e+02   1.02064614e+00
4.0260e+02   1.01957540e+00
4.0270e+02   1.01850591e+00
4.0280e+02   1.01743741e+00
4.0290e+02   1.01637015e+00
4.0300e+02   1.01530394e+00
4.0310e+02   1.01423883e+00
4.0320e+02   1.01317489e+00
4.0330e+02   1.01211194e+00
4.0340e+02   1.01105020e+00
4.0350e+02   1.00998944e+00
4.0360e+02   1.00892982e+00
4.0370e+02   1.00787127e+00
4.0380e+02   1.00681372e+00
4.0390e+02   1.00575735e+00
4.0400e+02   1.00470190e+00
4.0410e+02   1.00364762e+00
4.0420e+02   1.00259431e+00
4.0430e+02   1.00154205e+00
4.0440e+02   1.00049087e+00
4.0450e+02   9.99440620e-01
4.0460e+02   9.98391520e-01
4.0470e+02   9.97343314e-01
4.0480e+02   9.96296199e-01
4.0490e+02   9.95250073e-01
4.0500e+02   9.94204896e-01
4.0510e+02   9.93160819e-01
4.0520e+02   9.92117599e-01
4.0530e+02   9.91075489e-01
4.0540e+02   9.90034272e-01
4.0550e+02   9.88994053e-01
4.0560e+02   9.87954846e-01
4.0570e+02   9.86916503e-01
4.0580e+02   9.85879248e-01
4.0590e+02   9.84842819e-01
4.0600e+02   9.83807429e-01
4.0610e+02   9.82772952e-01
4.0620e+02   9.81739375e-01
4.0630e+02   9.80706827e-01
4.0640e+02   9.79675077e-01
4.0650e+02   9.78644380e-01
4.0660e+02   9.77614506e-01
4.0670e+02   9.76585581e-01
4.0680e+02   9.75557596e-01
4.0690e+02   9.74530424e-01
4.0700e+02   9.73504277e-01
4.0710e+02   9.72478895e-01
4.0720e+02   9.71454501e-01
4.0730e+02   9.70430948e-01
4.0740e+02   9.69408250e-01
4.0750e+02   9.68386513e-01
4.0760e+02   9.67365522e-01
4.0770e+02   9.66345528e-01
4.0780e+02   9.65326291e-01
4.0790e+02   9.64307960e-01
4.0800e+02   9.63290499e-01
4.0810e+02   9.62273805e-01
4.0820e+02   9.61258076e-01
4.0830e+02   9.60243054e-01
4.0840e+02   9.59228972e-01
4.0850e+02   9.58215666e-01
4.0860e+02   9.57203173e-01
4.0870e+02   9.56191576e-01
4.0880e+02   9.55180677e-01
4.0890e+02   9.54170722e-01
4.0900e+02   9.53161464e-01
4.0910e+02   9.52153070e-01
4.0920e+02   9.51145481e-01
4.0930e+02   9.50138618e-01
4.0940e+02   9.49132662e-01
4.0950e+02   9.48127360e-01
4.0960e+02   9.47122956e-01
4.0970e+02   9.46119263e-01
4.0980e+02   9.45116348e-01
4.0990e+02   9.44114266e-01
4.1000e+02   9.43112839e-01
4.1010e+02   9.42112306e-01
4.1020e+02   9.41112416e-01
4.1030e+02   9.40113352e-01
4.1040e+02   9.39115031e-01
4.1050e+02   9.38117399e-01
4.1060e+02   9.37120619e-01
4.1070e+02   9.36124448e-01
4.1080e+02   9.35129133e-01
4.1090e+02   9.34134472e-01
4.1100e+02   9.33140554e-01
4.1110e+02   9.32147413e-01
4.1120e+02   9.31154888e-01
4.1130e+02   9.30163211e-01
4.1140e+02   9.29172126e-01
4.1150e+02   9.28181833e-01
4.1160e+02   9.27192226e-01
4.1170e+02   9.26203277e-01
4.1180e+02   9.25215128e-01
4.1190e+02   9.24227547e-01
4.1200e+02   9.23240783e-01
4.1210e+02   9.22254621e-01
4.1220e+02   9.21269173e-01
4.1230e+02   9.20284447e-01
4.1240e+02   9.19300305e-01
4.1250e+02   9.18316966e-01
4.1260e+02   9.17334175e-01
4.1270e+02   9.16352146e-01
4.1280e+02   9.15370749e-01
4.1290e+02   9.14389983e-01
4.1300e+02   9.13409968e-01
4.1310e+02   9.12430486e-01
4.1320e+02   9.11451784e-01
4.1330e+02   9.10473638e-01
4.1340e+02   9.09496180e-01
4.1350e+02   9.08519393e-01
4.1360e+02   9.07543163e-01
4.1370e+02   9.06567694e-01
4.1380e+02   9.05592734e-01
4.1390e+02   9.04618507e-01
4.1400e+02   9.03644864e-01
4.1410e+02   9.02671829e-01
4.1420e+02   9.01699500e-01
4.1430e+02   9.00727672e-01
4.1440e+02   8.99756592e-01
4.1450e+02   8.98786024e-01
4.1460e+02   8.97816122e-01
4.1470e+02   8.96846844e-01
4.1480e+02   8.95878099e-01
4.1490e+02   8.94910078e-01
4.1500e+02   8.93942529e-01
4.1510e+02   8.92975689e-01
4.1520e+02   8.92009389e-01
4.1530e+02   8.91043677e-01
4.1540e+02   8.90078627e-01
4.1550e+02   8.89114053e-01
4.1560e+02   8.88150196e-01
4.1570e+02   8.87186813e-01
4.1580e+02   8.86224077e-01
4.1590e+02   8.85261921e-01
4.1600e+02   8.84300279e-01
4.1610e+02   8.83339324e-01
4.1620e+02   8.82378812e-01
4.1630e+02   8.81418986e-01
4.1640e+02   8.80459659e-01
4.1650e+02   8.79500904e-01
4.1660e+02   8.78542773e-01
4.1670e+02   8.77585095e-01
4.1680e+02   8.76628106e-01
4.1690e+02   8.75671558e-01
4.1700e+02   8.74715640e-01
4.1710e+02   8.73760263e-01
4.1720e+02   8.72805384e-01
4.1730e+02   8.71851159e-01
4.1740e+02   8.70897353e-01
4.1750e+02   8.69944212e-01
4.1760e+02   8.68991534e-01
4.1770e+02   8.68039417e-01
4.1780e+02   8.67087887e-01
4.1790e+02   8.66136795e-01
4.1800e+02   8.65186366e-01
4.1810e+02   8.64236350e-01
4.1820e+02   8.63286950e-01
4.1830e+02   8.62338057e-01
4.1840e+02   8.61389652e-01
4.1850e+02   8.60441871e-01
4.1860e+02   8.59494490e-01
4.1870e+02   8.58547757e-01
4.1880e+02   8.57601458e-01
4.1890e+02   8.56655712e-01
4.1900e+02   8.55710521e-01
4.1910e+02   8.54765758e-01
4.1920e+02   8.53821636e-01
4.1930e+02   8.52877906e-01
4.1940e+02   8.51934784e-01
4.1950e+02   8.50992139e-01
4.1960e+02   8.50049978e-01
4.1970e+02   8.49108415e-01
4.1980e+02   8.48167240e-01
4.1990e+02   8.47226701e-01
4.2000e+02   8.46286573e-01
4.2010e+02   8.45346997e-01
4.2020e+02   8.44407948e-01
4.2030e+02   8.43469325e-01
4.2040e+02   8.42531326e-01
4.2050e+02   8.41593705e-01
4.2060e+02   8.40656689e-01
4.2070e+02   8.39720126e-01
4.2080e+02   8.38784051e-01
4.2090e+02   8.37848554e-01
4.2100e+02   8.36913442e-01
4.2110e+02   8.35978958e-01
4.2120e+02   8.35044870e-01
4.2130e+02   8.34111337e-01
4.2140e+02   8.33178314e-01
4.2150e+02   8.32245720e-01
4.2160e+02   8.31313740e-01
4.2170e+02   8.30382131e-01
4.2180e+02   8.29451131e-01
4.2190e+02   8.28520569e-01
4.2200e+02   8.27590504e-01
4.2210e+02   8.26661005e-01
4.2220e+02   8.25731894e-01
4.2230e+02   8.24803411e-01
4.2240e+02   8.23875316e-01
4.2250e+02   8.22947789e-01
4.2260e+02   8.22020758e-01
4.2270e+02   8.21094169e-01
4.2280e+02   8.20168189e-01
4.2290e+02   8.19242583e-01
4.2300e+02   8.18317595e-01
4.2310e+02   8.17393038e-01
4.2320e+02   8.16468995e-01
4.2330e+02   8.15545510e-01
4.2340e+02   8.14622427e-01
4.2350e+02   8.13699976e-01
4.2360e+02   8.12777915e-01
4.2370e+02   8.11856437e-01
4.2380e+02   8.10935452e-01
4.2390e+02   8.10014927e-01
4.2400e+02   8.09095012e-01
4.2410e+02   8.08175483e-01
4.2420e+02   8.07256584e-01
4.2430e+02   8.06338117e-01
4.2440e+02   8.05420186e-01
4.2450e+02   8.04502813e-01
4.2460e+02   8.03585860e-01
4.2470e+02   8.02669549e-01
4.2480e+02   8.01753635e-01
4.2490e+02   8.00838327e-01
4.2500e+02   7.99923511e-01
4.2510e+02   7.99009181e-01
4.2520e+02   7.98095466e-01
4.2530e+02   7.97182152e-01
4.2540e+02   7.96269487e-01
4.2550e+02   7.95357259e-01
4.2560e+02   7.94445594e-01
4.2570e+02   7.93534489e-01
4.2580e+02   7.92623828e-01
4.2590e+02   7.91713821e-01
4.2600e+02   7.90804224e-01
4.2610e+02   7.89895257e-01
4.2620e+02   7.88986787e-01
4.2630e+02   7.88078830e-01
4.2640e+02   7.87171496e-01
4.2650e+02   7.86264583e-01
4.2660e+02   7.85358338e-01
4.2670e+02   7.84452538e-01
4.2680e+02   7.83547331e-01
4.2690e+02   7.82642688e-01
4.2700e+02   7.81738516e-01
4.2710e+02   7.80835010e-01
4.2720e+02   7.79931930e-01
4.2730e+02   7.79029504e-01
4.2740e+02   7.78127581e-01
4.2750e+02   7.77226202e-01
4.2760e+02   7.76325452e-01
4.2770e+02   7.75425146e-01
4.2780e+02   7.74525527e-01
4.2790e+02   7.73626363e-01
4.2800e+02   7.72727820e-01
4.2810e+02   7.71829846e-01
4.2820e+02   7.70932372e-01
4.2830e+02   7.70035575e-01
4.2840e+02   7.69139221e-01
4.2850e+02   7.68243546e-01
4.2860e+02   7.67348379e-01
4.2870e+02   7.66453787e-01
4.2880e+02   7.65559830e-01
4.2890e+02   7.64666341e-01
4.2900e+02   7.63773555e-01
4.2910e+02   7.62881237e-01
4.2920e+02   7.61989567e-01
4.2930e+02   7.61098472e-01
4.2940e+02   7.60207904e-01
4.2950e+02   7.59318024e-01
4.2960e+02   7.58428605e-01
4.2970e+02   7.57539889e-01
4.2980e+02   7.56651687e-01
4.2990e+02   7.55764089e-01
4.3000e+02   7.54877133e-01
4.3010e+02   7.53990671e-01
4.3020e+02   7.53104928e-01
4.3030e+02   7.52219665e-01
4.3040e+02   7.51335078e-01
4.3050e+02   7.50451071e-01
4.3060e+02   7.49567621e-01
4.3070e+02   7.48684870e-01
4.3080e+02   7.47802600e-01
4.3090e+02   7.46921054e-01
4.3100e+02   7.46040033e-01
4.3110e+02   7.45159647e-01
4.3120e+02   7.44279910e-01
4.3130e+02   7.43400694e-01
4.3140e+02   7.42522214e-01
4.3150e+02   7.41644229e-01
4.3160e+02   7.40766951e-01
4.3170e+02   7.39890260e-01
4.3180e+02   7.39014159e-01
4.3190e+02   7.38138768e-01
4.3200e+02   7.37263883e-01
4.3210e+02   7.36389748e-01
4.3220e+02   7.35516150e-01
4.3230e+02   7.34643221e-01
4.3240e+02   7.33770952e-01
4.3250e+02   7.32899236e-01
4.3260e+02   7.32028275e-01
4.3270e+02   7.31157832e-01
4.3280e+02   7.30288127e-01
4.3290e+02   7.29419023e-01
4.3300e+02   7.28550546e-01
4.3310e+02   7.27682797e-01
4.3320e+02   7.26815583e-01
4.3330e+02   7.25949147e-01
4.3340e+02   7.25083269e-01
4.3350e+02   7.24218099e-01
4.3360e+02   7.23353605e-01
4.3370e+02   7.22489703e-01
4.3380e+02   7.21626581e-01
4.3390e+02   7.20764005e-01
4.3400e+02   7.19902206e-01
4.3410e+02   7.19041027e-01
4.3420e+02   7.18180519e-01
4.3430e+02   7.17320761e-01
4.3440e+02   7.16461578e-01
4.3450e+02   7.15603207e-01
4.3460e+02   7.14745420e-01
4.3470e+02   7.13888388e-01
4.3480e+02   7.13032055e-01
4.3490e+02   7.12176360e-01
4.3500e+02   7.11321476e-01
4.3510e+02   7.10467175e-01
4.3520e+02   7.09613694e-01
4.3530e+02   7.08760860e-01
4.3540e+02   7.07908750e-01
4.3550e+02   7.07057418e-01
4.3560e+02   7.06206706e-01
4.3570e+02   7.05356846e-01
4.3580e+02   7.04507606e-01
4.3590e+02   7.03659173e-01
4.3600e+02   7.02811466e-01
4.3610e+02   7.01964452e-01
4.3620e+02   7.01118284e-01
4.3630e+02   7.00272743e-01
4.3640e+02   6.99428071e-01
4.3650e+02   6.98584080e-01
4.3660e+02   6.97740869e-01
4.3670e+02   6.96898468e-01
4.3680e+02   6.96056739e-01
4.3690e+02   6.95215906e-01
4.3700e+02   6.94375734e-01
4.3710e+02   6.93536422e-01
4.3720e+02   6.92697871e-01
4.3730e+02   6.91860070e-01
4.3740e+02   6.91023152e-01
4.3750e+02   6.90186910e-01
4.3760e+02   6.89351585e-01
4.3770e+02   6.88516979e-01
4.3780e+02   6.87683211e-01
4.3790e+02   6.86850286e-01
4.3800e+02   6.86018089e-01
4.3810e+02   6.85186830e-01
4.3820e+02   6.84356273e-01
4.3830e+02   6.83526632e-01
4.3840e+02   6.82697784e-01
4.3850e+02   6.81869742e-01
4.3860e+02   6.81042621e-01
4.3870e+02   6.80216222e-01
4.3880e+02   6.79390788e-01
4.3890e+02   6.78566108e-01
4.3900e+02   6.77742320e-01
4.3910e+02   6.76919407e-01
4.3920e+02   6.76097274e-01
4.3930e+02   6.75276116e-01
4.3940e+02   6.74455700e-01
4.3950e+02   6.73636247e-01
4.3960e+02   6.72817618e-01
4.3970e+02   6.71999847e-01
4.3980e+02   6.71183024e-01
4.3990e+02   6.70366968e-01
4.4000e+02   6.69551917e-01
4.4010e+02   6.68737649e-01
4.4020e+02   6.67924321e-01
4.4030e+02   6.67111891e-01
4.4040e+02   6.66300286e-01
4.4050e+02   6.65489685e-01
4.4060e+02   6.64679858e-01
4.4070e+02   6.63871035e-01
4.4080e+02   6.63063055e-01
4.4090e+02   6.62255977e-01
4.4100e+02   6.61449868e-01
4.4110e+02   6.60644560e-01
4.4120e+02   6.59840285e-01
4.4130e+02   6.59036815e-01
4.4140e+02   6.58234322e-01
4.4150e+02   6.57432741e-01
4.4160e+02   6.56632020e-01
4.4170e+02   6.55832321e-01
4.4180e+02   6.55033420e-01
4.4190e+02   6.54235550e-01
4.4200e+02   6.53438535e-01
4.4210e+02   6.52642454e-01
4.4220e+02   6.51847350e-01
4.4230e+02   6.51053073e-01
4.4240e+02   6.50259846e-01
4.4250e+02   6.49467435e-01
4.4260e+02   6.48676028e-01
4.4270e+02   6.47885535e-01
4.4280e+02   6.47095928e-01
4.4290e+02   6.46307349e-01
4.4300e+02   6.45519583e-01
4.4310e+02   6.44732864e-01
4.4320e+02   6.43947001e-01
4.4330e+02   6.43162095e-01
4.4340e+02   6.42378164e-01
4.4350e+02   6.41595077e-01
4.4360e+02   6.40813045e-01
4.4370e+02   6.40031833e-01
4.4380e+02   6.39251641e-01
4.4390e+02   6.38472358e-01
4.4400e+02   6.37693977e-01
4.4410e+02   6.36916621e-01
4.4420e+02   6.36140084e-01
4.4430e+02   6.35364603e-01
4.4440e+02   6.34589972e-01
4.4450e+02   6.33816311e-01
4.4460e+02   6.33043617e-01
4.4470e+02   6.32271777e-01
4.4480e+02   6.31500990e-01
4.4490e+02   6.30731022e-01
4.4500e+02   6.29962082e-01
4.4510e+02   6.29194040e-01
4.4520e+02   6.28426912e-01
4.4530e+02   6.27660799e-01
4.4540e+02   6.26895509e-01
4.4550e+02   6.26131275e-01
4.4560e+02   6.25367883e-01
4.4570e+02   6.24605472e-01
4.4580e+02   6.23844014e-01
4.4590e+02   6.23083418e-01
4.4600e+02   6.22323869e-01
4.4610e+02   6.21565135e-01
4.4620e+02   6.20807435e-01
4.4630e+02   6.20050620e-01
4.4640e+02   6.19294729e-01
4.4650e+02   6.18539842e-01
4.4660e+02   6.17785780e-01
4.4670e+02   6.17032775e-01
4.4680e+02   6.16280602e-01
4.4690e+02   6.15529420e-01
4.4700e+02   6.14779177e-01
4.4710e+02   6.14029805e-01
4.4720e+02   6.13281473e-01
4.4730e+02   6.12533955e-01
4.4740e+02   6.11787475e-01
4.4750e+02   6.11041870e-01
4.4760e+02   6.10297199e-01
4.4770e+02   6.09553522e-01
4.4780e+02   6.08810677e-01
4.4790e+02   6.08068886e-01
4.4800e+02   6.07327924e-01
4.4810e+02   6.06587962e-01
4.4820e+02   6.05848927e-01
4.4830e+02   6.05110775e-01
4.4840e+02   6.04373657e-01
4.4850e+02   6.03637355e-01
4.4860e+02   6.02902098e-01
4.4870e+02   6.02167706e-01
4.4880e+02   6.01434263e-01
4.4890e+02   6.00701804e-01
4.4900e+02   5.99970186e-01
4.4910e+02   5.99239624e-01
4.4920e+02   5.98509886e-01
4.4930e+02   5.97781161e-01
4.4940e+02   5.97053354e-01
4.4950e+02   5.96326443e-01
4.4960e+02   5.95600562e-01
4.4970e+02   5.94875500e-01
4.4980e+02   5.94151490e-01
4.4990e+02   5.93428339e-01
4.5000e+02   5.92706152e-01
4.5010e+02   5.91984939e-01
4.5020e+02   5.91264577e-01
4.5030e+02   5.90545272e-01
4.5040e+02   5.89826789e-01
4.5050e+02   5.89109330e-01
4.5060e+02   5.88392780e-01
4.5070e+02   5.87677138e-01
4.5080e+02   5.86962519e-01
4.5090e+02   5.86248724e-01
4.5100e+02   5.85535985e-01
4.5110e+02   5.84824097e-01
4.5120e+02   5.84113185e-01
4.5130e+02   5.83403235e-01
4.5140e+02   5.82694145e-01
4.5150e+02   5.81986105e-01
4.5160e+02   5.81278886e-01
4.5170e+02   5.80572696e-01
4.5180e+02   5.79867400e-01
4.5190e+02   5.79163022e-01
4.5200e+02   5.78459655e-01
4.5210e+02   5.77757111e-01
4.5220e+02   5.77055620e-01
4.5230e+02   5.76354967e-01
4.5240e+02   5.75655294e-01
4.5250e+02   5.74956566e-01
4.5260e+02   5.74258699e-01
4.5270e+02   5.73561870e-01
4.5280e+02   5.72865850e-01
4.5290e+02   5.72170856e-01
4.5300e+02   5.71476736e-01
4.5310e+02   5.70783533e-01
4.5320e+02   5.70091318e-01
4.5330e+02   5.69399919e-01
4.5340e+02   5.68709559e-01
4.5350e+02   5.68020016e-01
4.5360e+02   5.67331447e-01
4.5370e+02   5.66643794e-01
4.5380e+02   5.65956994e-01
4.5390e+02   5.65271208e-01
4.5400e+02   5.64586211e-01
4.5410e+02   5.63902225e-01
4.5420e+02   5.63219081e-01
4.5430e+02   5.62536844e-01
4.5440e+02   5.61855560e-01
4.5450e+02   5.61175075e-01
4.5460e+02   5.60495602e-01
4.5470e+02   5.59816915e-01
4.5480e+02   5.59139185e-01
4.5490e+02   5.58462330e-01
4.5500e+02   5.57786311e-01
4.5510e+02   5.57111268e-01
4.5520e+02   5.56436985e-01
4.5530e+02   5.55763688e-01
4.5540e+02   5.55091189e-01
4.5550e+02   5.54419577e-01
4.5560e+02   5.53748873e-01
4.5570e+02   5.53078941e-01
4.5580e+02   5.52409985e-01
4.5590e+02   5.51741773e-01
4.5600e+02   5.51074492e-01
4.5610e+02   5.50408038e-01
4.5620e+02   5.49742392e-01
4.5630e+02   5.49077678e-01
4.5640e+02   5.48413687e-01
4.5650e+02   5.47750646e-01
4.5660e+02   5.47088356e-01
4.5670e+02   5.46426925e-01
4.5680e+02   5.45766350e-01
4.5690e+02   5.45106515e-01
4.5700e+02   5.44447612e-01
4.5710e+02   5.43789411e-01
4.5720e+02   5.43132107e-01
4.5730e+02   5.42475578e-01
4.5740e+02   5.41819828e-01
4.5750e+02   5.41164960e-01
4.5760e+02   5.40510778e-01
4.5770e+02   5.39857507e-01
4.5780e+02   5.39204939e-01
4.5790e+02   5.38553199e-01
4.5800e+02   5.37902265e-01
4.5810e+02   5.37252039e-01
4.5820e+02   5.36602702e-01
4.5830e+02   5.35954024e-01
4.5840e+02   5.35306212e-01
4.5850e+02   5.34659125e-01
4.5860e+02   5.34012791e-01
4.5870e+02   5.33367291e-01
4.5880e+02   5.32722445e-01
4.5890e+02   5.32078474e-01
4.5900e+02   5.31435163e-01
4.5910e+02   5.30792656e-01
4.5920e+02   5.30150908e-01
4.5930e+02   5.29509842e-01
4.5940e+02   5.28869627e-01
4.5950e+02   5.28230038e-01
4.5960e+02   5.27591289e-01
4.5970e+02   5.26953223e-01
4.5980e+02   5.26315891e-01
4.5990e+02   5.25679353e-01
4.6000e+02   5.25043445e-01
4.6010e+02   5.24408385e-01
4.6020e+02   5.23773951e-01
4.6030e+02   5.23140303e-01
4.6040e+02   5.22507377e-01
4.6050e+02   5.21875119e-01
4.6060e+02   5.21243681e-01
4.6070e+02   5.20612846e-01
4.6080e+02   5.19982833e-01
4.6090e+02   5.19353471e-01
4.6100e+02   5.18724834e-01
4.6110e+02   5.18096960e-01
4.6120e+02   5.17469702e-01
4.6130e+02   5.16843272e-01
4.6140e+02   5.16217445e-01
4.6150e+02   5.15592397e-01
4.6160e+02   5.14968041e-01
4.6170e+02   5.14344348e-01
4.6180e+02   5.13721452e-01
4.6190e+02   5.13099144e-01
4.6200e+02   5.12477650e-01
4.6210e+02   5.11856783e-01
4.6220e+02   5.11236638e-01
4.6230e+02   5.10617232e-01
4.6240e+02   5.09998438e-01
4.6250e+02   5.09380458e-01
4.6260e+02   5.08763064e-01
4.6270e+02   5.08146446e-01
4.6280e+02   5.07530498e-01
4.6290e+02   5.06915213e-01
4.6300e+02   5.06300706e-01
4.6310e+02   5.05686780e-01
4.6320e+02   5.05073660e-01
4.6330e+02   5.04461150e-01
4.6340e+02   5.03849362e-01
4.6350e+02   5.03238293e-01
4.6360e+02   5.02627833e-01
4.6370e+02   5.02018175e-01
4.6380e+02   5.01409090e-01
4.6390e+02   5.00800779e-01
4.6400e+02   5.00193117e-01
4.6410e+02   4.99586119e-01
4.6420e+02   4.98979881e-01
4.6430e+02   4.98374217e-01
4.6440e+02   4.97769351e-01
4.6450e+02   4.97165075e-01
4.6460e+02   4.96561523e-01
4.6470e+02   4.95958667e-01
4.6480e+02   4.95356418e-01
4.6490e+02   4.94754954e-01
4.6500e+02   4.94154051e-01
4.6510e+02   4.93553916e-01
4.6520e+02   4.92954407e-01
4.6530e+02   4.92355561e-01
4.6540e+02   4.91757452e-01
4.6550e+02   4.91159908e-01
4.6560e+02   4.90563149e-01
4.6570e+02   4.89966960e-01
4.6580e+02   4.89371491e-01
4.6590e+02   4.88776690e-01
4.6600e+02   4.88182492e-01
4.6610e+02   4.87589057e-01
4.6620e+02   4.86996166e-01
4.6630e+02   4.86404034e-01
4.6640e+02   4.85812500e-01
4.6650e+02   4.85221624e-01
4.6660e+02   4.84631457e-01
4.6670e+02   4.84041843e-01
4.6680e+02   4.83452995e-01
4.6690e+02   4.82864694e-01
4.6700e+02   4.82277102e-01
4.6710e+02   4.81690149e-01
4.6720e+02   4.81103788e-01
4.6730e+02   4.80518164e-01
4.6740e+02   4.79933065e-01
4.6750e+02   4.79348709e-01
4.6760e+02   4.78764922e-01
4.6770e+02   4.78181781e-01
4.6780e+02   4.77599318e-01
4.6790e+02   4.77017394e-01
4.6800e+02   4.76436212e-01
4.6810e+02   4.75855550e-01
4.6820e+02   4.75275585e-01
4.6830e+02   4.74696224e-01
4.6840e+02   4.74117443e-01
4.6850e+02   4.73539370e-01
4.6860e+02   4.72961799e-01
4.6870e+02   4.72384953e-01
4.6880e+02   4.71808643e-01
4.6890e+02   4.71232968e-01
4.6900e+02   4.70657937e-01
4.6910e+02   4.70083428e-01
4.6920e+02   4.69509636e-01
4.6930e+02   4.68936336e-01
4.6940e+02   4.68363718e-01
4.6950e+02   4.67791670e-01
4.6960e+02   4.67220190e-01
4.6970e+02   4.66649385e-01
4.6980e+02   4.66079063e-01
4.6990e+02   4.65509444e-01
4.7000e+02   4.64940330e-01
4.7010e+02   4.64371840e-01
4.7020e+02   4.63803959e-01
4.7030e+02   4.63236585e-01
4.7040e+02   4.62669903e-01
4.7050e+02   4.62103688e-01
4.7060e+02   4.61538141e-01
4.7070e+02   4.60973130e-01
4.7080e+02   4.60408677e-01
4.7090e+02   4.59844869e-01
4.7100e+02   4.59281526e-01
4.7110e+02   4.58718869e-01
4.7120e+02   4.58156689e-01
4.7130e+02   4.57595122e-01
4.7140e+02   4.57034134e-01
4.7150e+02   4.56473644e-01
4.7160e+02   4.55913822e-01
4.7170e+02   4.55354447e-01
4.7180e+02   4.54795729e-01
4.7190e+02   4.54237520e-01
4.7200e+02   4.53679863e-01
4.7210e+02   4.53122826e-01
4.7220e+02   4.52566244e-01
4.7230e+02   4.52010333e-01
4.7240e+02   4.51454879e-01
4.7250e+02   4.50900035e-01
4.7260e+02   4.50345744e-01
4.7270e+02   4.49791950e-01
4.7280e+02   4.49238806e-01
4.7290e+02   4.48686099e-01
4.7300e+02   4.48134044e-01
4.7310e+02   4.47582479e-01
4.7320e+02   4.47031470e-01
4.7330e+02   4.46481062e-01
4.7340e+02   4.45931109e-01
4.7350e+02   4.45381820e-01
4.7360e+02   4.44832978e-01
4.7370e+02   4.44284751e-01
4.7380e+02   4.43737063e-01
4.7390e+02   4.43189879e-01
4.7400e+02   4.42643338e-01
4.7410e+02   4.42097234e-01
4.7420e+02   4.41551786e-01
4.7430e+02   4.41006821e-01
4.7440e+02   4.40462425e-01
4.7450e+02   4.39918623e-01
4.7460e+02   4.39375286e-01
4.7470e+02   4.38832617e-01
4.7480e+02   4.38290396e-01
4.7490e+02   4.37748805e-01
4.7500e+02   4.37207751e-01
4.7510e+02   4.36667218e-01
4.7520e+02   4.36127331e-01
4.7530e+02   4.35587893e-01
4.7540e+02   4.35049126e-01
4.7550e+02   4.34510845e-01
4.7560e+02   4.33973156e-01
4.7570e+02   4.33436064e-01
4.7580e+02   4.32899460e-01
4.7590e+02   4.32363534e-01
4.7600e+02   4.31828070e-01
4.7610e+02   4.31293260e-01
4.7620e+02   4.30758992e-01
4.7630e+02   4.30225275e-01
4.7640e+02   4.29692212e-01
4.7650e+02   4.29159620e-01
4.7660e+02   4.28627721e-01
4.7670e+02   4.28096319e-01
4.7680e+02   4.27565541e-01
4.7690e+02   4.27035368e-01
4.7700e+02   4.26505712e-01
4.7710e+02   4.25976752e-01
4.7720e+02   4.25448272e-01
4.7730e+02   4.24920475e-01
4.7740e+02   4.24393230e-01
4.7750e+02   4.23866569e-01
4.7760e+02   4.23340575e-01
4.7770e+02   4.22815078e-01
4.7780e+02   4.22290297e-01
4.7790e+02   4.21766027e-01
4.7800e+02   4.21242412e-01
4.7810e+02   4.20719413e-01
4.7820e+02   4.20196960e-01
4.7830e+02   4.19675220e-01
4.7840e+02   4.19153978e-01
4.7850e+02   4.18633446e-01
4.7860e+02   4.18113475e-01
4.7870e+02   4.17594118e-01
4.7880e+02   4.17075437e-01
4.7890e+02   4.16557277e-01
4.7900e+02   4.16039849e-01
4.7910e+02   4.15522944e-01
4.7920e+02   4.15006719e-01
4.7930e+02   4.14491114e-01
4.7940e+02   4.13976080e-01
4.7950e+02   4.13461766e-01
4.7960e+02   4.12947964e-01
4.7970e+02   4.12434889e-01
4.7980e+02   4.11922377e-01
4.7990e+02   4.11410500e-01
4.8000e+02   4.10899299e-01
4.8010e+02   4.10388632e-01
4.8020e+02   4.09878705e-01
4.8030e+02   4.09369303e-01
4.8040e+02   4.08860595e-01
4.8050e+02   4.08352500e-01
4.8060e+02   4.07844990e-01
4.8070e+02   4.07338195e-01
4.8080e+02   4.06831915e-01
4.8090e+02   4.06326366e-01
4.8100e+02   4.05821370e-01
4.8110e+02   4.05317019e-01
4.8120e+02   4.04813330e-01
4.8130e+02   4.04310178e-01
4.8140e+02   4.03807759e-01
4.8150e+02   4.03305855e-01
4.8160e+02   4.02804646e-01
4.8170e+02   4.02304031e-01
4.8180e+02   4.01804002e-01
4.8190e+02   4.01304670e-01
4.8200e+02   4.00805845e-01
4.8210e+02   4.00307741e-01
4.8220e+02   3.99810170e-01
4.8230e+02   3.99313240e-01
4.8240e+02   3.98816945e-01
4.8250e+02   3.98321181e-01
4.8260e+02   3.97826130e-01
4.8270e+02   3.97331573e-01
4.8280e+02   3.96837701e-01
4.8290e+02   3.96344394e-01
4.8300e+02   3.95851664e-01
4.8310e+02   3.95359603e-01
4.8320e+02   3.94868032e-01
4.8330e+02   3.94377163e-01
4.8340e+02   3.93886798e-01
4.8350e+02   3.93397063e-01
4.8360e+02   3.92907931e-01
4.8370e+02   3.92419314e-01
4.8380e+02   3.91931384e-01
4.8390e+02   3.91443923e-01
4.8400e+02   3.90957132e-01
4.8410e+02   3.90470872e-01
4.8420e+02   3.89985177e-01
4.8430e+02   3.89500119e-01
4.8440e+02   3.89015532e-01
4.8450e+02   3.88531626e-01
4.8460e+02   3.88048194e-01
4.8470e+02   3.87565381e-01
4.8480e+02   3.87083136e-01
4.8490e+02   3.86601396e-01
4.8500e+02   3.86120316e-01
4.8510e+02   3.85639684e-01
4.8520e+02   3.85159707e-01
4.8530e+02   3.84680232e-01
4.8540e+02   3.84201314e-01
4.8550e+02   3.83723005e-01
4.8560e+02   3.83245156e-01
4.8570e+02   3.82767971e-01
4.8580e+02   3.82291238e-01
4.8590e+02   3.81815118e-01
4.8600e+02   3.81339541e-01
4.8610e+02   3.80864465e-01
4.8620e+02   3.80390030e-01
4.8630e+02   3.79916032e-01
4.8640e+02   3.79442683e-01
4.8650e+02   3.78969816e-01
4.8660e+02   3.78497509e-01
4.8670e+02   3.78025792e-01
4.8680e+02   3.77554534e-01
4.8690e+02   3.77083931e-01
4.8700e+02   3.76613772e-01
4.8710e+02   3.76144228e-01
4.8720e+02   3.75675213e-01
4.8730e+02   3.75206705e-01
4.8740e+02   3.74738828e-01
4.8750e+02   3.74271388e-01
4.8760e+02   3.73804600e-01
4.8770e+02   3.73338285e-01
4.8780e+02   3.72872540e-01
4.8790e+02   3.72407374e-01
4.8800e+02   3.71942675e-01
4.8810e+02   3.71478631e-01
4.8820e+02   3.71015028e-01
4.8830e+02   3.70552051e-01
4.8840e+02   3.70089592e-01
4.8850e+02   3.69627654e-01
4.8860e+02   3.69166341e-01
4.8870e+02   3.68705470e-01
4.8880e+02   3.68245256e-01
4.8890e+02   3.67785508e-01
4.8900e+02   3.67326342e-01
4.8910e+02   3.66867748e-01
4.8920e+02   3.66409628e-01
4.8930e+02   3.65952161e-01
4.8940e+02   3.65495132e-01
4.8950e+02   3.65038736e-01
4.8960e+02   3.64582848e-01
4.8970e+02   3.64127489e-01
4.8980e+02   3.63672745e-01
4.8990e+02   3.63218443e-01
4.9000e+02   3.62764796e-01
4.9010e+02   3.62311604e-01
4.9020e+02   3.61859000e-01
4.9030e+02   3.61406948e-01
4.9040e+02   3.60955374e-01
4.9050e+02   3.60504439e-01
4.9060e+02   3.60053932e-01
4.9070e+02   3.59604054e-01
4.9080e+02   3.59154663e-01
4.9090e+02   3.58705800e-01
4.9100e+02   3.58257529e-01
4.9110e+02   3.57809691e-01
4.9120e+02   3.57362493e-01
4.9130e+02   3.56915728e-01
4.9140e+02   3.56469543e-01
4.9150e+02   3.56023882e-01
4.9160e+02   3.55578687e-01
4.9170e+02   3.55134107e-01
4.9180e+02   3.54689934e-01
4.9190e+02   3.54246373e-01
4.9200e+02   3.53803266e-01
4.9210e+02   3.53360675e-01
4.9220e+02   3.52918642e-01
4.9230e+02   3.52477023e-01
4.9240e+02   3.52036018e-01
4.9250e+02   3.51595414e-01
4.9260e+02   3.51155372e-01
4.9270e+02   3.50715815e-01
4.9280e+02   3.50276707e-01
4.9290e+02   3.49838179e-01
4.9300e+02   3.49400030e-01
4.9310e+02   3.48962468e-01
4.9320e+02   3.48525323e-01
4.9330e+02   3.48088674e-01
4.9340e+02   3.47652544e-01
4.9350e+02   3.47216805e-01
4.9360e+02   3.46781647e-01
4.9370e+02   3.46346858e-01
4.9380e+02   3.45912609e-01
4.9390e+02   3.45478805e-01
4.9400e+02   3.45045430e-01
4.9410e+02   3.44612599e-01
4.9420e+02   3.44180120e-01
4.9430e+02   3.43748203e-01
4.9440e+02   3.43316666e-01
4.9450e+02   3.42885609e-01
4.9460e+02   3.42455032e-01
4.9470e+02   3.42024826e-01
4.9480e+02   3.41595172e-01
4.9490e+02   3.41165858e-01
4.9500e+02   3.40737066e-01
4.9510e+02   3.40308683e-01
4.9520e+02   3.39880716e-01
4.9530e+02   3.39453261e-01
4.9540e+02   3.39026138e-01
4.9550e+02   3.38599557e-01
4.9560e+02   3.38173326e-01
4.9570e+02   3.37747564e-01
4.9580e+02   3.37322251e-01
4.9590e+02   3.36897298e-01
4.9600e+02   3.36472874e-01
4.9610e+02   3.36048769e-01
4.9620e+02   3.35625176e-01
4.9630e+02   3.35201965e-01
4.9640e+02   3.34779164e-01
4.9650e+02   3.34356850e-01
4.9660e+02   3.33934857e-01
4.9670e+02   3.33513394e-01
4.9680e+02   3.33092260e-01
4.9690e+02   3.32671592e-01
4.9700e+02   3.32251350e-01
4.9710e+02   3.31831465e-01
4.9720e+02   3.31412094e-01
4.9730e+02   3.30993030e-01
4.9740e+02   3.30574473e-01
4.9750e+02   3.30156279e-01
4.9760e+02   3.29738498e-01
4.9770e+02   3.29321186e-01
4.9780e+02   3.28904193e-01
4.9790e+02   3.28487721e-01
4.9800e+02   3.28071568e-01
4.9810e+02   3.27655883e-01
4.9820e+02   3.27240607e-01
4.9830e+02   3.26825692e-01
4.9840e+02   3.26411280e-01
4.9850e+02   3.25997170e-01
4.9860e+02   3.25583569e-01
4.9870e+02   3.25170318e-01
4.9880e+02   3.24757487e-01
4.9890e+02   3.24345111e-01
4.9900e+02   3.23933058e-01
4.9910e+02   3.23521523e-01
4.9920e+02   3.23110298e-01
4.9930e+02   3.22699549e-01
4.9940e+02   3.22289196e-01
4.9950e+02   3.21879212e-01
4.9960e+02   3.21469724e-01
4.9970e+02   3.21060538e-01
4.9980e+02   3.20651863e-01
4.9990e+02   3.20243529e-01
5.0000e+02   3.19835624e-01
5.0010e+02   3.19428165e-01
5.0020e+02   3.19021034e-01
5.0030e+02   3.18614419e-01
5.0040e+02   3.18208112e-01
5.0050e+02   3.17802287e-01
5.0060e+02   3.17396848e-01
5.0070e+02   3.16991789e-01
5.0080e+02   3.16587218e-01
5.0090e+02   3.16182952e-01
5.0100e+02   3.15779200e-01
5.0110e+02   3.15375782e-01
5.0120e+02   3.14972804e-01
5.0130e+02   3.14570262e-01
5.0140e+02   3.14168057e-01
5.0150e+02   3.13766365e-01
5.0160e+02   3.13364978e-01
5.0170e+02   3.12964082e-01
5.0180e+02   3.12563563e-01
5.0190e+02   3.12163434e-01
5.0200e+02   3.11763785e-01
5.0210e+02   3.11364447e-01
5.0220e+02   3.10965625e-01
5.0230e+02   3.10567131e-01
5.0240e+02   3.10169087e-01
5.0250e+02   3.09771469e-01
5.0260e+02   3.09374197e-01
5.0270e+02   3.08977436e-01
5.0280e+02   3.08580978e-01
5.0290e+02   3.08185019e-01
5.0300e+02   3.07789427e-01
5.0310e+02   3.07394236e-01
5.0320e+02   3.06999518e-01
5.0330e+02   3.06605115e-01
5.0340e+02   3.06211230e-01
5.0350e+02   3.05817667e-01
5.0360e+02   3.05424565e-01
5.0370e+02   3.05031878e-01
5.0380e+02   3.04639546e-01
5.0390e+02   3.04247721e-01
5.0400e+02   3.03856199e-01
5.0410e+02   3.03465182e-01
5.0420e+02   3.03074522e-01
5.0430e+02   3.02684275e-01
5.0440e+02   3.02294492e-01
5.0450e+02   3.01905028e-01
5.0460e+02   3.01516084e-01
5.0470e+02   3.01127456e-01
5.0480e+02   3.00739298e-01
5.0490e+02   3.00351544e-01
5.0500e+02   2.99964156e-01
5.0510e+02   2.99577267e-01
5.0520e+02   2.99190683e-01
5.0530e+02   2.98804608e-01
5.0540e+02   2.98418881e-01
5.0550e+02   2.98033578e-01
5.0560e+02   2.97648728e-01
5.0570e+02   2.97264204e-01
5.0580e+02   2.96880198e-01
5.0590e+02   2.96496503e-01
5.0600e+02   2.96113287e-01
5.0610e+02   2.95730464e-01
5.0620e+02   2.95348015e-01
5.0630e+02   2.94966059e-01
5.0640e+02   2.94584409e-01
5.0650e+02   2.94203271e-01
5.0660e+02   2.93822472e-01
5.0670e+02   2.93442107e-01
5.0680e+02   2.93062184e-01
5.0690e+02   2.92682593e-01
5.0700e+02   2.92303517e-01
5.0710e+02   2.91924749e-01
5.0720e+02   2.91546465e-01
5.0730e+02   2.91168564e-01
5.0740e+02   2.90791046e-01
5.0750e+02   2.90414013e-01
5.0760e+02   2.90037286e-01
5.0770e+02   2.89661074e-01
5.0780e+02   2.89285192e-01
5.0790e+02   2.88909753e-01
5.0800e+02   2.88534745e-01
5.0810e+02   2.88160075e-01
5.0820e+02   2.87785915e-01
5.0830e+02   2.87412060e-01
5.0840e+02   2.87038695e-01
5.0850e+02   2.86665701e-01
5.0860e+02   2.86293100e-01
5.0870e+02   2.85920972e-01
5.0880e+02   2.85549155e-01
5.0890e+02   2.85177851e-01
5.0900e+02   2.84806870e-01
5.0910e+02   2.84436340e-01
5.0920e+02   2.84066228e-01
5.0930e+02   2.83696462e-01
5.0940e+02   2.83327199e-01
5.0950e+02   2.82958238e-01
5.0960e+02   2.82589772e-01
5.0970e+02   2.82221666e-01
5.0980e+02   2.81853960e-01
5.0990e+02   2.81486718e-01
5.1000e+02   2.81119789e-01
5.1010e+02   2.80753371e-01
5.1020e+02   2.80387269e-01
5.1030e+02   2.80021625e-01
5.1040e+02   2.79656387e-01
5.1050e+02   2.79291501e-01
5.1060e+02   2.78927112e-01
5.1070e+02   2.78563021e-01
5.1080e+02   2.78199429e-01
5.1090e+02   2.77836185e-01
5.1100e+02   2.77473350e-01
5.1110e+02   2.77110968e-01
5.1120e+02   2.76748901e-01
5.1130e+02   2.76387343e-01
5.1140e+02   2.76026094e-01
5.1150e+02   2.75665308e-01
5.1160e+02   2.75304916e-01
5.1170e+02   2.74944883e-01
5.1180e+02   2.74585338e-01
5.1190e+02   2.74226091e-01
5.1200e+02   2.73867343e-01
5.1210e+02   2.73508933e-01
5.1220e+02   2.73150939e-01
5.1230e+02   2.72793386e-01
5.1240e+02   2.72436151e-01
5.1250e+02   2.72079423e-01
5.1260e+02   2.71722995e-01
5.1270e+02   2.71367037e-01
5.1280e+02   2.71011459e-01
5.1290e+02   2.70656247e-01
5.1300e+02   2.70301514e-01
5.1310e+02   2.69947077e-01
5.1320e+02   2.69593141e-01
5.1330e+02   2.69239531e-01
5.1340e+02   2.68886346e-01
5.1350e+02   2.68533587e-01
5.1360e+02   2.68181152e-01
5.1370e+02   2.67829217e-01
5.1380e+02   2.67477577e-01
5.1390e+02   2.67126411e-01
5.1400e+02   2.66775612e-01
5.1410e+02   2.66425187e-01
5.1420e+02   2.66075230e-01
5.1430e+02   2.65725569e-01
5.1440e+02   2.65376407e-01
5.1450e+02   2.65027562e-01
5.1460e+02   2.64679148e-01
5.1470e+02   2.64331147e-01
5.1480e+02   2.63983475e-01
5.1490e+02   2.63636295e-01
5.1500e+02   2.63289407e-01
5.1510e+02   2.62942995e-01
5.1520e+02   2.62596938e-01
5.1530e+02   2.62251261e-01
5.1540e+02   2.61906041e-01
5.1550e+02   2.61561117e-01
5.1560e+02   2.61216691e-01
5.1570e+02   2.60872572e-01
5.1580e+02   2.60528891e-01
5.1590e+02   2.60185609e-01
5.1600e+02   2.59842660e-01
5.1610e+02   2.59500197e-01
5.1620e+02   2.59158020e-01
5.1630e+02   2.58816323e-01
5.1640e+02   2.58474968e-01
5.1650e+02   2.58134000e-01
5.1660e+02   2.57793476e-01
5.1670e+02   2.57453250e-01
5.1680e+02   2.57113520e-01
5.1690e+02   2.56774087e-01
5.1700e+02   2.56435097e-01
5.1710e+02   2.56096493e-01
5.1720e+02   2.55758228e-01
5.1730e+02   2.55420440e-01
5.1740e+02   2.55082935e-01
5.1750e+02   2.54745911e-01
5.1760e+02   2.54409216e-01
5.1770e+02   2.54072917e-01
5.1780e+02   2.53737048e-01
5.1790e+02   2.53401480e-01
5.1800e+02   2.53066403e-01
5.1810e+02   2.52731615e-01
5.1820e+02   2.52397276e-01
5.1830e+02   2.52063309e-01
5.1840e+02   2.51729688e-01
5.1850e+02   2.51396533e-01
5.1860e+02   2.51063659e-01
5.1870e+02   2.50731267e-01
5.1880e+02   2.50399192e-01
5.1890e+02   2.50067520e-01
5.1900e+02   2.49736265e-01
5.1910e+02   2.49405315e-01
5.1920e+02   2.49074849e-01
5.1930e+02   2.48744667e-01
5.1940e+02   2.48414938e-01
5.1950e+02   2.48085567e-01
5.1960e+02   2.47756548e-01
5.1970e+02   2.47427985e-01
5.1980e+02   2.47099703e-01
5.1990e+02   2.46771902e-01
5.2000e+02   2.46444408e-01
5.2010e+02   2.46117322e-01
5.2020e+02   2.45790641e-01
5.2030e+02   2.45464268e-01
5.2040e+02   2.45138375e-01
5.2050e+02   2.44812759e-01
5.2060e+02   2.44487599e-01
5.2070e+02   2.44162785e-01
5.2080e+02   2.43838330e-01
5.2090e+02   2.43514320e-01
5.2100e+02   2.43190591e-01
5.2110e+02   2.42867342e-01
5.2120e+02   2.42544390e-01
5.2130e+02   2.42221853e-01
5.2140e+02   2.41899707e-01
5.2150e+02   2.41577875e-01
5.2160e+02   2.41256514e-01
5.2170e+02   2.40935427e-01
5.2180e+02   2.40614800e-01
5.2190e+02   2.40294506e-01
5.2200e+02   2.39974577e-01
5.2210e+02   2.39655083e-01
5.2220e+02   2.39335871e-01
5.2230e+02   2.39017137e-01
5.2240e+02   2.38698691e-01
5.2250e+02   2.38380666e-01
5.2260e+02   2.38063020e-01
5.2270e+02   2.37745693e-01
5.2280e+02   2.37428830e-01
5.2290e+02   2.37112237e-01
5.2300e+02   2.36796107e-01
5.2310e+02   2.36480298e-01
5.2320e+02   2.36164862e-01
5.2330e+02   2.35849849e-01
5.2340e+02   2.35535120e-01
5.2350e+02   2.35220867e-01
5.2360e+02   2.34906894e-01
5.2370e+02   2.34593348e-01
5.2380e+02   2.34280168e-01
5.2390e+02   2.33967314e-01
5.2400e+02   2.33654916e-01
5.2410e+02   2.33342785e-01
5.2420e+02   2.33031120e-01
5.2430e+02   2.32719764e-01
5.2440e+02   2.32408790e-01
5.2450e+02   2.32098226e-01
5.2460e+02   2.31787951e-01
5.2470e+02   2.31478147e-01
5.2480e+02   2.31168616e-01
5.2490e+02   2.30859520e-01
5.2500e+02   2.30550776e-01
5.2510e+02   2.30242365e-01
5.2520e+02   2.29934402e-01
5.2530e+02   2.29626705e-01
5.2540e+02   2.29319475e-01
5.2550e+02   2.29012544e-01
5.2560e+02   2.28706003e-01
5.2570e+02   2.28399861e-01
5.2580e+02   2.28094010e-01
5.2590e+02   2.27788628e-01
5.2600e+02   2.27483513e-01
5.2610e+02   2.27178838e-01
5.2620e+02   2.26874503e-01
5.2630e+02   2.26570509e-01
5.2640e+02   2.26266954e-01
5.2650e+02   2.25963665e-01
5.2660e+02   2.25660844e-01
5.2670e+02   2.25358313e-01
5.2680e+02   2.25056179e-01
5.2690e+02   2.24754432e-01
5.2700e+02   2.24452982e-01
5.2710e+02   2.24151995e-01
5.2720e+02   2.23851273e-01
5.2730e+02   2.23550994e-01
5.2740e+02   2.23251044e-01
5.2750e+02   2.22951444e-01
5.2760e+02   2.22652271e-01
5.2770e+02   2.22353368e-01
5.2780e+02   2.22054932e-01
5.2790e+02   2.21756777e-01
5.2800e+02   2.21459027e-01
5.2810e+02   2.21161653e-01
5.2820e+02   2.20864582e-01
5.2830e+02   2.20567968e-01
5.2840e+02   2.20271616e-01
5.2850e+02   2.19975711e-01
5.2860e+02   2.19680125e-01
5.2870e+02   2.19384896e-01
5.2880e+02   2.19090085e-01
5.2890e+02   2.18795546e-01
5.2900e+02   2.18501473e-01
5.2910e+02   2.18207675e-01
5.2920e+02   2.17914289e-01
5.2930e+02   2.17621266e-01
5.2940e+02   2.17328554e-01
5.2950e+02   2.17036292e-01
5.2960e+02   2.16744290e-01
5.2970e+02   2.16452740e-01
5.2980e+02   2.16161497e-01
5.2990e+02   2.15870620e-01
5.3000e+02   2.15580151e-01
5.3010e+02   2.15289958e-01
5.3020e+02   2.15000229e-01
5.3030e+02   2.14710768e-01
5.3040e+02   2.14421726e-01
5.3050e+02   2.14133036e-01
5.3060e+02   2.13844665e-01
5.3070e+02   2.13556736e-01
5.3080e+02   2.13269067e-01
5.3090e+02   2.12981852e-01
5.3100e+02   2.12694935e-01
5.3110e+02   2.12408393e-01
5.3120e+02   2.12122247e-01
5.3130e+02   2.11836383e-01
5.3140e+02   2.11550978e-01
5.3150e+02   2.11265838e-01
5.3160e+02   2.10981123e-01
5.3170e+02   2.10696748e-01
5.3180e+02   2.10412701e-01
5.3190e+02   2.10129088e-01
5.3200e+02   2.09845734e-01
5.3210e+02   2.09562837e-01
5.3220e+02   2.09280229e-01
5.3230e+02   2.08998004e-01
5.3240e+02   2.08716165e-01
5.3250e+02   2.08434612e-01
5.3260e+02   2.08153516e-01
5.3270e+02   2.07872679e-01
5.3280e+02   2.07592274e-01
5.3290e+02   2.07312198e-01
5.3300e+02   2.07032457e-01
5.3310e+02   2.06753142e-01
5.3320e+02   2.06474088e-01
5.3330e+02   2.06195492e-01
5.3340e+02   2.05917176e-01
5.3350e+02   2.05639251e-01
5.3360e+02   2.05361701e-01
5.3370e+02   2.05084444e-01
5.3380e+02   2.04807638e-01
5.3390e+02   2.04531089e-01
5.3400e+02   2.04254976e-01
5.3410e+02   2.03979181e-01
5.3420e+02   2.03703730e-01
5.3430e+02   2.03428696e-01
5.3440e+02   2.03153925e-01
5.3450e+02   2.02879611e-01
5.3460e+02   2.02605570e-01
5.3470e+02   2.02331928e-01
5.3480e+02   2.02058650e-01
5.3490e+02   2.01785670e-01
5.3500e+02   2.01513137e-01
5.3510e+02   2.01240857e-01
5.3520e+02   2.00969018e-01
5.3530e+02   2.00697486e-01
5.3540e+02   2.00426307e-01
5.3550e+02   2.00155534e-01
5.3560e+02   1.99885028e-01
5.3570e+02   1.99614977e-01
5.3580e+02   1.99345193e-01
5.3590e+02   1.99075814e-01
5.3600e+02   1.98806787e-01
5.3610e+02   1.98538066e-01
5.3620e+02   1.98269784e-01
5.3630e+02   1.98001755e-01
5.3640e+02   1.97734169e-01
5.3650e+02   1.97466880e-01
5.3660e+02   1.97199952e-01
5.3670e+02   1.96933419e-01
5.3680e+02   1.96667156e-01
5.3690e+02   1.96401347e-01
5.3700e+02   1.96135797e-01
5.3710e+02   1.95870659e-01
5.3720e+02   1.95605861e-01
5.3730e+02   1.95341377e-01
5.3740e+02   1.95077323e-01
5.3750e+02   1.94813520e-01
5.3760e+02   1.94550163e-01
5.3770e+02   1.94287093e-01
5.3780e+02   1.94024391e-01
5.3790e+02   1.93762073e-01
5.3800e+02   1.93500029e-01
5.3810e+02   1.93238435e-01
5.3820e+02   1.92977094e-01
5.3830e+02   1.92716171e-01
5.3840e+02   1.92455575e-01
5.3850e+02   1.92195300e-01
5.3860e+02   1.91935446e-01
5.3870e+02   1.91675843e-01
5.3880e+02   1.91416686e-01
5.3890e+02   1.91157806e-01
5.3900e+02   1.90899302e-01
5.3910e+02   1.90641169e-01
5.3920e+02   1.90383314e-01
5.3930e+02   1.90125904e-01
5.3940e+02   1.89868742e-01
5.3950e+02   1.89612002e-01
5.3960e+02   1.89355576e-01
5.3970e+02   1.89099478e-01
5.3980e+02   1.88843791e-01
5.3990e+02   1.88588355e-01
5.4000e+02   1.88333364e-01
5.4010e+02   1.88078640e-01
5.4020e+02   1.87824298e-01
5.4030e+02   1.87570315e-01
5.4040e+02   1.87316614e-01
5.4050e+02   1.87063351e-01
5.4060e+02   1.86810331e-01
5.4070e+02   1.86557736e-01
5.4080e+02   1.86305443e-01
5.4090e+02   1.86053484e-01
5.4100e+02   1.85801924e-01
5.4110e+02   1.85550617e-01
5.4120e+02   1.85299751e-01
5.4130e+02   1.85049143e-01
5.4140e+02   1.84798922e-01
5.4150e+02   1.84549046e-01
5.4160e+02   1.84299458e-01
5.4170e+02   1.84050299e-01
5.4180e+02   1.83801379e-01
5.4190e+02   1.83552885e-01
5.4200e+02   1.83304679e-01
5.4210e+02   1.83056814e-01
5.4220e+02   1.82809336e-01
5.4230e+02   1.82562111e-01
5.4240e+02   1.82315323e-01
5.4250e+02   1.82068784e-01
5.4260e+02   1.81822637e-01
5.4270e+02   1.81576820e-01
5.4280e+02   1.81331296e-01
5.4290e+02   1.81086189e-01
5.4300e+02   1.80841319e-01
5.4310e+02   1.80596875e-01
5.4320e+02   1.80352707e-01
5.4330e+02   1.80108884e-01
5.4340e+02   1.79865434e-01
5.4350e+02   1.79622238e-01
5.4360e+02   1.79379475e-01
5.4370e+02   1.79136951e-01
5.4380e+02   1.78894822e-01
5.4390e+02   1.78653008e-01
5.4400e+02   1.78411492e-01
5.4410e+02   1.78170382e-01
5.4420e+02   1.77929505e-01
5.4430e+02   1.77689052e-01
5.4440e+02   1.77448863e-01
5.4450e+02   1.77209024e-01
5.4460e+02   1.76969543e-01
5.4470e+02   1.76730317e-01
5.4480e+02   1.76491516e-01
5.4490e+02   1.76252947e-01
5.4500e+02   1.76014774e-01
5.4510e+02   1.75776902e-01
5.4520e+02   1.75539331e-01
5.4530e+02   1.75302155e-01
5.4540e+02   1.75065208e-01
5.4550e+02   1.74828682e-01
5.4560e+02   1.74592407e-01
5.4570e+02   1.74356485e-01
5.4580e+02   1.74120907e-01
5.4590e+02   1.73885586e-01
5.4600e+02   1.73650681e-01
5.4610e+02   1.73415999e-01
5.4620e+02   1.73181715e-01
5.4630e+02   1.72947716e-01
5.4640e+02   1.72714021e-01
5.4650e+02   1.72480708e-01
5.4660e+02   1.72247622e-01
5.4670e+02   1.72014952e-01
5.4680e+02   1.71782521e-01
5.4690e+02   1.71550446e-01
5.4700e+02   1.71318699e-01
5.4710e+02   1.71087211e-01
5.4720e+02   1.70856128e-01
5.4730e+02   1.70625261e-01
5.4740e+02   1.70394791e-01
5.4750e+02   1.70164592e-01
5.4760e+02   1.69934700e-01
5.4770e+02   1.69705175e-01
5.4780e+02   1.69475874e-01
5.4790e+02   1.69246985e-01
5.4800e+02   1.69018322e-01
5.4810e+02   1.68790018e-01
5.4820e+02   1.68562025e-01
5.4830e+02   1.68334293e-01
5.4840e+02   1.68106955e-01
5.4850e+02   1.67879826e-01
5.4860e+02   1.67653092e-01
5.4870e+02   1.67426614e-01
5.4880e+02   1.67200446e-01
5.4890e+02   1.66974630e-01
5.4900e+02   1.66749036e-01
5.4910e+02   1.66523847e-01
5.4920e+02   1.66298873e-01
5.4930e+02   1.66074259e-01
5.4940e+02   1.65849940e-01
5.4950e+02   1.65625883e-01
5.4960e+02   1.65402208e-01
5.4970e+02   1.65178736e-01
5.4980e+02   1.64955657e-01
5.4990e+02   1.64732817e-01
5.5000e+02   1.64510292e-01
