
     Program Wbse v. 2.0.1 svn rev. 1002 starts on 23Jun2022 at  7:23:42 

     This program is part of the open-source West suite
     for massively parallel calculations of excited states in materials; please cite
         "M. Govoni et al., J. Chem. Theory Comput. 11, 2680 (2015);
          URL http://www.west-code.org", 
     in publications or presentations arising from this work.

     Based on the Quantum ESPRESSO v. 6.1 svn rev. 13369
       
     --------------------------------------------------------------------------------------------
     **MPI** Parallelization Status                                      
     --------------------------------------------------------------------------------------------
                   112                   1             1             1           112
     --------------------------------------------------------------------------------------------
                     N         =         I      X      P      X      B      X      Z
                     ^                   ^             ^             ^             ^
                     |                   |             |             |             |
                   #rnk                  |             |             |             |
                                      #image           |             |             |
                                                     #pool           |             |
                                                                   #bgrp           |
                                                                                 #R&G
     --------------------------------------------------------------------------------------------
     #prc =          112
     --------------------------------------------------------------------------------------------
       
     --------------------------------------------------------------------------------------------
     I/O Summary : input_west                                            
     --------------------------------------------------------------------------------------------
     qe_prefix               =          pwscf
     west_prefix             =           west
     outdir                  =             ./
     l_load_qbox_wfc         =              F
     qbox_ks_wfc_filename    =         qb.xml
     which_bse_method        =             FF
     --------------------------------------------------------------------------------------------
       
     --------------------------------------------------------------------------------------------
     I/O Summary : wbse_init                                             
     --------------------------------------------------------------------------------------------
     wbse_init_calculation   =              S
     n_pdep_eigen            =              1
     chi_kernel              =            CHI
     which_spin_channel      =              0
     l_use_localise_repr     =              F
     overlap_thr             =       0.000000
     l_use_bisection_thr     =              F
     qbox_bisec_wfc_filename =      qb.gs.xml
     --------------------------------------------------------------------------------------------
       
     --------------------------------------------------------------------------------------------
     I/O Summary : WBSE_control                                          
     --------------------------------------------------------------------------------------------
     wbse_diag_method        =          david
     wbse_calculation        =              S
     n_plep_eigen            =              5
     n_plep_times            =             10
     n_plep_maxiter          =          10000
     n_plep_read_from_file   =              4
     l_bse_calculation       =              F
     l_hybrid_calculation    =              F
     l_exx_fraction          =       0.000000
     l_h_ovlp_thr            =       0.000000
     l_h_loc                 =              F
     l_h_bis                 =              F
     l_h_qbox_bis_wfc_fname  =      qb.gs.xml
     if_random_init          =              F
     l_restart_step          =              0
     l_cg_diagonalization    =              F
     l_subspace              =              F
     n_trunc_bands           =              0
     l_sf_kernel             =              T
     l_alda0                 =              F
     sf_cut_1                =    1000.000000
     sf_cut_2                =       0.000100
     l_tddft_force           =              T
     force_state             =              3
     snd_coeff               =       0.010000
     wbse_zv_alpha_mix       =       0.700000
     wbse_zv_nmix_wbse       =              4
     wbse_zv_scf_tr2         =       0.000000
     l_diag_term_only        =              F
     l_preconditioning       =              F
     l_pre_shift             =              F
     l_qp_correction         =              F
     spin_excitation         =        flipped
     trev_plep               =       0.000010
     trev_plep_rel           =       0.000000
     scissor_ope             =       0.000000
     eps_macro               =       1.000000
     --------------------------------------------------------------------------------------------

     Reading data from directory:
     ./pwscf.save

   Info: using nr1, nr2, nr3 values from input

   Info: using nr1, nr2, nr3 values from input

     IMPORTANT: XC functional enforced from input :
     Exchange-correlation      = PBE ( 1  4  3  4 0 0)
     Any further DFT definition will be discarded
     Please, verify this is what you really want

 
     Parallelization info
     --------------------
     sticks:   dense  smooth     PW     G-vecs:    dense   smooth      PW
     Min          98      98     23                 7810     7810     968
     Max         100     100     26                 7832     7832     986
     Sum       11057   11057   2757               875727   875727  109127
 
     Generating pointlists ...
     new r_m :   0.0566 (alat units)  1.1451 (a.u.) for type    1
     new r_m :   0.0566 (alat units)  1.1451 (a.u.) for type    2
       
     --------------------------------------------------------------------------------------------
     System Overview                                                     
     --------------------------------------------------------------------------------------------
     gamma_only           =              T
     ecutwfc [Ry]         =      85.000000
     omega [au^3]         =   8.276275E+03
     glob. #G             =          54564
     nbnd                 =            800
     nkstot               =              2
     nspin                =              2
     nelec                =     862.000000
     nelup                =     432.000000
     neldw                =     430.000000
     npol                 =              1
     lsda                 =              T
     noncolin             =              F
     lspinorb             =              F
     domag                =              F
     --------------------------------------------------------------------------------------------

     sFFT G-space:   437864 G-vectors     R-space: ( 120, 120, 120)
     dFFT G-space:   437864 G-vectors     R-space: ( 120, 120, 120)

     Cell [a.u.]          =      20.227629      0.000000      0.000000
                          =       0.000000     20.227629      0.000000
                          =       0.000000      0.000000     20.227629
      
     number of ks points=     2
                       cart. coord. in units 2pi/alat
        k(    1) = (   0.0000000   0.0000000   0.0000000), wk =   1.0000000
        k(    2) = (   0.0000000   0.0000000   0.0000000), wk =   1.0000000

                       cryst. coord.
        k(    1) = (   0.0000000   0.0000000   0.0000000), wk =   1.0000000
        k(    2) = (   0.0000000   0.0000000   0.0000000), wk =   1.0000000
 
     F. Gygi div      =   2.404601E-01
       
     --------------------------------------------------------------------------------------------
     Parallelization for nvecx                                           
     --------------------------------------------------------------------------------------------
     nglob                =             50
     nlevel               =              1
     Min nglob/nlevel     =             50
     Max nglob/nlevel     =             50
     --------------------------------------------------------------------------------------------
       
     --------------------------------------------------------------------------------------------
     Parallelization for band_paralel                                    
     --------------------------------------------------------------------------------------------
     nglob                =            432
     nlevel               =              1
     Min nglob/nlevel     =            432
     Max nglob/nlevel     =            432
     --------------------------------------------------------------------------------------------

     [MEM] ----------------------------------------------------------
     [MEM] **Memory** analysis: QE
     [MEM] ----------------------------------------------------------
     [MEM] Allocated arrays           est. size (Mb)     dimensions
     [MEM] ----------------------------------------------------------
     [MEM] Kohn-Sham Wavefunctions       5.93 Mb     (    486,  800)
     [MEM] NL pseudopotentials          12.76 Mb     (    486, 1720)
     [MEM] Each V/rho on FFT grid        0.44 Mb     (  28800)
     [MEM] Each G-vector array           0.03 Mb     (   3907)
     [MEM] G-vector shells               0.01 Mb     (   1361)
     [MEM] ----------------------------------------------------------
     [MEM] TOT                          19.17 Mb
     [MEM] ----------------------------------------------------------
     [MEM] 
     [MEM] ----------------------------------------------------------
     [MEM] **Memory** analysis: WBSE global
     [MEM] ----------------------------------------------------------
     [MEM] Allocated arrays           est. size (Mb)     dimensions
     [MEM] ----------------------------------------------------------
     [MEM] dvg_exc                     160.18 Mb     (    486,  432,   50)
     [MEM] dng_exc                     160.18 Mb     (    486,  432,   50)
     [MEM] hr_distr                      0.02 Mb     (     50,   50)
     [MEM] vr_distr                      0.02 Mb     (     50,   50)
     [MEM] ----------------------------------------------------------
     [MEM] TOT                         320.40 Mb
     [MEM] ----------------------------------------------------------
     [MEM] 
     [MEM] ----------------------------------------------------------
     [MEM] **Memory** analysis: WBSE temporary
     [MEM] ----------------------------------------------------------
     [MEM] Allocated arrays           est. size (Mb)     dimensions
     [MEM] ----------------------------------------------------------
     [MEM] dvpsi                         3.20 Mb     (    486,  432)
     [MEM] dpsi                          3.20 Mb     (    486,  432)
     [MEM] ----------------------------------------------------------
     [MEM] Total estimate                6.41 Mb
     [MEM] ----------------------------------------------------------
      
     --------------------------------------------------------------------------------------------
     Database read in 13.8s               
     In location : ./west.wbse.david.save
     Eigen. found :            4
     --------------------------------------------------------------------------------------------
     Lowest energy electron-hole pairs are used as initial vectors ...
     Calculating the electron-hole pairs for initiating trial vectors ...

              1        57         2       432         1           0.094048475092
              2        58         2       432         2           0.102161022911
              3        49         2       431         1           0.106866608796
              4        50         2       431         2           0.114979156615
              5        59         2       432         3           0.167882129379
              6        60         2       432         4           0.168454653874
              7        61         2       432         5           0.169944835137
              8        62         2       432         6           0.172660190069
              9        63         2       432         7           0.172922679628
             10        64         2       432         8           0.174252797036
             11        51         2       431         3           0.180700263083
             12        41         2       430         1           0.180917379523
             13        52         2       431         4           0.181272787578
             14        53         2       431         5           0.182762968840
             15        54         2       431         6           0.185478323773
             16        55         2       431         7           0.185740813332
             17        56         2       431         8           0.187070930740
             18        42         2       430         2           0.189029927342
             19        57         1       430         1           0.210004571401
             20        58         1       430         2           0.210574559751
     Finished calculating the cv couples.
     Finished setting initial vectors.

                       *----------*              *----------*               *----------*
     #     Iteration = | starting |   WBSE_dim = |        5 |   Diago_dim = |        5 |  x 1/2
                       *----------*              *----------*               *----------*

                       *----------*              *----------*               *----------*
     #     Iteration = | starting |   WBSE_dim = |        5 |   Diago_dim = |        5 |  x 2/2
                       *----------*              *----------*               *----------*
     s-DIAGOX done in < 00.1s             
     --------------------------------------------------------------------------------------------
        
        0.02591106   0.05996774   0.06816820   0.10684589   0.16765201
        
     --------------------------------------------------------------------------------------------
     Tot. elapsed time 49.6s,  time spent in last iteration 49.6s
     --------------------------------------------------------------------------------------------

                       *----------*              *----------*               *----------*
     #     Iteration = |        1 |   WBSE_dim = |        5 |   Diago_dim = |       10 |
                       *----------*              *----------*               *----------*
     s-DIAGOX done in < 00.1s             
     --------------------------------------------------------------------------------------------
        
        0.02331475   0.05834244   0.06669937   0.10675838   0.16764458
        
     --------------------------------------------------------------------------------------------
     Tot. elapsed time 01m-09.9s,  time spent in last iteration 20.3s
     --------------------------------------------------------------------------------------------

                       *----------*              *----------*               *----------*
     #     Iteration = |        2 |   WBSE_dim = |        5 |   Diago_dim = |       15 |
                       *----------*              *----------*               *----------*
     s-DIAGOX done in < 00.1s             
     --------------------------------------------------------------------------------------------
        
        0.02069524   0.05650687   0.06504794   0.10666583   0.16763832
        
     --------------------------------------------------------------------------------------------
     Tot. elapsed time 01m-30.7s,  time spent in last iteration 20.8s
     --------------------------------------------------------------------------------------------

                       *----------*              *----------*               *----------*
     #     Iteration = |        3 |   WBSE_dim = |        5 |   Diago_dim = |       20 |
                       *----------*              *----------*               *----------*
     s-DIAGOX done in < 00.1s             
     --------------------------------------------------------------------------------------------
        
        0.01845425   0.05482630   0.06353224   0.10658517   0.16763335
        
     --------------------------------------------------------------------------------------------
     Tot. elapsed time 01m-52.1s,  time spent in last iteration 21.3s
     --------------------------------------------------------------------------------------------

                       *----------*              *----------*               *----------*
     #     Iteration = |        4 |   WBSE_dim = |        5 |   Diago_dim = |       25 |
                       *----------*              *----------*               *----------*
     s-DIAGOX done in < 00.1s             
     --------------------------------------------------------------------------------------------
        
        0.01654188   0.05322989   0.06210696   0.10651186   0.16762978
        
     --------------------------------------------------------------------------------------------
     Tot. elapsed time 02m-13.8s,  time spent in last iteration 21.7s
     --------------------------------------------------------------------------------------------

                       *----------*              *----------*               *----------*
     #     Iteration = |        5 |   WBSE_dim = |        5 |   Diago_dim = |       30 |
                       *----------*              *----------*               *----------*
     s-DIAGOX done in < 00.1s             
     --------------------------------------------------------------------------------------------
        
        0.01490597   0.05176658   0.06079766   0.10644706   0.16762707
        
     --------------------------------------------------------------------------------------------
     Tot. elapsed time 02m-36.1s,  time spent in last iteration 22.2s
     --------------------------------------------------------------------------------------------

                       *----------*              *----------*               *----------*
     #     Iteration = |        6 |   WBSE_dim = |        5 |   Diago_dim = |       35 |
                       *----------*              *----------*               *----------*
     s-DIAGOX done in < 00.1s             
     --------------------------------------------------------------------------------------------
        
        0.01358604   0.05045586   0.05962974   0.10639047   0.16762483
        
     --------------------------------------------------------------------------------------------
     Tot. elapsed time 02m-59.0s,  time spent in last iteration 22.8s
     --------------------------------------------------------------------------------------------

                       *----------*              *----------*               *----------*
     #     Iteration = |        7 |   WBSE_dim = |        5 |   Diago_dim = |       40 |
                       *----------*              *----------*               *----------*
     s-DIAGOX done in < 00.1s             
     --------------------------------------------------------------------------------------------
        
        0.01252241   0.04928402   0.05858677   0.10634072   0.16762298
        
     --------------------------------------------------------------------------------------------
     Tot. elapsed time 03m-22.3s,  time spent in last iteration 23.3s
     --------------------------------------------------------------------------------------------

                       *----------*              *----------*               *----------*
     #     Iteration = |        8 |   WBSE_dim = |        5 |   Diago_dim = |       45 |
                       *----------*              *----------*               *----------*
     s-DIAGOX done in < 00.1s             
     --------------------------------------------------------------------------------------------
        
        0.01165279   0.04821624   0.05763464   0.10629571   0.16762150
        
     --------------------------------------------------------------------------------------------
     Tot. elapsed time 03m-46.2s,  time spent in last iteration 23.9s
     --------------------------------------------------------------------------------------------

                       *----------*              *----------*               *----------*
     #     Iteration = |        9 |   WBSE_dim = |        5 |   Diago_dim = |       50 |
                       *----------*              *----------*               *----------*
     s-DIAGOX done in < 00.1s             
     --------------------------------------------------------------------------------------------
        
        0.01093117   0.04723490   0.05675454   0.10625427   0.16762033
        
     --------------------------------------------------------------------------------------------
     Tot. elapsed time 04m-10.6s,  time spent in last iteration 24.3s
     --------------------------------------------------------------------------------------------

       Refresh the basis set

                       *----------*              *----------*               *----------*
     #     Iteration = |       10 |   WBSE_dim = |        5 |   Diago_dim = |       10 |
                       *----------*              *----------*               *----------*
     s-DIAGOX done in < 00.1s             
     --------------------------------------------------------------------------------------------
        
        0.01059977   0.04675933   0.05632757   0.10623428   0.16761981
        
     --------------------------------------------------------------------------------------------
     Tot. elapsed time 04m-35.0s,  time spent in last iteration 20.3s
     --------------------------------------------------------------------------------------------

                       *----------*              *----------*               *----------*
     #     Iteration = |       11 |   WBSE_dim = |        5 |   Diago_dim = |       15 |
                       *----------*              *----------*               *----------*
     s-DIAGOX done in < 00.1s             
     --------------------------------------------------------------------------------------------
        
        0.01026690   0.04627475   0.05589303   0.10621413   0.16761932
        
     --------------------------------------------------------------------------------------------
     Tot. elapsed time 04m-56.0s,  time spent in last iteration 21.0s
     --------------------------------------------------------------------------------------------

                       *----------*              *----------*               *----------*
     #     Iteration = |       12 |   WBSE_dim = |        5 |   Diago_dim = |       20 |
                       *----------*              *----------*               *----------*
     s-DIAGOX done in < 00.1s             
     --------------------------------------------------------------------------------------------
        
        0.00993578   0.04578188   0.05545099   0.10619372   0.16761885
        
     --------------------------------------------------------------------------------------------
     Tot. elapsed time 05m-17.4s,  time spent in last iteration 21.4s
     --------------------------------------------------------------------------------------------

                       *----------*              *----------*               *----------*
     #     Iteration = |       13 |   WBSE_dim = |        5 |   Diago_dim = |       25 |
                       *----------*              *----------*               *----------*
     s-DIAGOX done in < 00.1s             
     --------------------------------------------------------------------------------------------
        
        0.00960929   0.04528018   0.05500041   0.10617291   0.16761843
        
     --------------------------------------------------------------------------------------------
     Tot. elapsed time 05m-39.2s,  time spent in last iteration 21.7s
     --------------------------------------------------------------------------------------------

                       *----------*              *----------*               *----------*
     #     Iteration = |       14 |   WBSE_dim = |        5 |   Diago_dim = |       30 |
                       *----------*              *----------*               *----------*
     s-DIAGOX done in < 00.1s             
     --------------------------------------------------------------------------------------------
        
        0.00929526   0.04477815   0.05454743   0.10615194   0.16761804
        
     --------------------------------------------------------------------------------------------
     Tot. elapsed time 06m-01.5s,  time spent in last iteration 22.3s
     --------------------------------------------------------------------------------------------

                       *----------*              *----------*               *----------*
     #     Iteration = |       15 |   WBSE_dim = |        5 |   Diago_dim = |       35 |
                       *----------*              *----------*               *----------*
     s-DIAGOX done in < 00.1s             
     --------------------------------------------------------------------------------------------
        
        0.00900847   0.04429077   0.05410699   0.10613130   0.16761768
        
     --------------------------------------------------------------------------------------------
     Tot. elapsed time 06m-24.3s,  time spent in last iteration 22.8s
     --------------------------------------------------------------------------------------------

                       *----------*              *----------*               *----------*
     #     Iteration = |       16 |   WBSE_dim = |        5 |   Diago_dim = |       40 |
                       *----------*              *----------*               *----------*
     s-DIAGOX done in < 00.1s             
     --------------------------------------------------------------------------------------------
        
        0.00874938   0.04383173   0.05368905   0.10611149   0.16761733
        
     --------------------------------------------------------------------------------------------
     Tot. elapsed time 06m-47.6s,  time spent in last iteration 23.2s
     --------------------------------------------------------------------------------------------

                       *----------*              *----------*               *----------*
     #     Iteration = |       17 |   WBSE_dim = |        5 |   Diago_dim = |       45 |
                       *----------*              *----------*               *----------*
     s-DIAGOX done in < 00.1s             
     --------------------------------------------------------------------------------------------
        
        0.00851929   0.04339746   0.05329291   0.10609232   0.16761702
        
     --------------------------------------------------------------------------------------------
     Tot. elapsed time 07m-11.5s,  time spent in last iteration 23.8s
     --------------------------------------------------------------------------------------------

                       *----------*              *----------*               *----------*
     #     Iteration = |       18 |   WBSE_dim = |        5 |   Diago_dim = |       50 |
                       *----------*              *----------*               *----------*
     s-DIAGOX done in < 00.1s             
     --------------------------------------------------------------------------------------------
        
        0.00833146   0.04302926   0.05295609   0.10607557   0.16761675
        
     --------------------------------------------------------------------------------------------
     Tot. elapsed time 07m-35.8s,  time spent in last iteration 24.3s
     --------------------------------------------------------------------------------------------

       Refresh the basis set

                       *----------*              *----------*               *----------*
     #     Iteration = |       19 |   WBSE_dim = |        5 |   Diago_dim = |       10 |
                       *----------*              *----------*               *----------*
     s-DIAGOX done in < 00.1s             
     --------------------------------------------------------------------------------------------
        
        0.00823887   0.04284587   0.05279034   0.10606710   0.16761659
        
     --------------------------------------------------------------------------------------------
     Tot. elapsed time 08m-00.0s,  time spent in last iteration 20.1s
     --------------------------------------------------------------------------------------------

                       *----------*              *----------*               *----------*
     #     Iteration = |       20 |   WBSE_dim = |        5 |   Diago_dim = |       15 |
                       *----------*              *----------*               *----------*
     s-DIAGOX done in < 00.1s             
     --------------------------------------------------------------------------------------------
        
        0.00811506   0.04258628   0.05255446   0.10605512   0.16761644
        
     --------------------------------------------------------------------------------------------
     Tot. elapsed time 08m-20.8s,  time spent in last iteration 20.8s
     --------------------------------------------------------------------------------------------

                       *----------*              *----------*               *----------*
     #     Iteration = |       21 |   WBSE_dim = |        5 |   Diago_dim = |       20 |
                       *----------*              *----------*               *----------*
     s-DIAGOX done in < 00.1s             
     --------------------------------------------------------------------------------------------
        
        0.00799511   0.04231302   0.05230490   0.10604241   0.16761630
        
     --------------------------------------------------------------------------------------------
     Tot. elapsed time 08m-42.2s,  time spent in last iteration 21.3s
     --------------------------------------------------------------------------------------------

                       *----------*              *----------*               *----------*
     #     Iteration = |       22 |   WBSE_dim = |        5 |   Diago_dim = |       25 |
                       *----------*              *----------*               *----------*
     s-DIAGOX done in < 00.1s             
     --------------------------------------------------------------------------------------------
        
        0.00788718   0.04204863   0.05206317   0.10602994   0.16761619
        
     --------------------------------------------------------------------------------------------
     Tot. elapsed time 09m-04.1s,  time spent in last iteration 21.9s
     --------------------------------------------------------------------------------------------

                       *----------*              *----------*               *----------*
     #     Iteration = |       23 |   WBSE_dim = |        5 |   Diago_dim = |       30 |
                       *----------*              *----------*               *----------*
     s-DIAGOX done in < 00.1s             
     --------------------------------------------------------------------------------------------
        
        0.00779169   0.04180109   0.05183679   0.10601804   0.16761608
        
     --------------------------------------------------------------------------------------------
     Tot. elapsed time 09m-26.4s,  time spent in last iteration 22.2s
     --------------------------------------------------------------------------------------------

                       *----------*              *----------*               *----------*
     #     Iteration = |       24 |   WBSE_dim = |        5 |   Diago_dim = |       35 |
                       *----------*              *----------*               *----------*
     s-DIAGOX done in < 00.1s             
     --------------------------------------------------------------------------------------------
        
        0.00770782   0.04157458   0.05162957   0.10600689   0.16761599
        
     --------------------------------------------------------------------------------------------
     Tot. elapsed time 09m-49.5s,  time spent in last iteration 23.1s
     --------------------------------------------------------------------------------------------

                       *----------*              *----------*               *----------*
     #     Iteration = |       25 |   WBSE_dim = |        5 |   Diago_dim = |       40 |
                       *----------*              *----------*               *----------*
     s-DIAGOX done in < 00.1s             
     --------------------------------------------------------------------------------------------
        
        0.00763591   0.04137233   0.05144351   0.10599666   0.16761590
        
     --------------------------------------------------------------------------------------------
     Tot. elapsed time 10m-12.9s,  time spent in last iteration 23.3s
     --------------------------------------------------------------------------------------------

                       *----------*              *----------*               *----------*
     #     Iteration = |       26 |   WBSE_dim = |        5 |   Diago_dim = |       45 |
                       *----------*              *----------*               *----------*
     s-DIAGOX done in < 00.1s             
     --------------------------------------------------------------------------------------------
        
        0.00757384   0.04119156   0.05127682   0.10598723   0.16761581
        
     --------------------------------------------------------------------------------------------
     Tot. elapsed time 10m-36.7s,  time spent in last iteration 23.8s
     --------------------------------------------------------------------------------------------

                       *----------*              *----------*               *----------*
     #     Iteration = |       27 |   WBSE_dim = |        5 |   Diago_dim = |       50 |
                       *----------*              *----------*               *----------*
     s-DIAGOX done in < 00.1s             
     --------------------------------------------------------------------------------------------
        
        0.00752236   0.04103864   0.05113558   0.10597897   0.16761573
        
     --------------------------------------------------------------------------------------------
     Tot. elapsed time 11m-01.0s,  time spent in last iteration 24.3s
     --------------------------------------------------------------------------------------------

       Refresh the basis set

                       *----------*              *----------*               *----------*
     #     Iteration = |       28 |   WBSE_dim = |        5 |   Diago_dim = |       10 |
                       *----------*              *----------*               *----------*
     s-DIAGOX done in < 00.1s             
     --------------------------------------------------------------------------------------------
        
        0.00748317   0.04091928   0.05102557   0.10597241   0.16761566
        
     --------------------------------------------------------------------------------------------
     Tot. elapsed time 11m-25.2s,  time spent in last iteration 20.3s
     --------------------------------------------------------------------------------------------

                       *----------*              *----------*               *----------*
     #     Iteration = |       29 |   WBSE_dim = |        5 |   Diago_dim = |       15 |
                       *----------*              *----------*               *----------*
     s-DIAGOX done in < 00.1s             
     --------------------------------------------------------------------------------------------
        
        0.00744172   0.04078733   0.05090340   0.10596514   0.16761560
        
     --------------------------------------------------------------------------------------------
     Tot. elapsed time 11m-46.0s,  time spent in last iteration 20.8s
     --------------------------------------------------------------------------------------------

                       *----------*              *----------*               *----------*
     #     Iteration = |       30 |   WBSE_dim = |        5 |   Diago_dim = |       20 |
                       *----------*              *----------*               *----------*
     s-DIAGOX done in < 00.1s             
     --------------------------------------------------------------------------------------------
        
        0.00740111   0.04065351   0.05077949   0.10595771   0.16761555
        
     --------------------------------------------------------------------------------------------
     Tot. elapsed time 12m-07.4s,  time spent in last iteration 21.3s
     --------------------------------------------------------------------------------------------

                       *----------*              *----------*               *----------*
     #     Iteration = |       31 |   WBSE_dim = |        5 |   Diago_dim = |       25 |
                       *----------*              *----------*               *----------*
     s-DIAGOX done in < 00.1s             
     --------------------------------------------------------------------------------------------
        
        0.00736097   0.04051889   0.05065497   0.10595010   0.16761549
        
     --------------------------------------------------------------------------------------------
     Tot. elapsed time 12m-29.3s,  time spent in last iteration 21.8s
     --------------------------------------------------------------------------------------------

                       *----------*              *----------*               *----------*
     #     Iteration = |       32 |   WBSE_dim = |        5 |   Diago_dim = |       30 |
                       *----------*              *----------*               *----------*
     s-DIAGOX done in < 00.1s             
     --------------------------------------------------------------------------------------------
        
        0.00732253   0.04038564   0.05053142   0.10594241   0.16761544
        
     --------------------------------------------------------------------------------------------
     Tot. elapsed time 12m-51.6s,  time spent in last iteration 22.3s
     --------------------------------------------------------------------------------------------

                       *----------*              *----------*               *----------*
     #     Iteration = |       33 |   WBSE_dim = |        5 |   Diago_dim = |       35 |
                       *----------*              *----------*               *----------*
     s-DIAGOX done in < 00.1s             
     --------------------------------------------------------------------------------------------
        
        0.00728568   0.04025626   0.05041088   0.10593473   0.16761539
        
     --------------------------------------------------------------------------------------------
     Tot. elapsed time 13m-14.5s,  time spent in last iteration 22.8s
     --------------------------------------------------------------------------------------------

                       *----------*              *----------*               *----------*
     #     Iteration = |       34 |   WBSE_dim = |        5 |   Diago_dim = |       40 |
                       *----------*              *----------*               *----------*
     s-DIAGOX done in < 00.1s             
     --------------------------------------------------------------------------------------------
        
        0.00725147   0.04013463   0.05029695   0.10592727   0.16761533
        
     --------------------------------------------------------------------------------------------
     Tot. elapsed time 13m-37.8s,  time spent in last iteration 23.3s
     --------------------------------------------------------------------------------------------

                       *----------*              *----------*               *----------*
     #     Iteration = |       35 |   WBSE_dim = |        5 |   Diago_dim = |       45 |
                       *----------*              *----------*               *----------*
     s-DIAGOX done in < 00.1s             
     --------------------------------------------------------------------------------------------
        
        0.00722132   0.04002742   0.05019637   0.10592044   0.16761528
        
     --------------------------------------------------------------------------------------------
     Tot. elapsed time 14m-01.7s,  time spent in last iteration 23.9s
     --------------------------------------------------------------------------------------------

                       *----------*              *----------*               *----------*
     #     Iteration = |       36 |   WBSE_dim = |        5 |   Diago_dim = |       50 |
                       *----------*              *----------*               *----------*
     s-DIAGOX done in < 00.1s             
     --------------------------------------------------------------------------------------------
        
        0.00720027   0.03995182   0.05012560   0.10591545   0.16761523
        
     --------------------------------------------------------------------------------------------
     Tot. elapsed time 14m-26.0s,  time spent in last iteration 24.3s
     --------------------------------------------------------------------------------------------

       Refresh the basis set

                       *----------*              *----------*               *----------*
     #     Iteration = |       37 |   WBSE_dim = |        5 |   Diago_dim = |       10 |
                       *----------*              *----------*               *----------*
     s-DIAGOX done in < 00.1s             
     --------------------------------------------------------------------------------------------
        
        0.00718326   0.03988899   0.05006671   0.10591123   0.16761519
        
     --------------------------------------------------------------------------------------------
     Tot. elapsed time 14m-50.5s,  time spent in last iteration 20.4s
     --------------------------------------------------------------------------------------------

                       *----------*              *----------*               *----------*
     #     Iteration = |       38 |   WBSE_dim = |        5 |   Diago_dim = |       15 |
                       *----------*              *----------*               *----------*
     s-DIAGOX done in < 00.1s             
     --------------------------------------------------------------------------------------------
        
        0.00716234   0.03980762   0.04999003   0.10590574   0.16761514
        
     --------------------------------------------------------------------------------------------
     Tot. elapsed time 15m-11.4s,  time spent in last iteration 20.8s
     --------------------------------------------------------------------------------------------

                       *----------*              *----------*               *----------*
     #     Iteration = |       39 |   WBSE_dim = |        5 |   Diago_dim = |       20 |
                       *----------*              *----------*               *----------*
     s-DIAGOX done in < 00.1s             
     --------------------------------------------------------------------------------------------
        
        0.00714226   0.03972392   0.04991102   0.10590002   0.16761511
        
     --------------------------------------------------------------------------------------------
     Tot. elapsed time 15m-32.7s,  time spent in last iteration 21.3s
     --------------------------------------------------------------------------------------------

                       *----------*              *----------*               *----------*
     #     Iteration = |       40 |   WBSE_dim = |        5 |   Diago_dim = |       25 |
                       *----------*              *----------*               *----------*
     s-DIAGOX done in < 00.1s             
     --------------------------------------------------------------------------------------------
        
        0.00712401   0.03964349   0.04983517   0.10589441   0.16761507
        
     --------------------------------------------------------------------------------------------
     Tot. elapsed time 15m-54.6s,  time spent in last iteration 21.8s
     --------------------------------------------------------------------------------------------

                       *----------*              *----------*               *----------*
     #     Iteration = |       41 |   WBSE_dim = |        5 |   Diago_dim = |       30 |
                       *----------*              *----------*               *----------*
     s-DIAGOX done in < 00.1s             
     --------------------------------------------------------------------------------------------
        
        0.00710781   0.03956834   0.04976433   0.10588905   0.16761504
        
     --------------------------------------------------------------------------------------------
     Tot. elapsed time 16m-16.9s,  time spent in last iteration 22.3s
     --------------------------------------------------------------------------------------------

                       *----------*              *----------*               *----------*
     #     Iteration = |       42 |   WBSE_dim = |        5 |   Diago_dim = |       35 |
                       *----------*              *----------*               *----------*
     s-DIAGOX done in < 00.1s             
     --------------------------------------------------------------------------------------------
        
        0.00709329   0.03949896   0.04969878   0.10588395   0.16761501
        
     --------------------------------------------------------------------------------------------
     Tot. elapsed time 16m-39.7s,  time spent in last iteration 22.8s
     --------------------------------------------------------------------------------------------

                       *----------*              *----------*               *----------*
     #     Iteration = |       43 |   WBSE_dim = |        5 |   Diago_dim = |       40 |
                       *----------*              *----------*               *----------*
     s-DIAGOX done in < 00.1s             
     --------------------------------------------------------------------------------------------
        
        0.00708063   0.03943602   0.04963896   0.10587917   0.16761498
        
     --------------------------------------------------------------------------------------------
     Tot. elapsed time 17m-03.1s,  time spent in last iteration 23.3s
     --------------------------------------------------------------------------------------------

                       *----------*              *----------*               *----------*
     #     Iteration = |       44 |   WBSE_dim = |        5 |   Diago_dim = |       45 |
                       *----------*              *----------*               *----------*
     s-DIAGOX done in < 00.1s             
     --------------------------------------------------------------------------------------------
        
        0.00706942   0.03937915   0.04958466   0.10587469   0.16761495
        
     --------------------------------------------------------------------------------------------
     Tot. elapsed time 17m-26.9s,  time spent in last iteration 23.8s
     --------------------------------------------------------------------------------------------

                       *----------*              *----------*               *----------*
     #     Iteration = |       45 |   WBSE_dim = |        5 |   Diago_dim = |       50 |
                       *----------*              *----------*               *----------*
     s-DIAGOX done in < 00.1s             
     --------------------------------------------------------------------------------------------
        
        0.00705982   0.03932987   0.04953759   0.10587066   0.16761492
        
     --------------------------------------------------------------------------------------------
     Tot. elapsed time 17m-51.2s,  time spent in last iteration 24.2s
     --------------------------------------------------------------------------------------------

       Refresh the basis set

                       *----------*              *----------*               *----------*
     #     Iteration = |       46 |   WBSE_dim = |        5 |   Diago_dim = |       10 |
                       *----------*              *----------*               *----------*
     s-DIAGOX done in < 00.1s             
     --------------------------------------------------------------------------------------------
        
        0.00705165   0.03928695   0.04949652   0.10586707   0.16761489
        
     --------------------------------------------------------------------------------------------
     Tot. elapsed time 18m-15.4s,  time spent in last iteration 20.2s
     --------------------------------------------------------------------------------------------

                       *----------*              *----------*               *----------*
     #     Iteration = |       47 |   WBSE_dim = |        5 |   Diago_dim = |       15 |
                       *----------*              *----------*               *----------*
     s-DIAGOX done in < 00.1s             
     --------------------------------------------------------------------------------------------
        
        0.00704347   0.03924238   0.04945374   0.10586332   0.16761487
        
     --------------------------------------------------------------------------------------------
     Tot. elapsed time 18m-36.3s,  time spent in last iteration 20.7s
     --------------------------------------------------------------------------------------------

                       *----------*              *----------*               *----------*
     #     Iteration = |       48 |   WBSE_dim = |        5 |   Diago_dim = |       20 |
                       *----------*              *----------*               *----------*
     s-DIAGOX done in < 00.1s             
     --------------------------------------------------------------------------------------------
        
        0.00703547   0.03919768   0.04941089   0.10585952   0.16761484
        
     --------------------------------------------------------------------------------------------
     Tot. elapsed time 18m-57.7s,  time spent in last iteration 21.3s
     --------------------------------------------------------------------------------------------

                       *----------*              *----------*               *----------*
     #     Iteration = |       49 |   WBSE_dim = |        5 |   Diago_dim = |       25 |
                       *----------*              *----------*               *----------*
     s-DIAGOX done in < 00.1s             
     --------------------------------------------------------------------------------------------
        
        0.00702755   0.03915298   0.04936812   0.10585565   0.16761482
        
     --------------------------------------------------------------------------------------------
     Tot. elapsed time 19m-19.5s,  time spent in last iteration 21.8s
     --------------------------------------------------------------------------------------------

                       *----------*              *----------*               *----------*
     #     Iteration = |       50 |   WBSE_dim = |        5 |   Diago_dim = |       30 |
                       *----------*              *----------*               *----------*
     s-DIAGOX done in < 00.1s             
     --------------------------------------------------------------------------------------------
        
        0.00701995   0.03910895   0.04932591   0.10585175   0.16761479
        
     --------------------------------------------------------------------------------------------
     Tot. elapsed time 19m-42.2s,  time spent in last iteration 22.6s
     --------------------------------------------------------------------------------------------

                       *----------*              *----------*               *----------*
     #     Iteration = |       51 |   WBSE_dim = |        5 |   Diago_dim = |       35 |
                       *----------*              *----------*               *----------*
     s-DIAGOX done in < 00.1s             
     --------------------------------------------------------------------------------------------
        
        0.00701261   0.03906609   0.04928461   0.10584783   0.16761477
        
     --------------------------------------------------------------------------------------------
     Tot. elapsed time 20m-05.0s,  time spent in last iteration 22.8s
     --------------------------------------------------------------------------------------------

                       *----------*              *----------*               *----------*
     #     Iteration = |       52 |   WBSE_dim = |        5 |   Diago_dim = |       40 |
                       *----------*              *----------*               *----------*
     s-DIAGOX done in < 00.1s             
     --------------------------------------------------------------------------------------------
        
        0.00700574   0.03902565   0.04924542   0.10584399   0.16761474
        
     --------------------------------------------------------------------------------------------
     Tot. elapsed time 20m-28.4s,  time spent in last iteration 23.3s
     --------------------------------------------------------------------------------------------

                       *----------*              *----------*               *----------*
     #     Iteration = |       53 |   WBSE_dim = |        5 |   Diago_dim = |       45 |
                       *----------*              *----------*               *----------*
     s-DIAGOX done in < 00.1s             
     --------------------------------------------------------------------------------------------
        
        0.00699963   0.03898978   0.04921056   0.10584045   0.16761472
        
     --------------------------------------------------------------------------------------------
     Tot. elapsed time 20m-52.2s,  time spent in last iteration 23.8s
     --------------------------------------------------------------------------------------------

                       *----------*              *----------*               *----------*
     #     Iteration = |       54 |   WBSE_dim = |        5 |   Diago_dim = |       50 |
                       *----------*              *----------*               *----------*
     s-DIAGOX done in < 00.1s             
     --------------------------------------------------------------------------------------------
        
        0.00699519   0.03896347   0.04918502   0.10583776   0.16761469
        
     --------------------------------------------------------------------------------------------
     Tot. elapsed time 21m-16.6s,  time spent in last iteration 24.3s
     --------------------------------------------------------------------------------------------

       Refresh the basis set

                       *----------*              *----------*               *----------*
     #     Iteration = |       55 |   WBSE_dim = |        5 |   Diago_dim = |       10 |
                       *----------*              *----------*               *----------*
     s-DIAGOX done in < 00.1s             
     --------------------------------------------------------------------------------------------
        
        0.00699137   0.03894030   0.04916248   0.10583533   0.16761467
        
     --------------------------------------------------------------------------------------------
     Tot. elapsed time 21m-40.7s,  time spent in last iteration 20.1s
     --------------------------------------------------------------------------------------------

                       *----------*              *----------*               *----------*
     #     Iteration = |       56 |   WBSE_dim = |        5 |   Diago_dim = |       15 |
                       *----------*              *----------*               *----------*
     s-DIAGOX done in < 00.1s             
     --------------------------------------------------------------------------------------------
        
        0.00698686   0.03891163   0.04913446   0.10583232   0.16761465
        
     --------------------------------------------------------------------------------------------
     Tot. elapsed time 22m-01.5s,  time spent in last iteration 20.7s
     --------------------------------------------------------------------------------------------

                       *----------*              *----------*               *----------*
     #     Iteration = |       57 |   WBSE_dim = |        5 |   Diago_dim = |       20 |
                       *----------*              *----------*               *----------*
     s-DIAGOX done in < 00.1s             
     --------------------------------------------------------------------------------------------
        
        0.00698253   0.03888243   0.04910590   0.10582920   0.16761463
        
     --------------------------------------------------------------------------------------------
     Tot. elapsed time 22m-22.8s,  time spent in last iteration 21.2s
     --------------------------------------------------------------------------------------------

                       *----------*              *----------*               *----------*
     #     Iteration = |       58 |   WBSE_dim = |        5 |   Diago_dim = |       25 |
                       *----------*              *----------*               *----------*
     s-DIAGOX done in < 00.1s             
     --------------------------------------------------------------------------------------------
        
        0.00697858   0.03885446   0.04907858   0.10582616   0.16761461
        
     --------------------------------------------------------------------------------------------
     Tot. elapsed time 22m-44.6s,  time spent in last iteration 21.7s
     --------------------------------------------------------------------------------------------

                       *----------*              *----------*               *----------*
     #     Iteration = |       59 |   WBSE_dim = |        5 |   Diago_dim = |       30 |
                       *----------*              *----------*               *----------*
     s-DIAGOX done in < 00.1s             
     --------------------------------------------------------------------------------------------
        
        0.00697507   0.03882841   0.04905316   0.10582325   0.16761459
        
     --------------------------------------------------------------------------------------------
     Tot. elapsed time 23m-07.0s,  time spent in last iteration 22.3s
     --------------------------------------------------------------------------------------------

                       *----------*              *----------*               *----------*
     #     Iteration = |       60 |   WBSE_dim = |        5 |   Diago_dim = |       35 |
                       *----------*              *----------*               *----------*
     s-DIAGOX done in < 00.1s             
     --------------------------------------------------------------------------------------------
        
        0.00697191   0.03880431   0.04902957   0.10582048   0.16761457
        
     --------------------------------------------------------------------------------------------
     Tot. elapsed time 23m-29.8s,  time spent in last iteration 22.8s
     --------------------------------------------------------------------------------------------

                       *----------*              *----------*               *----------*
     #     Iteration = |       61 |   WBSE_dim = |        5 |   Diago_dim = |       40 |
                       *----------*              *----------*               *----------*
     s-DIAGOX done in < 00.1s             
     --------------------------------------------------------------------------------------------
        
        0.00696913   0.03878233   0.04900794   0.10581786   0.16761455
        
     --------------------------------------------------------------------------------------------
     Tot. elapsed time 23m-53.3s,  time spent in last iteration 23.4s
     --------------------------------------------------------------------------------------------

                       *----------*              *----------*               *----------*
     #     Iteration = |       62 |   WBSE_dim = |        5 |   Diago_dim = |       45 |
                       *----------*              *----------*               *----------*
     s-DIAGOX done in < 00.1s             
     --------------------------------------------------------------------------------------------
        
        0.00696665   0.03876229   0.04898809   0.10581539   0.16761453
        
     --------------------------------------------------------------------------------------------
     Tot. elapsed time 24m-17.2s,  time spent in last iteration 23.8s
     --------------------------------------------------------------------------------------------

                       *----------*              *----------*               *----------*
     #     Iteration = |       63 |   WBSE_dim = |        5 |   Diago_dim = |       50 |
                       *----------*              *----------*               *----------*
     s-DIAGOX done in < 00.1s             
     --------------------------------------------------------------------------------------------
        
        0.00696445   0.03874427   0.04897023   0.10581306   0.16761452
        
     --------------------------------------------------------------------------------------------
     Tot. elapsed time 24m-41.8s,  time spent in last iteration 24.5s
     --------------------------------------------------------------------------------------------

       Refresh the basis set

                       *----------*              *----------*               *----------*
     #     Iteration = |       64 |   WBSE_dim = |        5 |   Diago_dim = |       10 |
                       *----------*              *----------*               *----------*
     s-DIAGOX done in < 00.1s             
     --------------------------------------------------------------------------------------------
        
        0.00696251   0.03872814   0.04895421   0.10581094   0.16761450
        
     --------------------------------------------------------------------------------------------
     Tot. elapsed time 25m-06.1s,  time spent in last iteration 20.2s
     --------------------------------------------------------------------------------------------

                       *----------*              *----------*               *----------*
     #     Iteration = |       65 |   WBSE_dim = |        5 |   Diago_dim = |       15 |
                       *----------*              *----------*               *----------*
     s-DIAGOX done in < 00.1s             
     --------------------------------------------------------------------------------------------
        
        0.00696063   0.03871197   0.04893811   0.10580880   0.16761448
        
     --------------------------------------------------------------------------------------------
     Tot. elapsed time 25m-26.8s,  time spent in last iteration 20.7s
     --------------------------------------------------------------------------------------------

                       *----------*              *----------*               *----------*
     #     Iteration = |       66 |   WBSE_dim = |        4 |   Diago_dim = |       19 |
                       *----------*              *----------*               *----------*
     s-DIAGOX done in < 00.1s             
     --------------------------------------------------------------------------------------------
        
        0.00695879   0.03869588   0.04892211   0.10580664   0.16761447
        
     --------------------------------------------------------------------------------------------
     Tot. elapsed time 25m-44.3s,  time spent in last iteration 17.4s
     --------------------------------------------------------------------------------------------

                       *----------*              *----------*               *----------*
     #     Iteration = |       67 |   WBSE_dim = |        4 |   Diago_dim = |       23 |
                       *----------*              *----------*               *----------*
     s-DIAGOX done in < 00.1s             
     --------------------------------------------------------------------------------------------
        
        0.00695697   0.03867984   0.04890618   0.10580445   0.16761447
        
     --------------------------------------------------------------------------------------------
     Tot. elapsed time 26m-02.1s,  time spent in last iteration 17.7s
     --------------------------------------------------------------------------------------------

                       *----------*              *----------*               *----------*
     #     Iteration = |       68 |   WBSE_dim = |        4 |   Diago_dim = |       27 |
                       *----------*              *----------*               *----------*
     s-DIAGOX done in < 00.1s             
     --------------------------------------------------------------------------------------------
        
        0.00695521   0.03866409   0.04889051   0.10580224   0.16761446
        
     --------------------------------------------------------------------------------------------
     Tot. elapsed time 26m-20.2s,  time spent in last iteration 18.0s
     --------------------------------------------------------------------------------------------

                       *----------*              *----------*               *----------*
     #     Iteration = |       69 |   WBSE_dim = |        4 |   Diago_dim = |       31 |
                       *----------*              *----------*               *----------*
     s-DIAGOX done in < 00.1s             
     --------------------------------------------------------------------------------------------
        
        0.00695351   0.03864875   0.04887517   0.10580003   0.16761445
        
     --------------------------------------------------------------------------------------------
     Tot. elapsed time 26m-38.6s,  time spent in last iteration 18.3s
     --------------------------------------------------------------------------------------------

                       *----------*              *----------*               *----------*
     #     Iteration = |       70 |   WBSE_dim = |        4 |   Diago_dim = |       35 |
                       *----------*              *----------*               *----------*
     s-DIAGOX done in < 00.1s             
     --------------------------------------------------------------------------------------------
        
        0.00695192   0.03863425   0.04886058   0.10579785   0.16761444
        
     --------------------------------------------------------------------------------------------
     Tot. elapsed time 26m-57.3s,  time spent in last iteration 18.7s
     --------------------------------------------------------------------------------------------

                       *----------*              *----------*               *----------*
     #     Iteration = |       71 |   WBSE_dim = |        4 |   Diago_dim = |       39 |
                       *----------*              *----------*               *----------*
     s-DIAGOX done in < 00.1s             
     --------------------------------------------------------------------------------------------
        
        0.00695049   0.03862133   0.04884752   0.10579584   0.16761443
        
     --------------------------------------------------------------------------------------------
     Tot. elapsed time 27m-16.4s,  time spent in last iteration 19.1s
     --------------------------------------------------------------------------------------------

                       *----------*              *----------*               *----------*
     #     Iteration = |       72 |   WBSE_dim = |        4 |   Diago_dim = |       43 |
                       *----------*              *----------*               *----------*
     s-DIAGOX done in < 00.1s             
     --------------------------------------------------------------------------------------------
        
        0.00694942   0.03861161   0.04883769   0.10579426   0.16761442
        
     --------------------------------------------------------------------------------------------
     Tot. elapsed time 27m-35.9s,  time spent in last iteration 19.4s
     --------------------------------------------------------------------------------------------

                       *----------*              *----------*               *----------*
     #     Iteration = |       73 |   WBSE_dim = |        4 |   Diago_dim = |       47 |
                       *----------*              *----------*               *----------*
     s-DIAGOX done in < 00.1s             
     --------------------------------------------------------------------------------------------
        
        0.00694146   0.03852238   0.04874521   0.10577599   0.16761432
        
     --------------------------------------------------------------------------------------------
     Tot. elapsed time 27m-55.7s,  time spent in last iteration 19.7s
     --------------------------------------------------------------------------------------------

       Refresh the basis set

                       *----------*              *----------*               *----------*
     #     Iteration = |       74 |   WBSE_dim = |        5 |   Diago_dim = |       10 |
                       *----------*              *----------*               *----------*
     s-DIAGOX done in < 00.1s             
     --------------------------------------------------------------------------------------------
        
        0.00693930   0.03849307   0.04871432   0.10576856   0.16761426
        
     --------------------------------------------------------------------------------------------
     Tot. elapsed time 28m-19.8s,  time spent in last iteration 20.1s
     --------------------------------------------------------------------------------------------

                       *----------*              *----------*               *----------*
     #     Iteration = |       75 |   WBSE_dim = |        5 |   Diago_dim = |       15 |
                       *----------*              *----------*               *----------*
     s-DIAGOX done in < 00.1s             
     --------------------------------------------------------------------------------------------
        
        0.00693848   0.03848202   0.04870273   0.10576575   0.16761423
        
     --------------------------------------------------------------------------------------------
     Tot. elapsed time 28m-40.6s,  time spent in last iteration 20.7s
     --------------------------------------------------------------------------------------------

                       *----------*              *----------*               *----------*
     #     Iteration = |       76 |   WBSE_dim = |        5 |   Diago_dim = |       20 |
                       *----------*              *----------*               *----------*
     s-DIAGOX done in < 00.1s             
     --------------------------------------------------------------------------------------------
        
        0.00693798   0.03847501   0.04869538   0.10576396   0.16761421
        
     --------------------------------------------------------------------------------------------
     Tot. elapsed time 29m-02.0s,  time spent in last iteration 21.3s
     --------------------------------------------------------------------------------------------

                       *----------*              *----------*               *----------*
     #     Iteration = |       77 |   WBSE_dim = |        5 |   Diago_dim = |       25 |
                       *----------*              *----------*               *----------*
     s-DIAGOX done in < 00.1s             
     --------------------------------------------------------------------------------------------
        
        0.00693758   0.03846947   0.04868956   0.10576253   0.16761419
        
     --------------------------------------------------------------------------------------------
     Tot. elapsed time 29m-23.8s,  time spent in last iteration 21.7s
     --------------------------------------------------------------------------------------------

                       *----------*              *----------*               *----------*
     #     Iteration = |       78 |   WBSE_dim = |        5 |   Diago_dim = |       30 |
                       *----------*              *----------*               *----------*
     s-DIAGOX done in < 00.1s             
     --------------------------------------------------------------------------------------------
        
        0.00693725   0.03846460   0.04868442   0.10576125   0.16761417
        
     --------------------------------------------------------------------------------------------
     Tot. elapsed time 29m-46.4s,  time spent in last iteration 22.6s
     --------------------------------------------------------------------------------------------

                       *----------*              *----------*               *----------*
     #     Iteration = |       79 |   WBSE_dim = |        4 |   Diago_dim = |       34 |
                       *----------*              *----------*               *----------*
     s-DIAGOX done in < 00.1s             
     --------------------------------------------------------------------------------------------
        
        0.00693695   0.03846026   0.04867981   0.10576009   0.16761416
        
     --------------------------------------------------------------------------------------------
     Tot. elapsed time 30m-05.1s,  time spent in last iteration 18.6s
     --------------------------------------------------------------------------------------------

                       *----------*              *----------*               *----------*
     #     Iteration = |       80 |   WBSE_dim = |        4 |   Diago_dim = |       38 |
                       *----------*              *----------*               *----------*
     s-DIAGOX done in < 00.1s             
     --------------------------------------------------------------------------------------------
        
        0.00693669   0.03845627   0.04867553   0.10575899   0.16761416
        
     --------------------------------------------------------------------------------------------
     Tot. elapsed time 30m-24.0s,  time spent in last iteration 18.9s
     --------------------------------------------------------------------------------------------

                       *----------*              *----------*               *----------*
     #     Iteration = |       81 |   WBSE_dim = |        4 |   Diago_dim = |       42 |
                       *----------*              *----------*               *----------*
     s-DIAGOX done in < 00.1s             
     --------------------------------------------------------------------------------------------
        
        0.00693643   0.03845226   0.04867116   0.10575786   0.16761415
        
     --------------------------------------------------------------------------------------------
     Tot. elapsed time 30m-43.3s,  time spent in last iteration 19.2s
     --------------------------------------------------------------------------------------------

                       *----------*              *----------*               *----------*
     #     Iteration = |       82 |   WBSE_dim = |        4 |   Diago_dim = |       46 |
                       *----------*              *----------*               *----------*
     s-DIAGOX done in < 00.1s             
     --------------------------------------------------------------------------------------------
        
        0.00693633   0.03845064   0.04866937   0.10575739   0.16761414
        
     --------------------------------------------------------------------------------------------
     Tot. elapsed time 31m-03.0s,  time spent in last iteration 19.6s
     --------------------------------------------------------------------------------------------

                       *----------*              *----------*               *----------*
     #     Iteration = |       83 |   WBSE_dim = |        4 |   Diago_dim = |       50 |
                       *----------*              *----------*               *----------*
     s-DIAGOX done in < 00.1s             
     --------------------------------------------------------------------------------------------
        
        0.00693619   0.03844855   0.04866702   0.10575677   0.16761414
        
     --------------------------------------------------------------------------------------------
     Tot. elapsed time 31m-22.9s,  time spent in last iteration 19.8s
     --------------------------------------------------------------------------------------------

       Refresh the basis set

                       *----------*              *----------*               *----------*
     #     Iteration = |       84 |   WBSE_dim = |        4 |   Diago_dim = |        9 |
                       *----------*              *----------*               *----------*
     s-DIAGOX done in < 00.1s             
     --------------------------------------------------------------------------------------------
        
        0.00693610   0.03844713   0.04866542   0.10575634   0.16761414
        
     --------------------------------------------------------------------------------------------
     Tot. elapsed time 31m-43.4s,  time spent in last iteration 16.5s
     --------------------------------------------------------------------------------------------

                       *----------*              *----------*               *----------*
     #     Iteration = |       85 |   WBSE_dim = |        4 |   Diago_dim = |       13 |
                       *----------*              *----------*               *----------*
     s-DIAGOX done in < 00.1s             
     --------------------------------------------------------------------------------------------
        
        0.00693602   0.03844595   0.04866408   0.10575598   0.16761413
        
     --------------------------------------------------------------------------------------------
     Tot. elapsed time 32m-00.4s,  time spent in last iteration 16.9s
     --------------------------------------------------------------------------------------------

                       *----------*              *----------*               *----------*
     #     Iteration = |       86 |   WBSE_dim = |        4 |   Diago_dim = |       17 |
                       *----------*              *----------*               *----------*
     s-DIAGOX done in < 00.1s             
     --------------------------------------------------------------------------------------------
        
        0.00693588   0.03844369   0.04866152   0.10575528   0.16761413
        
     --------------------------------------------------------------------------------------------
     Tot. elapsed time 32m-17.7s,  time spent in last iteration 17.3s
     --------------------------------------------------------------------------------------------

                       *----------*              *----------*               *----------*
     #     Iteration = |       87 |   WBSE_dim = |        4 |   Diago_dim = |       21 |
                       *----------*              *----------*               *----------*
     s-DIAGOX done in < 00.1s             
     --------------------------------------------------------------------------------------------
        
        0.00693570   0.03844084   0.04865827   0.10575436   0.16761412
        
     --------------------------------------------------------------------------------------------
     Tot. elapsed time 32m-35.3s,  time spent in last iteration 17.5s
     --------------------------------------------------------------------------------------------

                       *----------*              *----------*               *----------*
     #     Iteration = |       88 |   WBSE_dim = |        4 |   Diago_dim = |       25 |
                       *----------*              *----------*               *----------*
     s-DIAGOX done in < 00.1s             
     --------------------------------------------------------------------------------------------
        
        0.00693554   0.03843819   0.04865521   0.10575348   0.16761411
        
     --------------------------------------------------------------------------------------------
     Tot. elapsed time 32m-53.2s,  time spent in last iteration 17.9s
     --------------------------------------------------------------------------------------------

                       *----------*              *----------*               *----------*
     #     Iteration = |       89 |   WBSE_dim = |        4 |   Diago_dim = |       29 |
                       *----------*              *----------*               *----------*
     s-DIAGOX done in < 00.1s             
     --------------------------------------------------------------------------------------------
        
        0.00693539   0.03843571   0.04865227   0.10575261   0.16761410
        
     --------------------------------------------------------------------------------------------
     Tot. elapsed time 33m-11.5s,  time spent in last iteration 18.2s
     --------------------------------------------------------------------------------------------

                       *----------*              *----------*               *----------*
     #     Iteration = |       90 |   WBSE_dim = |        4 |   Diago_dim = |       33 |
                       *----------*              *----------*               *----------*
     s-DIAGOX done in < 00.1s             
     --------------------------------------------------------------------------------------------
        
        0.00693524   0.03843333   0.04864939   0.10575173   0.16761409
        
     --------------------------------------------------------------------------------------------
     Tot. elapsed time 33m-30.1s,  time spent in last iteration 18.5s
     --------------------------------------------------------------------------------------------

                       *----------*              *----------*               *----------*
     #     Iteration = |       91 |   WBSE_dim = |        4 |   Diago_dim = |       37 |
                       *----------*              *----------*               *----------*
     s-DIAGOX done in < 00.1s             
     --------------------------------------------------------------------------------------------
        
        0.00693505   0.03843004   0.04864522   0.10575042   0.16761408
        
     --------------------------------------------------------------------------------------------
     Tot. elapsed time 33m-49.0s,  time spent in last iteration 18.9s
     --------------------------------------------------------------------------------------------

                       *----------*              *----------*               *----------*
     #     Iteration = |       92 |   WBSE_dim = |        4 |   Diago_dim = |       41 |
                       *----------*              *----------*               *----------*
     s-DIAGOX done in < 00.1s             
     --------------------------------------------------------------------------------------------
        
        0.00693489   0.03842735   0.04864161   0.10574926   0.16761407
        
     --------------------------------------------------------------------------------------------
     Tot. elapsed time 34m-08.3s,  time spent in last iteration 19.2s
     --------------------------------------------------------------------------------------------

                       *----------*              *----------*               *----------*
     #     Iteration = |       93 |   WBSE_dim = |        4 |   Diago_dim = |       45 |
                       *----------*              *----------*               *----------*
     s-DIAGOX done in < 00.1s             
     --------------------------------------------------------------------------------------------
        
        0.00693460   0.03842233   0.04863423   0.10574681   0.16761403
        
     --------------------------------------------------------------------------------------------
     Tot. elapsed time 34m-27.8s,  time spent in last iteration 19.5s
     --------------------------------------------------------------------------------------------

                       *----------*              *----------*               *----------*
     #     Iteration = |       94 |   WBSE_dim = |        5 |   Diago_dim = |       50 |
                       *----------*              *----------*               *----------*
     s-DIAGOX done in < 00.1s             
     --------------------------------------------------------------------------------------------
        
        0.00693399   0.03841157   0.04861478   0.10573972   0.16761383
        
     --------------------------------------------------------------------------------------------
     Tot. elapsed time 34m-52.3s,  time spent in last iteration 24.5s
     --------------------------------------------------------------------------------------------

       Refresh the basis set

                       *----------*              *----------*               *----------*
     #     Iteration = |       95 |   WBSE_dim = |        5 |   Diago_dim = |       10 |
                       *----------*              *----------*               *----------*
     s-DIAGOX done in < 00.1s             
     --------------------------------------------------------------------------------------------
        
        0.00693380   0.03840803   0.04860722   0.10573682   0.16761353
        
     --------------------------------------------------------------------------------------------
     Tot. elapsed time 35m-16.6s,  time spent in last iteration 20.1s
     --------------------------------------------------------------------------------------------

                       *----------*              *----------*               *----------*
     #     Iteration = |       96 |   WBSE_dim = |        5 |   Diago_dim = |       15 |
                       *----------*              *----------*               *----------*
     s-DIAGOX done in < 00.1s             
     --------------------------------------------------------------------------------------------
        
        0.00693373   0.03840681   0.04860449   0.10573582   0.16761340
        
     --------------------------------------------------------------------------------------------
     Tot. elapsed time 35m-37.4s,  time spent in last iteration 20.8s
     --------------------------------------------------------------------------------------------

                       *----------*              *----------*               *----------*
     #     Iteration = |       97 |   WBSE_dim = |        5 |   Diago_dim = |       20 |
                       *----------*              *----------*               *----------*
     s-DIAGOX done in < 00.1s             
     --------------------------------------------------------------------------------------------
        
        0.00693368   0.03840605   0.04860263   0.10573519   0.16761332
        
     --------------------------------------------------------------------------------------------
     Tot. elapsed time 35m-58.7s,  time spent in last iteration 21.3s
     --------------------------------------------------------------------------------------------

                       *----------*              *----------*               *----------*
     #     Iteration = |       98 |   WBSE_dim = |        5 |   Diago_dim = |       25 |
                       *----------*              *----------*               *----------*
     s-DIAGOX done in < 00.1s             
     --------------------------------------------------------------------------------------------
        
        0.00693364   0.03840539   0.04860073   0.10573463   0.16761324
        
     --------------------------------------------------------------------------------------------
     Tot. elapsed time 36m-20.5s,  time spent in last iteration 21.8s
     --------------------------------------------------------------------------------------------

                       *----------*              *----------*               *----------*
     #     Iteration = |       99 |   WBSE_dim = |        5 |   Diago_dim = |       30 |
                       *----------*              *----------*               *----------*
     s-DIAGOX done in < 00.1s             
     --------------------------------------------------------------------------------------------
        
        0.00693360   0.03840489   0.04859897   0.10573421   0.16761316
        
     --------------------------------------------------------------------------------------------
     Tot. elapsed time 36m-42.9s,  time spent in last iteration 22.3s
     --------------------------------------------------------------------------------------------

                       *----------*              *----------*               *----------*
     #     Iteration = |      100 |   WBSE_dim = |        5 |   Diago_dim = |       35 |
                       *----------*              *----------*               *----------*
     s-DIAGOX done in < 00.1s             
     --------------------------------------------------------------------------------------------
        
        0.00693357   0.03840451   0.04859718   0.10573388   0.16761307
        
     --------------------------------------------------------------------------------------------
     Tot. elapsed time 37m-05.7s,  time spent in last iteration 22.8s
     --------------------------------------------------------------------------------------------

                       *----------*              *----------*               *----------*
     #     Iteration = |      101 |   WBSE_dim = |        5 |   Diago_dim = |       40 |
                       *----------*              *----------*               *----------*
     s-DIAGOX done in < 00.1s             
     --------------------------------------------------------------------------------------------
        
        0.00693353   0.03840424   0.04859518   0.10573365   0.16761297
        
     --------------------------------------------------------------------------------------------
     Tot. elapsed time 37m-29.0s,  time spent in last iteration 23.2s
     --------------------------------------------------------------------------------------------

                       *----------*              *----------*               *----------*
     #     Iteration = |      102 |   WBSE_dim = |        5 |   Diago_dim = |       45 |
                       *----------*              *----------*               *----------*
     s-DIAGOX done in < 00.1s             
     --------------------------------------------------------------------------------------------
        
        0.00693348   0.03840402   0.04859258   0.10573345   0.16761273
        
     --------------------------------------------------------------------------------------------
     Tot. elapsed time 37m-52.8s,  time spent in last iteration 23.8s
     --------------------------------------------------------------------------------------------

                       *----------*              *----------*               *----------*
     #     Iteration = |      103 |   WBSE_dim = |        5 |   Diago_dim = |       50 |
                       *----------*              *----------*               *----------*
     s-DIAGOX done in < 00.1s             
     --------------------------------------------------------------------------------------------
        
        0.00693344   0.03840392   0.04859042   0.10573336   0.16761251
        
     --------------------------------------------------------------------------------------------
     Tot. elapsed time 38m-17.2s,  time spent in last iteration 24.3s
     --------------------------------------------------------------------------------------------

       Refresh the basis set

                       *----------*              *----------*               *----------*
     #     Iteration = |      104 |   WBSE_dim = |        5 |   Diago_dim = |       10 |
                       *----------*              *----------*               *----------*
     s-DIAGOX done in < 00.1s             
     --------------------------------------------------------------------------------------------
        
        0.00693341   0.03840388   0.04858902   0.10573332   0.16761238
        
     --------------------------------------------------------------------------------------------
     Tot. elapsed time 38m-41.3s,  time spent in last iteration 20.2s
     --------------------------------------------------------------------------------------------

                       *----------*              *----------*               *----------*
     #     Iteration = |      105 |   WBSE_dim = |        5 |   Diago_dim = |       15 |
                       *----------*              *----------*               *----------*
     s-DIAGOX done in < 00.1s             
     --------------------------------------------------------------------------------------------
        
        0.00693337   0.03840381   0.04858682   0.10573326   0.16761221
        
     --------------------------------------------------------------------------------------------
     Tot. elapsed time 39m-02.2s,  time spent in last iteration 20.8s
     --------------------------------------------------------------------------------------------

                       *----------*              *----------*               *----------*
     #     Iteration = |      106 |   WBSE_dim = |        5 |   Diago_dim = |       20 |
                       *----------*              *----------*               *----------*
     s-DIAGOX done in < 00.1s             
     --------------------------------------------------------------------------------------------
        
        0.00693332   0.03840370   0.04858392   0.10573315   0.16761200
        
     --------------------------------------------------------------------------------------------
     Tot. elapsed time 39m-23.5s,  time spent in last iteration 21.3s
     --------------------------------------------------------------------------------------------

                       *----------*              *----------*               *----------*
     #     Iteration = |      107 |   WBSE_dim = |        5 |   Diago_dim = |       25 |
                       *----------*              *----------*               *----------*
     s-DIAGOX done in < 00.1s             
     --------------------------------------------------------------------------------------------
        
        0.00693327   0.03840355   0.04858127   0.10573300   0.16761179
        
     --------------------------------------------------------------------------------------------
     Tot. elapsed time 39m-45.6s,  time spent in last iteration 22.1s
     --------------------------------------------------------------------------------------------

                       *----------*              *----------*               *----------*
     #     Iteration = |      108 |   WBSE_dim = |        5 |   Diago_dim = |       30 |
                       *----------*              *----------*               *----------*
     s-DIAGOX done in < 00.1s             
     --------------------------------------------------------------------------------------------
        
        0.00693323   0.03840341   0.04857873   0.10573286   0.16761159
        
     --------------------------------------------------------------------------------------------
     Tot. elapsed time 40m-08.0s,  time spent in last iteration 22.3s
     --------------------------------------------------------------------------------------------

                       *----------*              *----------*               *----------*
     #     Iteration = |      109 |   WBSE_dim = |        5 |   Diago_dim = |       35 |
                       *----------*              *----------*               *----------*
     s-DIAGOX done in < 00.1s             
     --------------------------------------------------------------------------------------------
        
        0.00693318   0.03840325   0.04857536   0.10573267   0.16761131
        
     --------------------------------------------------------------------------------------------
     Tot. elapsed time 40m-30.8s,  time spent in last iteration 22.7s
     --------------------------------------------------------------------------------------------

                       *----------*              *----------*               *----------*
     #     Iteration = |      110 |   WBSE_dim = |        5 |   Diago_dim = |       40 |
                       *----------*              *----------*               *----------*
     s-DIAGOX done in < 00.1s             
     --------------------------------------------------------------------------------------------
        
        0.00693312   0.03840304   0.04857156   0.10573243   0.16761095
        
     --------------------------------------------------------------------------------------------
     Tot. elapsed time 40m-54.1s,  time spent in last iteration 23.3s
     --------------------------------------------------------------------------------------------

                       *----------*              *----------*               *----------*
     #     Iteration = |      111 |   WBSE_dim = |        5 |   Diago_dim = |       45 |
                       *----------*              *----------*               *----------*
     s-DIAGOX done in < 00.1s             
     --------------------------------------------------------------------------------------------
        
        0.00693305   0.03840279   0.04856661   0.10573208   0.16761040
        
     --------------------------------------------------------------------------------------------
     Tot. elapsed time 41m-18.0s,  time spent in last iteration 23.8s
     --------------------------------------------------------------------------------------------

                       *----------*              *----------*               *----------*
     #     Iteration = |      112 |   WBSE_dim = |        5 |   Diago_dim = |       50 |
                       *----------*              *----------*               *----------*
     s-DIAGOX done in < 00.1s             
     --------------------------------------------------------------------------------------------
        
        0.00693286   0.03840245   0.04855207   0.10573153   0.16760777
        
     --------------------------------------------------------------------------------------------
     Tot. elapsed time 41m-42.3s,  time spent in last iteration 24.3s
     --------------------------------------------------------------------------------------------

       Refresh the basis set

                       *----------*              *----------*               *----------*
     #     Iteration = |      113 |   WBSE_dim = |        5 |   Diago_dim = |       10 |
                       *----------*              *----------*               *----------*
     s-DIAGOX done in < 00.1s             
     --------------------------------------------------------------------------------------------
        
        0.00693269   0.03840223   0.04853719   0.10573114   0.16760373
        
     --------------------------------------------------------------------------------------------
     Tot. elapsed time 42m-06.5s,  time spent in last iteration 20.1s
     --------------------------------------------------------------------------------------------

                       *----------*              *----------*               *----------*
     #     Iteration = |      114 |   WBSE_dim = |        5 |   Diago_dim = |       15 |
                       *----------*              *----------*               *----------*
     s-DIAGOX done in < 00.1s             
     --------------------------------------------------------------------------------------------
        
        0.00693260   0.03840211   0.04852999   0.10573092   0.16760176
        
     --------------------------------------------------------------------------------------------
     Tot. elapsed time 42m-27.3s,  time spent in last iteration 20.8s
     --------------------------------------------------------------------------------------------

                       *----------*              *----------*               *----------*
     #     Iteration = |      115 |   WBSE_dim = |        5 |   Diago_dim = |       20 |
                       *----------*              *----------*               *----------*
     s-DIAGOX done in < 00.1s             
     --------------------------------------------------------------------------------------------
        
        0.00693251   0.03840203   0.04852240   0.10573077   0.16759963
        
     --------------------------------------------------------------------------------------------
     Tot. elapsed time 42m-48.6s,  time spent in last iteration 21.2s
     --------------------------------------------------------------------------------------------

                       *----------*              *----------*               *----------*
     #     Iteration = |      116 |   WBSE_dim = |        5 |   Diago_dim = |       25 |
                       *----------*              *----------*               *----------*
     s-DIAGOX done in < 00.1s             
     --------------------------------------------------------------------------------------------
        
        0.00693242   0.03840198   0.04851430   0.10573068   0.16759729
        
     --------------------------------------------------------------------------------------------
     Tot. elapsed time 43m-10.5s,  time spent in last iteration 21.8s
     --------------------------------------------------------------------------------------------

                       *----------*              *----------*               *----------*
     #     Iteration = |      117 |   WBSE_dim = |        5 |   Diago_dim = |       30 |
                       *----------*              *----------*               *----------*
     s-DIAGOX done in < 00.1s             
     --------------------------------------------------------------------------------------------
        
        0.00693233   0.03840194   0.04850710   0.10573061   0.16759512
        
     --------------------------------------------------------------------------------------------
     Tot. elapsed time 43m-32.8s,  time spent in last iteration 22.2s
     --------------------------------------------------------------------------------------------

                       *----------*              *----------*               *----------*
     #     Iteration = |      118 |   WBSE_dim = |        5 |   Diago_dim = |       35 |
                       *----------*              *----------*               *----------*
     s-DIAGOX done in < 00.1s             
     --------------------------------------------------------------------------------------------
        
        0.00693223   0.03840191   0.04849843   0.10573053   0.16759234
        
     --------------------------------------------------------------------------------------------
     Tot. elapsed time 43m-55.7s,  time spent in last iteration 22.8s
     --------------------------------------------------------------------------------------------

                       *----------*              *----------*               *----------*
     #     Iteration = |      119 |   WBSE_dim = |        5 |   Diago_dim = |       40 |
                       *----------*              *----------*               *----------*
     s-DIAGOX done in < 00.1s             
     --------------------------------------------------------------------------------------------
        
        0.00693212   0.03840188   0.04848805   0.10573048   0.16758871
        
     --------------------------------------------------------------------------------------------
     Tot. elapsed time 44m-19.1s,  time spent in last iteration 23.3s
     --------------------------------------------------------------------------------------------

                       *----------*              *----------*               *----------*
     #     Iteration = |      120 |   WBSE_dim = |        5 |   Diago_dim = |       45 |
                       *----------*              *----------*               *----------*
     s-DIAGOX done in < 00.1s             
     --------------------------------------------------------------------------------------------
        
        0.00693202   0.03840187   0.04847875   0.10573045   0.16758509
        
     --------------------------------------------------------------------------------------------
     Tot. elapsed time 44m-43.2s,  time spent in last iteration 24.1s
     --------------------------------------------------------------------------------------------

                       *----------*              *----------*               *----------*
     #     Iteration = |      121 |   WBSE_dim = |        5 |   Diago_dim = |       50 |
                       *----------*              *----------*               *----------*
     s-DIAGOX done in < 00.1s             
     --------------------------------------------------------------------------------------------
        
        0.00693195   0.03840186   0.04847249   0.10573043   0.16758235
        
     --------------------------------------------------------------------------------------------
     Tot. elapsed time 45m-07.5s,  time spent in last iteration 24.3s
     --------------------------------------------------------------------------------------------

       Refresh the basis set

                       *----------*              *----------*               *----------*
     #     Iteration = |      122 |   WBSE_dim = |        5 |   Diago_dim = |       10 |
                       *----------*              *----------*               *----------*
     s-DIAGOX done in < 00.1s             
     --------------------------------------------------------------------------------------------
        
        0.00693190   0.03840185   0.04846681   0.10573042   0.16757976
        
     --------------------------------------------------------------------------------------------
     Tot. elapsed time 45m-31.8s,  time spent in last iteration 20.2s
     --------------------------------------------------------------------------------------------

                       *----------*              *----------*               *----------*
     #     Iteration = |      123 |   WBSE_dim = |        5 |   Diago_dim = |       15 |
                       *----------*              *----------*               *----------*
     s-DIAGOX done in < 00.1s             
     --------------------------------------------------------------------------------------------
        
        0.00693180   0.03840184   0.04845759   0.10573040   0.16757556
        
     --------------------------------------------------------------------------------------------
     Tot. elapsed time 45m-52.6s,  time spent in last iteration 20.8s
     --------------------------------------------------------------------------------------------

                       *----------*              *----------*               *----------*
     #     Iteration = |      124 |   WBSE_dim = |        5 |   Diago_dim = |       20 |
                       *----------*              *----------*               *----------*
     s-DIAGOX done in < 00.1s             
     --------------------------------------------------------------------------------------------
        
        0.00693167   0.03840182   0.04844428   0.10573036   0.16756930
        
     --------------------------------------------------------------------------------------------
     Tot. elapsed time 46m-13.9s,  time spent in last iteration 21.3s
     --------------------------------------------------------------------------------------------

                       *----------*              *----------*               *----------*
     #     Iteration = |      125 |   WBSE_dim = |        5 |   Diago_dim = |       25 |
                       *----------*              *----------*               *----------*
     s-DIAGOX done in < 00.1s             
     --------------------------------------------------------------------------------------------
        
        0.00693154   0.03840180   0.04843103   0.10573031   0.16756270
        
     --------------------------------------------------------------------------------------------
     Tot. elapsed time 46m-35.7s,  time spent in last iteration 21.8s
     --------------------------------------------------------------------------------------------

                       *----------*              *----------*               *----------*
     #     Iteration = |      126 |   WBSE_dim = |        5 |   Diago_dim = |       30 |
                       *----------*              *----------*               *----------*
     s-DIAGOX done in < 00.1s             
     --------------------------------------------------------------------------------------------
        
        0.00693141   0.03840178   0.04841780   0.10573026   0.16755567
        
     --------------------------------------------------------------------------------------------
     Tot. elapsed time 46m-58.1s,  time spent in last iteration 22.3s
     --------------------------------------------------------------------------------------------

                       *----------*              *----------*               *----------*
     #     Iteration = |      127 |   WBSE_dim = |        5 |   Diago_dim = |       35 |
                       *----------*              *----------*               *----------*
     s-DIAGOX done in < 00.1s             
     --------------------------------------------------------------------------------------------
        
        0.00693125   0.03840175   0.04840111   0.10573020   0.16754590
        
     --------------------------------------------------------------------------------------------
     Tot. elapsed time 47m-20.9s,  time spent in last iteration 22.8s
     --------------------------------------------------------------------------------------------

                       *----------*              *----------*               *----------*
     #     Iteration = |      128 |   WBSE_dim = |        5 |   Diago_dim = |       40 |
                       *----------*              *----------*               *----------*
     s-DIAGOX done in < 00.1s             
     --------------------------------------------------------------------------------------------
        
        0.00693109   0.03840172   0.04838337   0.10573011   0.16753410
        
     --------------------------------------------------------------------------------------------
     Tot. elapsed time 47m-44.3s,  time spent in last iteration 23.3s
     --------------------------------------------------------------------------------------------

                       *----------*              *----------*               *----------*
     #     Iteration = |      129 |   WBSE_dim = |        5 |   Diago_dim = |       45 |
                       *----------*              *----------*               *----------*
     s-DIAGOX done in < 00.1s             
     --------------------------------------------------------------------------------------------
        
        0.00693091   0.03840168   0.04836263   0.10572999   0.16751777
        
     --------------------------------------------------------------------------------------------
     Tot. elapsed time 48m-08.1s,  time spent in last iteration 23.8s
     --------------------------------------------------------------------------------------------

                       *----------*              *----------*               *----------*
     #     Iteration = |      130 |   WBSE_dim = |        5 |   Diago_dim = |       50 |
                       *----------*              *----------*               *----------*
     s-DIAGOX done in < 00.1s             
     --------------------------------------------------------------------------------------------
        
        0.00693048   0.03840163   0.04830798   0.10572980   0.16745133
        
     --------------------------------------------------------------------------------------------
     Tot. elapsed time 48m-32.4s,  time spent in last iteration 24.3s
     --------------------------------------------------------------------------------------------

       Refresh the basis set

                       *----------*              *----------*               *----------*
     #     Iteration = |      131 |   WBSE_dim = |        5 |   Diago_dim = |       10 |
                       *----------*              *----------*               *----------*
     s-DIAGOX done in < 00.1s             
     --------------------------------------------------------------------------------------------
        
        0.00693004   0.03840159   0.04824806   0.10572965   0.16734944
        
     --------------------------------------------------------------------------------------------
     Tot. elapsed time 48m-56.7s,  time spent in last iteration 20.1s
     --------------------------------------------------------------------------------------------

                       *----------*              *----------*               *----------*
     #     Iteration = |      132 |   WBSE_dim = |        5 |   Diago_dim = |       15 |
                       *----------*              *----------*               *----------*
     s-DIAGOX done in < 00.1s             
     --------------------------------------------------------------------------------------------
        
        0.00692982   0.03840157   0.04821752   0.10572957   0.16729734
        
     --------------------------------------------------------------------------------------------
     Tot. elapsed time 49m-17.5s,  time spent in last iteration 20.8s
     --------------------------------------------------------------------------------------------

                       *----------*              *----------*               *----------*
     #     Iteration = |      133 |   WBSE_dim = |        5 |   Diago_dim = |       20 |
                       *----------*              *----------*               *----------*
     s-DIAGOX done in < 00.1s             
     --------------------------------------------------------------------------------------------
        
        0.00692957   0.03840156   0.04818350   0.10572952   0.16723846
        
     --------------------------------------------------------------------------------------------
     Tot. elapsed time 49m-39.0s,  time spent in last iteration 21.5s
     --------------------------------------------------------------------------------------------

                       *----------*              *----------*               *----------*
     #     Iteration = |      134 |   WBSE_dim = |        5 |   Diago_dim = |       25 |
                       *----------*              *----------*               *----------*
     s-DIAGOX done in < 00.1s             
     --------------------------------------------------------------------------------------------
        
        0.00692930   0.03840155   0.04814625   0.10572948   0.16717206
        
     --------------------------------------------------------------------------------------------
     Tot. elapsed time 50m-00.8s,  time spent in last iteration 21.7s
     --------------------------------------------------------------------------------------------

                       *----------*              *----------*               *----------*
     #     Iteration = |      135 |   WBSE_dim = |        5 |   Diago_dim = |       30 |
                       *----------*              *----------*               *----------*
     s-DIAGOX done in < 00.1s             
     --------------------------------------------------------------------------------------------
        
        0.00692906   0.03840154   0.04811313   0.10572945   0.16711051
        
     --------------------------------------------------------------------------------------------
     Tot. elapsed time 50m-23.1s,  time spent in last iteration 22.3s
     --------------------------------------------------------------------------------------------

                       *----------*              *----------*               *----------*
     #     Iteration = |      136 |   WBSE_dim = |        5 |   Diago_dim = |       35 |
                       *----------*              *----------*               *----------*
     s-DIAGOX done in < 00.1s             
     --------------------------------------------------------------------------------------------
        
        0.00692878   0.03840154   0.04807365   0.10572942   0.16703269
        
     --------------------------------------------------------------------------------------------
     Tot. elapsed time 50m-45.9s,  time spent in last iteration 22.8s
     --------------------------------------------------------------------------------------------

                       *----------*              *----------*               *----------*
     #     Iteration = |      137 |   WBSE_dim = |        5 |   Diago_dim = |       40 |
                       *----------*              *----------*               *----------*
     s-DIAGOX done in < 00.1s             
     --------------------------------------------------------------------------------------------
        
        0.00692846   0.03840153   0.04802738   0.10572940   0.16693369
        
     --------------------------------------------------------------------------------------------
     Tot. elapsed time 51m-09.3s,  time spent in last iteration 23.3s
     --------------------------------------------------------------------------------------------

                       *----------*              *----------*               *----------*
     #     Iteration = |      138 |   WBSE_dim = |        5 |   Diago_dim = |       45 |
                       *----------*              *----------*               *----------*
     s-DIAGOX done in < 00.1s             
     --------------------------------------------------------------------------------------------
        
        0.00692820   0.03840153   0.04798841   0.10572938   0.16684152
        
     --------------------------------------------------------------------------------------------
     Tot. elapsed time 51m-33.2s,  time spent in last iteration 23.8s
     --------------------------------------------------------------------------------------------

                       *----------*              *----------*               *----------*
     #     Iteration = |      139 |   WBSE_dim = |        4 |   Diago_dim = |       49 |
                       *----------*              *----------*               *----------*
     s-DIAGOX done in < 00.1s             
     --------------------------------------------------------------------------------------------
        
        0.00692803   0.03840153   0.04796312   0.10572937   0.16677599
        
     --------------------------------------------------------------------------------------------
     Tot. elapsed time 51m-53.0s,  time spent in last iteration 19.8s
     --------------------------------------------------------------------------------------------

       Refresh the basis set

                       *----------*              *----------*               *----------*
     #     Iteration = |      140 |   WBSE_dim = |        4 |   Diago_dim = |        9 |
                       *----------*              *----------*               *----------*
     s-DIAGOX done in < 00.1s             
     --------------------------------------------------------------------------------------------
        
        0.00692788   0.03840153   0.04793884   0.10572936   0.16671048
        
     --------------------------------------------------------------------------------------------
     Tot. elapsed time 52m-13.6s,  time spent in last iteration 16.5s
     --------------------------------------------------------------------------------------------

                       *----------*              *----------*               *----------*
     #     Iteration = |      141 |   WBSE_dim = |        3 |   Diago_dim = |       12 |
                       *----------*              *----------*               *----------*
     s-DIAGOX done in < 00.1s             
     --------------------------------------------------------------------------------------------
        
        0.00692762   0.03840153   0.04789836   0.10572935   0.16660041
        
     --------------------------------------------------------------------------------------------
     Tot. elapsed time 52m-26.8s,  time spent in last iteration 13.2s
     --------------------------------------------------------------------------------------------

                       *----------*              *----------*               *----------*
     #     Iteration = |      142 |   WBSE_dim = |        3 |   Diago_dim = |       15 |
                       *----------*              *----------*               *----------*
     s-DIAGOX done in < 00.1s             
     --------------------------------------------------------------------------------------------
        
        0.00692724   0.03840153   0.04783907   0.10572934   0.16643383
        
     --------------------------------------------------------------------------------------------
     Tot. elapsed time 52m-40.2s,  time spent in last iteration 13.4s
     --------------------------------------------------------------------------------------------

                       *----------*              *----------*               *----------*
     #     Iteration = |      143 |   WBSE_dim = |        3 |   Diago_dim = |       18 |
                       *----------*              *----------*               *----------*
     s-DIAGOX done in < 00.1s             
     --------------------------------------------------------------------------------------------
        
        0.00692686   0.03840153   0.04777870   0.10572933   0.16625478
        
     --------------------------------------------------------------------------------------------
     Tot. elapsed time 52m-53.8s,  time spent in last iteration 13.5s
     --------------------------------------------------------------------------------------------

                       *----------*              *----------*               *----------*
     #     Iteration = |      144 |   WBSE_dim = |        4 |   Diago_dim = |       22 |
                       *----------*              *----------*               *----------*
     s-DIAGOX done in < 00.1s             
     --------------------------------------------------------------------------------------------
        
        0.00692648   0.03840152   0.04771697   0.10572931   0.16605887
        
     --------------------------------------------------------------------------------------------
     Tot. elapsed time 53m-11.5s,  time spent in last iteration 17.6s
     --------------------------------------------------------------------------------------------

                       *----------*              *----------*               *----------*
     #     Iteration = |      145 |   WBSE_dim = |        4 |   Diago_dim = |       26 |
                       *----------*              *----------*               *----------*
     s-DIAGOX done in < 00.1s             
     --------------------------------------------------------------------------------------------
        
        0.00692603   0.03840152   0.04764168   0.10572928   0.16579661
        
     --------------------------------------------------------------------------------------------
     Tot. elapsed time 53m-29.5s,  time spent in last iteration 18.0s
     --------------------------------------------------------------------------------------------

                       *----------*              *----------*               *----------*
     #     Iteration = |      146 |   WBSE_dim = |        4 |   Diago_dim = |       30 |
                       *----------*              *----------*               *----------*
     s-DIAGOX done in < 00.1s             
     --------------------------------------------------------------------------------------------
        
        0.00692558   0.03840152   0.04756220   0.10572925   0.16548356
        
     --------------------------------------------------------------------------------------------
     Tot. elapsed time 53m-48.0s,  time spent in last iteration 18.4s
     --------------------------------------------------------------------------------------------

                       *----------*              *----------*               *----------*
     #     Iteration = |      147 |   WBSE_dim = |        5 |   Diago_dim = |       35 |
                       *----------*              *----------*               *----------*
     s-DIAGOX done in < 00.1s             
     --------------------------------------------------------------------------------------------
        
        0.00692508   0.03840151   0.04747238   0.10572921   0.16506940
        
     --------------------------------------------------------------------------------------------
     Tot. elapsed time 54m-10.8s,  time spent in last iteration 22.8s
     --------------------------------------------------------------------------------------------

                       *----------*              *----------*               *----------*
     #     Iteration = |      148 |   WBSE_dim = |        5 |   Diago_dim = |       40 |
                       *----------*              *----------*               *----------*
     s-DIAGOX done in < 00.1s             
     --------------------------------------------------------------------------------------------
        
        0.00692393   0.03840151   0.04724591   0.10572913   0.16356968
        
     --------------------------------------------------------------------------------------------
     Tot. elapsed time 54m-34.2s,  time spent in last iteration 23.4s
     --------------------------------------------------------------------------------------------

                       *----------*              *----------*               *----------*
     #     Iteration = |      149 |   WBSE_dim = |        5 |   Diago_dim = |       45 |
                       *----------*              *----------*               *----------*
     s-DIAGOX done in < 00.1s             
     --------------------------------------------------------------------------------------------
        
       -0.03105436   0.00694697   0.03840150   0.04937257   0.10572937
        
     --------------------------------------------------------------------------------------------
     Tot. elapsed time 54m-58.1s,  time spent in last iteration 23.9s
     --------------------------------------------------------------------------------------------

                       *----------*              *----------*               *----------*
     #     Iteration = |      150 |   WBSE_dim = |        5 |   Diago_dim = |       50 |
                       *----------*              *----------*               *----------*
     s-DIAGOX done in < 00.1s             
     --------------------------------------------------------------------------------------------
        
       -0.05615895   0.00693891   0.03840149   0.04897071   0.10572928
        
     --------------------------------------------------------------------------------------------
     Tot. elapsed time 55m-22.4s,  time spent in last iteration 24.2s
     --------------------------------------------------------------------------------------------

       Refresh the basis set

                       *----------*              *----------*               *----------*
     #     Iteration = |      151 |   WBSE_dim = |        5 |   Diago_dim = |       10 |
                       *----------*              *----------*               *----------*
     s-DIAGOX done in < 00.1s             
     --------------------------------------------------------------------------------------------
        
       -0.06807330   0.00693695   0.03840149   0.04884008   0.10572923
        
     --------------------------------------------------------------------------------------------
     Tot. elapsed time 55m-46.6s,  time spent in last iteration 20.1s
     --------------------------------------------------------------------------------------------

                       *----------*              *----------*               *----------*
     #     Iteration = |      152 |   WBSE_dim = |        5 |   Diago_dim = |       15 |
                       *----------*              *----------*               *----------*
     s-DIAGOX done in < 00.1s             
     --------------------------------------------------------------------------------------------
        
       -0.08392031   0.00693512   0.03840148   0.04870105   0.10572919
        
     --------------------------------------------------------------------------------------------
     Tot. elapsed time 56m-07.4s,  time spent in last iteration 20.7s
     --------------------------------------------------------------------------------------------

                       *----------*              *----------*               *----------*
     #     Iteration = |      153 |   WBSE_dim = |        5 |   Diago_dim = |       20 |
                       *----------*              *----------*               *----------*
     s-DIAGOX done in < 00.1s             
     --------------------------------------------------------------------------------------------
        
       -0.08678906   0.00693485   0.03840148   0.04867900   0.10572917
        
     --------------------------------------------------------------------------------------------
     Tot. elapsed time 56m-28.7s,  time spent in last iteration 21.2s
     --------------------------------------------------------------------------------------------

                       *----------*              *----------*               *----------*
     #     Iteration = |      154 |   WBSE_dim = |        4 |   Diago_dim = |       24 |
                       *----------*              *----------*               *----------*
     s-DIAGOX done in < 00.1s             
     --------------------------------------------------------------------------------------------
        
       -0.08916543   0.00693464   0.03840148   0.04866110   0.10572915
        
     --------------------------------------------------------------------------------------------
     Tot. elapsed time 56m-46.6s,  time spent in last iteration 17.8s
     --------------------------------------------------------------------------------------------

                       *----------*              *----------*               *----------*
     #     Iteration = |      155 |   WBSE_dim = |        4 |   Diago_dim = |       28 |
                       *----------*              *----------*               *----------*
     s-DIAGOX done in < 00.1s             
     --------------------------------------------------------------------------------------------
        
       -0.09114715   0.00693446   0.03840148   0.04864622   0.10572914
        
     --------------------------------------------------------------------------------------------
     Tot. elapsed time 57m-04.7s,  time spent in last iteration 18.1s
     --------------------------------------------------------------------------------------------

                       *----------*              *----------*               *----------*
     #     Iteration = |      156 |   WBSE_dim = |        4 |   Diago_dim = |       32 |
                       *----------*              *----------*               *----------*
     s-DIAGOX done in < 00.1s             
     --------------------------------------------------------------------------------------------
        
       -0.09287635   0.00693431   0.03840148   0.04863317   0.10572913
        
     --------------------------------------------------------------------------------------------
     Tot. elapsed time 57m-23.2s,  time spent in last iteration 18.4s
     --------------------------------------------------------------------------------------------

                       *----------*              *----------*               *----------*
     #     Iteration = |      157 |   WBSE_dim = |        4 |   Diago_dim = |       36 |
                       *----------*              *----------*               *----------*
     s-DIAGOX done in < 00.1s             
     --------------------------------------------------------------------------------------------
        
       -0.09359033   0.00693425   0.03840148   0.04862770   0.10572912
        
     --------------------------------------------------------------------------------------------
     Tot. elapsed time 57m-42.1s,  time spent in last iteration 18.8s
     --------------------------------------------------------------------------------------------

                       *----------*              *----------*               *----------*
     #     Iteration = |      158 |   WBSE_dim = |        3 |   Diago_dim = |       39 |
                       *----------*              *----------*               *----------*
     s-DIAGOX done in < 00.1s             
     --------------------------------------------------------------------------------------------
        
       -0.09384255   0.00693423   0.03840148   0.04862574   0.10572912
        
     --------------------------------------------------------------------------------------------
     Tot. elapsed time 57m-57.0s,  time spent in last iteration 14.8s
     --------------------------------------------------------------------------------------------

                       *----------*              *----------*               *----------*
     #     Iteration = |      159 |   WBSE_dim = |        3 |   Diago_dim = |       42 |
                       *----------*              *----------*               *----------*
     s-DIAGOX done in < 00.1s             
     --------------------------------------------------------------------------------------------
        
       -0.09401566   0.00693421   0.03840148   0.04862437   0.10572912
        
     --------------------------------------------------------------------------------------------
     Tot. elapsed time 58m-12.1s,  time spent in last iteration 15.1s
     --------------------------------------------------------------------------------------------

                       *----------*              *----------*               *----------*
     #     Iteration = |      160 |   WBSE_dim = |        3 |   Diago_dim = |       45 |
                       *----------*              *----------*               *----------*
     s-DIAGOX done in < 00.1s             
     --------------------------------------------------------------------------------------------
        
       -0.09413429   0.00693420   0.03840148   0.04862340   0.10572912
        
     --------------------------------------------------------------------------------------------
     Tot. elapsed time 58m-27.3s,  time spent in last iteration 15.2s
     --------------------------------------------------------------------------------------------

                       *----------*              *----------*               *----------*
     #     Iteration = |      161 |   WBSE_dim = |        3 |   Diago_dim = |       48 |
                       *----------*              *----------*               *----------*
     s-DIAGOX done in < 00.1s             
     --------------------------------------------------------------------------------------------
        
       -0.09417609   0.00693420   0.03840148   0.04862304   0.10572912
        
     --------------------------------------------------------------------------------------------
     Tot. elapsed time 58m-42.8s,  time spent in last iteration 15.4s
     --------------------------------------------------------------------------------------------

       Refresh the basis set

                       *----------*              *----------*               *----------*
     #     Iteration = |      162 |   WBSE_dim = |        3 |   Diago_dim = |        8 |
                       *----------*              *----------*               *----------*
     s-DIAGOX done in < 00.1s             
     --------------------------------------------------------------------------------------------
        
       -0.09420199   0.00693420   0.03840148   0.04862282   0.10572912
        
     --------------------------------------------------------------------------------------------
     Tot. elapsed time 58m-59.7s,  time spent in last iteration 12.8s
     --------------------------------------------------------------------------------------------

                       *----------*              *----------*               *----------*
     #     Iteration = |      163 |   WBSE_dim = |        3 |   Diago_dim = |       11 |
                       *----------*              *----------*               *----------*
     s-DIAGOX done in < 00.1s             
     --------------------------------------------------------------------------------------------
        
       -0.09423584   0.00693419   0.03840148   0.04862252   0.10572912
        
     --------------------------------------------------------------------------------------------
     Tot. elapsed time 59m-12.9s,  time spent in last iteration 13.1s
     --------------------------------------------------------------------------------------------

                       *----------*              *----------*               *----------*
     #     Iteration = |      164 |   WBSE_dim = |        3 |   Diago_dim = |       14 |
                       *----------*              *----------*               *----------*
     s-DIAGOX done in < 00.1s             
     --------------------------------------------------------------------------------------------
        
       -0.09425937   0.00693419   0.03840148   0.04862231   0.10572912
        
     --------------------------------------------------------------------------------------------
     Tot. elapsed time 59m-26.2s,  time spent in last iteration 13.3s
     --------------------------------------------------------------------------------------------

                       *----------*              *----------*               *----------*
     #     Iteration = |      165 |   WBSE_dim = |        3 |   Diago_dim = |       17 |
                       *----------*              *----------*               *----------*
     s-DIAGOX done in < 00.1s             
     --------------------------------------------------------------------------------------------
        
       -0.09427330   0.00693419   0.03840148   0.04862218   0.10572912
        
     --------------------------------------------------------------------------------------------
     Tot. elapsed time 59m-40.0s,  time spent in last iteration 13.7s
     --------------------------------------------------------------------------------------------

                       *----------*              *----------*               *----------*
     #     Iteration = |      166 |   WBSE_dim = |        3 |   Diago_dim = |       20 |
                       *----------*              *----------*               *----------*
     s-DIAGOX done in < 00.1s             
     --------------------------------------------------------------------------------------------
        
       -0.09428677   0.00693419   0.03840148   0.04862205   0.10572912
        
     --------------------------------------------------------------------------------------------
     Tot. elapsed time 59m-53.7s,  time spent in last iteration 13.7s
     --------------------------------------------------------------------------------------------

                       *----------*              *----------*               *----------*
     #     Iteration = |      167 |   WBSE_dim = |        3 |   Diago_dim = |       23 |
                       *----------*              *----------*               *----------*
     s-DIAGOX done in < 00.1s             
     --------------------------------------------------------------------------------------------
        
       -0.09429830   0.00693419   0.03840148   0.04862194   0.10572912
        
     --------------------------------------------------------------------------------------------
     Tot. elapsed time 01h-00m-07.6s,  time spent in last iteration 13.8s
     --------------------------------------------------------------------------------------------

                       *----------*              *----------*               *----------*
     #     Iteration = |      168 |   WBSE_dim = |        3 |   Diago_dim = |       26 |
                       *----------*              *----------*               *----------*
     s-DIAGOX done in < 00.1s             
     --------------------------------------------------------------------------------------------
        
       -0.09430528   0.00693419   0.03840148   0.04862186   0.10572912
        
     --------------------------------------------------------------------------------------------
     Tot. elapsed time 01h-00m-21.7s,  time spent in last iteration 14.0s
     --------------------------------------------------------------------------------------------

                       *----------*              *----------*               *----------*
     #     Iteration = |      169 |   WBSE_dim = |        3 |   Diago_dim = |       29 |
                       *----------*              *----------*               *----------*
     s-DIAGOX done in < 00.1s             
     --------------------------------------------------------------------------------------------
        
       -0.09431080   0.00693419   0.03840148   0.04862179   0.10572912
        
     --------------------------------------------------------------------------------------------
     Tot. elapsed time 01h-00m-35.9s,  time spent in last iteration 14.2s
     --------------------------------------------------------------------------------------------

                       *----------*              *----------*               *----------*
     #     Iteration = |      170 |   WBSE_dim = |        2 |   Diago_dim = |       31 |
                       *----------*              *----------*               *----------*
     s-DIAGOX done in < 00.1s             
     --------------------------------------------------------------------------------------------
        
       -0.09431698   0.00693419   0.03840148   0.04862172   0.10572912
        
     --------------------------------------------------------------------------------------------
     Tot. elapsed time 01h-00m-46.3s,  time spent in last iteration 10.3s
     --------------------------------------------------------------------------------------------

                       *----------*              *----------*               *----------*
     #     Iteration = |      171 |   WBSE_dim = |        3 |   Diago_dim = |       34 |
                       *----------*              *----------*               *----------*
     s-DIAGOX done in < 00.1s             
     --------------------------------------------------------------------------------------------
        
       -0.09433091   0.00693418   0.03840148   0.04862152   0.10572911
        
     --------------------------------------------------------------------------------------------
     Tot. elapsed time 01h-01m-00.9s,  time spent in last iteration 14.5s
     --------------------------------------------------------------------------------------------

                       *----------*              *----------*               *----------*
     #     Iteration = |      172 |   WBSE_dim = |        3 |   Diago_dim = |       37 |
                       *----------*              *----------*               *----------*
     s-DIAGOX done in < 00.1s             
     --------------------------------------------------------------------------------------------
        
       -0.09433731   0.00693418   0.03840148   0.04862141   0.10572911
        
     --------------------------------------------------------------------------------------------
     Tot. elapsed time 01h-01m-15.7s,  time spent in last iteration 14.7s
     --------------------------------------------------------------------------------------------

                       *----------*              *----------*               *----------*
     #     Iteration = |      173 |   WBSE_dim = |        3 |   Diago_dim = |       40 |
                       *----------*              *----------*               *----------*
     s-DIAGOX done in < 00.1s             
     --------------------------------------------------------------------------------------------
        
       -0.09434720   0.00693418   0.03840147   0.04862122   0.10572910
        
     --------------------------------------------------------------------------------------------
     Tot. elapsed time 01h-01m-30.6s,  time spent in last iteration 14.9s
     --------------------------------------------------------------------------------------------

                       *----------*              *----------*               *----------*
     #     Iteration = |      174 |   WBSE_dim = |        3 |   Diago_dim = |       43 |
                       *----------*              *----------*               *----------*
     s-DIAGOX done in < 00.1s             
     --------------------------------------------------------------------------------------------
        
       -0.09435091   0.00693418   0.03840147   0.04862113   0.10572908
        
     --------------------------------------------------------------------------------------------
     Tot. elapsed time 01h-01m-45.8s,  time spent in last iteration 15.1s
     --------------------------------------------------------------------------------------------

                       *----------*              *----------*               *----------*
     #     Iteration = |      175 |   WBSE_dim = |        3 |   Diago_dim = |       46 |
                       *----------*              *----------*               *----------*
     s-DIAGOX done in < 00.1s             
     --------------------------------------------------------------------------------------------
        
       -0.09435495   0.00693418   0.03840147   0.04862104   0.10572906
        
     --------------------------------------------------------------------------------------------
     Tot. elapsed time 01h-02m-01.1s,  time spent in last iteration 15.3s
     --------------------------------------------------------------------------------------------

                       *----------*              *----------*               *----------*
     #     Iteration = |      176 |   WBSE_dim = |        4 |   Diago_dim = |       50 |
                       *----------*              *----------*               *----------*
     s-DIAGOX done in < 00.1s             
     --------------------------------------------------------------------------------------------
        
       -0.09435838   0.00693418   0.03840147   0.04862095   0.10572902
        
     --------------------------------------------------------------------------------------------
     Tot. elapsed time 01h-02m-21.1s,  time spent in last iteration 19.9s
     --------------------------------------------------------------------------------------------

       Refresh the basis set

                       *----------*              *----------*               *----------*
     #     Iteration = |      177 |   WBSE_dim = |        3 |   Diago_dim = |        8 |
                       *----------*              *----------*               *----------*
     s-DIAGOX done in < 00.1s             
     --------------------------------------------------------------------------------------------
        
       -0.09436021   0.00693418   0.03840147   0.04862090   0.10572901
        
     --------------------------------------------------------------------------------------------
     Tot. elapsed time 01h-02m-38.0s,  time spent in last iteration 12.9s
     --------------------------------------------------------------------------------------------

                       *----------*              *----------*               *----------*
     #     Iteration = |      178 |   WBSE_dim = |        3 |   Diago_dim = |       11 |
                       *----------*              *----------*               *----------*
     s-DIAGOX done in < 00.1s             
     --------------------------------------------------------------------------------------------
        
       -0.09436232   0.00693418   0.03840147   0.04862084   0.10572900
        
     --------------------------------------------------------------------------------------------
     Tot. elapsed time 01h-02m-51.2s,  time spent in last iteration 13.1s
     --------------------------------------------------------------------------------------------

                       *----------*              *----------*               *----------*
     #     Iteration = |      179 |   WBSE_dim = |        2 |   Diago_dim = |       13 |
                       *----------*              *----------*               *----------*
     s-DIAGOX done in < 00.1s             
     --------------------------------------------------------------------------------------------
        
       -0.09436357   0.00693418   0.03840147   0.04862081   0.10572900
        
     --------------------------------------------------------------------------------------------
     Tot. elapsed time 01h-03m-00.7s,  time spent in last iteration 09.5s
     --------------------------------------------------------------------------------------------

                       *----------*              *----------*               *----------*
     #     Iteration = |      180 |   WBSE_dim = |        2 |   Diago_dim = |       15 |
                       *----------*              *----------*               *----------*
     s-DIAGOX done in < 00.1s             
     --------------------------------------------------------------------------------------------
        
       -0.09436487   0.00693418   0.03840147   0.04862077   0.10572900
        
     --------------------------------------------------------------------------------------------
     Tot. elapsed time 01h-03m-10.4s,  time spent in last iteration 09.6s
     --------------------------------------------------------------------------------------------

                       *----------*              *----------*               *----------*
     #     Iteration = |      181 |   WBSE_dim = |        2 |   Diago_dim = |       17 |
                       *----------*              *----------*               *----------*
     s-DIAGOX done in < 00.1s             
     --------------------------------------------------------------------------------------------
        
       -0.09436577   0.00693418   0.03840147   0.04862074   0.10572900
        
     --------------------------------------------------------------------------------------------
     Tot. elapsed time 01h-03m-20.1s,  time spent in last iteration 09.7s
     --------------------------------------------------------------------------------------------

                       *----------*              *----------*               *----------*
     #     Iteration = |      182 |   WBSE_dim = |        2 |   Diago_dim = |       19 |
                       *----------*              *----------*               *----------*
     s-DIAGOX done in < 00.1s             
     --------------------------------------------------------------------------------------------
        
       -0.09436657   0.00693418   0.03840147   0.04862072   0.10572899
        
     --------------------------------------------------------------------------------------------
     Tot. elapsed time 01h-03m-30.0s,  time spent in last iteration 09.8s
     --------------------------------------------------------------------------------------------

                       *----------*              *----------*               *----------*
     #     Iteration = |      183 |   WBSE_dim = |        2 |   Diago_dim = |       21 |
                       *----------*              *----------*               *----------*
     s-DIAGOX done in < 00.1s             
     --------------------------------------------------------------------------------------------
        
       -0.09436706   0.00693418   0.03840147   0.04862070   0.10572899
        
     --------------------------------------------------------------------------------------------
     Tot. elapsed time 01h-03m-39.9s,  time spent in last iteration 09.8s
     --------------------------------------------------------------------------------------------

                       *----------*              *----------*               *----------*
     #     Iteration = |      184 |   WBSE_dim = |        2 |   Diago_dim = |       23 |
                       *----------*              *----------*               *----------*
     s-DIAGOX done in < 00.1s             
     --------------------------------------------------------------------------------------------
        
       -0.09436735   0.00693418   0.03840147   0.04862069   0.10572899
        
     --------------------------------------------------------------------------------------------
     Tot. elapsed time 01h-03m-50.0s,  time spent in last iteration 10.0s
     --------------------------------------------------------------------------------------------

                       *----------*              *----------*               *----------*
     #     Iteration = |      185 |   WBSE_dim = |        2 |   Diago_dim = |       25 |
                       *----------*              *----------*               *----------*
     s-DIAGOX done in < 00.1s             
     --------------------------------------------------------------------------------------------
        
       -0.09436758   0.00693418   0.03840147   0.04862068   0.10572899
        
     --------------------------------------------------------------------------------------------
     Tot. elapsed time 01h-04m-00.1s,  time spent in last iteration 10.1s
     --------------------------------------------------------------------------------------------

                       *----------*              *----------*               *----------*
     #     Iteration = |      186 |   WBSE_dim = |        2 |   Diago_dim = |       27 |
                       *----------*              *----------*               *----------*
     s-DIAGOX done in < 00.1s             
     --------------------------------------------------------------------------------------------
        
       -0.09436791   0.00693418   0.03840147   0.04862067   0.10572899
        
     --------------------------------------------------------------------------------------------
     Tot. elapsed time 01h-04m-10.2s,  time spent in last iteration 10.1s
     --------------------------------------------------------------------------------------------

                       *----------*              *----------*               *----------*
     #     Iteration = |      187 |   WBSE_dim = |        2 |   Diago_dim = |       29 |
                       *----------*              *----------*               *----------*
     s-DIAGOX done in < 00.1s             
     --------------------------------------------------------------------------------------------
        
       -0.09436829   0.00693418   0.03840147   0.04862065   0.10572899
        
     --------------------------------------------------------------------------------------------
     Tot. elapsed time 01h-04m-20.5s,  time spent in last iteration 10.2s
     --------------------------------------------------------------------------------------------

                       *----------*              *----------*               *----------*
     #     Iteration = |      188 |   WBSE_dim = |        2 |   Diago_dim = |       31 |
                       *----------*              *----------*               *----------*
     s-DIAGOX done in < 00.1s             
     --------------------------------------------------------------------------------------------
        
       -0.09436864   0.00693418   0.03840147   0.04862063   0.10572899
        
     --------------------------------------------------------------------------------------------
     Tot. elapsed time 01h-04m-30.9s,  time spent in last iteration 10.3s
     --------------------------------------------------------------------------------------------

                       *----------*              *----------*               *----------*
     #     Iteration = |      189 |   WBSE_dim = |        2 |   Diago_dim = |       33 |
                       *----------*              *----------*               *----------*
     s-DIAGOX done in < 00.1s             
     --------------------------------------------------------------------------------------------
        
       -0.09436888   0.00693418   0.03840147   0.04862062   0.10572899
        
     --------------------------------------------------------------------------------------------
     Tot. elapsed time 01h-04m-41.5s,  time spent in last iteration 10.6s
     --------------------------------------------------------------------------------------------

                       *----------*              *----------*               *----------*
     #     Iteration = |      190 |   WBSE_dim = |        2 |   Diago_dim = |       35 |
                       *----------*              *----------*               *----------*
     s-DIAGOX done in < 00.1s             
     --------------------------------------------------------------------------------------------
        
       -0.09436923   0.00693418   0.03840147   0.04862060   0.10572899
        
     --------------------------------------------------------------------------------------------
     Tot. elapsed time 01h-04m-52.0s,  time spent in last iteration 10.5s
     --------------------------------------------------------------------------------------------

                       *----------*              *----------*               *----------*
     #     Iteration = |      191 |   WBSE_dim = |        2 |   Diago_dim = |       37 |
                       *----------*              *----------*               *----------*
     s-DIAGOX done in < 00.1s             
     --------------------------------------------------------------------------------------------
        
       -0.09436945   0.00693418   0.03840147   0.04862058   0.10572899
        
     --------------------------------------------------------------------------------------------
     Tot. elapsed time 01h-05m-02.6s,  time spent in last iteration 10.5s
     --------------------------------------------------------------------------------------------

                       *----------*              *----------*               *----------*
     #     Iteration = |      192 |   WBSE_dim = |        2 |   Diago_dim = |       39 |
                       *----------*              *----------*               *----------*
     s-DIAGOX done in < 00.1s             
     --------------------------------------------------------------------------------------------
        
       -0.09436974   0.00693418   0.03840147   0.04862056   0.10572899
        
     --------------------------------------------------------------------------------------------
     Tot. elapsed time 01h-05m-13.3s,  time spent in last iteration 10.6s
     --------------------------------------------------------------------------------------------

                       *----------*              *----------*               *----------*
     #     Iteration = |      193 |   WBSE_dim = |        2 |   Diago_dim = |       41 |
                       *----------*              *----------*               *----------*
     s-DIAGOX done in < 00.1s             
     --------------------------------------------------------------------------------------------
        
       -0.09437004   0.00693418   0.03840147   0.04862053   0.10572899
        
     --------------------------------------------------------------------------------------------
     Tot. elapsed time 01h-05m-24.1s,  time spent in last iteration 10.7s
     --------------------------------------------------------------------------------------------

                       *----------*              *----------*               *----------*
     #     Iteration = |      194 |   WBSE_dim = |        2 |   Diago_dim = |       43 |
                       *----------*              *----------*               *----------*
     s-DIAGOX done in < 00.1s             
     --------------------------------------------------------------------------------------------
        
       -0.09437022   0.00693418   0.03840147   0.04862050   0.10572898
        
     --------------------------------------------------------------------------------------------
     Tot. elapsed time 01h-05m-35.0s,  time spent in last iteration 10.8s
     --------------------------------------------------------------------------------------------

                       *----------*              *----------*               *----------*
     #     Iteration = |      195 |   WBSE_dim = |        2 |   Diago_dim = |       45 |
                       *----------*              *----------*               *----------*
     s-DIAGOX done in < 00.1s             
     --------------------------------------------------------------------------------------------
        
       -0.09437028   0.00693418   0.03840146   0.04862049   0.10572898
        
     --------------------------------------------------------------------------------------------
     Tot. elapsed time 01h-05m-45.9s,  time spent in last iteration 10.9s
     --------------------------------------------------------------------------------------------

                       *----------*              *----------*               *----------*
     #     Iteration = |      196 |   WBSE_dim = |        2 |   Diago_dim = |       47 |
                       *----------*              *----------*               *----------*
     s-DIAGOX done in < 00.1s             
     --------------------------------------------------------------------------------------------
        
       -0.09437030   0.00693418   0.03840146   0.04862049   0.10572897
        
     --------------------------------------------------------------------------------------------
     Tot. elapsed time 01h-05m-57.0s,  time spent in last iteration 11.0s
     --------------------------------------------------------------------------------------------

                       *----------*              *----------*               *----------*
     #     Iteration = |      197 |   WBSE_dim = |        1 |   Diago_dim = |       48 |
                       *----------*              *----------*               *----------*
     s-DIAGOX done in < 00.1s             
     --------------------------------------------------------------------------------------------
        
       -0.09437031   0.00693418   0.03840146   0.04862049   0.10572897
        
     --------------------------------------------------------------------------------------------
     Tot. elapsed time 01h-06m-03.7s,  time spent in last iteration 06.6s
     --------------------------------------------------------------------------------------------
      
     --------------------------------------------------------------------------------------------
     Database written in 19.6s               
     In location : ./west.wbse.david.save
     --------------------------------------------------------------------------------------------
       
     --------------------------------------------------------------------------------------------
     Convergence achieved !!! in      197 steps                          
     --------------------------------------------------------------------------------------------
       
     --------------------------------------------------------------------------------------------
     TDDFT Force : First Part                                            
     --------------------------------------------------------------------------------------------
     atom    1 type  1   force =    -0.01698320   -0.01496789   -0.00989904
     atom    2 type  1   force =    -0.01236756   -0.00557694   -0.00058820
     atom    3 type  1   force =    -0.01362433    0.00248905    0.00717143
     atom    4 type  1   force =    -0.01628060    0.01375361    0.01478069
     atom    5 type  1   force =    -0.01063636   -0.01312969    0.00777674
     atom    6 type  1   force =    -0.00394380   -0.00669301    0.01029145
     atom    7 type  1   force =    -0.00857912    0.00352469   -0.00857929
     atom    8 type  1   force =    -0.00282422    0.00878057   -0.00282422
     atom    9 type  1   force =    -0.02601089   -0.03560203    0.02683599
     atom   10 type  1   force =    -0.02074992   -0.01402556    0.01668746
     atom   11 type  1   force =    -0.02256789    0.01183160    0.01535028
     atom   12 type  1   force =    -0.03390336    0.03102139    0.00931875
     atom   13 type  1   force =    -0.02012491   -0.02466030    0.01206776
     atom   14 type  1   force =    -0.00386115   -0.01031885    0.00273467
     atom   15 type  1   force =    -0.01231544    0.00208426    0.01459851
     atom   16 type  1   force =    -0.00676219    0.01235430    0.01451096
     atom   17 type  1   force =    -0.03077082   -0.03874937   -0.01805207
     atom   18 type  1   force =    -0.01933268   -0.00580358   -0.01597836
     atom   19 type  1   force =    -0.02155461    0.01375007   -0.02155474
     atom   20 type  1   force =    -0.01923119    0.01712413   -0.01923136
     atom   21 type  1   force =    -0.00989860   -0.01496799   -0.01698340
     atom   22 type  1   force =    -0.00058799   -0.00557707   -0.01236778
     atom   23 type  1   force =    -0.01621930    0.00687009   -0.00844566
     atom   24 type  1   force =    -0.00584355    0.01472449   -0.01194597
     atom   25 type  1   force =    -0.02099695    0.02302006   -0.02092010
     atom   26 type  1   force =    -0.01873595    0.01938216   -0.00309336
     atom   27 type  1   force =    -0.02443555    0.02561032    0.02680170
     atom   28 type  1   force =    -0.04520631    0.02245285    0.04329038
     atom   29 type  1   force =    -0.01194413    0.01579981    0.00643396
     atom   30 type  1   force =    -0.00796923    0.01810582    0.01407041
     atom   31 type  1   force =    -0.01506364    0.01482070   -0.01506368
     atom   32 type  1   force =    -0.00390200    0.00701029   -0.00390203
     atom   33 type  1   force =    -0.02804639    0.03947039    0.03371040
     atom   34 type  1   force =    -0.05278900    0.04589738    0.03366298
     atom   35 type  1   force =    -0.13378369    0.08585910    0.04415822
     atom   36 type  1   force =    -0.11575064    0.01924136   -0.00688171
     atom   37 type  1   force =    -0.02913223    0.02786803    0.01539701
     atom   38 type  1   force =    -0.01112901    0.02713097    0.00483992
     atom   39 type  1   force =    -0.03605695    0.02549708    0.02694099
     atom   40 type  1   force =    -0.01669114    0.01133940    0.02348507
     atom   41 type  1   force =    -0.06285779    0.07094445   -0.02188655
     atom   42 type  1   force =    -0.06351480    0.03873778   -0.03231143
     atom   43 type  1   force =    -0.07024022    0.03305971   -0.07024053
     atom   44 type  1   force =    -0.03670241   -0.00034026   -0.03670270
     atom   45 type  1   force =    -0.02091975    0.02301999   -0.02099709
     atom   46 type  1   force =    -0.00309342    0.01938211   -0.01873612
     atom   47 type  1   force =    -0.04675838    0.02315025   -0.01266696
     atom   48 type  1   force =     0.00034781    0.00928712   -0.01973870
     atom   49 type  1   force =    -0.02959086   -0.00858928   -0.02447282
     atom   50 type  1   force =    -0.02176286   -0.01410231    0.00521626
     atom   51 type  1   force =    -0.02675236   -0.02647541    0.02813576
     atom   52 type  1   force =    -0.02586080   -0.02721913    0.02448767
     atom   53 type  1   force =    -0.02187503   -0.00618089    0.01661032
     atom   54 type  1   force =    -0.01168775   -0.01189165    0.01895100
     atom   55 type  1   force =    -0.01040625   -0.01642986   -0.01040654
     atom   56 type  1   force =    -0.00170945   -0.01429072   -0.00170974
     atom   57 type  1   force =    -0.09380573   -0.02152854    0.09749846
     atom   58 type  1   force =    -0.09514264   -0.03687261    0.04099840
     atom   59 type  1   force =    -0.09905023   -0.09768496    0.02841093
     atom   60 type  1   force =    -0.04653446   -0.04883388   -0.01266426
     atom   61 type  1   force =    -0.06126773   -0.00374233    0.01371941
     atom   62 type  1   force =    -0.00521470   -0.01704413    0.00280534
     atom   63 type  1   force =    -0.03226221   -0.02612843    0.02724219
     atom   64 type  1   force =    -0.00883698   -0.02332608    0.01865066
     atom   65 type  1   force =    -0.15139061   -0.03206742   -0.07083636
     atom   66 type  1   force =    -0.05891639   -0.03202375   -0.04245445
     atom   67 type  1   force =    -0.04406087   -0.04003949   -0.04406096
     atom   68 type  1   force =    -0.01914359   -0.02079104   -0.01914389
     atom   69 type  1   force =    -0.02447225   -0.00858927   -0.02959104
     atom   70 type  1   force =     0.00521681   -0.01410224   -0.02176326
     atom   71 type  1   force =    -0.03057316   -0.02941370   -0.01801553
     atom   72 type  1   force =     0.00390018   -0.02385740   -0.01702238
     atom   73 type  1   force =     0.00777683   -0.01312971   -0.01063671
     atom   74 type  1   force =     0.01029137   -0.00669311   -0.00394407
     atom   75 type  1   force =     0.00354984    0.00133414    0.00354982
     atom   76 type  1   force =     0.01075978    0.00997110    0.01075989
     atom   77 type  1   force =     0.01610497   -0.01585584    0.00529831
     atom   78 type  1   force =     0.01636690   -0.01194422    0.01422759
     atom   79 type  1   force =     0.01459837    0.00208414   -0.01231568
     atom   80 type  1   force =     0.01451078    0.01235434   -0.00676243
     atom   81 type  1   force =     0.00529866   -0.01585592    0.01610526
     atom   82 type  1   force =     0.01422772   -0.01194448    0.01636735
     atom   83 type  1   force =     0.00517799    0.00101624    0.01093980
     atom   84 type  1   force =     0.02064120    0.01958684    0.00542198
     atom   85 type  1   force =     0.02966987   -0.04114916    0.02206148
     atom   86 type  1   force =     0.02338545   -0.02513650    0.00693572
     atom   87 type  1   force =     0.01632323    0.00186894    0.01632344
     atom   88 type  1   force =     0.02490347    0.02669694    0.02490375
     atom   89 type  1   force =     0.01576160   -0.02552898   -0.00861702
     atom   90 type  1   force =     0.01846237   -0.01556811   -0.01287190
     atom   91 type  1   force =     0.00717152    0.00248887   -0.01362455
     atom   92 type  1   force =     0.01478059    0.01375360   -0.01628079
     atom   93 type  1   force =     0.02683582   -0.03560283   -0.02601142
     atom   94 type  1   force =     0.01668729   -0.01402596   -0.02075023
     atom   95 type  1   force =     0.02348944    0.00450794   -0.00415817
     atom   96 type  1   force =     0.03151959    0.03887251   -0.01889085
     atom   97 type  1   force =     0.00643382    0.01579976   -0.01194420
     atom   98 type  1   force =     0.01407027    0.01810576   -0.00796922
     atom   99 type  1   force =     0.00477524    0.01388148    0.00477536
     atom  100 type  1   force =     0.02208149    0.00901910    0.02208172
     atom  101 type  1   force =     0.01608971    0.01725178    0.00501403
     atom  102 type  1   force =     0.02700248    0.03029740    0.02914351
     atom  103 type  1   force =     0.02694088    0.02549727   -0.03605737
     atom  104 type  1   force =     0.02348461    0.01133937   -0.01669194
     atom  105 type  1   force =     0.00501404    0.01725181    0.01608991
     atom  106 type  1   force =     0.02914354    0.03029767    0.02700288
     atom  107 type  1   force =     0.02038431    0.02504559    0.02024597
     atom  108 type  1   force =     0.09079116    0.02895862    0.02376148
     atom  109 type  1   force =     0.03899962    0.04316484    0.02315219
     atom  110 type  1   force =     0.08932117    0.11139657    0.02862979
     atom  111 type  1   force =     0.04271290    0.02907465    0.04271346
     atom  112 type  1   force =     0.10618631    0.04318154    0.10618869
     atom  113 type  1   force =     0.01257552    0.02623420   -0.00427592
     atom  114 type  1   force =     0.04548177    0.04489384   -0.02000469
     atom  115 type  1   force =     0.02680180    0.02561061   -0.02443614
     atom  116 type  1   force =     0.04329074    0.02245378   -0.04520714
     atom  117 type  1   force =     0.03371022    0.03947046   -0.02804667
     atom  118 type  1   force =     0.03366280    0.04589772   -0.05278960
     atom  119 type  1   force =     0.12224040    0.08916329   -0.00541972
     atom  120 type  1   force =     0.17238494    0.15072085   -0.15010612
     atom  121 type  1   force =     0.01661034   -0.00618030   -0.02187535
     atom  122 type  1   force =     0.01895092   -0.01189160   -0.01168832
     atom  123 type  1   force =     0.00617077   -0.01456348    0.00617057
     atom  124 type  1   force =     0.01597967   -0.01906707    0.01597974
     atom  125 type  1   force =     0.02680931   -0.00147074    0.01029298
     atom  126 type  1   force =     0.04282061   -0.01961385    0.04792607
     atom  127 type  1   force =     0.02724191   -0.02612838   -0.03226323
     atom  128 type  1   force =     0.01865021   -0.02332597   -0.00883785
     atom  129 type  1   force =     0.01029332   -0.00147071    0.02680994
     atom  130 type  1   force =     0.04792657   -0.01961405    0.04282219
     atom  131 type  1   force =     0.02380953   -0.02573258    0.02215325
     atom  132 type  1   force =     0.04355224   -0.04758251    0.01803419
     atom  133 type  1   force =     0.12910686   -0.00113853    0.08164755
     atom  134 type  1   force =     0.18610208   -0.14921769    0.13031870
     atom  135 type  1   force =     0.04097706   -0.03111073    0.04097787
     atom  136 type  1   force =     0.04412477   -0.06168828    0.04412616
     atom  137 type  1   force =     0.04916599   -0.00113028   -0.00537692
     atom  138 type  1   force =     0.09213172   -0.03443153   -0.03546660
     atom  139 type  1   force =     0.02813645   -0.02647534   -0.02675288
     atom  140 type  1   force =     0.02448777   -0.02721936   -0.02586144
     atom  141 type  1   force =     0.09749756   -0.02152823   -0.09380661
     atom  142 type  1   force =     0.04099792   -0.03687218   -0.09514405
     atom  143 type  1   force =     0.09918789   -0.09401914   -0.02330655
     atom  144 type  1   force =     0.04260478   -0.09689147   -0.03952038
     atom  145 type  1   force =     0.01206726   -0.02466037   -0.02012563
     atom  146 type  1   force =     0.00273418   -0.01031860   -0.00386170
     atom  147 type  1   force =     0.01093969    0.00101632    0.00517765
     atom  148 type  1   force =     0.00542208    0.01958688    0.02064118
     atom  149 type  1   force =    -0.00861703   -0.02552832    0.01576077
     atom  150 type  1   force =    -0.01287158   -0.01556741    0.01846232
     atom  151 type  1   force =    -0.00844552    0.00687040   -0.01621983
     atom  152 type  1   force =    -0.01194589    0.01472463   -0.00584373
     atom  153 type  1   force =     0.02206032   -0.04114809    0.02967003
     atom  154 type  1   force =     0.00693530   -0.02513594    0.02338598
     atom  155 type  1   force =     0.01778160    0.00994982    0.01778192
     atom  156 type  1   force =     0.01340587    0.06723903    0.01340594
     atom  157 type  1   force =    -0.01019532   -0.07027431    0.01580194
     atom  158 type  1   force =    -0.01964819   -0.01917988    0.00064852
     atom  159 type  1   force =    -0.00415817    0.00450831    0.02348954
     atom  160 type  1   force =    -0.01889073    0.03887279    0.03151984
     atom  161 type  1   force =     0.01580098   -0.07027534   -0.01019479
     atom  162 type  1   force =     0.00064821   -0.01917999   -0.01964804
     atom  163 type  1   force =     0.01535012    0.01183144   -0.02256814
     atom  164 type  1   force =     0.00931886    0.03102155   -0.03390370
     atom  165 type  1   force =    -0.01805245   -0.03874960   -0.03077096
     atom  166 type  1   force =    -0.01597836   -0.00580352   -0.01933300
     atom  167 type  1   force =    -0.00760862    0.02430131   -0.00760848
     atom  168 type  1   force =    -0.02772964    0.05821494   -0.02772973
     atom  169 type  1   force =     0.01539692    0.02786818   -0.02913249
     atom  170 type  1   force =     0.00483989    0.02713076   -0.01112937
     atom  171 type  1   force =     0.02024558    0.02504499    0.02038373
     atom  172 type  1   force =     0.02376082    0.02895725    0.09078919
     atom  173 type  1   force =    -0.00427580    0.02623394    0.01257543
     atom  174 type  1   force =    -0.02000426    0.04489329    0.04548154
     atom  175 type  1   force =    -0.01266692    0.02315027   -0.04675894
     atom  176 type  1   force =    -0.01973839    0.00928680    0.00034709
     atom  177 type  1   force =     0.02315193    0.04316464    0.03899983
     atom  178 type  1   force =     0.02862932    0.11139556    0.08932185
     atom  179 type  1   force =    -0.00938113    0.10873261    0.05093519
     atom  180 type  1   force =    -0.10694889    0.15277435    0.05750752
     atom  181 type  1   force =    -0.00541912    0.08916132    0.12223954
     atom  182 type  1   force =    -0.15010314    0.15072037    0.17238516
     atom  183 type  1   force =     0.05093472    0.10873235   -0.00938125
     atom  184 type  1   force =     0.05750717    0.15277474   -0.10694918
     atom  185 type  1   force =     0.04415771    0.08586023   -0.13378498
     atom  186 type  1   force =    -0.00688216    0.01924170   -0.11575179
     atom  187 type  1   force =    -0.02188627    0.07094474   -0.06285829
     atom  188 type  1   force =    -0.03231127    0.03873772   -0.06351527
     atom  189 type  1   force =    -0.10434358    0.15490155   -0.10434561
     atom  190 type  1   force =    -0.14637106   -0.02016441   -0.14637084
     atom  191 type  1   force =     0.01371890   -0.00374197   -0.06126913
     atom  192 type  1   force =     0.00280482   -0.01704420   -0.00521654
     atom  193 type  1   force =     0.02215221   -0.02573219    0.02380812
     atom  194 type  1   force =     0.01803255   -0.04758087    0.04355073
     atom  195 type  1   force =    -0.00537676   -0.00113112    0.04916410
     atom  196 type  1   force =    -0.03546505   -0.03443210    0.09213028
     atom  197 type  1   force =    -0.01801589   -0.02941379   -0.03057439
     atom  198 type  1   force =    -0.01702219   -0.02385723    0.00389912
     atom  199 type  1   force =     0.08164407   -0.00113910    0.12910547
     atom  200 type  1   force =     0.13031324   -0.14921569    0.18610122
     atom  201 type  1   force =     0.07407399   -0.15236709    0.07407893
     atom  202 type  1   force =     0.00355282   -0.13596032    0.00355489
     atom  203 type  1   force =    -0.11846728   -0.10453365    0.12905481
     atom  204 type  1   force =    -0.18511200   -0.17172232   -0.10712617
     atom  205 type  1   force =    -0.02330438   -0.09401797    0.09918806
     atom  206 type  1   force =    -0.03951939   -0.09688956    0.04260546
     atom  207 type  1   force =     0.12905484   -0.10453334   -0.11846929
     atom  208 type  1   force =    -0.10712864   -0.17172213   -0.18511325
     atom  209 type  1   force =     0.02841074   -0.09768524   -0.09905091
     atom  210 type  1   force =    -0.01266539   -0.04883453   -0.04653556
     atom  211 type  1   force =    -0.07083726   -0.03206723   -0.15139170
     atom  212 type  1   force =    -0.04245472   -0.03202369   -0.05891713
     atom  213 type  1   force =    -0.06642826   -0.16328932   -0.06642598
     atom  214 type  1   force =    -0.04270070   -0.06566808   -0.04270037
     atom  215 type  2   force =     0.14428985    0.17893266    0.14429246
       
     --------------------------------------------------------------------------------------------
     TDDFT Force : Second Part                                           
     --------------------------------------------------------------------------------------------
     atom    1 type  1   force =     0.01705033    0.01434050    0.01018672
     atom    2 type  1   force =     0.01240448    0.00522546    0.00090533
     atom    3 type  1   force =     0.01376808   -0.00249393   -0.00681182
     atom    4 type  1   force =     0.01624923   -0.01323233   -0.01459546
     atom    5 type  1   force =     0.01057016    0.01265828   -0.00769520
     atom    6 type  1   force =     0.00364506    0.00656150   -0.01035188
     atom    7 type  1   force =     0.00899782   -0.00372434    0.00899730
     atom    8 type  1   force =     0.00296154   -0.00842057    0.00296080
     atom    9 type  1   force =     0.02629639    0.03485407   -0.02677394
     atom   10 type  1   force =     0.02069351    0.01368667   -0.01680871
     atom   11 type  1   force =     0.02305145   -0.01272232   -0.01623791
     atom   12 type  1   force =     0.03528974   -0.03173233   -0.01086372
     atom   13 type  1   force =     0.01980277    0.02411456   -0.01222868
     atom   14 type  1   force =     0.00362519    0.01025124   -0.00283122
     atom   15 type  1   force =     0.01211859   -0.00202256   -0.01467545
     atom   16 type  1   force =     0.00624767   -0.01211805   -0.01470630
     atom   17 type  1   force =     0.03099887    0.03822582    0.01757940
     atom   18 type  1   force =     0.01980297    0.00497121    0.01579121
     atom   19 type  1   force =     0.02209766   -0.01500747    0.02209796
     atom   20 type  1   force =     0.01992624   -0.01741613    0.01992610
     atom   21 type  1   force =     0.01018758    0.01434047    0.01705064
     atom   22 type  1   force =     0.00090622    0.00522526    0.01240414
     atom   23 type  1   force =     0.01689196   -0.00759419    0.00816349
     atom   24 type  1   force =     0.00665873   -0.01465915    0.01193460
     atom   25 type  1   force =     0.02159613   -0.02280362    0.02248368
     atom   26 type  1   force =     0.01902960   -0.01835280    0.00422667
     atom   27 type  1   force =     0.02483024   -0.02402231   -0.02471688
     atom   28 type  1   force =     0.04368679   -0.02052193   -0.04164812
     atom   29 type  1   force =     0.01185676   -0.01505441   -0.00602955
     atom   30 type  1   force =     0.00713214   -0.01729982   -0.01415757
     atom   31 type  1   force =     0.01582780   -0.01391441    0.01582685
     atom   32 type  1   force =     0.00378357   -0.00660206    0.00378197
     atom   33 type  1   force =     0.02841009   -0.03789999   -0.03404647
     atom   34 type  1   force =     0.05193806   -0.04350647   -0.03490049
     atom   35 type  1   force =     0.13305182   -0.08141725   -0.04913379
     atom   36 type  1   force =     0.11492069   -0.01714359    0.00403310
     atom   37 type  1   force =     0.02933235   -0.02728162   -0.01615040
     atom   38 type  1   force =     0.01128313   -0.02626134   -0.00502862
     atom   39 type  1   force =     0.03405161   -0.02406313   -0.02725795
     atom   40 type  1   force =     0.01517964   -0.01106348   -0.02389280
     atom   41 type  1   force =     0.06753281   -0.07351994    0.02248790
     atom   42 type  1   force =     0.06655339   -0.03792322    0.03245469
     atom   43 type  1   force =     0.07385171   -0.03137243    0.07385276
     atom   44 type  1   force =     0.03791061    0.00121326    0.03791058
     atom   45 type  1   force =     0.02248430   -0.02280356    0.02159642
     atom   46 type  1   force =     0.00422802   -0.01835239    0.01902919
     atom   47 type  1   force =     0.04835566   -0.02211940    0.01191726
     atom   48 type  1   force =     0.00102352   -0.00866742    0.02018252
     atom   49 type  1   force =     0.02979968    0.00903803    0.02536149
     atom   50 type  1   force =     0.02178400    0.01338424   -0.00437173
     atom   51 type  1   force =     0.02709490    0.02531061   -0.02747542
     atom   52 type  1   force =     0.02560559    0.02625781   -0.02417189
     atom   53 type  1   force =     0.02085739    0.00539664   -0.01571642
     atom   54 type  1   force =     0.01045865    0.01116916   -0.01909150
     atom   55 type  1   force =     0.01057530    0.01585288    0.01057428
     atom   56 type  1   force =     0.00162442    0.01377510    0.00162331
     atom   57 type  1   force =     0.09185833    0.01654665   -0.09482656
     atom   58 type  1   force =     0.09176624    0.03389642   -0.04126656
     atom   59 type  1   force =     0.09985938    0.09477708   -0.03078040
     atom   60 type  1   force =     0.04680429    0.04780469    0.01227365
     atom   61 type  1   force =     0.05917664    0.00375624   -0.01445662
     atom   62 type  1   force =     0.00468525    0.01638370   -0.00266136
     atom   63 type  1   force =     0.03122897    0.02499557   -0.02727969
     atom   64 type  1   force =     0.00798015    0.02286692   -0.01866402
     atom   65 type  1   force =     0.15297871    0.03499089    0.06743553
     atom   66 type  1   force =     0.05952701    0.03165248    0.04199899
     atom   67 type  1   force =     0.04444460    0.03954572    0.04444591
     atom   68 type  1   force =     0.01931352    0.02018549    0.01931341
     atom   69 type  1   force =     0.02536300    0.00903800    0.02980048
     atom   70 type  1   force =    -0.00436967    0.01338401    0.02178337
     atom   71 type  1   force =     0.03046448    0.02879358    0.01758396
     atom   72 type  1   force =    -0.00382069    0.02322180    0.01710841
     atom   73 type  1   force =    -0.00769419    0.01265786    0.01056929
     atom   74 type  1   force =    -0.01035137    0.00656129    0.00364422
     atom   75 type  1   force =    -0.00372485   -0.00128025   -0.00372544
     atom   76 type  1   force =    -0.01122622   -0.00993357   -0.01122656
     atom   77 type  1   force =    -0.01629442    0.01564490   -0.00581089
     atom   78 type  1   force =    -0.01644600    0.01193512   -0.01477297
     atom   79 type  1   force =    -0.01467520   -0.00202274    0.01211775
     atom   80 type  1   force =    -0.01470659   -0.01211796    0.00624677
     atom   81 type  1   force =    -0.00581003    0.01564510   -0.01629441
     atom   82 type  1   force =    -0.01477262    0.01193507   -0.01644543
     atom   83 type  1   force =    -0.00560017   -0.00122505   -0.01088034
     atom   84 type  1   force =    -0.02139941   -0.01968304   -0.00452842
     atom   85 type  1   force =    -0.02987876    0.04173298   -0.02183008
     atom   86 type  1   force =    -0.02328656    0.02474122   -0.00622535
     atom   87 type  1   force =    -0.01675141   -0.00217787   -0.01675127
     atom   88 type  1   force =    -0.02558924   -0.02826440   -0.02558858
     atom   89 type  1   force =    -0.01597039    0.02528483    0.00926668
     atom   90 type  1   force =    -0.01835915    0.01544350    0.01315822
     atom   91 type  1   force =    -0.00681090   -0.00249409    0.01376804
     atom   92 type  1   force =    -0.01459465   -0.01323199    0.01624866
     atom   93 type  1   force =    -0.02677278    0.03485189    0.02629561
     atom   94 type  1   force =    -0.01680867    0.01368550    0.02069263
     atom   95 type  1   force =    -0.02383984   -0.00490763    0.00484354
     atom   96 type  1   force =    -0.03286035   -0.03908040    0.01983418
     atom   97 type  1   force =    -0.00602855   -0.01505401    0.01185593
     atom   98 type  1   force =    -0.01415682   -0.01729933    0.00713082
     atom   99 type  1   force =    -0.00531185   -0.01351060   -0.00531300
     atom  100 type  1   force =    -0.02298876   -0.00879816   -0.02298933
     atom  101 type  1   force =    -0.01646804   -0.01692766   -0.00589841
     atom  102 type  1   force =    -0.02723650   -0.02990352   -0.03097699
     atom  103 type  1   force =    -0.02725715   -0.02406174    0.03404900
     atom  104 type  1   force =    -0.02389320   -0.01106302    0.01517687
     atom  105 type  1   force =    -0.00589754   -0.01692779   -0.01646803
     atom  106 type  1   force =    -0.03097626   -0.02990335   -0.02723557
     atom  107 type  1   force =    -0.02130715   -0.02449741   -0.01977484
     atom  108 type  1   force =    -0.09018756   -0.02809476   -0.02139353
     atom  109 type  1   force =    -0.04126603   -0.04386302   -0.02331116
     atom  110 type  1   force =    -0.09386924   -0.11007094   -0.02307103
     atom  111 type  1   force =    -0.04422471   -0.02838633   -0.04422429
     atom  112 type  1   force =    -0.10939807   -0.04049021   -0.10939502
     atom  113 type  1   force =    -0.01233436   -0.02561179    0.00462702
     atom  114 type  1   force =    -0.04440868   -0.04278493    0.02109121
     atom  115 type  1   force =    -0.02471392   -0.02402102    0.02483007
     atom  116 type  1   force =    -0.04164503   -0.02052019    0.04368427
     atom  117 type  1   force =    -0.03404560   -0.03789821    0.02840962
     atom  118 type  1   force =    -0.03490040   -0.04350414    0.05193614
     atom  119 type  1   force =    -0.12062058   -0.08530694    0.00892203
     atom  120 type  1   force =    -0.17061895   -0.13463429    0.14951915
     atom  121 type  1   force =    -0.01571424    0.00539635    0.02085548
     atom  122 type  1   force =    -0.01909044    0.01116886    0.01045663
     atom  123 type  1   force =    -0.00657082    0.01407348   -0.00657188
     atom  124 type  1   force =    -0.01647959    0.01884050   -0.01647996
     atom  125 type  1   force =    -0.02698634    0.00146628   -0.01149292
     atom  126 type  1   force =    -0.04278593    0.01883011   -0.04948100
     atom  127 type  1   force =    -0.02727856    0.02499439    0.03122619
     atom  128 type  1   force =    -0.01866424    0.02286633    0.00797802
     atom  129 type  1   force =    -0.01149116    0.00146626   -0.02698627
     atom  130 type  1   force =    -0.04947978    0.01883009   -0.04278414
     atom  131 type  1   force =    -0.02486290    0.02504682   -0.02190791
     atom  132 type  1   force =    -0.04454436    0.04740355   -0.01810805
     atom  133 type  1   force =    -0.13175323    0.00081427   -0.07945029
     atom  134 type  1   force =    -0.18588515    0.14053576   -0.12928217
     atom  135 type  1   force =    -0.04191875    0.03094451   -0.04191813
     atom  136 type  1   force =    -0.04471265    0.06307874   -0.04471084
     atom  137 type  1   force =    -0.04788101    0.00085513    0.00635475
     atom  138 type  1   force =    -0.08956275    0.03120620    0.03687239
     atom  139 type  1   force =    -0.02747239    0.02530953    0.02709435
     atom  140 type  1   force =    -0.02417009    0.02625642    0.02560414
     atom  141 type  1   force =    -0.09481992    0.01654538    0.09185297
     atom  142 type  1   force =    -0.04126502    0.03389467    0.09175997
     atom  143 type  1   force =    -0.10006792    0.09167710    0.02847175
     atom  144 type  1   force =    -0.04252974    0.09576570    0.04088138
     atom  145 type  1   force =    -0.01222907    0.02411333    0.01980090
     atom  146 type  1   force =    -0.00283215    0.01025104    0.00362399
     atom  147 type  1   force =    -0.01088101   -0.00122506   -0.00560098
     atom  148 type  1   force =    -0.00452934   -0.01968329   -0.02140012
     atom  149 type  1   force =     0.00926606    0.02528556   -0.01597218
     atom  150 type  1   force =     0.01315801    0.01544446   -0.01836017
     atom  151 type  1   force =     0.00816276   -0.00759450    0.01689132
     atom  152 type  1   force =     0.01193415   -0.01465926    0.00665778
     atom  153 type  1   force =    -0.02183175    0.04173373   -0.02987856
     atom  154 type  1   force =    -0.00622665    0.02474207   -0.02328599
     atom  155 type  1   force =    -0.01767530   -0.01132635   -0.01767434
     atom  156 type  1   force =    -0.01395553   -0.07077883   -0.01395399
     atom  157 type  1   force =     0.01080152    0.07056002   -0.01582817
     atom  158 type  1   force =     0.01970948    0.01814644   -0.00128656
     atom  159 type  1   force =     0.00484277   -0.00490738   -0.02384012
     atom  160 type  1   force =     0.01983392   -0.03908153   -0.03286023
     atom  161 type  1   force =    -0.01582973    0.07055751    0.01080332
     atom  162 type  1   force =    -0.00128796    0.01814522    0.01971012
     atom  163 type  1   force =    -0.01623864   -0.01272275    0.02305132
     atom  164 type  1   force =    -0.01086489   -0.03173217    0.03528935
     atom  165 type  1   force =     0.01757725    0.03822445    0.03099909
     atom  166 type  1   force =     0.01579040    0.00497088    0.01980271
     atom  167 type  1   force =     0.00720221   -0.02689353    0.00720329
     atom  168 type  1   force =     0.02843139   -0.06142651    0.02843222
     atom  169 type  1   force =    -0.01615116   -0.02728082    0.02933113
     atom  170 type  1   force =    -0.00502974   -0.02626105    0.01128119
     atom  171 type  1   force =    -0.01977617   -0.02449743   -0.02130926
     atom  172 type  1   force =    -0.02139647   -0.02809581   -0.09019117
     atom  173 type  1   force =     0.00462618   -0.02561229   -0.01233586
     atom  174 type  1   force =     0.02109080   -0.04278697   -0.04441102
     atom  175 type  1   force =     0.01191543   -0.02211875    0.04835372
     atom  176 type  1   force =     0.02018142   -0.00866763    0.00102066
     atom  177 type  1   force =    -0.02331261   -0.04386374   -0.04126625
     atom  178 type  1   force =    -0.02307442   -0.11007404   -0.09386902
     atom  179 type  1   force =     0.01143766   -0.11117650   -0.05526937
     atom  180 type  1   force =     0.11413118   -0.15290653   -0.06984535
     atom  181 type  1   force =     0.00891936   -0.08531139   -0.12062491
     atom  182 type  1   force =     0.14952387   -0.13464757   -0.17062647
     atom  183 type  1   force =    -0.05527072   -0.11117396    0.01143943
     atom  184 type  1   force =    -0.06985023   -0.15290237    0.11413149
     atom  185 type  1   force =    -0.04913569   -0.08141185    0.13304802
     atom  186 type  1   force =     0.00402994   -0.01714170    0.11491656
     atom  187 type  1   force =     0.02248668   -0.07351952    0.06753330
     atom  188 type  1   force =     0.03245344   -0.03792274    0.06655325
     atom  189 type  1   force =     0.10672247   -0.13722220    0.10672932
     atom  190 type  1   force =     0.15150807    0.02759738    0.15151261
     atom  191 type  1   force =    -0.01445777    0.00375657    0.05917220
     atom  192 type  1   force =    -0.00266300    0.01638361    0.00468191
     atom  193 type  1   force =    -0.02190959    0.02504681   -0.02486547
     atom  194 type  1   force =    -0.01811051    0.04740490   -0.04454637
     atom  195 type  1   force =     0.00635293    0.00085501   -0.04788520
     atom  196 type  1   force =     0.03687249    0.03120788   -0.08956927
     atom  197 type  1   force =     0.01758187    0.02879313    0.03046188
     atom  198 type  1   force =     0.01710775    0.02322208   -0.00382271
     atom  199 type  1   force =    -0.07945513    0.00081379   -0.13175465
     atom  200 type  1   force =    -0.12929681    0.14054063   -0.18588636
     atom  201 type  1   force =    -0.07277822    0.15673681   -0.07277286
     atom  202 type  1   force =    -0.00295166    0.13712932   -0.00294743
     atom  203 type  1   force =     0.14917742    0.08269415   -0.14796149
     atom  204 type  1   force =     0.18600791    0.16256154    0.10313456
     atom  205 type  1   force =     0.02847064    0.09168227   -0.10007282
     atom  206 type  1   force =     0.04088133    0.09577116   -0.04253067
     atom  207 type  1   force =    -0.14796553    0.08269298    0.14917896
     atom  208 type  1   force =     0.10311928    0.16255366    0.18600563
     atom  209 type  1   force =    -0.03078044    0.09477141    0.09985498
     atom  210 type  1   force =     0.01227110    0.04780254    0.04680207
     atom  211 type  1   force =     0.06742837    0.03499172    0.15297703
     atom  212 type  1   force =     0.04199625    0.03165205    0.05952608
     atom  213 type  1   force =     0.06581924    0.16551768    0.06582650
     atom  214 type  1   force =     0.04316021    0.06558412    0.04316261
     atom  215 type  2   force =    -0.14819441   -0.17278826   -0.14818749
       
     --------------------------------------------------------------------------------------------
     TDDFT Force : Build RHS of the Z-Vector Eq                          
     --------------------------------------------------------------------------------------------
       
     --------------------------------------------------------------------------------------------
     TDDFT Force : Solve the Z-Vector Eq CG                              
     --------------------------------------------------------------------------------------------

                            *-------------*
     # Norm of z_rhs_vec  = |  3.7778E-02 |
                            *-------------*
     Initial residual =  0.35601153E+02
          Residual(00001) =  0.19941823E+00
          Residual(00002) =  0.33315026E-01
          Residual(00003) =  0.55444857E-02
          Residual(00004) =  0.28876627E-02
          Residual(00005) =  0.30440509E-02
          Residual(00006) =  0.25505762E-02
          Residual(00007) =  0.19811532E-02
          Residual(00008) =  0.93890056E-03
          Residual(00009) =  0.48037089E-03
          Residual(00010) =  0.23557834E-03
          Residual(00011) =  0.11766910E-03
          Residual(00012) =  0.39761858E-04
          Residual(00013) =  0.26872851E-04
          Residual(00014) =  0.14193399E-04
          Residual(00015) =  0.90057947E-05
          Residual(00016) =  0.33472114E-05
          Residual(00017) =  0.15234380E-05
          Residual(00018) =  0.74411274E-06
          Residual(00019) =  0.32915013E-06
          Residual(00020) =  0.14672768E-06
          Residual(00021) =  0.73758219E-07
          Residual(00022) =  0.40794083E-07
          Residual(00023) =  0.21997367E-07
          Residual(00024) =  0.90983317E-08
          Residual(00025) =  0.47551591E-08
          Residual(00026) =  0.21976613E-08
          Residual(00027) =  0.10339304E-08
          Residual(00028) =  0.39320111E-09
          Residual(00029) =  0.19166504E-09
          Residual(00030) =  0.97108168E-10
          Residual(00031) =  0.46733354E-10
          Residual(00032) =  0.21277160E-10
          Residual(00033) =  0.11487284E-10
          Residual(00034) =  0.66010560E-11
          Residual(00035) =  0.34402765E-11
          Residual(00036) =  0.17316637E-11
          Residual(00037) =  0.82618041E-12
       
     --------------------------------------------------------------------------------------------
     TDDFT Force : Z-Vector Part                                         
     --------------------------------------------------------------------------------------------
     atom    1 type  1   force =    -0.00004274    0.00059725   -0.00026140
     atom    2 type  1   force =    -0.00010755    0.00036370   -0.00033641
     atom    3 type  1   force =    -0.00012200   -0.00002998   -0.00034903
     atom    4 type  1   force =     0.00001247   -0.00055520   -0.00023795
     atom    5 type  1   force =     0.00012576    0.00048908   -0.00010986
     atom    6 type  1   force =     0.00027785    0.00014721    0.00006737
     atom    7 type  1   force =    -0.00038052    0.00022125   -0.00037984
     atom    8 type  1   force =    -0.00016071   -0.00033866   -0.00015999
     atom    9 type  1   force =    -0.00010901    0.00067512   -0.00028931
     atom   10 type  1   force =    -0.00009654    0.00041805    0.00024636
     atom   11 type  1   force =    -0.00034559    0.00098902    0.00096710
     atom   12 type  1   force =    -0.00062409    0.00000902    0.00235008
     atom   13 type  1   force =     0.00021655    0.00045250   -0.00028588
     atom   14 type  1   force =     0.00043320   -0.00030665    0.00027435
     atom   15 type  1   force =     0.00021871   -0.00009803    0.00006679
     atom   16 type  1   force =     0.00042188   -0.00010743    0.00022193
     atom   17 type  1   force =    -0.00049545    0.00058593    0.00030846
     atom   18 type  1   force =    -0.00042990    0.00089598    0.00031507
     atom   19 type  1   force =    -0.00063741    0.00116251   -0.00063758
     atom   20 type  1   force =    -0.00080642    0.00031472   -0.00080613
     atom   21 type  1   force =    -0.00026270    0.00059738   -0.00004286
     atom   22 type  1   force =    -0.00033750    0.00036404   -0.00010702
     atom   23 type  1   force =    -0.00044289    0.00035864   -0.00025182
     atom   24 type  1   force =    -0.00083535   -0.00005245    0.00007685
     atom   25 type  1   force =    -0.00063508   -0.00008763   -0.00141926
     atom   26 type  1   force =    -0.00028961   -0.00111811   -0.00118519
     atom   27 type  1   force =    -0.00043221   -0.00164291   -0.00208062
     atom   28 type  1   force =     0.00201512   -0.00189941   -0.00205589
     atom   29 type  1   force =     0.00010774   -0.00071575   -0.00035658
     atom   30 type  1   force =     0.00087543   -0.00072486    0.00003350
     atom   31 type  1   force =    -0.00041447   -0.00019110   -0.00041348
     atom   32 type  1   force =     0.00029234   -0.00072721    0.00029408
     atom   33 type  1   force =    -0.00028250   -0.00166777    0.00040892
     atom   34 type  1   force =     0.00071369   -0.00166480    0.00098047
     atom   35 type  1   force =     0.00083117   -0.00576528    0.00560101
     atom   36 type  1   force =     0.00019455   -0.00209790    0.00282822
     atom   37 type  1   force =    -0.00037973   -0.00070814    0.00097605
     atom   38 type  1   force =    -0.00029548   -0.00067441    0.00022321
     atom   39 type  1   force =     0.00204340   -0.00174999    0.00021464
     atom   40 type  1   force =     0.00158590   -0.00024515    0.00025601
     atom   41 type  1   force =    -0.00248907    0.00087340   -0.00161644
     atom   42 type  1   force =    -0.00395990   -0.00044471   -0.00057439
     atom   43 type  1   force =    -0.00118171    0.00105910   -0.00118264
     atom   44 type  1   force =    -0.00021876   -0.00226028   -0.00021836
     atom   45 type  1   force =    -0.00142012   -0.00008764   -0.00063523
     atom   46 type  1   force =    -0.00118651   -0.00111847   -0.00028909
     atom   47 type  1   force =    -0.00134992   -0.00114129    0.00079093
     atom   48 type  1   force =    -0.00158615   -0.00068287   -0.00038848
     atom   49 type  1   force =    -0.00010665   -0.00054652   -0.00104411
     atom   50 type  1   force =    -0.00008663    0.00063099   -0.00080719
     atom   51 type  1   force =    -0.00024966    0.00136511   -0.00068192
     atom   52 type  1   force =     0.00015895    0.00097532   -0.00026855
     atom   53 type  1   force =     0.00114185    0.00075826   -0.00100532
     atom   54 type  1   force =     0.00114438    0.00070011    0.00010224
     atom   55 type  1   force =    -0.00017512    0.00064602   -0.00017376
     atom   56 type  1   force =     0.00006195    0.00057342    0.00006332
     atom   57 type  1   force =     0.00267255    0.00386651   -0.00335310
     atom   58 type  1   force =     0.00332371    0.00262768    0.00037720
     atom   59 type  1   force =    -0.00072045    0.00242335   -0.00053427
     atom   60 type  1   force =    -0.00062194    0.00044630    0.00132393
     atom   61 type  1   force =     0.00213630   -0.00000302    0.00102088
     atom   62 type  1   force =     0.00049263    0.00056335   -0.00020066
     atom   63 type  1   force =     0.00106879    0.00124401   -0.00000133
     atom   64 type  1   force =     0.00076962    0.00058214    0.00006154
     atom   65 type  1   force =    -0.00018247   -0.00293133    0.00393507
     atom   66 type  1   force =    -0.00031591    0.00034339    0.00002219
     atom   67 type  1   force =    -0.00033403    0.00035505   -0.00033513
     atom   68 type  1   force =    -0.00024445    0.00070036   -0.00024405
     atom   69 type  1   force =    -0.00104621   -0.00054670   -0.00010729
     atom   70 type  1   force =    -0.00080979    0.00063128   -0.00008561
     atom   71 type  1   force =     0.00026078    0.00075564    0.00055729
     atom   72 type  1   force =    -0.00003002    0.00077050   -0.00024323
     atom   73 type  1   force =    -0.00011102    0.00048961    0.00012702
     atom   74 type  1   force =     0.00006696    0.00014754    0.00027894
     atom   75 type  1   force =     0.00016153   -0.00004643    0.00016213
     atom   76 type  1   force =     0.00048693   -0.00004639    0.00048715
     atom   77 type  1   force =     0.00016341    0.00017874    0.00052864
     atom   78 type  1   force =     0.00000198    0.00006796    0.00047622
     atom   79 type  1   force =     0.00006670   -0.00009772    0.00021977
     atom   80 type  1   force =     0.00022243   -0.00010759    0.00042305
     atom   81 type  1   force =     0.00052744    0.00017862    0.00016309
     atom   82 type  1   force =     0.00047586    0.00006824    0.00000092
     atom   83 type  1   force =     0.00053107    0.00017184   -0.00012309
     atom   84 type  1   force =     0.00090364    0.00023556   -0.00057669
     atom   85 type  1   force =     0.00044514   -0.00052605    0.00003554
     atom   86 type  1   force =    -0.00009488    0.00040329   -0.00071883
     atom   87 type  1   force =     0.00043931    0.00030669    0.00043896
     atom   88 type  1   force =     0.00068888    0.00143907    0.00068795
     atom   89 type  1   force =     0.00049730    0.00000438    0.00003810
     atom   90 type  1   force =    -0.00010309    0.00014029   -0.00046614
     atom   91 type  1   force =    -0.00035003   -0.00002960   -0.00012176
     atom   92 type  1   force =    -0.00023864   -0.00055550    0.00001322
     atom   93 type  1   force =    -0.00029018    0.00067801   -0.00010782
     atom   94 type  1   force =     0.00024644    0.00041956   -0.00009531
     atom   95 type  1   force =     0.00027847    0.00033583   -0.00042448
     atom   96 type  1   force =     0.00129634    0.00011290   -0.00145851
     atom   97 type  1   force =    -0.00035743   -0.00071608    0.00010863
     atom   98 type  1   force =     0.00003297   -0.00072528    0.00087676
     atom   99 type  1   force =     0.00061825   -0.00041205    0.00061927
     atom  100 type  1   force =     0.00078756   -0.00036047    0.00078793
     atom  101 type  1   force =     0.00031441   -0.00033273    0.00086412
     atom  102 type  1   force =     0.00024357   -0.00037060    0.00182258
     atom  103 type  1   force =     0.00021389   -0.00175157    0.00204635
     atom  104 type  1   force =     0.00025695   -0.00024552    0.00158940
     atom  105 type  1   force =     0.00086327   -0.00033261    0.00031421
     atom  106 type  1   force =     0.00182182   -0.00037101    0.00024229
     atom  107 type  1   force =     0.00086536   -0.00061279   -0.00052326
     atom  108 type  1   force =    -0.00076662   -0.00090329   -0.00225897
     atom  109 type  1   force =     0.00231586    0.00115417   -0.00056569
     atom  110 type  1   force =     0.00547929   -0.00051237   -0.00374880
     atom  111 type  1   force =     0.00132130   -0.00016388    0.00132016
     atom  112 type  1   force =     0.00140690   -0.00395242    0.00140210
     atom  113 type  1   force =    -0.00019553   -0.00057204   -0.00046325
     atom  114 type  1   force =    -0.00078376   -0.00203267   -0.00082129
     atom  115 type  1   force =    -0.00208360   -0.00164450   -0.00043143
     atom  116 type  1   force =    -0.00205965   -0.00190110    0.00201888
     atom  117 type  1   force =     0.00040814   -0.00166954   -0.00028166
     atom  118 type  1   force =     0.00098087   -0.00166752    0.00071630
     atom  119 type  1   force =    -0.00130483   -0.00430268   -0.00416393
     atom  120 type  1   force =    -0.00292532   -0.01007463    0.00210006
     atom  121 type  1   force =    -0.00100784    0.00075775    0.00114435
     atom  122 type  1   force =     0.00010129    0.00070047    0.00114697
     atom  123 type  1   force =     0.00043175    0.00056098    0.00043304
     atom  124 type  1   force =     0.00052663    0.00029361    0.00052691
     atom  125 type  1   force =     0.00020388   -0.00011821    0.00122645
     atom  126 type  1   force =    -0.00009398    0.00085173    0.00131601
     atom  127 type  1   force =    -0.00000217    0.00124504    0.00107252
     atom  128 type  1   force =     0.00006214    0.00058273    0.00077259
     atom  129 type  1   force =     0.00122435   -0.00011805    0.00020317
     atom  130 type  1   force =     0.00131420    0.00085161   -0.00009734
     atom  131 type  1   force =     0.00097887    0.00066826   -0.00009103
     atom  132 type  1   force =     0.00155023   -0.00047031   -0.00121960
     atom  133 type  1   force =     0.00102487    0.00026771   -0.00232707
     atom  134 type  1   force =     0.00251340    0.00390532   -0.00889328
     atom  135 type  1   force =     0.00103417    0.00005371    0.00103284
     atom  136 type  1   force =     0.00017682   -0.00135206    0.00017326
     atom  137 type  1   force =    -0.00118010    0.00040848   -0.00118831
     atom  138 type  1   force =    -0.00258926    0.00290545   -0.00146052
     atom  139 type  1   force =    -0.00068563    0.00136603   -0.00024858
     atom  140 type  1   force =    -0.00027044    0.00097697    0.00016104
     atom  141 type  1   force =    -0.00335954    0.00386537    0.00267937
     atom  142 type  1   force =     0.00037624    0.00262901    0.00333104
     atom  143 type  1   force =     0.00105182    0.00144113   -0.00139676
     atom  144 type  1   force =    -0.00001265    0.00138255   -0.00135411
     atom  145 type  1   force =    -0.00028466    0.00045408    0.00021936
     atom  146 type  1   force =     0.00027522   -0.00030670    0.00043518
     atom  147 type  1   force =    -0.00012225    0.00017173    0.00053218
     atom  148 type  1   force =    -0.00057583    0.00023588    0.00090448
     atom  149 type  1   force =     0.00003917    0.00000268    0.00050019
     atom  150 type  1   force =    -0.00046628    0.00013868   -0.00010197
     atom  151 type  1   force =    -0.00025111    0.00035863   -0.00044178
     atom  152 type  1   force =     0.00007723   -0.00005244   -0.00083420
     atom  153 type  1   force =     0.00003813   -0.00052773    0.00044486
     atom  154 type  1   force =    -0.00071706    0.00040190   -0.00009603
     atom  155 type  1   force =     0.00005123    0.00130381    0.00004992
     atom  156 type  1   force =     0.00061235    0.00407122    0.00061075
     atom  157 type  1   force =    -0.00046007    0.00003227   -0.00020991
     atom  158 type  1   force =    -0.00015074    0.00116094    0.00064284
     atom  159 type  1   force =    -0.00042374    0.00033527    0.00027864
     atom  160 type  1   force =    -0.00145835    0.00011377    0.00129600
     atom  161 type  1   force =    -0.00020758    0.00003561   -0.00046220
     atom  162 type  1   force =     0.00064460    0.00116225   -0.00015162
     atom  163 type  1   force =     0.00096798    0.00098957   -0.00034523
     atom  164 type  1   force =     0.00235104    0.00000864   -0.00062326
     atom  165 type  1   force =     0.00031078    0.00058738   -0.00049550
     atom  166 type  1   force =     0.00031591    0.00089622   -0.00042941
     atom  167 type  1   force =     0.00029321    0.00249631    0.00029198
     atom  168 type  1   force =    -0.00099306    0.00401143   -0.00099372
     atom  169 type  1   force =     0.00097669   -0.00070907   -0.00037816
     atom  170 type  1   force =     0.00022445   -0.00067449   -0.00029322
     atom  171 type  1   force =    -0.00052163   -0.00061230    0.00086809
     atom  172 type  1   force =    -0.00225537   -0.00090081   -0.00076137
     atom  173 type  1   force =    -0.00046271   -0.00057132   -0.00019389
     atom  174 type  1   force =    -0.00082103   -0.00203005   -0.00078114
     atom  175 type  1   force =     0.00079257   -0.00114183   -0.00134736
     atom  176 type  1   force =    -0.00038759   -0.00068241   -0.00158264
     atom  177 type  1   force =    -0.00056381    0.00115503    0.00231568
     atom  178 type  1   force =    -0.00374560   -0.00050866    0.00547839
     atom  179 type  1   force =    -0.00149029    0.00255197    0.00454691
     atom  180 type  1   force =    -0.01116333    0.00474028    0.01841435
     atom  181 type  1   force =    -0.00416221   -0.00429633   -0.00129990
     atom  182 type  1   force =     0.00209289   -0.01006432   -0.00291857
     atom  183 type  1   force =     0.00454869    0.00254967   -0.00149190
     atom  184 type  1   force =     0.01841900    0.00473628   -0.01116369
     atom  185 type  1   force =     0.00560309   -0.00577183    0.00083590
     atom  186 type  1   force =     0.00283184   -0.00210022    0.00019960
     atom  187 type  1   force =    -0.00161520    0.00087276   -0.00248940
     atom  188 type  1   force =    -0.00057335   -0.00044513   -0.00395930
     atom  189 type  1   force =    -0.01150579    0.00906550   -0.01151127
     atom  190 type  1   force =    -0.00729612   -0.01805879   -0.00730028
     atom  191 type  1   force =     0.00102245   -0.00000356    0.00214205
     atom  192 type  1   force =    -0.00019851    0.00056349    0.00049766
     atom  193 type  1   force =    -0.00008833    0.00066780    0.00098273
     atom  194 type  1   force =    -0.00121672   -0.00047373    0.00155411
     atom  195 type  1   force =    -0.00118679    0.00040925   -0.00117409
     atom  196 type  1   force =    -0.00146205    0.00290427   -0.00258170
     atom  197 type  1   force =     0.00055971    0.00075625    0.00026447
     atom  198 type  1   force =    -0.00024283    0.00076995   -0.00002699
     atom  199 type  1   force =    -0.00231858    0.00026838    0.00102751
     atom  200 type  1   force =    -0.00887812    0.00389837    0.00251600
     atom  201 type  1   force =     0.00016837   -0.00303075    0.00015897
     atom  202 type  1   force =    -0.00049058   -0.00134136   -0.00049692
     atom  203 type  1   force =    -0.00335699    0.01151653   -0.00140156
     atom  204 type  1   force =    -0.00297481    0.00417199    0.00943376
     atom  205 type  1   force =    -0.00139513    0.00143380    0.00105814
     atom  206 type  1   force =    -0.00135501    0.00137552   -0.00001243
     atom  207 type  1   force =    -0.00139447    0.01151702   -0.00336181
     atom  208 type  1   force =     0.00944759    0.00417935   -0.00297148
     atom  209 type  1   force =    -0.00053178    0.00243025   -0.00071429
     atom  210 type  1   force =     0.00132657    0.00044941   -0.00061830
     atom  211 type  1   force =     0.00394326   -0.00293193   -0.00018005
     atom  212 type  1   force =     0.00002525    0.00034341   -0.00031408
     atom  213 type  1   force =    -0.00100704   -0.00142110   -0.00101574
     atom  214 type  1   force =    -0.00009474   -0.00021331   -0.00009786
     atom  215 type  2   force =     0.00162942    0.00379097    0.00161877
       
     --------------------------------------------------------------------------------------------
     TDDFT Force Total                                                   
     --------------------------------------------------------------------------------------------
     atom    1 type  1   force =     0.00002439   -0.00003014    0.00002628
     atom    2 type  1   force =    -0.00007063    0.00001222   -0.00001928
     atom    3 type  1   force =     0.00002175   -0.00003485    0.00001058
     atom    4 type  1   force =    -0.00001890   -0.00003391   -0.00005272
     atom    5 type  1   force =     0.00005956    0.00001767   -0.00002832
     atom    6 type  1   force =    -0.00002089    0.00001570    0.00000695
     atom    7 type  1   force =     0.00003818    0.00002160    0.00003816
     atom    8 type  1   force =    -0.00002340    0.00002134   -0.00002340
     atom    9 type  1   force =     0.00017649   -0.00007284   -0.00022725
     atom   10 type  1   force =    -0.00015295    0.00007915    0.00012510
     atom   11 type  1   force =     0.00013797    0.00009831    0.00007947
     atom   12 type  1   force =     0.00076229   -0.00070192    0.00080510
     atom   13 type  1   force =    -0.00010559   -0.00009324   -0.00044681
     atom   14 type  1   force =     0.00019724   -0.00037426    0.00017780
     atom   15 type  1   force =     0.00002185   -0.00003633   -0.00001015
     atom   16 type  1   force =    -0.00009264    0.00012882    0.00002659
     atom   17 type  1   force =    -0.00026741    0.00006238   -0.00016421
     atom   18 type  1   force =     0.00004039    0.00006361    0.00012792
     atom   19 type  1   force =    -0.00009435   -0.00009489   -0.00009437
     atom   20 type  1   force =    -0.00011136    0.00002272   -0.00011138
     atom   21 type  1   force =     0.00002628   -0.00003014    0.00002438
     atom   22 type  1   force =    -0.00001926    0.00001222   -0.00007065
     atom   23 type  1   force =     0.00022976   -0.00036545   -0.00053400
     atom   24 type  1   force =    -0.00002017    0.00001289    0.00006548
     atom   25 type  1   force =    -0.00003590    0.00012882    0.00014432
     atom   26 type  1   force =     0.00000404   -0.00008875   -0.00005188
     atom   27 type  1   force =    -0.00003753   -0.00005490    0.00000420
     atom   28 type  1   force =     0.00049560    0.00003151   -0.00041363
     atom   29 type  1   force =     0.00002038    0.00002966    0.00004783
     atom   30 type  1   force =     0.00003834    0.00008114   -0.00005366
     atom   31 type  1   force =     0.00034970    0.00071520    0.00034969
     atom   32 type  1   force =     0.00017392   -0.00031898    0.00017402
     atom   33 type  1   force =     0.00008120   -0.00009738    0.00007285
     atom   34 type  1   force =    -0.00013725    0.00072611   -0.00025704
     atom   35 type  1   force =     0.00009930   -0.00132343    0.00062544
     atom   36 type  1   force =    -0.00063539   -0.00000013   -0.00002039
     atom   37 type  1   force =    -0.00017961   -0.00012173    0.00022266
     atom   38 type  1   force =    -0.00014137    0.00019522    0.00003451
     atom   39 type  1   force =     0.00003806   -0.00031604   -0.00010232
     atom   40 type  1   force =     0.00007440    0.00003077   -0.00015172
     atom   41 type  1   force =     0.00218595   -0.00170209   -0.00101509
     atom   42 type  1   force =    -0.00092131    0.00036985   -0.00043113
     atom   43 type  1   force =     0.00242978    0.00274638    0.00242959
     atom   44 type  1   force =     0.00098945   -0.00138728    0.00098952
     atom   45 type  1   force =     0.00014443    0.00012879   -0.00003589
     atom   46 type  1   force =    -0.00005191   -0.00008875    0.00000398
     atom   47 type  1   force =     0.00024736   -0.00011044    0.00004123
     atom   48 type  1   force =    -0.00021482   -0.00006317    0.00005534
     atom   49 type  1   force =     0.00010217   -0.00009777   -0.00015543
     atom   50 type  1   force =    -0.00006549   -0.00008708    0.00003734
     atom   51 type  1   force =     0.00009288    0.00020031   -0.00002158
     atom   52 type  1   force =    -0.00009626    0.00001399    0.00004723
     atom   53 type  1   force =     0.00012420   -0.00002599   -0.00011142
     atom   54 type  1   force =    -0.00008472   -0.00002238   -0.00003826
     atom   55 type  1   force =    -0.00000607    0.00006904   -0.00000602
     atom   56 type  1   force =    -0.00002308    0.00005780   -0.00002310
     atom   57 type  1   force =     0.00072514   -0.00111538   -0.00068121
     atom   58 type  1   force =    -0.00005269   -0.00034851    0.00010904
     atom   59 type  1   force =     0.00008870   -0.00048452   -0.00290373
     atom   60 type  1   force =    -0.00035211   -0.00058288    0.00093332
     atom   61 type  1   force =     0.00004521    0.00001089    0.00028366
     atom   62 type  1   force =    -0.00003682   -0.00009708   -0.00005668
     atom   63 type  1   force =     0.00003556    0.00011115   -0.00003884
     atom   64 type  1   force =    -0.00008721    0.00012298    0.00004817
     atom   65 type  1   force =     0.00140564   -0.00000786    0.00053424
     atom   66 type  1   force =     0.00029472   -0.00002789   -0.00043327
     atom   67 type  1   force =     0.00004970   -0.00013872    0.00004982
     atom   68 type  1   force =    -0.00007452    0.00009481   -0.00007453
     atom   69 type  1   force =    -0.00015546   -0.00009796    0.00010215
     atom   70 type  1   force =     0.00003735   -0.00008695   -0.00006551
     atom   71 type  1   force =     0.00015210    0.00013553    0.00012572
     atom   72 type  1   force =     0.00004947    0.00013491   -0.00015720
     atom   73 type  1   force =    -0.00002838    0.00001775    0.00005960
     atom   74 type  1   force =     0.00000697    0.00001571   -0.00002091
     atom   75 type  1   force =    -0.00001348    0.00000747   -0.00001348
     atom   76 type  1   force =     0.00002049   -0.00000886    0.00002048
     atom   77 type  1   force =    -0.00002604   -0.00003221    0.00001607
     atom   78 type  1   force =    -0.00007712    0.00005885   -0.00006917
     atom   79 type  1   force =    -0.00001012   -0.00003631    0.00002184
     atom   80 type  1   force =     0.00002663    0.00012879   -0.00009262
     atom   81 type  1   force =     0.00001607   -0.00003220   -0.00002606
     atom   82 type  1   force =    -0.00006904    0.00005884   -0.00007717
     atom   83 type  1   force =     0.00010889   -0.00003698   -0.00006363
     atom   84 type  1   force =     0.00014542    0.00013936    0.00031687
     atom   85 type  1   force =     0.00023626    0.00005777    0.00026694
     atom   86 type  1   force =     0.00000401    0.00000800   -0.00000846
     atom   87 type  1   force =     0.00001113   -0.00000223    0.00001113
     atom   88 type  1   force =     0.00000311   -0.00012839    0.00000311
     atom   89 type  1   force =     0.00028851   -0.00023977    0.00068777
     atom   90 type  1   force =     0.00000014    0.00001567   -0.00017982
     atom   91 type  1   force =     0.00001059   -0.00003483    0.00002173
     atom   92 type  1   force =    -0.00005270   -0.00003389   -0.00001891
     atom   93 type  1   force =    -0.00022714   -0.00007293    0.00017637
     atom   94 type  1   force =     0.00012506    0.00007911   -0.00015291
     atom   95 type  1   force =    -0.00007193   -0.00006386    0.00026089
     atom   96 type  1   force =    -0.00004441   -0.00009498   -0.00051518
     atom   97 type  1   force =     0.00004783    0.00002967    0.00002036
     atom   98 type  1   force =    -0.00005358    0.00008115    0.00003836
     atom   99 type  1   force =     0.00008163   -0.00004118    0.00008163
     atom  100 type  1   force =    -0.00011971   -0.00013953   -0.00011969
     atom  101 type  1   force =    -0.00006391   -0.00000861   -0.00002027
     atom  102 type  1   force =     0.00000954    0.00002328   -0.00001089
     atom  103 type  1   force =    -0.00010238   -0.00031604    0.00003798
     atom  104 type  1   force =    -0.00015163    0.00003083    0.00007434
     atom  105 type  1   force =    -0.00002022   -0.00000860   -0.00006390
     atom  106 type  1   force =    -0.00001090    0.00002331    0.00000960
     atom  107 type  1   force =    -0.00005749   -0.00006461   -0.00005212
     atom  108 type  1   force =    -0.00016302   -0.00003943    0.00010898
     atom  109 type  1   force =     0.00004945    0.00045599   -0.00072465
     atom  110 type  1   force =     0.00093122    0.00081326    0.00180996
     atom  111 type  1   force =    -0.00019050    0.00052443   -0.00019068
     atom  112 type  1   force =    -0.00180486   -0.00126109   -0.00180422
     atom  113 type  1   force =     0.00004563    0.00005038   -0.00011215
     atom  114 type  1   force =     0.00028933    0.00007624    0.00026523
     atom  115 type  1   force =     0.00000429   -0.00005491   -0.00003750
     atom  116 type  1   force =    -0.00041393    0.00003249    0.00049600
     atom  117 type  1   force =     0.00007277   -0.00009729    0.00008129
     atom  118 type  1   force =    -0.00025674    0.00072606   -0.00013716
     atom  119 type  1   force =     0.00031499   -0.00044633   -0.00066163
     atom  120 type  1   force =    -0.00115932    0.00601193    0.00151310
     atom  121 type  1   force =    -0.00011175   -0.00002620    0.00012448
     atom  122 type  1   force =    -0.00003823   -0.00002228   -0.00008473
     atom  123 type  1   force =     0.00003170    0.00007098    0.00003173
     atom  124 type  1   force =     0.00002671    0.00006704    0.00002669
     atom  125 type  1   force =     0.00002685   -0.00012267    0.00002651
     atom  126 type  1   force =    -0.00005930    0.00006800   -0.00023892
     atom  127 type  1   force =    -0.00003882    0.00011105    0.00003547
     atom  128 type  1   force =     0.00004811    0.00012310   -0.00008724
     atom  129 type  1   force =     0.00002650   -0.00012250    0.00002684
     atom  130 type  1   force =    -0.00023901    0.00006765   -0.00005929
     atom  131 type  1   force =    -0.00007450   -0.00001750    0.00015432
     atom  132 type  1   force =     0.00055811   -0.00064927   -0.00129346
     atom  133 type  1   force =    -0.00162150   -0.00005655   -0.00012981
     atom  134 type  1   force =     0.00273034   -0.00477661   -0.00785675
     atom  135 type  1   force =     0.00009249   -0.00011251    0.00009259
     atom  136 type  1   force =    -0.00041106    0.00003840   -0.00041143
     atom  137 type  1   force =     0.00010489    0.00013333   -0.00021049
     atom  138 type  1   force =    -0.00002030   -0.00031989   -0.00005473
     atom  139 type  1   force =    -0.00002157    0.00020022    0.00009290
     atom  140 type  1   force =     0.00004725    0.00001403   -0.00009627
     atom  141 type  1   force =    -0.00068190   -0.00111748    0.00072572
     atom  142 type  1   force =     0.00010913   -0.00034851   -0.00005303
     atom  143 type  1   force =     0.00017180   -0.00090091    0.00376845
     atom  144 type  1   force =     0.00006239    0.00025678    0.00000690
     atom  145 type  1   force =    -0.00044647   -0.00009296   -0.00010536
     atom  146 type  1   force =     0.00017725   -0.00037427    0.00019747
     atom  147 type  1   force =    -0.00006356   -0.00003701    0.00010885
     atom  148 type  1   force =     0.00031691    0.00013947    0.00014553
     atom  149 type  1   force =     0.00068820   -0.00024007    0.00028878
     atom  150 type  1   force =    -0.00017986    0.00001573    0.00000018
     atom  151 type  1   force =    -0.00053387   -0.00036546    0.00022972
     atom  152 type  1   force =     0.00006549    0.00001294   -0.00002015
     atom  153 type  1   force =     0.00026670    0.00005791    0.00023633
     atom  154 type  1   force =    -0.00000841    0.00000803    0.00000395
     atom  155 type  1   force =     0.00015752   -0.00007272    0.00015750
     atom  156 type  1   force =     0.00006268    0.00053143    0.00006269
     atom  157 type  1   force =     0.00014613    0.00031798   -0.00023614
     atom  158 type  1   force =    -0.00008945    0.00012750    0.00000480
     atom  159 type  1   force =     0.00026086   -0.00006380   -0.00007195
     atom  160 type  1   force =    -0.00051516   -0.00009498   -0.00004439
     atom  161 type  1   force =    -0.00023634    0.00031778    0.00014633
     atom  162 type  1   force =     0.00000485    0.00012748   -0.00008954
     atom  163 type  1   force =     0.00007946    0.00009826    0.00013795
     atom  164 type  1   force =     0.00080502   -0.00070198    0.00076238
     atom  165 type  1   force =    -0.00016443    0.00006223   -0.00026737
     atom  166 type  1   force =     0.00012795    0.00006358    0.00004030
     atom  167 type  1   force =    -0.00011319   -0.00009590   -0.00011320
     atom  168 type  1   force =    -0.00029131    0.00079986   -0.00029123
     atom  169 type  1   force =     0.00022246   -0.00012171   -0.00017951
     atom  170 type  1   force =     0.00003460    0.00019522   -0.00014140
     atom  171 type  1   force =    -0.00005223   -0.00006473   -0.00005743
     atom  172 type  1   force =     0.00010898   -0.00003937   -0.00016335
     atom  173 type  1   force =    -0.00011233    0.00005033    0.00004568
     atom  174 type  1   force =     0.00026550    0.00007627    0.00028938
     atom  175 type  1   force =     0.00004108   -0.00011031    0.00024743
     atom  176 type  1   force =     0.00005544   -0.00006324   -0.00021488
     atom  177 type  1   force =    -0.00072449    0.00045593    0.00004926
     atom  178 type  1   force =     0.00180930    0.00081286    0.00093122
     atom  179 type  1   force =     0.00056624    0.00010809    0.00021274
     atom  180 type  1   force =    -0.00398105    0.00460810    0.00607652
     atom  181 type  1   force =    -0.00066197   -0.00044640    0.00031473
     atom  182 type  1   force =     0.00151362    0.00600848   -0.00115989
     atom  183 type  1   force =     0.00021269    0.00010807    0.00056628
     atom  184 type  1   force =     0.00607594    0.00460865   -0.00398138
     atom  185 type  1   force =     0.00062511   -0.00132345    0.00009895
     atom  186 type  1   force =    -0.00002038   -0.00000021   -0.00063563
     atom  187 type  1   force =    -0.00101478   -0.00170202    0.00218561
     atom  188 type  1   force =    -0.00043118    0.00036984   -0.00092132
     atom  189 type  1   force =    -0.00912690    0.02674486   -0.00912756
     atom  190 type  1   force =    -0.00215911   -0.01062583   -0.00215851
     atom  191 type  1   force =     0.00028359    0.00001105    0.00004511
     atom  192 type  1   force =    -0.00005669   -0.00009710   -0.00003697
     atom  193 type  1   force =     0.00015430   -0.00001758   -0.00007462
     atom  194 type  1   force =    -0.00129467   -0.00064969    0.00055847
     atom  195 type  1   force =    -0.00021062    0.00013314    0.00010481
     atom  196 type  1   force =    -0.00005461   -0.00031995   -0.00002069
     atom  197 type  1   force =     0.00012569    0.00013559    0.00015196
     atom  198 type  1   force =    -0.00015727    0.00013480    0.00004942
     atom  199 type  1   force =    -0.00012964   -0.00005692   -0.00162167
     atom  200 type  1   force =    -0.00786169   -0.00477669    0.00273085
     atom  201 type  1   force =     0.00146413    0.00133897    0.00146504
     atom  202 type  1   force =     0.00011059   -0.00017236    0.00011054
     atom  203 type  1   force =     0.02735315   -0.01032297   -0.02030824
     atom  204 type  1   force =    -0.00207889   -0.00498879    0.00544214
     atom  205 type  1   force =     0.00377113   -0.00090191    0.00017338
     atom  206 type  1   force =     0.00000693    0.00025711    0.00006237
     atom  207 type  1   force =    -0.02030516   -0.01032334    0.02734787
     atom  208 type  1   force =     0.00543823   -0.00498913   -0.00207910
     atom  209 type  1   force =    -0.00290149   -0.00048359    0.00008978
     atom  210 type  1   force =     0.00093228   -0.00058258   -0.00035179
     atom  211 type  1   force =     0.00053437   -0.00000744    0.00140528
     atom  212 type  1   force =    -0.00043323   -0.00002823    0.00029488
     atom  213 type  1   force =    -0.00161606    0.00080726   -0.00161522
     atom  214 type  1   force =     0.00036477   -0.00029728    0.00036438
     atom  215 type  2   force =    -0.00227514    0.00993537   -0.00227626
       
     --------------------------------------------------------------------------------------------
     TDDFT Force Corrected                                               
     --------------------------------------------------------------------------------------------
     atom    1 type  1   force =     0.00001867   -0.00002363    0.00002054
     atom    2 type  1   force =    -0.00007635    0.00001874   -0.00002501
     atom    3 type  1   force =     0.00001603   -0.00002833    0.00000485
     atom    4 type  1   force =    -0.00002462   -0.00002740   -0.00005845
     atom    5 type  1   force =     0.00005383    0.00002418   -0.00003406
     atom    6 type  1   force =    -0.00002662    0.00002222    0.00000122
     atom    7 type  1   force =     0.00003245    0.00002812    0.00003243
     atom    8 type  1   force =    -0.00002912    0.00002786   -0.00002914
     atom    9 type  1   force =     0.00017076   -0.00006632   -0.00023299
     atom   10 type  1   force =    -0.00015868    0.00008567    0.00011937
     atom   11 type  1   force =     0.00013225    0.00010482    0.00007374
     atom   12 type  1   force =     0.00075656   -0.00069541    0.00079937
     atom   13 type  1   force =    -0.00011131   -0.00008672   -0.00045254
     atom   14 type  1   force =     0.00019152   -0.00036774    0.00017207
     atom   15 type  1   force =     0.00001613   -0.00002981   -0.00001588
     atom   16 type  1   force =    -0.00009836    0.00013534    0.00002086
     atom   17 type  1   force =    -0.00027313    0.00006890   -0.00016994
     atom   18 type  1   force =     0.00003466    0.00007012    0.00012219
     atom   19 type  1   force =    -0.00010008   -0.00008837   -0.00010010
     atom   20 type  1   force =    -0.00011709    0.00002924   -0.00011712
     atom   21 type  1   force =     0.00002055   -0.00002362    0.00001865
     atom   22 type  1   force =    -0.00002499    0.00001874   -0.00007639
     atom   23 type  1   force =     0.00022404   -0.00035894   -0.00053974
     atom   24 type  1   force =    -0.00002590    0.00001941    0.00005975
     atom   25 type  1   force =    -0.00004163    0.00013534    0.00013859
     atom   26 type  1   force =    -0.00000168   -0.00008223   -0.00005761
     atom   27 type  1   force =    -0.00004326   -0.00004838   -0.00000154
     atom   28 type  1   force =     0.00048987    0.00003803   -0.00041936
     atom   29 type  1   force =     0.00001465    0.00003618    0.00004209
     atom   30 type  1   force =     0.00003262    0.00008766   -0.00005939
     atom   31 type  1   force =     0.00034397    0.00072171    0.00034396
     atom   32 type  1   force =     0.00016819   -0.00031247    0.00016829
     atom   33 type  1   force =     0.00007548   -0.00009086    0.00006712
     atom   34 type  1   force =    -0.00014297    0.00073262   -0.00026277
     atom   35 type  1   force =     0.00009357   -0.00131691    0.00061970
     atom   36 type  1   force =    -0.00064112    0.00000639   -0.00002612
     atom   37 type  1   force =    -0.00018533   -0.00011522    0.00021692
     atom   38 type  1   force =    -0.00014709    0.00020174    0.00002878
     atom   39 type  1   force =     0.00003234   -0.00030952   -0.00010806
     atom   40 type  1   force =     0.00006867    0.00003729   -0.00015746
     atom   41 type  1   force =     0.00218023   -0.00169557   -0.00102082
     atom   42 type  1   force =    -0.00092704    0.00037637   -0.00043687
     atom   43 type  1   force =     0.00242405    0.00275290    0.00242386
     atom   44 type  1   force =     0.00098372   -0.00138076    0.00098379
     atom   45 type  1   force =     0.00013871    0.00013531   -0.00004162
     atom   46 type  1   force =    -0.00005764   -0.00008223   -0.00000176
     atom   47 type  1   force =     0.00024164   -0.00010392    0.00003550
     atom   48 type  1   force =    -0.00022055   -0.00005665    0.00004960
     atom   49 type  1   force =     0.00009644   -0.00009125   -0.00016117
     atom   50 type  1   force =    -0.00007121   -0.00008056    0.00003161
     atom   51 type  1   force =     0.00008716    0.00020683   -0.00002731
     atom   52 type  1   force =    -0.00010198    0.00002051    0.00004150
     atom   53 type  1   force =     0.00011848   -0.00001947   -0.00011715
     atom   54 type  1   force =    -0.00009045   -0.00001587   -0.00004400
     atom   55 type  1   force =    -0.00001180    0.00007556   -0.00001175
     atom   56 type  1   force =    -0.00002881    0.00006431   -0.00002884
     atom   57 type  1   force =     0.00071942   -0.00110886   -0.00068694
     atom   58 type  1   force =    -0.00005842   -0.00034199    0.00010331
     atom   59 type  1   force =     0.00008298   -0.00047801   -0.00290947
     atom   60 type  1   force =    -0.00035784   -0.00057637    0.00092759
     atom   61 type  1   force =     0.00003948    0.00001741    0.00027793
     atom   62 type  1   force =    -0.00004255   -0.00009057   -0.00006241
     atom   63 type  1   force =     0.00002983    0.00011767   -0.00004457
     atom   64 type  1   force =    -0.00009293    0.00012950    0.00004244
     atom   65 type  1   force =     0.00139991   -0.00000134    0.00052851
     atom   66 type  1   force =     0.00028899   -0.00002137   -0.00043900
     atom   67 type  1   force =     0.00004398   -0.00013220    0.00004409
     atom   68 type  1   force =    -0.00008024    0.00010133   -0.00008027
     atom   69 type  1   force =    -0.00016119   -0.00009145    0.00009642
     atom   70 type  1   force =     0.00003162   -0.00008043   -0.00007124
     atom   71 type  1   force =     0.00014637    0.00014205    0.00011998
     atom   72 type  1   force =     0.00004375    0.00014142   -0.00016293
     atom   73 type  1   force =    -0.00003410    0.00002427    0.00005387
     atom   74 type  1   force =     0.00000124    0.00002223   -0.00002664
     atom   75 type  1   force =    -0.00001920    0.00001399   -0.00001921
     atom   76 type  1   force =     0.00001477   -0.00000234    0.00001474
     atom   77 type  1   force =    -0.00003177   -0.00002569    0.00001033
     atom   78 type  1   force =    -0.00008284    0.00006537   -0.00007490
     atom   79 type  1   force =    -0.00001585   -0.00002980    0.00001610
     atom   80 type  1   force =     0.00002090    0.00013531   -0.00009835
     atom   81 type  1   force =     0.00001034   -0.00002568   -0.00003179
     atom   82 type  1   force =    -0.00007477    0.00006536   -0.00008290
     atom   83 type  1   force =     0.00010316   -0.00003046   -0.00006937
     atom   84 type  1   force =     0.00013969    0.00014587    0.00031114
     atom   85 type  1   force =     0.00023053    0.00006429    0.00026121
     atom   86 type  1   force =    -0.00000172    0.00001452   -0.00001419
     atom   87 type  1   force =     0.00000541    0.00000428    0.00000539
     atom   88 type  1   force =    -0.00000262   -0.00012187   -0.00000262
     atom   89 type  1   force =     0.00028278   -0.00023326    0.00068203
     atom   90 type  1   force =    -0.00000559    0.00002219   -0.00018555
     atom   91 type  1   force =     0.00000486   -0.00002831    0.00001599
     atom   92 type  1   force =    -0.00005843   -0.00002737   -0.00002464
     atom   93 type  1   force =    -0.00023286   -0.00006641    0.00017063
     atom   94 type  1   force =     0.00011934    0.00008563   -0.00015864
     atom   95 type  1   force =    -0.00007765   -0.00005734    0.00025516
     atom   96 type  1   force =    -0.00005014   -0.00008846   -0.00052091
     atom   97 type  1   force =     0.00004211    0.00003619    0.00001463
     atom   98 type  1   force =    -0.00005930    0.00008767    0.00003263
     atom   99 type  1   force =     0.00007591   -0.00003466    0.00007590
     atom  100 type  1   force =    -0.00012544   -0.00013302   -0.00012542
     atom  101 type  1   force =    -0.00006964   -0.00000209   -0.00002600
     atom  102 type  1   force =     0.00000382    0.00002980   -0.00001662
     atom  103 type  1   force =    -0.00010811   -0.00030953    0.00003225
     atom  104 type  1   force =    -0.00015736    0.00003735    0.00006860
     atom  105 type  1   force =    -0.00002595   -0.00000208   -0.00006964
     atom  106 type  1   force =    -0.00001663    0.00002983    0.00000387
     atom  107 type  1   force =    -0.00006322   -0.00005809   -0.00005786
     atom  108 type  1   force =    -0.00016875   -0.00003291    0.00010325
     atom  109 type  1   force =     0.00004372    0.00046251   -0.00073038
     atom  110 type  1   force =     0.00092549    0.00081978    0.00180422
     atom  111 type  1   force =    -0.00019623    0.00053095   -0.00019641
     atom  112 type  1   force =    -0.00181059   -0.00125457   -0.00180996
     atom  113 type  1   force =     0.00003990    0.00005689   -0.00011789
     atom  114 type  1   force =     0.00028360    0.00008276    0.00025949
     atom  115 type  1   force =    -0.00000144   -0.00004839   -0.00004323
     atom  116 type  1   force =    -0.00041966    0.00003901    0.00049027
     atom  117 type  1   force =     0.00006704   -0.00009078    0.00007556
     atom  118 type  1   force =    -0.00026246    0.00073257   -0.00014289
     atom  119 type  1   force =     0.00030927   -0.00043981   -0.00066736
     atom  120 type  1   force =    -0.00116505    0.00601845    0.00150737
     atom  121 type  1   force =    -0.00011747   -0.00001969    0.00011875
     atom  122 type  1   force =    -0.00004395   -0.00001576   -0.00009046
     atom  123 type  1   force =     0.00002597    0.00007750    0.00002600
     atom  124 type  1   force =     0.00002098    0.00007356    0.00002095
     atom  125 type  1   force =     0.00002112   -0.00011615    0.00002077
     atom  126 type  1   force =    -0.00006503    0.00007452   -0.00024466
     atom  127 type  1   force =    -0.00004455    0.00011757    0.00002974
     atom  128 type  1   force =     0.00004238    0.00012962   -0.00009297
     atom  129 type  1   force =     0.00002078   -0.00011598    0.00002110
     atom  130 type  1   force =    -0.00024474    0.00007417   -0.00006502
     atom  131 type  1   force =    -0.00008022   -0.00001098    0.00014858
     atom  132 type  1   force =     0.00055238   -0.00064275   -0.00129919
     atom  133 type  1   force =    -0.00162723   -0.00005003   -0.00013554
     atom  134 type  1   force =     0.00272461   -0.00477009   -0.00786248
     atom  135 type  1   force =     0.00008676   -0.00010599    0.00008685
     atom  136 type  1   force =    -0.00041678    0.00004492   -0.00041716
     atom  137 type  1   force =     0.00009916    0.00013984   -0.00021622
     atom  138 type  1   force =    -0.00002602   -0.00031337   -0.00006047
     atom  139 type  1   force =    -0.00002730    0.00020674    0.00008716
     atom  140 type  1   force =     0.00004152    0.00002055   -0.00010200
     atom  141 type  1   force =    -0.00068763   -0.00111097    0.00071999
     atom  142 type  1   force =     0.00010341   -0.00034199   -0.00005877
     atom  143 type  1   force =     0.00016608   -0.00089439    0.00376272
     atom  144 type  1   force =     0.00005667    0.00026330    0.00000116
     atom  145 type  1   force =    -0.00045220   -0.00008644   -0.00011110
     atom  146 type  1   force =     0.00017152   -0.00036775    0.00019174
     atom  147 type  1   force =    -0.00006929   -0.00003049    0.00010312
     atom  148 type  1   force =     0.00031118    0.00014599    0.00013980
     atom  149 type  1   force =     0.00068248   -0.00023355    0.00028304
     atom  150 type  1   force =    -0.00018559    0.00002225   -0.00000555
     atom  151 type  1   force =    -0.00053960   -0.00035894    0.00022398
     atom  152 type  1   force =     0.00005977    0.00001945   -0.00002588
     atom  153 type  1   force =     0.00026097    0.00006442    0.00023060
     atom  154 type  1   force =    -0.00001414    0.00001455   -0.00000178
     atom  155 type  1   force =     0.00015180   -0.00006620    0.00015177
     atom  156 type  1   force =     0.00005695    0.00053794    0.00005696
     atom  157 type  1   force =     0.00014041    0.00032450   -0.00024187
     atom  158 type  1   force =    -0.00009518    0.00013402   -0.00000093
     atom  159 type  1   force =     0.00025514   -0.00005728   -0.00007768
     atom  160 type  1   force =    -0.00052089   -0.00008846   -0.00005013
     atom  161 type  1   force =    -0.00024207    0.00032430    0.00014060
     atom  162 type  1   force =    -0.00000088    0.00013400   -0.00009528
     atom  163 type  1   force =     0.00007374    0.00010477    0.00013222
     atom  164 type  1   force =     0.00079929   -0.00069546    0.00075665
     atom  165 type  1   force =    -0.00017015    0.00006875   -0.00027310
     atom  166 type  1   force =     0.00012222    0.00007009    0.00003457
     atom  167 type  1   force =    -0.00011892   -0.00008938   -0.00011893
     atom  168 type  1   force =    -0.00029703    0.00080638   -0.00029697
     atom  169 type  1   force =     0.00021673   -0.00011520   -0.00018525
     atom  170 type  1   force =     0.00002888    0.00020174   -0.00014714
     atom  171 type  1   force =    -0.00005795   -0.00005821   -0.00006317
     atom  172 type  1   force =     0.00010325   -0.00003286   -0.00016908
     atom  173 type  1   force =    -0.00011806    0.00005685    0.00003994
     atom  174 type  1   force =     0.00025978    0.00008278    0.00028364
     atom  175 type  1   force =     0.00003536   -0.00010379    0.00024169
     atom  176 type  1   force =     0.00004971   -0.00005672   -0.00022062
     atom  177 type  1   force =    -0.00073021    0.00046245    0.00004353
     atom  178 type  1   force =     0.00180357    0.00081938    0.00092548
     atom  179 type  1   force =     0.00056052    0.00011461    0.00020700
     atom  180 type  1   force =    -0.00398677    0.00461462    0.00607079
     atom  181 type  1   force =    -0.00066769   -0.00043988    0.00030900
     atom  182 type  1   force =     0.00150790    0.00601499   -0.00116562
     atom  183 type  1   force =     0.00020696    0.00011459    0.00056055
     atom  184 type  1   force =     0.00607021    0.00461517   -0.00398712
     atom  185 type  1   force =     0.00061939   -0.00131693    0.00009322
     atom  186 type  1   force =    -0.00002611    0.00000631   -0.00064136
     atom  187 type  1   force =    -0.00102050   -0.00169550    0.00217988
     atom  188 type  1   force =    -0.00043691    0.00037636   -0.00092705
     atom  189 type  1   force =    -0.00913263    0.02675137   -0.00913329
     atom  190 type  1   force =    -0.00216483   -0.01061931   -0.00216425
     atom  191 type  1   force =     0.00027786    0.00001757    0.00003938
     atom  192 type  1   force =    -0.00006241   -0.00009058   -0.00004270
     atom  193 type  1   force =     0.00014857   -0.00001106   -0.00008035
     atom  194 type  1   force =    -0.00130040   -0.00064317    0.00055274
     atom  195 type  1   force =    -0.00021634    0.00013966    0.00009907
     atom  196 type  1   force =    -0.00006034   -0.00031343   -0.00002643
     atom  197 type  1   force =     0.00011996    0.00014211    0.00014623
     atom  198 type  1   force =    -0.00016300    0.00014132    0.00004369
     atom  199 type  1   force =    -0.00013537   -0.00005040   -0.00162740
     atom  200 type  1   force =    -0.00786742   -0.00477017    0.00272512
     atom  201 type  1   force =     0.00145841    0.00134549    0.00145930
     atom  202 type  1   force =     0.00010486   -0.00016584    0.00010480
     atom  203 type  1   force =     0.02734742   -0.01031645   -0.02031397
     atom  204 type  1   force =    -0.00208462   -0.00498227    0.00543641
     atom  205 type  1   force =     0.00376540   -0.00089539    0.00016765
     atom  206 type  1   force =     0.00000121    0.00026363    0.00005663
     atom  207 type  1   force =    -0.02031089   -0.01031682    0.02734214
     atom  208 type  1   force =     0.00543251   -0.00498261   -0.00208483
     atom  209 type  1   force =    -0.00290722   -0.00047707    0.00008405
     atom  210 type  1   force =     0.00092655   -0.00057606   -0.00035752
     atom  211 type  1   force =     0.00052864   -0.00000092    0.00139954
     atom  212 type  1   force =    -0.00043896   -0.00002171    0.00028915
     atom  213 type  1   force =    -0.00162179    0.00081378   -0.00162095
     atom  214 type  1   force =     0.00035904   -0.00029076    0.00035865
     atom  215 type  2   force =    -0.00228086    0.00994188   -0.00228199
 
     Wbse         :     1h21m CPU        1h27m WALL

     wbse_readin  :     14.36s CPU     19.56s WALL (       1 calls)
     wbse_fetch_n :      0.05s CPU      0.05s WALL (       1 calls)
     read_xml     :      1.65s CPU      2.36s WALL (       1 calls)
     init_vloc    :      0.02s CPU      0.02s WALL (       2 calls)
     fft          :     28.70s CPU     29.45s WALL (   17804 calls)
     fft_scatter  :   2088.24s CPU   2109.39s WALL ( 3887322 calls)
     v_of_rho     :      0.06s CPU      0.07s WALL (       1 calls)
     v_xc         :      0.06s CPU      0.06s WALL (       1 calls)
     v_h          :      0.01s CPU      0.01s WALL (       1 calls)
     read_wave    :     12.66s CPU     17.15s WALL (       1 calls)
     davcio       :      1.48s CPU     40.87s WALL (    8960 calls)
     init_us_1    :      0.01s CPU      0.01s WALL (       2 calls)
     do_setup     :      0.04s CPU      0.05s WALL (       1 calls)
     init_pw_ar   :      0.04s CPU      0.05s WALL (       1 calls)
     init_at_1    :      0.00s CPU      0.00s WALL (       1 calls)
     storesqvc    :      0.00s CPU      0.00s WALL (       1 calls)
     wbse_dv_setu :      0.13s CPU      0.13s WALL (       1 calls)
     setup_dmuxc  :      0.02s CPU      0.02s WALL (       1 calls)
     gather_grid  :      0.03s CPU      0.04s WALL (       8 calls)
     write_cube   :      8.59s CPU     43.60s WALL (       8 calls)
     chidiago     :   4847.38s CPU   5227.07s WALL (       1 calls)
     plep_db      :     29.91s CPU     33.50s WALL (       2 calls)
     paramgs      :    200.15s CPU    202.53s WALL (     198 calls)
     west_apply_l :   2972.63s CPU   3034.52s WALL (     895 calls)
     wbse_calc_de :    707.82s CPU    723.12s WALL (     934 calls)
     fftw         :   3100.35s CPU   3129.81s WALL ( 3869518 calls)
     wbse_dv_of_d :     43.95s CPU     44.79s WALL (     934 calls)
     init_us_2    :     12.89s CPU     13.15s WALL (    1876 calls)
     h_psi_bgrp   :    851.20s CPU    860.61s WALL (    1790 calls)
     h_psi        :    851.18s CPU    860.60s WALL (    1790 calls)
     h_psi:pot    :    845.36s CPU    854.69s WALL (    1790 calls)
     vloc_psi     :    643.38s CPU    649.37s WALL (    1790 calls)
     h_psi:calbec :    109.67s CPU    112.13s WALL (    1790 calls)
     calbec       :    109.66s CPU    112.12s WALL (    1790 calls)
     add_vuspsi   :     92.28s CPU     93.17s WALL (    1790 calls)
     alphapc      :    155.11s CPU    157.52s WALL (    3640 calls)
     build_hr     :    113.34s CPU    174.44s WALL (     198 calls)
     diagox       :      0.07s CPU      0.12s WALL (     198 calls)
     redistr_vr   :      0.00s CPU      0.01s WALL (     197 calls)
     update_vr    :    293.15s CPU    469.13s WALL (     197 calls)
     symm_hr      :      0.01s CPU      0.01s WALL (     197 calls)
     chidiago:las :     51.13s CPU     72.08s WALL (      19 calls)
     refresh_vr   :     52.07s CPU     73.60s WALL (      37 calls)
     precd_cg     :      3.09s CPU      3.54s WALL (      37 calls)
 
     Wbse         :     1h21m CPU        1h27m WALL

 
   This run was terminated on:   8:51:15  23Jun2022            

=------------------------------------------------------------------------------=
   JOB DONE.
=------------------------------------------------------------------------------=
