
     --------------------------------------------------------------------------------------------
     I/O Summary : input_west
     --------------------------------------------------------------------------------------------
     qe_prefix : pwscf
     west_prefix : pwscf
     outdir : ./
     --------------------------------------------------------------------------------------------

     --------------------------------------------------------------------------------------------
     I/O Summary : wbse_init_control
     --------------------------------------------------------------------------------------------
     wbse_init_calculation : S
     solver : TDDFT
     bse_method : PDEP
     n_pdep_eigen_to_use : 4090
     localization : W
     wfc_from_qbox : qb_wfc
     bisection_info : bis_info
     chi_kernel : CHI
     overlap_thr : 0.005
     spin_channel : 0
     n_trunc_bands : 0
     o_restart_time : 0.0
     --------------------------------------------------------------------------------------------

     --------------------------------------------------------------------------------------------
     I/O Summary : wbse_control
     --------------------------------------------------------------------------------------------
     wbse_calculation : D
     qp_correction : 
     scissor_ope : 0.0
     n_liouville_eigen : 12
     n_liouville_times : 4
     n_liouville_maxiter : 1000
     n_liouville_read_from_file : 0
     trev_liouville : 1e-08
     trev_liouville_rel : 1e-06
     n_lanczos : 1000
     n_steps_write_restart : 100
     wbse_ipol : XX
     l_dipole_realspace : False
     wbse_epsinfty : 1.0
     spin_excitation : S
     l_preconditioning : True
     l_pre_shift : False
     l_spin_flip : False
     l_spin_flip_kernel : False
     l_spin_flip_alda0 : False
     l_print_spin_flip_kernel : False
     spin_flip_cut1 : 1000.0
     l_reduce_io : True
     l_minimize_exx_if_active : False
     n_exx_lowrank : 2080
     --------------------------------------------------------------------------------------------

     Program WBSE v. 5.4.0 git rev. v5.3.0-109-g00a7e99 starts on  5Jun2023 at 16:13:30 

     This program is part of the open-source West suite
     for massively parallel calculations of excited states in materials; please cite
         "M. Govoni et al., J. Chem. Theory Comput. 11, 2680 (2015);
          URL http://www.west-code.org", 
     in publications or presentations arising from this work.

     Based on the Quantum ESPRESSO v. 7.1

     I/O is Little Endian
 
     --------------------------------------------------------------------------------------------
     **MPI** Parallelization Status
     --------------------------------------------------------------------------------------------
                    32                   1             1             4             8
     --------------------------------------------------------------------------------------------
                     N         =         I      X      P      X      B      X      Z
                     ^                   ^             ^             ^             ^
                     |                   |             |             |             |
                   #rnk                  |             |             |             |
                                      #image           |             |             |
                                                     #pool           |             |
                                                                   #bgrp           |
                                                                                 #R&G
     --------------------------------------------------------------------------------------------
     #prc =           32
     --------------------------------------------------------------------------------------------

     GPU acceleration enabled

     Reading xml data from directory:

     ./pwscf.save/
     EXX fraction changed:   0.36
     EXX Screening parameter changed:    0.0000000

     IMPORTANT: XC functional enforced from input :
     Exchange-correlation= PBE0
                           (   6   4   8   4   0   0   0)
     EXX-fraction              =        0.36
     Any further DFT definition will be discarded
     Please, verify this is what you really want

 
     Parallelization info
     --------------------
     sticks:   dense  smooth     PW     G-vecs:    dense   smooth      PW
     Min        2393    2393    597               249318   249318   31134
     Max        2398    2398    600               249322   249322   31140
     Sum       19157   19157   4785              1994569  1994569  249087
 
     Using Slab Decomposition
 
       ** WARNING : EXX-use_ace          = T
       ** WARNING : EXX-alpha            =       0.360000
       ** WARNING : EXX-erfc_scrlen      =       0.000000
       ** WARNING : EXX-gau_scrlen       =       0.000000
       ** WARNING : EXX-ecutfock         =     240.000000
       ** WARNING : EXX-exxdiv_treatment = gb            
     EXX: q-point mesh:     1    1    1
     EXX: grid of k+q points same as grid of k-points
     EXX: initializing ACE and reading from file
 ACE potential read for          2080 bands
 ACE potential read for          2080 bands
     Starting ACE correctly read from file
       ** WARNING : EXX-exxdiv           =   -4879.033960
 
     --------------------------------------------------------------------------------------------
     System Overview
     --------------------------------------------------------------------------------------------
     gamma_only           =              T
     ecutwfc [Ry]         =      60.000000
     ecutrho [Ry]         =     240.000000
     omega [au^3]         =   3.177010E+04
     nbnd                 =           2080
     nkstot               =              2
     nspin                =              2
     nelec                =    4090.000000
     nelup                =    2045.000000
     neldw                =    2045.000000
     npol                 =              1
     lsda                 =              T
     noncolin             =              F
     lspinorb             =              F
     --------------------------------------------------------------------------------------------

     3DFFT grid
        s : ( 160, 160, 160)
        p : ( 160, 160, 160)

     Direct Lattice Cell [a.u.]
        a1 = (    31.6718098     0.0000000     0.0000000)
        a2 = (     0.0000000    31.6718098     0.0000000)
        a3 = (     0.0000000     0.0000000    31.6718098)

     Reciprocal Lattice Cell [a.u.]
        b1 = (     0.1983842     0.0000000     0.0000000)
        b2 = (     0.0000000     0.1983842     0.0000000)
        b3 = (     0.0000000     0.0000000     0.1983842)
      

     Brillouin Zone sampling [cryst. coord.]
 
        k(000001) = (     0.0000000     0.0000000     0.0000000)
     Divergence =   1.535731E-01

     Macroscopic dielectric constant correction:  0.00000

     Reading overlap and rotation matrices from ./pwscf.wbse_init.save/o_and_u.1.dat

     Reading overlap and rotation matrices from ./pwscf.wbse_init.save/o_and_u.2.dat
 
     --------------------------------------------------------------------------------------------
     Parallelization for nvecx
     --------------------------------------------------------------------------------------------
     nglob                =             48
     nlevel               =              1
     Min nglob/nlevel     =             48
     Max nglob/nlevel     =             48
     --------------------------------------------------------------------------------------------
 
     --------------------------------------------------------------------------------------------
     Parallelization for nbndval
     --------------------------------------------------------------------------------------------
     nglob                =           2045
     nlevel               =              4
     Min nglob/nlevel     =            511
     Max nglob/nlevel     =            512
     --------------------------------------------------------------------------------------------

     [MEM] ----------------------------------------------------------
     [MEM] **Memory** analysis: QE
     [MEM] ----------------------------------------------------------
     [MEM] Allocated arrays           est. size (Mb)     dimensions
     [MEM] ----------------------------------------------------------
     [MEM] Kohn-Sham Wavefunctions     494.13 Mb     (  15569, 2080)
     [MEM] NL pseudopotentials         971.16 Mb     (  15569, 4088)
     [MEM] Each V/rho on FFT grid        7.81 Mb     ( 512000)
     [MEM] Each G-vector array           0.95 Mb     ( 124661)
     [MEM] G-vector shells               0.04 Mb     (   4998)
     [MEM] ----------------------------------------------------------
     [MEM] Total estimate             1474.10 Mb
     [MEM] ----------------------------------------------------------
     [MEM]
     [MEM] ----------------------------------------------------------
     [MEM] **Memory** analysis: WBSE global
     [MEM] ----------------------------------------------------------
     [MEM] Allocated arrays           est. size (Mb)     dimensions
     [MEM] ----------------------------------------------------------
     [MEM] dvg_exc                    5838.38 Mb     (  15569,  512,   48)
     [MEM] dng_exc                    5838.38 Mb     (  15569,  512,   48)
     [MEM] hr_distr                      0.02 Mb     (     48,   48)
     [MEM] vr_distr                      0.02 Mb     (     48,   48)
     [MEM] ----------------------------------------------------------
     [MEM] Total estimate            11676.79 Mb
     [MEM] ----------------------------------------------------------
     [MEM] 
     [MEM] ----------------------------------------------------------
     [MEM] **Memory** analysis: WBSE temporary
     [MEM] ----------------------------------------------------------
     [MEM] Allocated arrays           est. size (Mb)     dimensions
     [MEM] ----------------------------------------------------------
     [MEM] dvpsi                       243.27 Mb     (  15569, 1024)
     [MEM] dpsi                        243.27 Mb     (  15569, 1024)
     [MEM] Liouville workspace         243.27 Mb     (  15569, 1024)
     [MEM] kernel                      971.64 Mb     (  15569, 4090)
     [MEM] ----------------------------------------------------------
     [MEM] Total estimate             1701.43 Mb
     [MEM] ----------------------------------------------------------
 
     Using lowest energy electron-hole pairs as initial guess

                       *----------*              *----------*               *----------*
     #     Iteration = | starting |   WBSE_dim = |       12 |   Diago_dim = |       12 |
                       *----------*              *----------*               *----------*
     s-DIAGOX done in < 00.1s with cuSOLVER
     --------------------------------------------------------------------------------------------
 
        0.30991   0.31395   0.36683   0.36683   0.36683   0.39118   0.39118   0.39118   0.40467
        0.40467   0.40481   0.40481
 
     --------------------------------------------------------------------------------------------
     Tot. elapsed time 03m-16.7s,  time spent in last iteration 03m-16.7s
     --------------------------------------------------------------------------------------------

                       *----------*              *----------*               *----------*
     #     Iteration = |        1 |   WBSE_dim = |       12 |   Diago_dim = |       24 |
                       *----------*              *----------*               *----------*
     s-DIAGOX done in < 00.1s with cuSOLVER
     --------------------------------------------------------------------------------------------
     Max diff =  0.218E-01
 
        0.30871   0.31275   0.34503   0.34503   0.34503   0.38541   0.38541   0.38541   0.40427
        0.40429   0.40458   0.40458
 
     --------------------------------------------------------------------------------------------
     Tot. elapsed time 06m-36.4s,  time spent in last iteration 03m-19.6s
     --------------------------------------------------------------------------------------------

                       *----------*              *----------*               *----------*
     #     Iteration = |        2 |   WBSE_dim = |       12 |   Diago_dim = |       36 |
                       *----------*              *----------*               *----------*
     s-DIAGOX done in < 00.1s with cuSOLVER
     --------------------------------------------------------------------------------------------
     Max diff =  0.210E-01
 
        0.30800   0.31252   0.32407   0.32408   0.32408   0.38456   0.38456   0.38456   0.40408
        0.40415   0.40435   0.40438
 
     --------------------------------------------------------------------------------------------
     Tot. elapsed time 09m-57.9s,  time spent in last iteration 03m-21.4s
     --------------------------------------------------------------------------------------------

                       *----------*              *----------*               *----------*
     #     Iteration = |        3 |   WBSE_dim = |       12 |   Diago_dim = |       48 |
                       *----------*              *----------*               *----------*
     s-DIAGOX done in < 00.1s with cuSOLVER
     --------------------------------------------------------------------------------------------
     Max diff =  0.254E-01
 
        0.29866   0.29866   0.29867   0.30739   0.31229   0.38405   0.38405   0.38405   0.40396
        0.40406   0.40418   0.40425
 
     --------------------------------------------------------------------------------------------
     Tot. elapsed time 13m-20.3s,  time spent in last iteration 03m-22.4s
     --------------------------------------------------------------------------------------------

       Refresh the basis set

                       *----------*              *----------*               *----------*
     #     Iteration = |        4 |   WBSE_dim = |       12 |   Diago_dim = |       24 |
                       *----------*              *----------*               *----------*
     s-DIAGOX done in < 00.1s with cuSOLVER
     --------------------------------------------------------------------------------------------
     Max diff =  0.645E-02
 
        0.29221   0.29222   0.29222   0.30719   0.31217   0.38377   0.38377   0.38377   0.40392
        0.40403   0.40413   0.40421
 
     --------------------------------------------------------------------------------------------
     Tot. elapsed time 16m-57.9s,  time spent in last iteration 03m-22.6s
     --------------------------------------------------------------------------------------------

                       *----------*              *----------*               *----------*
     #     Iteration = |        5 |   WBSE_dim = |       12 |   Diago_dim = |       36 |
                       *----------*              *----------*               *----------*
     s-DIAGOX done in < 00.1s with cuSOLVER
     --------------------------------------------------------------------------------------------
     Max diff =  0.493E-02
 
        0.28729   0.28729   0.28729   0.30701   0.31206   0.38341   0.38341   0.38341   0.40386
        0.40399   0.40407   0.40417
 
     --------------------------------------------------------------------------------------------
     Tot. elapsed time 20m-18.8s,  time spent in last iteration 03m-20.9s
     --------------------------------------------------------------------------------------------

                       *----------*              *----------*               *----------*
     #     Iteration = |        6 |   WBSE_dim = |       12 |   Diago_dim = |       48 |
                       *----------*              *----------*               *----------*
     s-DIAGOX done in < 00.1s with cuSOLVER
     --------------------------------------------------------------------------------------------
     Max diff =  0.295E-02
 
        0.28434   0.28434   0.28434   0.30692   0.31193   0.38288   0.38288   0.38288   0.40383
        0.40395   0.40403   0.40414
 
     --------------------------------------------------------------------------------------------
     Tot. elapsed time 23m-39.5s,  time spent in last iteration 03m-20.6s
     --------------------------------------------------------------------------------------------

       Refresh the basis set

                       *----------*              *----------*               *----------*
     #     Iteration = |        7 |   WBSE_dim = |       12 |   Diago_dim = |       24 |
                       *----------*              *----------*               *----------*
     s-DIAGOX done in < 00.1s with cuSOLVER
     --------------------------------------------------------------------------------------------
     Max diff =  0.908E-03
 
        0.28343   0.28343   0.28343   0.30688   0.31185   0.38254   0.38254   0.38255   0.40380
        0.40393   0.40401   0.40412
 
     --------------------------------------------------------------------------------------------
     Tot. elapsed time 27m-17.1s,  time spent in last iteration 03m-22.7s
     --------------------------------------------------------------------------------------------

                       *----------*              *----------*               *----------*
     #     Iteration = |        8 |   WBSE_dim = |       12 |   Diago_dim = |       36 |
                       *----------*              *----------*               *----------*
     s-DIAGOX done in < 00.1s with cuSOLVER
     --------------------------------------------------------------------------------------------
     Max diff =  0.742E-03
 
        0.28269   0.28269   0.28269   0.30683   0.31178   0.38226   0.38226   0.38226   0.40378
        0.40391   0.40399   0.40410
 
     --------------------------------------------------------------------------------------------
     Tot. elapsed time 30m-37.3s,  time spent in last iteration 03m-20.1s
     --------------------------------------------------------------------------------------------

                       *----------*              *----------*               *----------*
     #     Iteration = |        9 |   WBSE_dim = |       12 |   Diago_dim = |       48 |
                       *----------*              *----------*               *----------*
     s-DIAGOX done in < 00.1s with cuSOLVER
     --------------------------------------------------------------------------------------------
     Max diff =  0.463E-03
 
        0.28223   0.28223   0.28223   0.30679   0.31172   0.38208   0.38208   0.38208   0.40376
        0.40389   0.40396   0.40407
 
     --------------------------------------------------------------------------------------------
     Tot. elapsed time 33m-59.0s,  time spent in last iteration 03m-21.7s
     --------------------------------------------------------------------------------------------

       Refresh the basis set

                       *----------*              *----------*               *----------*
     #     Iteration = |       10 |   WBSE_dim = |       12 |   Diago_dim = |       24 |
                       *----------*              *----------*               *----------*
     s-DIAGOX done in < 00.1s with cuSOLVER
     --------------------------------------------------------------------------------------------
     Max diff =  0.273E-03
 
        0.28195   0.28195   0.28195   0.30676   0.31168   0.38193   0.38193   0.38193   0.40375
        0.40388   0.40394   0.40405
 
     --------------------------------------------------------------------------------------------
     Tot. elapsed time 37m-36.7s,  time spent in last iteration 03m-22.8s
     --------------------------------------------------------------------------------------------

                       *----------*              *----------*               *----------*
     #     Iteration = |       11 |   WBSE_dim = |       12 |   Diago_dim = |       36 |
                       *----------*              *----------*               *----------*
     s-DIAGOX done in < 00.1s with cuSOLVER
     --------------------------------------------------------------------------------------------
     Max diff =  0.267E-03
 
        0.28169   0.28169   0.28169   0.30674   0.31163   0.38171   0.38171   0.38171   0.40374
        0.40386   0.40392   0.40403
 
     --------------------------------------------------------------------------------------------
     Tot. elapsed time 40m-58.4s,  time spent in last iteration 03m-21.7s
     --------------------------------------------------------------------------------------------

                       *----------*              *----------*               *----------*
     #     Iteration = |       12 |   WBSE_dim = |       12 |   Diago_dim = |       48 |
                       *----------*              *----------*               *----------*
     s-DIAGOX done in < 00.1s with cuSOLVER
     --------------------------------------------------------------------------------------------
     Max diff =  0.259E-03
 
        0.28147   0.28147   0.28147   0.30672   0.31158   0.38145   0.38145   0.38145   0.40372
        0.40385   0.40391   0.40402
 
     --------------------------------------------------------------------------------------------
     Tot. elapsed time 44m-20.4s,  time spent in last iteration 03m-21.9s
     --------------------------------------------------------------------------------------------

       Refresh the basis set

                       *----------*              *----------*               *----------*
     #     Iteration = |       13 |   WBSE_dim = |       12 |   Diago_dim = |       24 |
                       *----------*              *----------*               *----------*
     s-DIAGOX done in < 00.1s with cuSOLVER
     --------------------------------------------------------------------------------------------
     Max diff =  0.211E-03
 
        0.28132   0.28132   0.28132   0.30670   0.31155   0.38124   0.38124   0.38124   0.40371
        0.40384   0.40390   0.40401
 
     --------------------------------------------------------------------------------------------
     Tot. elapsed time 47m-57.9s,  time spent in last iteration 03m-22.3s
     --------------------------------------------------------------------------------------------

                       *----------*              *----------*               *----------*
     #     Iteration = |       14 |   WBSE_dim = |       12 |   Diago_dim = |       36 |
                       *----------*              *----------*               *----------*
     s-DIAGOX done in < 00.1s with cuSOLVER
     --------------------------------------------------------------------------------------------
     Max diff =  0.187E-03
 
        0.28118   0.28118   0.28118   0.30668   0.31151   0.38105   0.38105   0.38105   0.40370
        0.40383   0.40388   0.40400
 
     --------------------------------------------------------------------------------------------
     Tot. elapsed time 51m-18.8s,  time spent in last iteration 03m-20.8s
     --------------------------------------------------------------------------------------------

                       *----------*              *----------*               *----------*
     #     Iteration = |       15 |   WBSE_dim = |       12 |   Diago_dim = |       48 |
                       *----------*              *----------*               *----------*
     s-DIAGOX done in < 00.1s with cuSOLVER
     --------------------------------------------------------------------------------------------
     Max diff =  0.115E-03
 
        0.28107   0.28107   0.28107   0.30667   0.31149   0.38094   0.38094   0.38094   0.40369
        0.40382   0.40387   0.40398
 
     --------------------------------------------------------------------------------------------
     Tot. elapsed time 54m-37.8s,  time spent in last iteration 03m-19.0s
     --------------------------------------------------------------------------------------------

       Refresh the basis set

                       *----------*              *----------*               *----------*
     #     Iteration = |       16 |   WBSE_dim = |       12 |   Diago_dim = |       24 |
                       *----------*              *----------*               *----------*
     s-DIAGOX done in < 00.1s with cuSOLVER
     --------------------------------------------------------------------------------------------
     Max diff =  0.965E-04
 
        0.28099   0.28099   0.28099   0.30665   0.31147   0.38084   0.38084   0.38084   0.40368
        0.40381   0.40386   0.40397
 
     --------------------------------------------------------------------------------------------
     Tot. elapsed time 58m-13.7s,  time spent in last iteration 03m-20.5s
     --------------------------------------------------------------------------------------------

                       *----------*              *----------*               *----------*
     #     Iteration = |       17 |   WBSE_dim = |       12 |   Diago_dim = |       36 |
                       *----------*              *----------*               *----------*
     s-DIAGOX done in < 00.1s with cuSOLVER
     --------------------------------------------------------------------------------------------
     Max diff =  0.151E-03
 
        0.28090   0.28090   0.28090   0.30664   0.31144   0.38069   0.38069   0.38069   0.40367
        0.40380   0.40385   0.40396
 
     --------------------------------------------------------------------------------------------
     Tot. elapsed time 01h-01m-30.8s,  time spent in last iteration 03m-17.0s
     --------------------------------------------------------------------------------------------

                       *----------*              *----------*               *----------*
     #     Iteration = |       18 |   WBSE_dim = |       12 |   Diago_dim = |       48 |
                       *----------*              *----------*               *----------*
     s-DIAGOX done in < 00.1s with cuSOLVER
     --------------------------------------------------------------------------------------------
     Max diff =  0.168E-03
 
        0.28083   0.28083   0.28083   0.30663   0.31142   0.38052   0.38052   0.38052   0.40367
        0.40379   0.40384   0.40395
 
     --------------------------------------------------------------------------------------------
     Tot. elapsed time 01h-04m-49.0s,  time spent in last iteration 03m-18.2s
     --------------------------------------------------------------------------------------------

       Refresh the basis set

                       *----------*              *----------*               *----------*
     #     Iteration = |       19 |   WBSE_dim = |       12 |   Diago_dim = |       24 |
                       *----------*              *----------*               *----------*
     s-DIAGOX done in < 00.1s with cuSOLVER
     --------------------------------------------------------------------------------------------
     Max diff =  0.142E-03
 
        0.28077   0.28077   0.28077   0.30662   0.31141   0.38038   0.38038   0.38038   0.40366
        0.40378   0.40383   0.40395
 
     --------------------------------------------------------------------------------------------
     Tot. elapsed time 01h-08m-29.5s,  time spent in last iteration 03m-24.0s
     --------------------------------------------------------------------------------------------

                       *----------*              *----------*               *----------*
     #     Iteration = |       20 |   WBSE_dim = |       12 |   Diago_dim = |       36 |
                       *----------*              *----------*               *----------*
     s-DIAGOX done in < 00.1s with cuSOLVER
     --------------------------------------------------------------------------------------------
     Max diff =  0.123E-03
 
        0.28072   0.28072   0.28072   0.30662   0.31139   0.38026   0.38026   0.38026   0.40365
        0.40378   0.40383   0.40394
 
     --------------------------------------------------------------------------------------------
     Tot. elapsed time 01h-11m-48.3s,  time spent in last iteration 03m-18.8s
     --------------------------------------------------------------------------------------------

                       *----------*              *----------*               *----------*
     #     Iteration = |       21 |   WBSE_dim = |       12 |   Diago_dim = |       48 |
                       *----------*              *----------*               *----------*
     s-DIAGOX done in < 00.1s with cuSOLVER
     --------------------------------------------------------------------------------------------
     Max diff =  0.774E-04
 
        0.28068   0.28068   0.28068   0.30661   0.31138   0.38018   0.38018   0.38018   0.40365
        0.40377   0.40382   0.40393
 
     --------------------------------------------------------------------------------------------
     Tot. elapsed time 01h-15m-08.0s,  time spent in last iteration 03m-19.7s
     --------------------------------------------------------------------------------------------

       Refresh the basis set

                       *----------*              *----------*               *----------*
     #     Iteration = |       22 |   WBSE_dim = |       12 |   Diago_dim = |       24 |
                       *----------*              *----------*               *----------*
     s-DIAGOX done in < 00.1s with cuSOLVER
     --------------------------------------------------------------------------------------------
     Max diff =  0.666E-04
 
        0.28064   0.28064   0.28064   0.30660   0.31137   0.38011   0.38011   0.38011   0.40364
        0.40376   0.40381   0.40392
 
     --------------------------------------------------------------------------------------------
     Tot. elapsed time 01h-18m-43.2s,  time spent in last iteration 03m-22.0s
     --------------------------------------------------------------------------------------------

                       *----------*              *----------*               *----------*
     #     Iteration = |       23 |   WBSE_dim = |       12 |   Diago_dim = |       36 |
                       *----------*              *----------*               *----------*
     s-DIAGOX done in < 00.1s with cuSOLVER
     --------------------------------------------------------------------------------------------
     Max diff =  0.101E-03
 
        0.28061   0.28061   0.28061   0.30660   0.31136   0.38001   0.38001   0.38001   0.40364
        0.40376   0.40381   0.40392
 
     --------------------------------------------------------------------------------------------
     Tot. elapsed time 01h-22m-02.4s,  time spent in last iteration 03m-19.1s
     --------------------------------------------------------------------------------------------

                       *----------*              *----------*               *----------*
     #     Iteration = |       24 |   WBSE_dim = |       12 |   Diago_dim = |       48 |
                       *----------*              *----------*               *----------*
     s-DIAGOX done in < 00.1s with cuSOLVER
     --------------------------------------------------------------------------------------------
     Max diff =  0.114E-03
 
        0.28058   0.28058   0.28058   0.30659   0.31135   0.37990   0.37990   0.37990   0.40363
        0.40375   0.40380   0.40391
 
     --------------------------------------------------------------------------------------------
     Tot. elapsed time 01h-25m-23.8s,  time spent in last iteration 03m-21.4s
     --------------------------------------------------------------------------------------------

       Refresh the basis set

                       *----------*              *----------*               *----------*
     #     Iteration = |       25 |   WBSE_dim = |       12 |   Diago_dim = |       24 |
                       *----------*              *----------*               *----------*
     s-DIAGOX done in < 00.1s with cuSOLVER
     --------------------------------------------------------------------------------------------
     Max diff =  0.977E-04
 
        0.28056   0.28056   0.28056   0.30659   0.31134   0.37980   0.37980   0.37980   0.40363
        0.40375   0.40380   0.40391
 
     --------------------------------------------------------------------------------------------
     Tot. elapsed time 01h-28m-57.6s,  time spent in last iteration 03m-20.5s
     --------------------------------------------------------------------------------------------

                       *----------*              *----------*               *----------*
     #     Iteration = |       26 |   WBSE_dim = |       12 |   Diago_dim = |       36 |
                       *----------*              *----------*               *----------*
     s-DIAGOX done in < 00.1s with cuSOLVER
     --------------------------------------------------------------------------------------------
     Max diff =  0.819E-04
 
        0.28053   0.28053   0.28053   0.30658   0.31133   0.37972   0.37972   0.37972   0.40362
        0.40375   0.40379   0.40390
 
     --------------------------------------------------------------------------------------------
     Tot. elapsed time 01h-32m-16.8s,  time spent in last iteration 03m-19.1s
     --------------------------------------------------------------------------------------------

                       *----------*              *----------*               *----------*
     #     Iteration = |       27 |   WBSE_dim = |       12 |   Diago_dim = |       48 |
                       *----------*              *----------*               *----------*
     s-DIAGOX done in < 00.1s with cuSOLVER
     --------------------------------------------------------------------------------------------
     Max diff =  0.524E-04
 
        0.28052   0.28052   0.28052   0.30658   0.31133   0.37967   0.37967   0.37967   0.40362
        0.40374   0.40379   0.40390
 
     --------------------------------------------------------------------------------------------
     Tot. elapsed time 01h-35m-37.2s,  time spent in last iteration 03m-20.4s
     --------------------------------------------------------------------------------------------

       Refresh the basis set

                       *----------*              *----------*               *----------*
     #     Iteration = |       28 |   WBSE_dim = |       12 |   Diago_dim = |       24 |
                       *----------*              *----------*               *----------*
     s-DIAGOX done in < 00.1s with cuSOLVER
     --------------------------------------------------------------------------------------------
     Max diff =  0.459E-04
 
        0.28050   0.28050   0.28050   0.30658   0.31132   0.37962   0.37962   0.37962   0.40362
        0.40374   0.40378   0.40389
 
     --------------------------------------------------------------------------------------------
     Tot. elapsed time 01h-39m-10.6s,  time spent in last iteration 03m-20.2s
     --------------------------------------------------------------------------------------------

                       *----------*              *----------*               *----------*
     #     Iteration = |       29 |   WBSE_dim = |       12 |   Diago_dim = |       36 |
                       *----------*              *----------*               *----------*
     s-DIAGOX done in < 00.1s with cuSOLVER
     --------------------------------------------------------------------------------------------
     Max diff =  0.674E-04
 
        0.28049   0.28049   0.28049   0.30657   0.31132   0.37955   0.37955   0.37955   0.40361
        0.40374   0.40378   0.40389
 
     --------------------------------------------------------------------------------------------
     Tot. elapsed time 01h-42m-29.7s,  time spent in last iteration 03m-19.1s
     --------------------------------------------------------------------------------------------

                       *----------*              *----------*               *----------*
     #     Iteration = |       30 |   WBSE_dim = |       12 |   Diago_dim = |       48 |
                       *----------*              *----------*               *----------*
     s-DIAGOX done in < 00.1s with cuSOLVER
     --------------------------------------------------------------------------------------------
     Max diff =  0.774E-04
 
        0.28048   0.28048   0.28048   0.30657   0.31131   0.37947   0.37948   0.37948   0.40361
        0.40373   0.40378   0.40389
 
     --------------------------------------------------------------------------------------------
     Tot. elapsed time 01h-45m-49.6s,  time spent in last iteration 03m-19.8s
     --------------------------------------------------------------------------------------------

       Refresh the basis set

                       *----------*              *----------*               *----------*
     #     Iteration = |       31 |   WBSE_dim = |       12 |   Diago_dim = |       24 |
                       *----------*              *----------*               *----------*
     s-DIAGOX done in < 00.1s with cuSOLVER
     --------------------------------------------------------------------------------------------
     Max diff =  0.671E-04
 
        0.28047   0.28047   0.28047   0.30657   0.31131   0.37941   0.37941   0.37941   0.40361
        0.40373   0.40377   0.40389
 
     --------------------------------------------------------------------------------------------
     Tot. elapsed time 01h-49m-23.3s,  time spent in last iteration 03m-20.4s
     --------------------------------------------------------------------------------------------

                       *----------*              *----------*               *----------*
     #     Iteration = |       32 |   WBSE_dim = |       12 |   Diago_dim = |       36 |
                       *----------*              *----------*               *----------*
     s-DIAGOX done in < 00.1s with cuSOLVER
     --------------------------------------------------------------------------------------------
     Max diff =  0.545E-04
 
        0.28046   0.28046   0.28046   0.30657   0.31130   0.37935   0.37935   0.37935   0.40361
        0.40373   0.40377   0.40388
 
     --------------------------------------------------------------------------------------------
     Tot. elapsed time 01h-52m-41.9s,  time spent in last iteration 03m-18.5s
     --------------------------------------------------------------------------------------------

                       *----------*              *----------*               *----------*
     #     Iteration = |       33 |   WBSE_dim = |       12 |   Diago_dim = |       48 |
                       *----------*              *----------*               *----------*
     s-DIAGOX done in < 00.1s with cuSOLVER
     --------------------------------------------------------------------------------------------
     Max diff =  0.356E-04
 
        0.28045   0.28045   0.28045   0.30657   0.31130   0.37932   0.37932   0.37932   0.40360
        0.40372   0.40377   0.40388
 
     --------------------------------------------------------------------------------------------
     Tot. elapsed time 01h-56m-01.8s,  time spent in last iteration 03m-19.9s
     --------------------------------------------------------------------------------------------

       Refresh the basis set

                       *----------*              *----------*               *----------*
     #     Iteration = |       34 |   WBSE_dim = |       12 |   Diago_dim = |       24 |
                       *----------*              *----------*               *----------*
     s-DIAGOX done in < 00.1s with cuSOLVER
     --------------------------------------------------------------------------------------------
     Max diff =  0.315E-04
 
        0.28044   0.28044   0.28044   0.30656   0.31130   0.37929   0.37929   0.37929   0.40360
        0.40372   0.40377   0.40388
 
     --------------------------------------------------------------------------------------------
     Tot. elapsed time 01h-59m-36.0s,  time spent in last iteration 03m-20.9s
     --------------------------------------------------------------------------------------------

                       *----------*              *----------*               *----------*
     #     Iteration = |       35 |   WBSE_dim = |       12 |   Diago_dim = |       36 |
                       *----------*              *----------*               *----------*
     s-DIAGOX done in < 00.1s with cuSOLVER
     --------------------------------------------------------------------------------------------
     Max diff =  0.450E-04
 
        0.28044   0.28044   0.28044   0.30656   0.31130   0.37924   0.37924   0.37924   0.40360
        0.40372   0.40376   0.40387
 
     --------------------------------------------------------------------------------------------
     Tot. elapsed time 02h-02m-55.2s,  time spent in last iteration 03m-19.2s
     --------------------------------------------------------------------------------------------

                       *----------*              *----------*               *----------*
     #     Iteration = |       36 |   WBSE_dim = |       12 |   Diago_dim = |       48 |
                       *----------*              *----------*               *----------*
     s-DIAGOX done in < 00.1s with cuSOLVER
     --------------------------------------------------------------------------------------------
     Max diff =  0.527E-04
 
        0.28043   0.28043   0.28043   0.30656   0.31129   0.37919   0.37919   0.37919   0.40360
        0.40372   0.40376   0.40387
 
     --------------------------------------------------------------------------------------------
     Tot. elapsed time 02h-06m-14.2s,  time spent in last iteration 03m-19.0s
     --------------------------------------------------------------------------------------------

       Refresh the basis set

                       *----------*              *----------*               *----------*
     #     Iteration = |       37 |   WBSE_dim = |       12 |   Diago_dim = |       24 |
                       *----------*              *----------*               *----------*
     s-DIAGOX done in < 00.1s with cuSOLVER
     --------------------------------------------------------------------------------------------
     Max diff =  0.460E-04
 
        0.28043   0.28043   0.28043   0.30656   0.31129   0.37914   0.37914   0.37914   0.40360
        0.40372   0.40376   0.40387
 
     --------------------------------------------------------------------------------------------
     Tot. elapsed time 02h-09m-48.7s,  time spent in last iteration 03m-21.4s
     --------------------------------------------------------------------------------------------

                       *----------*              *----------*               *----------*
     #     Iteration = |       38 |   WBSE_dim = |       12 |   Diago_dim = |       36 |
                       *----------*              *----------*               *----------*
     s-DIAGOX done in < 00.1s with cuSOLVER
     --------------------------------------------------------------------------------------------
     Max diff =  0.363E-04
 
        0.28043   0.28043   0.28043   0.30656   0.31129   0.37911   0.37911   0.37911   0.40360
        0.40371   0.40376   0.40387
 
     --------------------------------------------------------------------------------------------
     Tot. elapsed time 02h-13m-08.5s,  time spent in last iteration 03m-19.7s
     --------------------------------------------------------------------------------------------

                       *----------*              *----------*               *----------*
     #     Iteration = |       39 |   WBSE_dim = |       12 |   Diago_dim = |       48 |
                       *----------*              *----------*               *----------*
     s-DIAGOX done in < 00.1s with cuSOLVER
     --------------------------------------------------------------------------------------------
     Max diff =  0.242E-04
 
        0.28042   0.28042   0.28042   0.30656   0.31129   0.37908   0.37908   0.37908   0.40359
        0.40371   0.40376   0.40387
 
     --------------------------------------------------------------------------------------------
     Tot. elapsed time 02h-16m-27.7s,  time spent in last iteration 03m-19.2s
     --------------------------------------------------------------------------------------------

       Refresh the basis set

                       *----------*              *----------*               *----------*
     #     Iteration = |       40 |   WBSE_dim = |       12 |   Diago_dim = |       24 |
                       *----------*              *----------*               *----------*
     s-DIAGOX done in < 00.1s with cuSOLVER
     --------------------------------------------------------------------------------------------
     Max diff =  0.216E-04
 
        0.28042   0.28042   0.28042   0.30656   0.31129   0.37906   0.37906   0.37906   0.40359
        0.40371   0.40375   0.40387
 
     --------------------------------------------------------------------------------------------
     Tot. elapsed time 02h-20m-03.1s,  time spent in last iteration 03m-22.2s
     --------------------------------------------------------------------------------------------

                       *----------*              *----------*               *----------*
     #     Iteration = |       41 |   WBSE_dim = |       12 |   Diago_dim = |       36 |
                       *----------*              *----------*               *----------*
     s-DIAGOX done in < 00.1s with cuSOLVER
     --------------------------------------------------------------------------------------------
     Max diff =  0.301E-04
 
        0.28042   0.28042   0.28042   0.30656   0.31129   0.37903   0.37903   0.37903   0.40359
        0.40371   0.40375   0.40386
 
     --------------------------------------------------------------------------------------------
     Tot. elapsed time 02h-23m-22.4s,  time spent in last iteration 03m-19.3s
     --------------------------------------------------------------------------------------------

                       *----------*              *----------*               *----------*
     #     Iteration = |       42 |   WBSE_dim = |       12 |   Diago_dim = |       48 |
                       *----------*              *----------*               *----------*
     s-DIAGOX done in < 00.1s with cuSOLVER
     --------------------------------------------------------------------------------------------
     Max diff =  0.359E-04
 
        0.28041   0.28042   0.28042   0.30656   0.31128   0.37899   0.37899   0.37900   0.40359
        0.40371   0.40375   0.40386
 
     --------------------------------------------------------------------------------------------
     Tot. elapsed time 02h-26m-44.2s,  time spent in last iteration 03m-21.7s
     --------------------------------------------------------------------------------------------

       Refresh the basis set

                       *----------*              *----------*               *----------*
     #     Iteration = |       43 |   WBSE_dim = |       12 |   Diago_dim = |       24 |
                       *----------*              *----------*               *----------*
     s-DIAGOX done in < 00.1s with cuSOLVER
     --------------------------------------------------------------------------------------------
     Max diff =  0.315E-04
 
        0.28041   0.28041   0.28041   0.30656   0.31128   0.37896   0.37896   0.37896   0.40359
        0.40371   0.40375   0.40386
 
     --------------------------------------------------------------------------------------------
     Tot. elapsed time 02h-30m-19.2s,  time spent in last iteration 03m-21.7s
     --------------------------------------------------------------------------------------------

                       *----------*              *----------*               *----------*
     #     Iteration = |       44 |   WBSE_dim = |       12 |   Diago_dim = |       36 |
                       *----------*              *----------*               *----------*
     s-DIAGOX done in < 00.1s with cuSOLVER
     --------------------------------------------------------------------------------------------
     Max diff =  0.242E-04
 
        0.28041   0.28041   0.28041   0.30656   0.31128   0.37894   0.37894   0.37894   0.40359
        0.40371   0.40375   0.40386
 
     --------------------------------------------------------------------------------------------
     Tot. elapsed time 02h-33m-39.5s,  time spent in last iteration 03m-20.3s
     --------------------------------------------------------------------------------------------

                       *----------*              *----------*               *----------*
     #     Iteration = |       45 |   WBSE_dim = |       12 |   Diago_dim = |       48 |
                       *----------*              *----------*               *----------*
     s-DIAGOX done in < 00.1s with cuSOLVER
     --------------------------------------------------------------------------------------------
     Max diff =  0.164E-04
 
        0.28041   0.28041   0.28041   0.30656   0.31128   0.37892   0.37892   0.37892   0.40359
        0.40371   0.40375   0.40386
 
     --------------------------------------------------------------------------------------------
     Tot. elapsed time 02h-36m-59.3s,  time spent in last iteration 03m-19.8s
     --------------------------------------------------------------------------------------------

       Refresh the basis set

                       *----------*              *----------*               *----------*
     #     Iteration = |       46 |   WBSE_dim = |       12 |   Diago_dim = |       24 |
                       *----------*              *----------*               *----------*
     s-DIAGOX done in < 00.1s with cuSOLVER
     --------------------------------------------------------------------------------------------
     Max diff =  0.148E-04
 
        0.28041   0.28041   0.28041   0.30655   0.31128   0.37891   0.37891   0.37891   0.40359
        0.40371   0.40375   0.40386
 
     --------------------------------------------------------------------------------------------
     Tot. elapsed time 02h-40m-33.4s,  time spent in last iteration 03m-20.9s
     --------------------------------------------------------------------------------------------

                       *----------*              *----------*               *----------*
     #     Iteration = |       47 |   WBSE_dim = |       12 |   Diago_dim = |       36 |
                       *----------*              *----------*               *----------*
     s-DIAGOX done in < 00.1s with cuSOLVER
     --------------------------------------------------------------------------------------------
     Max diff =  0.202E-04
 
        0.28041   0.28041   0.28041   0.30655   0.31128   0.37889   0.37889   0.37889   0.40359
        0.40370   0.40375   0.40386
 
     --------------------------------------------------------------------------------------------
     Tot. elapsed time 02h-43m-52.1s,  time spent in last iteration 03m-18.7s
     --------------------------------------------------------------------------------------------

                       *----------*              *----------*               *----------*
     #     Iteration = |       48 |   WBSE_dim = |       12 |   Diago_dim = |       48 |
                       *----------*              *----------*               *----------*
     s-DIAGOX done in < 00.1s with cuSOLVER
     --------------------------------------------------------------------------------------------
     Max diff =  0.244E-04
 
        0.28041   0.28041   0.28041   0.30655   0.31128   0.37886   0.37886   0.37886   0.40358
        0.40370   0.40375   0.40386
 
     --------------------------------------------------------------------------------------------
     Tot. elapsed time 02h-47m-12.4s,  time spent in last iteration 03m-20.2s
     --------------------------------------------------------------------------------------------

       Refresh the basis set

                       *----------*              *----------*               *----------*
     #     Iteration = |       49 |   WBSE_dim = |       12 |   Diago_dim = |       24 |
                       *----------*              *----------*               *----------*
     s-DIAGOX done in < 00.1s with cuSOLVER
     --------------------------------------------------------------------------------------------
     Max diff =  0.216E-04
 
        0.28041   0.28041   0.28041   0.30655   0.31128   0.37884   0.37884   0.37884   0.40358
        0.40370   0.40375   0.40386
 
     --------------------------------------------------------------------------------------------
     Tot. elapsed time 02h-50m-46.9s,  time spent in last iteration 03m-21.5s
     --------------------------------------------------------------------------------------------

                       *----------*              *----------*               *----------*
     #     Iteration = |       50 |   WBSE_dim = |       12 |   Diago_dim = |       36 |
                       *----------*              *----------*               *----------*
     s-DIAGOX done in < 00.1s with cuSOLVER
     --------------------------------------------------------------------------------------------
     Max diff =  0.162E-04
 
        0.28041   0.28041   0.28041   0.30655   0.31128   0.37882   0.37883   0.37883   0.40358
        0.40370   0.40375   0.40386
 
     --------------------------------------------------------------------------------------------
     Tot. elapsed time 02h-54m-05.0s,  time spent in last iteration 03m-18.0s
     --------------------------------------------------------------------------------------------

                       *----------*              *----------*               *----------*
     #     Iteration = |       51 |   WBSE_dim = |       12 |   Diago_dim = |       48 |
                       *----------*              *----------*               *----------*
     s-DIAGOX done in < 00.1s with cuSOLVER
     --------------------------------------------------------------------------------------------
     Max diff =  0.112E-04
 
        0.28041   0.28041   0.28041   0.30655   0.31128   0.37881   0.37881   0.37881   0.40358
        0.40370   0.40374   0.40385
 
     --------------------------------------------------------------------------------------------
     Tot. elapsed time 02h-57m-24.9s,  time spent in last iteration 03m-19.8s
     --------------------------------------------------------------------------------------------

       Refresh the basis set

                       *----------*              *----------*               *----------*
     #     Iteration = |       52 |   WBSE_dim = |       12 |   Diago_dim = |       24 |
                       *----------*              *----------*               *----------*
     s-DIAGOX done in < 00.1s with cuSOLVER
     --------------------------------------------------------------------------------------------
     Max diff =  0.101E-04
 
        0.28040   0.28040   0.28040   0.30655   0.31128   0.37880   0.37880   0.37880   0.40358
        0.40370   0.40374   0.40385
 
     --------------------------------------------------------------------------------------------
     Tot. elapsed time 03h-00m-58.7s,  time spent in last iteration 03m-20.6s
     --------------------------------------------------------------------------------------------

                       *----------*              *----------*               *----------*
     #     Iteration = |       53 |   WBSE_dim = |       12 |   Diago_dim = |       36 |
                       *----------*              *----------*               *----------*
     s-DIAGOX done in < 00.1s with cuSOLVER
     --------------------------------------------------------------------------------------------
     Max diff =  0.136E-04
 
        0.28040   0.28040   0.28040   0.30655   0.31128   0.37879   0.37879   0.37879   0.40358
        0.40370   0.40374   0.40385
 
     --------------------------------------------------------------------------------------------
     Tot. elapsed time 03h-04m-17.8s,  time spent in last iteration 03m-19.0s
     --------------------------------------------------------------------------------------------

                       *----------*              *----------*               *----------*
     #     Iteration = |       54 |   WBSE_dim = |       12 |   Diago_dim = |       48 |
                       *----------*              *----------*               *----------*
     s-DIAGOX done in < 00.1s with cuSOLVER
     --------------------------------------------------------------------------------------------
     Max diff =  0.166E-04
 
        0.28040   0.28040   0.28040   0.30655   0.31128   0.37877   0.37877   0.37877   0.40358
        0.40370   0.40374   0.40385
 
     --------------------------------------------------------------------------------------------
     Tot. elapsed time 03h-07m-37.6s,  time spent in last iteration 03m-19.7s
     --------------------------------------------------------------------------------------------

       Refresh the basis set

                       *----------*              *----------*               *----------*
     #     Iteration = |       55 |   WBSE_dim = |       12 |   Diago_dim = |       24 |
                       *----------*              *----------*               *----------*
     s-DIAGOX done in < 00.1s with cuSOLVER
     --------------------------------------------------------------------------------------------
     Max diff =  0.147E-04
 
        0.28040   0.28040   0.28040   0.30655   0.31128   0.37876   0.37876   0.37876   0.40358
        0.40370   0.40374   0.40385
 
     --------------------------------------------------------------------------------------------
     Tot. elapsed time 03h-11m-12.2s,  time spent in last iteration 03m-21.5s
     --------------------------------------------------------------------------------------------

                       *----------*              *----------*               *----------*
     #     Iteration = |       56 |   WBSE_dim = |       12 |   Diago_dim = |       36 |
                       *----------*              *----------*               *----------*
     s-DIAGOX done in < 00.1s with cuSOLVER
     --------------------------------------------------------------------------------------------
     Max diff =  0.109E-04
 
        0.28040   0.28040   0.28040   0.30655   0.31128   0.37875   0.37875   0.37875   0.40358
        0.40370   0.40374   0.40385
 
     --------------------------------------------------------------------------------------------
     Tot. elapsed time 03h-14m-31.0s,  time spent in last iteration 03m-18.7s
     --------------------------------------------------------------------------------------------

                       *----------*              *----------*               *----------*
     #     Iteration = |       57 |   WBSE_dim = |       12 |   Diago_dim = |       48 |
                       *----------*              *----------*               *----------*
     s-DIAGOX done in < 00.1s with cuSOLVER
     --------------------------------------------------------------------------------------------
     Max diff =  0.760E-05
 
        0.28040   0.28040   0.28040   0.30655   0.31128   0.37874   0.37874   0.37874   0.40358
        0.40370   0.40374   0.40385
 
     --------------------------------------------------------------------------------------------
     Tot. elapsed time 03h-17m-52.1s,  time spent in last iteration 03m-21.1s
     --------------------------------------------------------------------------------------------

       Refresh the basis set

                       *----------*              *----------*               *----------*
     #     Iteration = |       58 |   WBSE_dim = |       12 |   Diago_dim = |       24 |
                       *----------*              *----------*               *----------*
     s-DIAGOX done in < 00.1s with cuSOLVER
     --------------------------------------------------------------------------------------------
     Max diff =  0.692E-05
 
        0.28040   0.28040   0.28040   0.30655   0.31128   0.37873   0.37873   0.37873   0.40358
        0.40370   0.40374   0.40385
 
     --------------------------------------------------------------------------------------------
     Tot. elapsed time 03h-21m-25.6s,  time spent in last iteration 03m-20.3s
     --------------------------------------------------------------------------------------------

                       *----------*              *----------*               *----------*
     #     Iteration = |       59 |   WBSE_dim = |       12 |   Diago_dim = |       36 |
                       *----------*              *----------*               *----------*
     s-DIAGOX done in < 00.1s with cuSOLVER
     --------------------------------------------------------------------------------------------
     Max diff =  0.912E-05
 
        0.28040   0.28040   0.28040   0.30655   0.31128   0.37872   0.37872   0.37873   0.40358
        0.40370   0.40374   0.40385
 
     --------------------------------------------------------------------------------------------
     Tot. elapsed time 03h-24m-43.7s,  time spent in last iteration 03m-18.1s
     --------------------------------------------------------------------------------------------

                       *----------*              *----------*               *----------*
     #     Iteration = |       60 |   WBSE_dim = |       12 |   Diago_dim = |       48 |
                       *----------*              *----------*               *----------*
     s-DIAGOX done in < 00.1s with cuSOLVER
     --------------------------------------------------------------------------------------------
     Max diff =  0.113E-04
 
        0.28040   0.28040   0.28040   0.30655   0.31128   0.37871   0.37871   0.37871   0.40358
        0.40370   0.40374   0.40385
 
     --------------------------------------------------------------------------------------------
     Tot. elapsed time 03h-28m-03.7s,  time spent in last iteration 03m-19.9s
     --------------------------------------------------------------------------------------------

       Refresh the basis set

                       *----------*              *----------*               *----------*
     #     Iteration = |       61 |   WBSE_dim = |       12 |   Diago_dim = |       24 |
                       *----------*              *----------*               *----------*
     s-DIAGOX done in < 00.1s with cuSOLVER
     --------------------------------------------------------------------------------------------
     Max diff =  0.101E-04
 
        0.28040   0.28040   0.28040   0.30655   0.31128   0.37870   0.37870   0.37870   0.40358
        0.40370   0.40374   0.40385
 
     --------------------------------------------------------------------------------------------
     Tot. elapsed time 03h-31m-37.6s,  time spent in last iteration 03m-20.7s
     --------------------------------------------------------------------------------------------

                       *----------*              *----------*               *----------*
     #     Iteration = |       62 |   WBSE_dim = |       12 |   Diago_dim = |       36 |
                       *----------*              *----------*               *----------*
     s-DIAGOX done in < 00.1s with cuSOLVER
     --------------------------------------------------------------------------------------------
     Max diff =  0.732E-05
 
        0.28040   0.28040   0.28040   0.30655   0.31128   0.37870   0.37870   0.37870   0.40358
        0.40370   0.40374   0.40385
 
     --------------------------------------------------------------------------------------------
     Tot. elapsed time 03h-34m-57.0s,  time spent in last iteration 03m-19.3s
     --------------------------------------------------------------------------------------------

                       *----------*              *----------*               *----------*
     #     Iteration = |       63 |   WBSE_dim = |       12 |   Diago_dim = |       48 |
                       *----------*              *----------*               *----------*
     s-DIAGOX done in < 00.1s with cuSOLVER
     --------------------------------------------------------------------------------------------
     Max diff =  0.517E-05
 
        0.28040   0.28040   0.28040   0.30655   0.31128   0.37869   0.37869   0.37869   0.40358
        0.40370   0.40374   0.40385
 
     --------------------------------------------------------------------------------------------
     Tot. elapsed time 03h-38m-17.1s,  time spent in last iteration 03m-20.1s
     --------------------------------------------------------------------------------------------

       Refresh the basis set

                       *----------*              *----------*               *----------*
     #     Iteration = |       64 |   WBSE_dim = |       12 |   Diago_dim = |       24 |
                       *----------*              *----------*               *----------*
     s-DIAGOX done in < 00.1s with cuSOLVER
     --------------------------------------------------------------------------------------------
     Max diff =  0.473E-05
 
        0.28040   0.28040   0.28040   0.30655   0.31128   0.37869   0.37869   0.37869   0.40358
        0.40370   0.40374   0.40385
 
     --------------------------------------------------------------------------------------------
     Tot. elapsed time 03h-41m-51.3s,  time spent in last iteration 03m-21.1s
     --------------------------------------------------------------------------------------------

                       *----------*              *----------*               *----------*
     #     Iteration = |       65 |   WBSE_dim = |       12 |   Diago_dim = |       36 |
                       *----------*              *----------*               *----------*
     s-DIAGOX done in < 00.1s with cuSOLVER
     --------------------------------------------------------------------------------------------
     Max diff =  0.616E-05
 
        0.28040   0.28040   0.28040   0.30655   0.31128   0.37868   0.37868   0.37868   0.40358
        0.40370   0.40374   0.40385
 
     --------------------------------------------------------------------------------------------
     Tot. elapsed time 03h-45m-09.9s,  time spent in last iteration 03m-18.6s
     --------------------------------------------------------------------------------------------

                       *----------*              *----------*               *----------*
     #     Iteration = |       66 |   WBSE_dim = |       12 |   Diago_dim = |       48 |
                       *----------*              *----------*               *----------*
     s-DIAGOX done in < 00.1s with cuSOLVER
     --------------------------------------------------------------------------------------------
     Max diff =  0.772E-05
 
        0.28040   0.28040   0.28040   0.30655   0.31128   0.37867   0.37867   0.37867   0.40358
        0.40370   0.40374   0.40385
 
     --------------------------------------------------------------------------------------------
     Tot. elapsed time 03h-48m-31.1s,  time spent in last iteration 03m-21.1s
     --------------------------------------------------------------------------------------------

       Refresh the basis set

                       *----------*              *----------*               *----------*
     #     Iteration = |       67 |   WBSE_dim = |       12 |   Diago_dim = |       24 |
                       *----------*              *----------*               *----------*
     s-DIAGOX done in < 00.1s with cuSOLVER
     --------------------------------------------------------------------------------------------
     Max diff =  0.690E-05
 
        0.28040   0.28040   0.28040   0.30655   0.31128   0.37866   0.37867   0.37867   0.40358
        0.40370   0.40374   0.40385
 
     --------------------------------------------------------------------------------------------
     Tot. elapsed time 03h-52m-05.5s,  time spent in last iteration 03m-21.2s
     --------------------------------------------------------------------------------------------

                       *----------*              *----------*               *----------*
     #     Iteration = |       68 |   WBSE_dim = |       12 |   Diago_dim = |       36 |
                       *----------*              *----------*               *----------*
     s-DIAGOX done in < 00.1s with cuSOLVER
     --------------------------------------------------------------------------------------------
     Max diff =  0.494E-05
 
        0.28040   0.28040   0.28040   0.30655   0.31128   0.37866   0.37866   0.37866   0.40358
        0.40370   0.40374   0.40385
 
     --------------------------------------------------------------------------------------------
     Tot. elapsed time 03h-55m-24.6s,  time spent in last iteration 03m-19.1s
     --------------------------------------------------------------------------------------------

                       *----------*              *----------*               *----------*
     #     Iteration = |       69 |   WBSE_dim = |       12 |   Diago_dim = |       48 |
                       *----------*              *----------*               *----------*
     s-DIAGOX done in < 00.1s with cuSOLVER
     --------------------------------------------------------------------------------------------
     Max diff =  0.352E-05
 
        0.28040   0.28040   0.28040   0.30655   0.31128   0.37866   0.37866   0.37866   0.40358
        0.40370   0.40374   0.40385
 
     --------------------------------------------------------------------------------------------
     Tot. elapsed time 03h-58m-43.9s,  time spent in last iteration 03m-19.3s
     --------------------------------------------------------------------------------------------

       Refresh the basis set

                       *----------*              *----------*               *----------*
     #     Iteration = |       70 |   WBSE_dim = |       12 |   Diago_dim = |       24 |
                       *----------*              *----------*               *----------*
     s-DIAGOX done in < 00.1s with cuSOLVER
     --------------------------------------------------------------------------------------------
     Max diff =  0.323E-05
 
        0.28040   0.28040   0.28040   0.30655   0.31127   0.37865   0.37865   0.37865   0.40358
        0.40370   0.40374   0.40385
 
     --------------------------------------------------------------------------------------------
     Tot. elapsed time 04h-02m-17.9s,  time spent in last iteration 03m-20.7s
     --------------------------------------------------------------------------------------------

                       *----------*              *----------*               *----------*
     #     Iteration = |       71 |   WBSE_dim = |       12 |   Diago_dim = |       36 |
                       *----------*              *----------*               *----------*
     s-DIAGOX done in < 00.1s with cuSOLVER
     --------------------------------------------------------------------------------------------
     Max diff =  0.416E-05
 
        0.28040   0.28040   0.28040   0.30655   0.31127   0.37865   0.37865   0.37865   0.40358
        0.40370   0.40374   0.40385
 
     --------------------------------------------------------------------------------------------
     Tot. elapsed time 04h-05m-36.9s,  time spent in last iteration 03m-18.9s
     --------------------------------------------------------------------------------------------

                       *----------*              *----------*               *----------*
     #     Iteration = |       72 |   WBSE_dim = |       12 |   Diago_dim = |       48 |
                       *----------*              *----------*               *----------*
     s-DIAGOX done in < 00.1s with cuSOLVER
     --------------------------------------------------------------------------------------------
     Max diff =  0.526E-05
 
        0.28040   0.28040   0.28040   0.30655   0.31127   0.37864   0.37864   0.37864   0.40358
        0.40370   0.40374   0.40385
 
     --------------------------------------------------------------------------------------------
     Tot. elapsed time 04h-08m-57.7s,  time spent in last iteration 03m-20.7s
     --------------------------------------------------------------------------------------------

       Refresh the basis set

                       *----------*              *----------*               *----------*
     #     Iteration = |       73 |   WBSE_dim = |       12 |   Diago_dim = |       24 |
                       *----------*              *----------*               *----------*
     s-DIAGOX done in < 00.1s with cuSOLVER
     --------------------------------------------------------------------------------------------
     Max diff =  0.472E-05
 
        0.28040   0.28040   0.28040   0.30655   0.31127   0.37864   0.37864   0.37864   0.40358
        0.40370   0.40374   0.40385
 
     --------------------------------------------------------------------------------------------
     Tot. elapsed time 04h-12m-32.2s,  time spent in last iteration 03m-21.3s
     --------------------------------------------------------------------------------------------

                       *----------*              *----------*               *----------*
     #     Iteration = |       74 |   WBSE_dim = |       12 |   Diago_dim = |       36 |
                       *----------*              *----------*               *----------*
     s-DIAGOX done in < 00.1s with cuSOLVER
     --------------------------------------------------------------------------------------------
     Max diff =  0.334E-05
 
        0.28040   0.28040   0.28040   0.30655   0.31127   0.37864   0.37864   0.37864   0.40358
        0.40370   0.40374   0.40385
 
     --------------------------------------------------------------------------------------------
     Tot. elapsed time 04h-15m-51.0s,  time spent in last iteration 03m-18.7s
     --------------------------------------------------------------------------------------------

                       *----------*              *----------*               *----------*
     #     Iteration = |       75 |   WBSE_dim = |       12 |   Diago_dim = |       48 |
                       *----------*              *----------*               *----------*
     s-DIAGOX done in < 00.1s with cuSOLVER
     --------------------------------------------------------------------------------------------
     Max diff =  0.240E-05
 
        0.28040   0.28040   0.28040   0.30655   0.31127   0.37863   0.37863   0.37863   0.40358
        0.40370   0.40374   0.40385
 
     --------------------------------------------------------------------------------------------
     Tot. elapsed time 04h-19m-11.9s,  time spent in last iteration 03m-20.8s
     --------------------------------------------------------------------------------------------

       Refresh the basis set

                       *----------*              *----------*               *----------*
     #     Iteration = |       76 |   WBSE_dim = |       12 |   Diago_dim = |       24 |
                       *----------*              *----------*               *----------*
     s-DIAGOX done in < 00.1s with cuSOLVER
     --------------------------------------------------------------------------------------------
     Max diff =  0.221E-05
 
        0.28040   0.28040   0.28040   0.30655   0.31127   0.37863   0.37863   0.37863   0.40358
        0.40370   0.40374   0.40385
 
     --------------------------------------------------------------------------------------------
     Tot. elapsed time 04h-22m-47.5s,  time spent in last iteration 03m-22.4s
     --------------------------------------------------------------------------------------------

                       *----------*              *----------*               *----------*
     #     Iteration = |       77 |   WBSE_dim = |       12 |   Diago_dim = |       36 |
                       *----------*              *----------*               *----------*
     s-DIAGOX done in < 00.1s with cuSOLVER
     --------------------------------------------------------------------------------------------
     Max diff =  0.282E-05
 
        0.28040   0.28040   0.28040   0.30655   0.31127   0.37863   0.37863   0.37863   0.40358
        0.40370   0.40374   0.40385
 
     --------------------------------------------------------------------------------------------
     Tot. elapsed time 04h-26m-06.5s,  time spent in last iteration 03m-19.0s
     --------------------------------------------------------------------------------------------

                       *----------*              *----------*               *----------*
     #     Iteration = |       78 |   WBSE_dim = |       12 |   Diago_dim = |       48 |
                       *----------*              *----------*               *----------*
     s-DIAGOX done in < 00.1s with cuSOLVER
     --------------------------------------------------------------------------------------------
     Max diff =  0.359E-05
 
        0.28040   0.28040   0.28040   0.30655   0.31127   0.37862   0.37863   0.37863   0.40358
        0.40370   0.40374   0.40385
 
     --------------------------------------------------------------------------------------------
     Tot. elapsed time 04h-29m-25.4s,  time spent in last iteration 03m-18.9s
     --------------------------------------------------------------------------------------------

       Refresh the basis set

                       *----------*              *----------*               *----------*
     #     Iteration = |       79 |   WBSE_dim = |       12 |   Diago_dim = |       24 |
                       *----------*              *----------*               *----------*
     s-DIAGOX done in < 00.1s with cuSOLVER
     --------------------------------------------------------------------------------------------
     Max diff =  0.323E-05
 
        0.28040   0.28040   0.28040   0.30655   0.31127   0.37862   0.37862   0.37862   0.40358
        0.40370   0.40374   0.40385
 
     --------------------------------------------------------------------------------------------
     Tot. elapsed time 04h-32m-59.7s,  time spent in last iteration 03m-21.2s
     --------------------------------------------------------------------------------------------

                       *----------*              *----------*               *----------*
     #     Iteration = |       80 |   WBSE_dim = |       11 |   Diago_dim = |       35 |
                       *----------*              *----------*               *----------*
     s-DIAGOX done in < 00.1s with cuSOLVER
     --------------------------------------------------------------------------------------------
     Max diff =  0.226E-05
 
        0.28040   0.28040   0.28040   0.30655   0.31127   0.37862   0.37862   0.37862   0.40358
        0.40369   0.40374   0.40385
 
     --------------------------------------------------------------------------------------------
     Tot. elapsed time 04h-36m-05.3s,  time spent in last iteration 03m-05.6s
     --------------------------------------------------------------------------------------------

                       *----------*              *----------*               *----------*
     #     Iteration = |       81 |   WBSE_dim = |        8 |   Diago_dim = |       43 |
                       *----------*              *----------*               *----------*
     s-DIAGOX done in < 00.1s with cuSOLVER
     --------------------------------------------------------------------------------------------
     Max diff =  0.163E-05
 
        0.28040   0.28040   0.28040   0.30655   0.31127   0.37862   0.37862   0.37862   0.40358
        0.40369   0.40374   0.40385
 
     --------------------------------------------------------------------------------------------
     Tot. elapsed time 04h-38m-27.3s,  time spent in last iteration 02m-22.0s
     --------------------------------------------------------------------------------------------

       Refresh the basis set

                       *----------*              *----------*               *----------*
     #     Iteration = |       82 |   WBSE_dim = |        8 |   Diago_dim = |       20 |
                       *----------*              *----------*               *----------*
     s-DIAGOX done in < 00.1s with cuSOLVER
     --------------------------------------------------------------------------------------------
     Max diff =  0.151E-05
 
        0.28040   0.28040   0.28040   0.30655   0.31127   0.37862   0.37862   0.37862   0.40358
        0.40369   0.40374   0.40385
 
     --------------------------------------------------------------------------------------------
     Tot. elapsed time 04h-41m-05.4s,  time spent in last iteration 02m-25.3s
     --------------------------------------------------------------------------------------------

                       *----------*              *----------*               *----------*
     #     Iteration = |       83 |   WBSE_dim = |        8 |   Diago_dim = |       28 |
                       *----------*              *----------*               *----------*
     s-DIAGOX done in < 00.1s with cuSOLVER
     --------------------------------------------------------------------------------------------
     Max diff =  0.191E-05
 
        0.28040   0.28040   0.28040   0.30655   0.31127   0.37861   0.37861   0.37862   0.40358
        0.40369   0.40374   0.40385
 
     --------------------------------------------------------------------------------------------
     Tot. elapsed time 04h-43m-26.6s,  time spent in last iteration 02m-21.1s
     --------------------------------------------------------------------------------------------

                       *----------*              *----------*               *----------*
     #     Iteration = |       84 |   WBSE_dim = |        8 |   Diago_dim = |       36 |
                       *----------*              *----------*               *----------*
     s-DIAGOX done in < 00.1s with cuSOLVER
     --------------------------------------------------------------------------------------------
     Max diff =  0.245E-05
 
        0.28040   0.28040   0.28040   0.30655   0.31127   0.37861   0.37861   0.37861   0.40358
        0.40369   0.40374   0.40385
 
     --------------------------------------------------------------------------------------------
     Tot. elapsed time 04h-45m-48.3s,  time spent in last iteration 02m-21.7s
     --------------------------------------------------------------------------------------------

                       *----------*              *----------*               *----------*
     #     Iteration = |       85 |   WBSE_dim = |        8 |   Diago_dim = |       44 |
                       *----------*              *----------*               *----------*
     s-DIAGOX done in < 00.1s with cuSOLVER
     --------------------------------------------------------------------------------------------
     Max diff =  0.222E-04
 
        0.28040   0.28040   0.28040   0.30655   0.31127   0.37859   0.37859   0.37859   0.40358
        0.40369   0.40374   0.40385
 
     --------------------------------------------------------------------------------------------
     Tot. elapsed time 04h-48m-11.0s,  time spent in last iteration 02m-22.6s
     --------------------------------------------------------------------------------------------

       Refresh the basis set

                       *----------*              *----------*               *----------*
     #     Iteration = |       86 |   WBSE_dim = |        8 |   Diago_dim = |       20 |
                       *----------*              *----------*               *----------*
     s-DIAGOX done in < 00.1s with cuSOLVER
     --------------------------------------------------------------------------------------------
     Max diff =  0.364E-05
 
        0.28040   0.28040   0.28040   0.30655   0.31127   0.37859   0.37859   0.37859   0.40358
        0.40369   0.40374   0.40385
 
     --------------------------------------------------------------------------------------------
     Tot. elapsed time 04h-50m-48.0s,  time spent in last iteration 02m-24.0s
     --------------------------------------------------------------------------------------------

                       *----------*              *----------*               *----------*
     #     Iteration = |       87 |   WBSE_dim = |        7 |   Diago_dim = |       27 |
                       *----------*              *----------*               *----------*
     s-DIAGOX done in < 00.1s with cuSOLVER
     --------------------------------------------------------------------------------------------
     Max diff =  0.984E-06
 
        0.28040   0.28040   0.28040   0.30655   0.31127   0.37858   0.37859   0.37859   0.40358
        0.40369   0.40374   0.40385
 
     --------------------------------------------------------------------------------------------
     Tot. elapsed time 04h-52m-55.1s,  time spent in last iteration 02m-07.0s
     --------------------------------------------------------------------------------------------

                       *----------*              *----------*               *----------*
     #     Iteration = |       88 |   WBSE_dim = |        7 |   Diago_dim = |       34 |
                       *----------*              *----------*               *----------*
     s-DIAGOX done in < 00.1s with cuSOLVER
     --------------------------------------------------------------------------------------------
     Max diff =  0.717E-07
 
        0.28040   0.28040   0.28040   0.30655   0.31127   0.37858   0.37859   0.37859   0.40358
        0.40369   0.40374   0.40385
 
     --------------------------------------------------------------------------------------------
     Tot. elapsed time 04h-55m-02.5s,  time spent in last iteration 02m-07.3s
     --------------------------------------------------------------------------------------------

                       *----------*              *----------*               *----------*
     #     Iteration = |       89 |   WBSE_dim = |        3 |   Diago_dim = |       37 |
                       *----------*              *----------*               *----------*
     s-DIAGOX done in < 00.1s with cuSOLVER
     --------------------------------------------------------------------------------------------
     Max diff =  0.498E-07
 
        0.28040   0.28040   0.28040   0.30655   0.31127   0.37858   0.37859   0.37859   0.40358
        0.40369   0.40374   0.40385
 
     --------------------------------------------------------------------------------------------
     Tot. elapsed time 04h-56m-13.7s,  time spent in last iteration 01m-11.2s
     --------------------------------------------------------------------------------------------

                       *----------*              *----------*               *----------*
     #     Iteration = |       90 |   WBSE_dim = |        3 |   Diago_dim = |       40 |
                       *----------*              *----------*               *----------*
     s-DIAGOX done in < 00.1s with cuSOLVER
     --------------------------------------------------------------------------------------------
     Max diff =  0.120E-06
 
        0.28040   0.28040   0.28040   0.30655   0.31127   0.37858   0.37859   0.37859   0.40358
        0.40369   0.40374   0.40385
 
     --------------------------------------------------------------------------------------------
     Tot. elapsed time 04h-57m-23.7s,  time spent in last iteration 01m-10.0s
     --------------------------------------------------------------------------------------------

                       *----------*              *----------*               *----------*
     #     Iteration = |       91 |   WBSE_dim = |        3 |   Diago_dim = |       43 |
                       *----------*              *----------*               *----------*
     s-DIAGOX done in < 00.1s with cuSOLVER
     --------------------------------------------------------------------------------------------
     Max diff =  0.652E-06
 
        0.28040   0.28040   0.28040   0.30655   0.31127   0.37858   0.37858   0.37858   0.40358
        0.40369   0.40374   0.40385
 
     --------------------------------------------------------------------------------------------
     Tot. elapsed time 04h-58m-34.3s,  time spent in last iteration 01m-10.5s
     --------------------------------------------------------------------------------------------

                       *----------*              *----------*               *----------*
     #     Iteration = |       92 |   WBSE_dim = |        3 |   Diago_dim = |       46 |
                       *----------*              *----------*               *----------*
     s-DIAGOX done in < 00.1s with cuSOLVER
     --------------------------------------------------------------------------------------------
     Max diff =  0.168E-06
 
        0.28040   0.28040   0.28040   0.30655   0.31127   0.37858   0.37858   0.37858   0.40358
        0.40369   0.40374   0.40385
 
     --------------------------------------------------------------------------------------------
     Tot. elapsed time 04h-59m-44.9s,  time spent in last iteration 01m-10.5s
     --------------------------------------------------------------------------------------------

       Refresh the basis set

                       *----------*              *----------*               *----------*
     #     Iteration = |       93 |   WBSE_dim = |        3 |   Diago_dim = |       15 |
                       *----------*              *----------*               *----------*
     s-DIAGOX done in < 00.1s with cuSOLVER
     --------------------------------------------------------------------------------------------
     Max diff =  0.388E-07
 
        0.28040   0.28040   0.28040   0.30655   0.31127   0.37858   0.37858   0.37858   0.40358
        0.40369   0.40374   0.40385
 
     --------------------------------------------------------------------------------------------
     Tot. elapsed time 05h-01m-10.5s,  time spent in last iteration 01m-12.6s
     --------------------------------------------------------------------------------------------

                       *----------*              *----------*               *----------*
     #     Iteration = |       94 |   WBSE_dim = |        3 |   Diago_dim = |       18 |
                       *----------*              *----------*               *----------*
     s-DIAGOX done in < 00.1s with cuSOLVER
     --------------------------------------------------------------------------------------------
     Max diff =  0.118E-07
 
        0.28040   0.28040   0.28040   0.30655   0.31127   0.37858   0.37858   0.37858   0.40358
        0.40369   0.40374   0.40385
 
     --------------------------------------------------------------------------------------------
     Tot. elapsed time 05h-02m-20.0s,  time spent in last iteration 01m-09.5s
     --------------------------------------------------------------------------------------------

                       *----------*              *----------*               *----------*
     #     Iteration = |       95 |   WBSE_dim = |        3 |   Diago_dim = |       21 |
                       *----------*              *----------*               *----------*
     s-DIAGOX done in < 00.1s with cuSOLVER
     --------------------------------------------------------------------------------------------
     Max diff =  0.897E-09
 
        0.28040   0.28040   0.28040   0.30655   0.31127   0.37858   0.37858   0.37858   0.40358
        0.40369   0.40374   0.40385
 
     --------------------------------------------------------------------------------------------
     Tot. elapsed time 05h-03m-29.7s,  time spent in last iteration 01m-09.6s
     --------------------------------------------------------------------------------------------
 
     --------------------------------------------------------------------------------------------
     SAVE written in 01m-19.5s           
     In location : ./pwscf.wbse.save
     --------------------------------------------------------------------------------------------
 
     --------------------------------------------------------------------------------------------
     Convergence achieved !!! in       95 steps
     --------------------------------------------------------------------------------------------
     WBSE         :      4h45m CPU      5h 5m WALL

     wbse_readin  :      1.47s CPU      2.11s WALL (       1 calls)
     fetch_input  :      0.03s CPU      0.03s WALL (       2 calls)
     fft          :    178.41s CPU    179.63s WALL (   18990 calls)
                                        3.32s GPU  (    2122 calls)
     fft_scatter  :     47.41s CPU     47.83s WALL (   16868 calls)
     init_vloc    :      0.03s CPU      0.03s WALL (       2 calls)
     init_us_1    :      0.00s CPU      0.00s WALL (       2 calls)
     v_of_rho     :      0.07s CPU      0.15s WALL (       1 calls)
     v_xc         :      0.06s CPU      0.13s WALL (       1 calls)
     a2a_fw       :    828.82s CPU    832.36s WALL ( 6554836 calls)
     a2a_bw       :    148.90s CPU    149.64s WALL ( 1080354 calls)
     v_h          :      0.02s CPU      0.02s WALL (       1 calls)
     do_setup     :      4.83s CPU      8.19s WALL (       1 calls)
     init_pw_ar   :      4.83s CPU      8.19s WALL (       1 calls)
     hinit0       :      0.32s CPU      0.32s WALL (       1 calls)
     davcio       :      5.32s CPU    495.01s WALL (    8412 calls)
     exx_grid     :      0.00s CPU      0.00s WALL (       1 calls)
     aceinit0     :      2.19s CPU      3.56s WALL (       1 calls)
     exx_div      :      0.00s CPU      0.00s WALL (       1 calls)
     sqvc_init    :      0.01s CPU      0.01s WALL (       1 calls)
     dv_setup     :      0.05s CPU      0.06s WALL (       1 calls)
     setup_dmuxc  :      0.00s CPU      0.01s WALL (       1 calls)
     setup_dgc    :      0.04s CPU      0.06s WALL (       1 calls)
     chidiago     :  17106.33s CPU  18296.97s WALL (       1 calls)
     vc_init      :      0.17s CPU      0.27s WALL (       1 calls)
     paramgs      :    560.94s CPU    571.39s WALL (      96 calls)
                                      571.39s GPU  (      96 calls)
     apply_lv     :  14183.09s CPU  14778.36s WALL (    1054 calls)
                                    14778.39s GPU  (    1054 calls)
     calc_dens    :    545.03s CPU    669.58s WALL (    1054 calls)
                                      669.58s GPU  (    1054 calls)
     fftw         :   3159.31s CPU   3385.36s WALL ( 7700524 calls)
                                     3317.92s GPU  ( 7700524 calls)
     dv_drho      :    296.89s CPU    305.25s WALL (    1054 calls)
                                      305.25s GPU  (    1054 calls)
     init_us_2    :     22.93s CPU     24.88s WALL (    2108 calls)
     init_us_2:gp :     22.89s CPU     24.84s WALL (    2108 calls)
     h_psi        :   8986.95s CPU   9177.00s WALL (    2108 calls)
                                     9177.06s GPU  (    2108 calls)
     h_psi:pot    :    353.14s CPU    353.83s WALL (    2108 calls)
                                      353.82s GPU  (    2108 calls)
     vloc_psi     :    292.43s CPU    293.13s WALL (    2108 calls)
                                      293.12s GPU  (    2108 calls)
     A2A          :    224.45s CPU    224.85s WALL (  269824 calls)
     h_psi:calbec :     39.88s CPU     39.93s WALL (    2108 calls)
                                       39.91s GPU  (    2108 calls)
     calbec       :   2803.32s CPU   2803.55s WALL (    4216 calls)
     add_vuspsi   :      5.14s CPU     20.73s WALL (    2108 calls)
                                       20.72s GPU  (    2108 calls)
     vexxace      :   8590.89s CPU   8608.86s WALL (    2108 calls)
     matcalc      :   2763.83s CPU   2764.06s WALL (    2108 calls)
     bse_kernel   :   3687.56s CPU   3722.60s WALL (    2108 calls)
                                     3722.62s GPU  (    2108 calls)
     pdep_read    :      3.47s CPU     13.85s WALL (    4210 calls)
     alphapc      :     68.88s CPU     85.63s WALL (    4192 calls)
                                       85.60s GPU  (    4192 calls)
     build_hr     :    618.37s CPU    710.12s WALL (      96 calls)
                                      710.13s GPU  (      96 calls)
     diagox       :      0.07s CPU      0.08s WALL (      96 calls)
     redistr_vr   :      1.36s CPU      1.36s WALL (      95 calls)
     update_vr    :    939.05s CPU   1118.53s WALL (      95 calls)
                                     1118.54s GPU  (      95 calls)
     precd_ag     :    180.57s CPU    180.59s WALL (      95 calls)
                                      180.60s GPU  (      95 calls)
     chidiago:las :    339.03s CPU    392.60s WALL (      30 calls)
     refresh_vr   :    344.44s CPU    398.73s WALL (      59 calls)
                                      398.73s GPU  (      59 calls)
     plep_db      :     24.73s CPU     79.59s WALL (       1 calls)
     plep_write   :     22.02s CPU     76.14s WALL (      12 calls)
 
     WBSE         :      4h45m CPU      5h 5m WALL

 
   This run was terminated on:  21:18:42   5Jun2023            

=------------------------------------------------------------------------------=
   JOB DONE.
=------------------------------------------------------------------------------=
[CRAYBLAS_WARNING] Application linked against multiple cray-libsci libraries
[CRAYBLAS_WARNING] Application linked against multiple cray-libsci libraries
[CRAYBLAS_WARNING] Application linked against multiple cray-libsci libraries
[CRAYBLAS_WARNING] Application linked against multiple cray-libsci libraries
[CRAYBLAS_WARNING] Application linked against multiple cray-libsci libraries
[CRAYBLAS_WARNING] Application linked against multiple cray-libsci libraries
[CRAYBLAS_WARNING] Application linked against multiple cray-libsci libraries
[CRAYBLAS_WARNING] Application linked against multiple cray-libsci libraries
[CRAYBLAS_WARNING] Application linked against multiple cray-libsci libraries
[CRAYBLAS_WARNING] Application linked against multiple cray-libsci libraries
[CRAYBLAS_WARNING] Application linked against multiple cray-libsci libraries
[CRAYBLAS_WARNING] Application linked against multiple cray-libsci libraries
[CRAYBLAS_WARNING] Application linked against multiple cray-libsci libraries
[CRAYBLAS_WARNING] Application linked against multiple cray-libsci libraries
[CRAYBLAS_WARNING] Application linked against multiple cray-libsci libraries
[CRAYBLAS_WARNING] Application linked against multiple cray-libsci libraries
[CRAYBLAS_WARNING] Application linked against multiple cray-libsci libraries
[CRAYBLAS_WARNING] Application linked against multiple cray-libsci libraries
[CRAYBLAS_WARNING] Application linked against multiple cray-libsci libraries
[CRAYBLAS_WARNING] Application linked against multiple cray-libsci libraries
[CRAYBLAS_WARNING] Application linked against multiple cray-libsci libraries
[CRAYBLAS_WARNING] Application linked against multiple cray-libsci libraries
[CRAYBLAS_WARNING] Application linked against multiple cray-libsci libraries
[CRAYBLAS_WARNING] Application linked against multiple cray-libsci libraries
[CRAYBLAS_WARNING] Application linked against multiple cray-libsci libraries
[CRAYBLAS_WARNING] Application linked against multiple cray-libsci libraries
[CRAYBLAS_WARNING] Application linked against multiple cray-libsci libraries
[CRAYBLAS_WARNING] Application linked against multiple cray-libsci libraries
[CRAYBLAS_WARNING] Application linked against multiple cray-libsci libraries
[CRAYBLAS_WARNING] Application linked against multiple cray-libsci libraries
[CRAYBLAS_WARNING] Application linked against multiple cray-libsci libraries
[CRAYBLAS_WARNING] Application linked against multiple cray-libsci libraries
