
     Program WBSE v. 5.4.0 git rev. v5.3.0-140-gde8056a starts on 15Jul2023 at 20:30:50

     This program is part of the open-source West suite
     for massively parallel calculations of excited states in materials; please cite
         "M. Govoni et al., J. Chem. Theory Comput. 11, 2680 (2015);
          URL http://www.west-code.org",
     in publications or presentations arising from this work.

     Based on the Quantum ESPRESSO v. 7.2

     I/O is Little Endian

     --------------------------------------------------------------------------------------------
     **MPI** Parallelization Status
     --------------------------------------------------------------------------------------------
                   128                   1             2             1            64
     --------------------------------------------------------------------------------------------
                     N         =         I      X      P      X      B      X      Z
                     ^                   ^             ^             ^             ^
                     |                   |             |             |             |
                   #rnk                  |             |             |             |
                                      #image           |             |             |
                                                     #pool           |             |
                                                                   #bgrp           |
                                                                                 #R&G
     --------------------------------------------------------------------------------------------
     **OPENMP** Parallelization Status
     #thr/rnk               =            1
     --------------------------------------------------------------------------------------------
     #prc = (rnk) * (thr) =          128
     --------------------------------------------------------------------------------------------

     --------------------------------------------------------------------------------------------
     I/O Summary : input_west
     --------------------------------------------------------------------------------------------
     qe_prefix : test
     west_prefix : test
     outdir : ./
     --------------------------------------------------------------------------------------------

     Reading xml data from directory:

     ./test.save/
     EXX fraction changed:   0.18
     Message from routine set_screening_parameter:
     WARNING: the screening parameter seems inconsistent with the chosen input dft and will be set to zero.
     EXX Screening parameter changed:    0.0000000

     IMPORTANT: XC functional enforced from input :
     Exchange-correlation= PBE0
                           (   6   4   8   4   0   0   0)
     EXX-fraction              =        0.18
     Any further DFT definition will be discarded
     Please, verify this is what you really want


     Parallelization info
     --------------------
     sticks:   dense  smooth     PW     G-vecs:    dense   smooth      PW
     Min         120     120     29                 7996     7996     994
     Max         122     122     32                 8010     8010    1002
     Sum        7721    7721   1933               511971   511971   63989

     Using Slab Decomposition


     --------------------------------------------------------------------------------------------
     I/O Summary : wbse_init_control
     --------------------------------------------------------------------------------------------
     wbse_init_calculation : S
     solver : TDDFT
     bse_method : PDEP
     n_pdep_eigen_to_use : 862
     localization : N
     wfc_from_qbox : qb_wfc
     bisection_info : bis_info
     chi_kernel : CHI
     overlap_thr : 0.0
     spin_channel : 0
     n_trunc_bands : 0
     --------------------------------------------------------------------------------------------

     --------------------------------------------------------------------------------------------
     I/O Summary : wbse_control
     --------------------------------------------------------------------------------------------
     wbse_calculation : D
     qp_correction :
     scissor_ope : 0.0
     n_liouville_eigen : 2
     n_liouville_times : 20
     n_liouville_maxiter : 1000
     n_liouville_read_from_file : 0
     trev_liouville : 1e-08
     trev_liouville_rel : 1e-06
     n_lanczos : 1000
     n_steps_write_restart : -1
     wbse_ipol : XX
     l_dipole_realspace : False
     wbse_epsinfty : 1.0
     spin_excitation : S
     l_preconditioning : True
     l_pre_shift : False
     l_spin_flip : False
     l_spin_flip_kernel : False
     l_spin_flip_alda0 : False
     l_print_spin_flip_kernel : False
     spin_flip_cut1 : 1000.0
     spin_flip_cut2 : 0.0001
     l_forces : True
     forces_state : 1
     forces_zeq_cg_tr : 1e-10
     ddvxc_fd_coeff : 0.01
     l_reduce_io : True
     l_minimize_exx_if_active : False
     n_exx_lowrank : 2586
     --------------------------------------------------------------------------------------------
       ** WARNING : EXX use_ace          = T
       ** WARNING : EXX alpha            =       0.180000
       ** WARNING : EXX erfc_scrlen      =       0.000000
       ** WARNING : EXX gau_scrlen       =       0.000000
       ** WARNING : EXX ecutfock         =     240.000000
       ** WARNING : EXX exxdiv_treatment = gb
     EXX: q-point mesh:     1    1    1
     EXX: grid of k+q points same as grid of k-points
     EXX: initializing ACE and reading from file
     ACE potential read for     2586 bands
     Starting ACE correctly read from file
       ** WARNING : EXX-exxdiv           =   -1970.085288

     --------------------------------------------------------------------------------------------
     System Overview
     --------------------------------------------------------------------------------------------
     gamma_only           =              T
     ecutwfc [Ry]         =      60.000000
     ecutrho [Ry]         =     240.000000
     omega [au^3]         =   8.151648E+03
     nbnd                 =            456
     nkstot               =              2
     nspin                =              2
     nelec                =     862.000000
     nelup                =     432.000000
     neldw                =     430.000000
     npol                 =              1
     lsda                 =              T
     noncolin             =              F
     lspinorb             =              F
     --------------------------------------------------------------------------------------------

     3DFFT grid
        s : ( 100, 100, 100)
        p : ( 100, 100, 100)

     Direct Lattice Cell [a.u.]
        a1 = (    20.1255832     0.0000000     0.0000000)
        a2 = (     0.0000000    20.1255832     0.0000000)
        a3 = (     0.0000000     0.0000000    20.1255832)

     Reciprocal Lattice Cell [a.u.]
        b1 = (     0.3121989     0.0000000     0.0000000)
        b2 = (     0.0000000     0.3121989     0.0000000)
        b3 = (     0.0000000     0.0000000     0.3121989)


     Brillouin Zone sampling [cryst. coord.]

        k(000001) = (     0.0000000     0.0000000     0.0000000)
     Divergence =   2.416794E-01

     Macroscopic dielectric constant correction:  0.00000

     --------------------------------------------------------------------------------------------
     Parallelization for nvecx
     --------------------------------------------------------------------------------------------
     nglob                =             40
     nlevel               =              1
     Min nglob/nlevel     =             40
     Max nglob/nlevel     =             40
     --------------------------------------------------------------------------------------------

     --------------------------------------------------------------------------------------------
     Parallelization for nbndval
     --------------------------------------------------------------------------------------------
     nglob                =            432
     nlevel               =              1
     Min nglob/nlevel     =            432
     Max nglob/nlevel     =            432
     --------------------------------------------------------------------------------------------

     [MEM] ----------------------------------------------------------
     [MEM] **Memory** analysis: QE
     [MEM] ----------------------------------------------------------
     [MEM] Allocated arrays           est. size (Mb)     dimensions
     [MEM] ----------------------------------------------------------
     [MEM] Kohn-Sham Wavefunctions       3.49 Mb     (    501,  456)
     [MEM] NL pseudopotentials          13.15 Mb     (    501, 1720)
     [MEM] Each V/rho on FFT grid        0.31 Mb     (  20000)
     [MEM] Each G-vector array           0.03 Mb     (   4005)
     [MEM] G-vector shells               0.01 Mb     (   1172)
     [MEM] ----------------------------------------------------------
     [MEM] Total estimate               16.98 Mb
     [MEM] ----------------------------------------------------------
     [MEM]
     [MEM] ----------------------------------------------------------
     [MEM] **Memory** analysis: WBSE global
     [MEM] ----------------------------------------------------------
     [MEM] Allocated arrays           est. size (Mb)     dimensions
     [MEM] ----------------------------------------------------------
     [MEM] dvg_exc                     132.10 Mb     (    501,  432,   40)
     [MEM] dng_exc                     132.10 Mb     (    501,  432,   40)
     [MEM] hr_distr                      0.01 Mb     (     40,   40)
     [MEM] vr_distr                      0.01 Mb     (     40,   40)
     [MEM] ----------------------------------------------------------
     [MEM] Total estimate              264.22 Mb
     [MEM] ----------------------------------------------------------
     [MEM]
     [MEM] ----------------------------------------------------------
     [MEM] **Memory** analysis: WBSE temporary
     [MEM] ----------------------------------------------------------
     [MEM] Allocated arrays           est. size (Mb)     dimensions
     [MEM] ----------------------------------------------------------
     [MEM] dvpsi                         3.30 Mb     (    501,  432)
     [MEM] dpsi                          3.30 Mb     (    501,  432)
     [MEM] Liouville workspace           6.60 Mb     (    501,  864)
     [MEM] kernel                        6.60 Mb     (    501,  864)
     [MEM] ----------------------------------------------------------
     [MEM] Total estimate               19.81 Mb
     [MEM] ----------------------------------------------------------

     Using lowest energy electron-hole pairs as initial guess

                       *----------*              *----------*               *----------*
     #     Iteration = | starting |   WBSE_dim = |        2 |   Diago_dim = |        2 |
                       *----------*              *----------*               *----------*
     s-DIAGOX done in < 00.1s with LAPACK
     --------------------------------------------------------------------------------------------

        0.18693   0.19768

     --------------------------------------------------------------------------------------------
     Tot. elapsed time 07m-26.1s,  time spent in last iteration 07m-26.1s
     --------------------------------------------------------------------------------------------

                       *----------*              *----------*               *----------*
     #     Iteration = |        1 |   WBSE_dim = |        2 |   Diago_dim = |        4 |
                       *----------*              *----------*               *----------*
     s-DIAGOX done in < 00.1s with LAPACK
     --------------------------------------------------------------------------------------------
     Max diff =  0.370E-01

        0.14994   0.16132

     --------------------------------------------------------------------------------------------
     Tot. elapsed time 09m-44.7s,  time spent in last iteration 02m-18.5s
     --------------------------------------------------------------------------------------------

                       *----------*              *----------*               *----------*
     #     Iteration = |        2 |   WBSE_dim = |        2 |   Diago_dim = |        6 |
                       *----------*              *----------*               *----------*
     s-DIAGOX done in < 00.1s with LAPACK
     --------------------------------------------------------------------------------------------
     Max diff =  0.608E-02

        0.14386   0.15527

     --------------------------------------------------------------------------------------------
     Tot. elapsed time 12m-02.3s,  time spent in last iteration 02m-17.5s
     --------------------------------------------------------------------------------------------

                       *----------*              *----------*               *----------*
     #     Iteration = |        3 |   WBSE_dim = |        2 |   Diago_dim = |        8 |
                       *----------*              *----------*               *----------*
     s-DIAGOX done in < 00.1s with LAPACK
     --------------------------------------------------------------------------------------------
     Max diff =  0.207E-02

        0.14180   0.15319

     --------------------------------------------------------------------------------------------
     Tot. elapsed time 14m-20.6s,  time spent in last iteration 02m-18.3s
     --------------------------------------------------------------------------------------------

                       *----------*              *----------*               *----------*
     #     Iteration = |        4 |   WBSE_dim = |        2 |   Diago_dim = |       10 |
                       *----------*              *----------*               *----------*
     s-DIAGOX done in < 00.1s with LAPACK
     --------------------------------------------------------------------------------------------
     Max diff =  0.830E-03

        0.14099   0.15236

     --------------------------------------------------------------------------------------------
     Tot. elapsed time 16m-36.9s,  time spent in last iteration 02m-16.2s
     --------------------------------------------------------------------------------------------

                       *----------*              *----------*               *----------*
     #     Iteration = |        5 |   WBSE_dim = |        2 |   Diago_dim = |       12 |
                       *----------*              *----------*               *----------*
     s-DIAGOX done in < 00.1s with LAPACK
     --------------------------------------------------------------------------------------------
     Max diff =  0.395E-03

        0.14062   0.15197

     --------------------------------------------------------------------------------------------
     Tot. elapsed time 18m-54.9s,  time spent in last iteration 02m-17.9s
     --------------------------------------------------------------------------------------------

                       *----------*              *----------*               *----------*
     #     Iteration = |        6 |   WBSE_dim = |        2 |   Diago_dim = |       14 |
                       *----------*              *----------*               *----------*
     s-DIAGOX done in < 00.1s with LAPACK
     --------------------------------------------------------------------------------------------
     Max diff =  0.209E-03

        0.14044   0.15176

     --------------------------------------------------------------------------------------------
     Tot. elapsed time 21m-13.3s,  time spent in last iteration 02m-18.3s
     --------------------------------------------------------------------------------------------

                       *----------*              *----------*               *----------*
     #     Iteration = |        7 |   WBSE_dim = |        2 |   Diago_dim = |       16 |
                       *----------*              *----------*               *----------*
     s-DIAGOX done in < 00.1s with LAPACK
     --------------------------------------------------------------------------------------------
     Max diff =  0.124E-03

        0.14033   0.15163

     --------------------------------------------------------------------------------------------
     Tot. elapsed time 23m-28.8s,  time spent in last iteration 02m-15.5s
     --------------------------------------------------------------------------------------------

                       *----------*              *----------*               *----------*
     #     Iteration = |        8 |   WBSE_dim = |        2 |   Diago_dim = |       18 |
                       *----------*              *----------*               *----------*
     s-DIAGOX done in < 00.1s with LAPACK
     --------------------------------------------------------------------------------------------
     Max diff =  0.887E-04

        0.14026   0.15155

     --------------------------------------------------------------------------------------------
     Tot. elapsed time 25m-47.5s,  time spent in last iteration 02m-18.6s
     --------------------------------------------------------------------------------------------

                       *----------*              *----------*               *----------*
     #     Iteration = |        9 |   WBSE_dim = |        2 |   Diago_dim = |       20 |
                       *----------*              *----------*               *----------*
     s-DIAGOX done in < 00.1s with LAPACK
     --------------------------------------------------------------------------------------------
     Max diff =  0.507E-04

        0.14023   0.15150

     --------------------------------------------------------------------------------------------
     Tot. elapsed time 28m-04.5s,  time spent in last iteration 02m-17.0s
     --------------------------------------------------------------------------------------------

                       *----------*              *----------*               *----------*
     #     Iteration = |       10 |   WBSE_dim = |        2 |   Diago_dim = |       22 |
                       *----------*              *----------*               *----------*
     s-DIAGOX done in < 00.1s with LAPACK
     --------------------------------------------------------------------------------------------
     Max diff =  0.325E-04

        0.14020   0.15146

     --------------------------------------------------------------------------------------------
     Tot. elapsed time 30m-21.8s,  time spent in last iteration 02m-17.2s
     --------------------------------------------------------------------------------------------

                       *----------*              *----------*               *----------*
     #     Iteration = |       11 |   WBSE_dim = |        2 |   Diago_dim = |       24 |
                       *----------*              *----------*               *----------*
     s-DIAGOX done in < 00.1s with LAPACK
     --------------------------------------------------------------------------------------------
     Max diff =  0.203E-04

        0.14019   0.15144

     --------------------------------------------------------------------------------------------
     Tot. elapsed time 32m-40.7s,  time spent in last iteration 02m-18.9s
     --------------------------------------------------------------------------------------------

                       *----------*              *----------*               *----------*
     #     Iteration = |       12 |   WBSE_dim = |        2 |   Diago_dim = |       26 |
                       *----------*              *----------*               *----------*
     s-DIAGOX done in < 00.1s with LAPACK
     --------------------------------------------------------------------------------------------
     Max diff =  0.111E-04

        0.14018   0.15143

     --------------------------------------------------------------------------------------------
     Tot. elapsed time 35m-07.6s,  time spent in last iteration 02m-26.8s
     --------------------------------------------------------------------------------------------

                       *----------*              *----------*               *----------*
     #     Iteration = |       13 |   WBSE_dim = |        2 |   Diago_dim = |       28 |
                       *----------*              *----------*               *----------*
     s-DIAGOX done in < 00.1s with LAPACK
     --------------------------------------------------------------------------------------------
     Max diff =  0.540E-05

        0.14018   0.15143

     --------------------------------------------------------------------------------------------
     Tot. elapsed time 37m-26.4s,  time spent in last iteration 02m-18.7s
     --------------------------------------------------------------------------------------------

                       *----------*              *----------*               *----------*
     #     Iteration = |       14 |   WBSE_dim = |        2 |   Diago_dim = |       30 |
                       *----------*              *----------*               *----------*
     s-DIAGOX done in < 00.1s with LAPACK
     --------------------------------------------------------------------------------------------
     Max diff =  0.287E-05

        0.14018   0.15142

     --------------------------------------------------------------------------------------------
     Tot. elapsed time 39m-44.1s,  time spent in last iteration 02m-17.7s
     --------------------------------------------------------------------------------------------

                       *----------*              *----------*               *----------*
     #     Iteration = |       15 |   WBSE_dim = |        2 |   Diago_dim = |       32 |
                       *----------*              *----------*               *----------*
     s-DIAGOX done in < 00.1s with LAPACK
     --------------------------------------------------------------------------------------------
     Max diff =  0.165E-05

        0.14018   0.15142

     --------------------------------------------------------------------------------------------
     Tot. elapsed time 42m-00.6s,  time spent in last iteration 02m-16.4s
     --------------------------------------------------------------------------------------------

                       *----------*              *----------*               *----------*
     #     Iteration = |       16 |   WBSE_dim = |        2 |   Diago_dim = |       34 |
                       *----------*              *----------*               *----------*
     s-DIAGOX done in < 00.1s with LAPACK
     --------------------------------------------------------------------------------------------
     Max diff =  0.896E-06

        0.14018   0.15142

     --------------------------------------------------------------------------------------------
     Tot. elapsed time 44m-19.7s,  time spent in last iteration 02m-19.0s
     --------------------------------------------------------------------------------------------

                       *----------*              *----------*               *----------*
     #     Iteration = |       17 |   WBSE_dim = |        2 |   Diago_dim = |       36 |
                       *----------*              *----------*               *----------*
     s-DIAGOX done in < 00.1s with LAPACK
     --------------------------------------------------------------------------------------------
     Max diff =  0.552E-06

        0.14018   0.15142

     --------------------------------------------------------------------------------------------
     Tot. elapsed time 46m-36.9s,  time spent in last iteration 02m-17.1s
     --------------------------------------------------------------------------------------------

                       *----------*              *----------*               *----------*
     #     Iteration = |       18 |   WBSE_dim = |        2 |   Diago_dim = |       38 |
                       *----------*              *----------*               *----------*
     s-DIAGOX done in < 00.1s with LAPACK
     --------------------------------------------------------------------------------------------
     Max diff =  0.362E-06

        0.14018   0.15142

     --------------------------------------------------------------------------------------------
     Tot. elapsed time 48m-55.3s,  time spent in last iteration 02m-18.4s
     --------------------------------------------------------------------------------------------

                       *----------*              *----------*               *----------*
     #     Iteration = |       19 |   WBSE_dim = |        2 |   Diago_dim = |       40 |
                       *----------*              *----------*               *----------*
     s-DIAGOX done in < 00.1s with LAPACK
     --------------------------------------------------------------------------------------------
     Max diff =  0.206E-06

        0.14018   0.15142

     --------------------------------------------------------------------------------------------
     Tot. elapsed time 51m-14.5s,  time spent in last iteration 02m-19.1s
     --------------------------------------------------------------------------------------------

       Refresh the basis set

                       *----------*              *----------*               *----------*
     #     Iteration = |       20 |   WBSE_dim = |        2 |   Diago_dim = |        4 |
                       *----------*              *----------*               *----------*
     s-DIAGOX done in < 00.1s with LAPACK
     --------------------------------------------------------------------------------------------
     Max diff =  0.765E-07

        0.14018   0.15142

     --------------------------------------------------------------------------------------------
     Tot. elapsed time 53m-31.7s,  time spent in last iteration 02m-15.6s
     --------------------------------------------------------------------------------------------

                       *----------*              *----------*               *----------*
     #     Iteration = |       21 |   WBSE_dim = |        2 |   Diago_dim = |        6 |
                       *----------*              *----------*               *----------*
     s-DIAGOX done in < 00.1s with LAPACK
     --------------------------------------------------------------------------------------------
     Max diff =  0.665E-07

        0.14018   0.15142

     --------------------------------------------------------------------------------------------
     Tot. elapsed time 55m-49.9s,  time spent in last iteration 02m-18.2s
     --------------------------------------------------------------------------------------------

                       *----------*              *----------*               *----------*
     #     Iteration = |       22 |   WBSE_dim = |        2 |   Diago_dim = |        8 |
                       *----------*              *----------*               *----------*
     s-DIAGOX done in < 00.1s with LAPACK
     --------------------------------------------------------------------------------------------
     Max diff =  0.453E-07

        0.14018   0.15142

     --------------------------------------------------------------------------------------------
     Tot. elapsed time 58m-06.8s,  time spent in last iteration 02m-16.8s
     --------------------------------------------------------------------------------------------

                       *----------*              *----------*               *----------*
     #     Iteration = |       23 |   WBSE_dim = |        2 |   Diago_dim = |       10 |
                       *----------*              *----------*               *----------*
     s-DIAGOX done in < 00.1s with LAPACK
     --------------------------------------------------------------------------------------------
     Max diff =  0.293E-07

        0.14018   0.15142

     --------------------------------------------------------------------------------------------
     Tot. elapsed time 01h-00m-23.4s,  time spent in last iteration 02m-16.6s
     --------------------------------------------------------------------------------------------

                       *----------*              *----------*               *----------*
     #     Iteration = |       24 |   WBSE_dim = |        2 |   Diago_dim = |       12 |
                       *----------*              *----------*               *----------*
     s-DIAGOX done in < 00.1s with LAPACK
     --------------------------------------------------------------------------------------------
     Max diff =  0.195E-07

        0.14018   0.15142

     --------------------------------------------------------------------------------------------
     Tot. elapsed time 01h-02m-41.6s,  time spent in last iteration 02m-18.1s
     --------------------------------------------------------------------------------------------

                       *----------*              *----------*               *----------*
     #     Iteration = |       25 |   WBSE_dim = |        1 |   Diago_dim = |       13 |
                       *----------*              *----------*               *----------*
     s-DIAGOX done in < 00.1s with LAPACK
     --------------------------------------------------------------------------------------------
     Max diff =  0.117E-07

        0.14018   0.15142

     --------------------------------------------------------------------------------------------
     Tot. elapsed time 01h-03m-50.7s,  time spent in last iteration 01m-09.1s
     --------------------------------------------------------------------------------------------

                       *----------*              *----------*               *----------*
     #     Iteration = |       26 |   WBSE_dim = |        1 |   Diago_dim = |       14 |
                       *----------*              *----------*               *----------*
     s-DIAGOX done in < 00.1s with LAPACK
     --------------------------------------------------------------------------------------------
     Max diff =  0.712E-08

        0.14018   0.15142

     --------------------------------------------------------------------------------------------
     Tot. elapsed time 01h-04m-59.0s,  time spent in last iteration 01m-08.3s
     --------------------------------------------------------------------------------------------

     --------------------------------------------------------------------------------------------
     SAVE written in 02.9s
     In location : ./test.wbse.save
     --------------------------------------------------------------------------------------------

     --------------------------------------------------------------------------------------------
     Convergence achieved !!! in       26 steps
     --------------------------------------------------------------------------------------------

     --------------------------------------------------------------------------------------------
     Compute forces
     --------------------------------------------------------------------------------------------

     --------------------------------------------------------------------------------------------
     Compute drhox1
     --------------------------------------------------------------------------------------------
     Time spent in last step < 00.1s

     --------------------------------------------------------------------------------------------
     Compute forces of drhox1
     --------------------------------------------------------------------------------------------

     --------------------------------------------------------------------------------------------
     Forces drhox1
     --------------------------------------------------------------------------------------------
     atom    1 type  1   force =    -0.01818623   -0.01524605   -0.01514288
     atom    2 type  1   force =    -0.00954393   -0.00518405   -0.00508167
     atom    3 type  1   force =    -0.01243523    0.00269739    0.00279429
     atom    4 type  1   force =    -0.01206301    0.01164562    0.01166835
     atom    5 type  1   force =    -0.00416482   -0.01129974    0.00260647
     atom    6 type  1   force =     0.00186800   -0.00617213    0.00858554
     atom    7 type  1   force =    -0.00412395    0.00251797   -0.01120712
     atom    8 type  1   force =     0.00188990    0.00855052   -0.00609149
     atom    9 type  1   force =    -0.01965569   -0.02255405    0.02129350
     atom   10 type  1   force =    -0.01403227   -0.00835249    0.01729336
     atom   11 type  1   force =    -0.02010025    0.01245680    0.01830423
     atom   12 type  1   force =    -0.02731576    0.02731041    0.01270680
     atom   13 type  1   force =    -0.00609717   -0.01954162    0.01590717
     atom   14 type  1   force =     0.00663674   -0.01252261    0.00856757
     atom   15 type  1   force =    -0.00629880    0.00254696    0.01394614
     atom   16 type  1   force =    -0.00021850    0.01141145    0.01645991
     atom   17 type  1   force =    -0.03048111   -0.03186470   -0.00660630
     atom   18 type  1   force =    -0.01501521   -0.00621838   -0.01243638
     atom   19 type  1   force =    -0.02061890    0.01026784   -0.01988061
     atom   20 type  1   force =    -0.01535488    0.01518246   -0.01941024
     atom   21 type  1   force =    -0.00241291   -0.01645702   -0.01655750
     atom   22 type  1   force =     0.00573166   -0.00806114   -0.01505751
     atom   23 type  1   force =    -0.00893869    0.00565167   -0.00529920
     atom   24 type  1   force =     0.00186708    0.01424346   -0.01084059
     atom   25 type  1   force =    -0.01955409    0.02121076   -0.02225730
     atom   26 type  1   force =    -0.01399305    0.01734352   -0.00812036
     atom   27 type  1   force =    -0.02013329    0.01851588    0.01277319
     atom   28 type  1   force =    -0.02753883    0.01298641    0.02755816
     atom   29 type  1   force =    -0.00629348    0.01396853    0.00263890
     atom   30 type  1   force =    -0.00024707    0.01653238    0.01145044
     atom   31 type  1   force =    -0.00599341    0.01595085   -0.01933854
     atom   32 type  1   force =     0.00663587    0.00866521   -0.01238054
     atom   33 type  1   force =    -0.02346791    0.02991315    0.02979367
     atom   34 type  1   force =    -0.03890478    0.03294181    0.03269606
     atom   35 type  1   force =    -0.10266583    0.04839427    0.04761188
     atom   36 type  1   force =    -0.08116841    0.00961882    0.00910808
     atom   37 type  1   force =    -0.01944624    0.02358362    0.01836023
     atom   38 type  1   force =     0.00350914    0.02791534    0.01009090
     atom   39 type  1   force =    -0.01959145    0.01857318    0.02356237
     atom   40 type  1   force =     0.00339282    0.01022755    0.02784126
     atom   41 type  1   force =    -0.05652999    0.06225761   -0.01960196
     atom   42 type  1   force =    -0.05295135    0.03456500   -0.02700541
     atom   43 type  1   force =    -0.06502755    0.03211532   -0.06152439
     atom   44 type  1   force =    -0.02924214    0.00232315   -0.03556092
     atom   45 type  1   force =    -0.01256601    0.02231495   -0.01987797
     atom   46 type  1   force =     0.00711089    0.02309494   -0.02132286
     atom   47 type  1   force =    -0.02802455    0.02156742   -0.00496397
     atom   48 type  1   force =     0.02412742    0.01399662   -0.01600494
     atom   49 type  1   force =    -0.03046358   -0.00640402   -0.03156792
     atom   50 type  1   force =    -0.01506382   -0.01239532   -0.00598547
     atom   51 type  1   force =    -0.02072441   -0.01997956    0.01056055
     atom   52 type  1   force =    -0.01548738   -0.01957175    0.01533576
     atom   53 type  1   force =    -0.00905597   -0.00525804    0.00585988
     atom   54 type  1   force =     0.00174479   -0.01083945    0.01433306
     atom   55 type  1   force =    -0.00242220   -0.01654218   -0.01636251
     atom   56 type  1   force =     0.00570955   -0.01509649   -0.00798047
     atom   57 type  1   force =    -0.05707018   -0.01961940    0.06271963
     atom   58 type  1   force =    -0.05355381   -0.02708657    0.03460628
     atom   59 type  1   force =    -0.06551831   -0.06199178    0.03204435
     atom   60 type  1   force =    -0.02943361   -0.03579909    0.00205773
     atom   61 type  1   force =    -0.02830259   -0.00477759    0.02137707
     atom   62 type  1   force =     0.02401205   -0.01594311    0.01386027
     atom   63 type  1   force =    -0.01279247   -0.01998142    0.02240642
     atom   64 type  1   force =     0.00699141   -0.02141520    0.02308846
     atom   65 type  1   force =    -0.12444868   -0.02852374   -0.02926013
     atom   66 type  1   force =    -0.04560945   -0.02789327   -0.02811042
     atom   67 type  1   force =    -0.04839784   -0.03684957   -0.03693908
     atom   68 type  1   force =    -0.01630344   -0.02077151   -0.02074041
     atom   69 type  1   force =    -0.00876838   -0.00675046   -0.02665078
     atom   70 type  1   force =     0.02108651   -0.01580932   -0.02745747
     atom   71 type  1   force =    -0.00889598   -0.02663774   -0.00695588
     atom   72 type  1   force =     0.02105707   -0.02749925   -0.01587662
     atom   73 type  1   force =     0.01430662   -0.01672705   -0.01667568
     atom   74 type  1   force =     0.01306955   -0.00899421   -0.00893575
     atom   75 type  1   force =     0.00716170    0.00076540    0.00081302
     atom   76 type  1   force =     0.01223603    0.00958936    0.00960964
     atom   77 type  1   force =     0.01521911   -0.01723414   -0.00023718
     atom   78 type  1   force =     0.01188074   -0.01153053    0.01190568
     atom   79 type  1   force =     0.01518622   -0.00030531   -0.01716028
     atom   80 type  1   force =     0.01184117    0.01186525   -0.01142051
     atom   81 type  1   force =     0.01186932   -0.01659924    0.01852079
     atom   82 type  1   force =     0.01688809   -0.01544228    0.02187402
     atom   83 type  1   force =     0.01105451   -0.00122046    0.01520881
     atom   84 type  1   force =     0.02374579    0.02064478    0.01042145
     atom   85 type  1   force =     0.02767475   -0.05302673    0.03701778
     atom   86 type  1   force =     0.01737344   -0.03570744    0.01568591
     atom   87 type  1   force =     0.01487236    0.00068025    0.01770040
     atom   88 type  1   force =     0.01950532    0.02527111    0.02808572
     atom   89 type  1   force =     0.03045604   -0.03499208   -0.00784826
     atom   90 type  1   force =     0.02453541   -0.02552318   -0.01392279
     atom   91 type  1   force =     0.01311553    0.00017913   -0.01518526
     atom   92 type  1   force =     0.01804783    0.01524585   -0.01989014
     atom   93 type  1   force =     0.03291497   -0.05252308   -0.03377631
     atom   94 type  1   force =     0.01584169   -0.02387975   -0.02658014
     atom   95 type  1   force =     0.02312962   -0.00095940   -0.00072423
     atom   96 type  1   force =     0.02518635    0.03920910   -0.01769837
     atom   97 type  1   force =     0.01189297    0.01850925   -0.01651920
     atom   98 type  1   force =     0.01688655    0.02190567   -0.01535949
     atom   99 type  1   force =     0.01104392    0.01527034   -0.00113937
     atom  100 type  1   force =     0.02377222    0.01049949    0.02069667
     atom  101 type  1   force =     0.01486812    0.01771562    0.00074676
     atom  102 type  1   force =     0.01954895    0.02819091    0.02532185
     atom  103 type  1   force =     0.02762344    0.03708744   -0.05292526
     atom  104 type  1   force =     0.01737543    0.01577704   -0.03553433
     atom  105 type  1   force =     0.00977124    0.01709869    0.01707891
     atom  106 type  1   force =     0.03205762    0.03411045    0.03404838
     atom  107 type  1   force =     0.03535552    0.02997963    0.02988325
     atom  108 type  1   force =     0.12057140    0.04513219    0.04502385
     atom  109 type  1   force =     0.03668877    0.04782122    0.03064895
     atom  110 type  1   force =     0.07462577    0.13296732    0.04557633
     atom  111 type  1   force =     0.03676086    0.03076329    0.04781347
     atom  112 type  1   force =     0.07496168    0.04586603    0.13287648
     atom  113 type  1   force =     0.02197739    0.03087287   -0.00034270
     atom  114 type  1   force =     0.05726753    0.06208339   -0.02108734
     atom  115 type  1   force =     0.04620315    0.03733004   -0.02779448
     atom  116 type  1   force =     0.06011174    0.03753479   -0.06330576
     atom  117 type  1   force =     0.03331937    0.04979950   -0.03123739
     atom  118 type  1   force =     0.02760102    0.06104543   -0.06254899
     atom  119 type  1   force =     0.13959283    0.12718005    0.00765108
     atom  120 type  1   force =     0.18827495    0.23597657   -0.18882946
     atom  121 type  1   force =     0.03047719   -0.00778808   -0.03491523
     atom  122 type  1   force =     0.02454553   -0.01389844   -0.02544083
     atom  123 type  1   force =     0.01309504   -0.01520321    0.00025682
     atom  124 type  1   force =     0.01807224   -0.01994607    0.01529412
     atom  125 type  1   force =     0.02319656   -0.00066097   -0.00083975
     atom  126 type  1   force =     0.02541232   -0.01770779    0.03938521
     atom  127 type  1   force =     0.03292307   -0.03377532   -0.05245248
     atom  128 type  1   force =     0.01588430   -0.02663188   -0.02376845
     atom  129 type  1   force =     0.02192569   -0.00028043    0.03088650
     atom  130 type  1   force =     0.05730750   -0.02107317    0.06204340
     atom  131 type  1   force =     0.04613635   -0.02781572    0.03726182
     atom  132 type  1   force =     0.06010928   -0.06334920    0.03744557
     atom  133 type  1   force =     0.13971517    0.00773836    0.12704735
     atom  134 type  1   force =     0.18852532   -0.18883266    0.23558013
     atom  135 type  1   force =     0.03346167   -0.03129145    0.04982581
     atom  136 type  1   force =     0.02780536   -0.06271801    0.06100872
     atom  137 type  1   force =     0.08430322    0.00323015    0.00313638
     atom  138 type  1   force =     0.13800375   -0.04491399   -0.04494157
     atom  139 type  1   force =     0.04959319   -0.03436344   -0.03437254
     atom  140 type  1   force =     0.03542782   -0.03736572   -0.03733830
     atom  141 type  1   force =     0.12640545   -0.02576190   -0.12879231
     atom  142 type  1   force =     0.04308313   -0.04590667   -0.13798472
     atom  143 type  1   force =     0.12642799   -0.12878866   -0.02579547
     atom  144 type  1   force =     0.04311411   -0.13801822   -0.04596494
     atom  145 type  1   force =     0.00950388   -0.03310432   -0.03300696
     atom  146 type  1   force =    -0.00460628   -0.01233588   -0.01219538
     atom  147 type  1   force =     0.00647060    0.00034150    0.00043167
     atom  148 type  1   force =    -0.00044819    0.01692696    0.01695099
     atom  149 type  1   force =    -0.01300380   -0.01936071    0.00296505
     atom  150 type  1   force =    -0.01375061   -0.00941258    0.01285111
     atom  151 type  1   force =    -0.01298661    0.00278112   -0.01916931
     atom  152 type  1   force =    -0.01372872    0.01277291   -0.00920997
     atom  153 type  1   force =     0.00824505   -0.03361712    0.03093781
     atom  154 type  1   force =    -0.00265226   -0.02024475    0.02759077
     atom  155 type  1   force =     0.00991321    0.00677452    0.02307748
     atom  156 type  1   force =     0.00320171    0.05967499    0.01779243
     atom  157 type  1   force =    -0.02292784   -0.05303530    0.02698820
     atom  158 type  1   force =    -0.02367863   -0.01523366    0.00795772
     atom  159 type  1   force =    -0.00898859    0.00564345    0.02170025
     atom  160 type  1   force =    -0.01939653    0.03308724    0.03110976
     atom  161 type  1   force =     0.00112616   -0.08936568    0.00138267
     atom  162 type  1   force =    -0.01028021   -0.03038419   -0.01590318
     atom  163 type  1   force =     0.00849785    0.00388642   -0.02327511
     atom  164 type  1   force =    -0.00011420    0.02735031   -0.03331696
     atom  165 type  1   force =    -0.03335499   -0.04858559   -0.02910936
     atom  166 type  1   force =    -0.02088780   -0.01018454   -0.02087736
     atom  167 type  1   force =    -0.01492589    0.01849253   -0.00278676
     atom  168 type  1   force =    -0.02779917    0.05040052   -0.02483490
     atom  169 type  1   force =     0.00810563    0.03090668   -0.03337375
     atom  170 type  1   force =    -0.00269586    0.02766558   -0.01995728
     atom  171 type  1   force =     0.00996248    0.02322152    0.00698401
     atom  172 type  1   force =     0.00340450    0.01809827    0.06012575
     atom  173 type  1   force =    -0.00898702    0.02175502    0.00581357
     atom  174 type  1   force =    -0.01941998    0.03138012    0.03322393
     atom  175 type  1   force =    -0.02298030    0.02713538   -0.05258131
     atom  176 type  1   force =    -0.02367986    0.00813705   -0.01482905
     atom  177 type  1   force =     0.01487760    0.03801829    0.03793783
     atom  178 type  1   force =     0.00570276    0.08717722    0.08674726
     atom  179 type  1   force =    -0.01618360    0.09171250    0.05122833
     atom  180 type  1   force =    -0.09238533    0.11734937    0.07001116
     atom  181 type  1   force =    -0.01609401    0.05193009    0.09194379
     atom  182 type  1   force =    -0.09308296    0.07167736    0.11761818
     atom  183 type  1   force =     0.03270033    0.10950192   -0.00419285
     atom  184 type  1   force =     0.01420190    0.15508221   -0.09476516
     atom  185 type  1   force =     0.01594527    0.12160668   -0.14435562
     atom  186 type  1   force =    -0.03238574    0.03554488   -0.13220015
     atom  187 type  1   force =    -0.02372586    0.06614922   -0.05660779
     atom  188 type  1   force =    -0.03456553    0.03908033   -0.05780146
     atom  189 type  1   force =    -0.09441758    0.13862135   -0.09204233
     atom  190 type  1   force =    -0.14495985   -0.00914349   -0.11109006
     atom  191 type  1   force =     0.00108547    0.00151680   -0.08918667
     atom  192 type  1   force =    -0.01023573   -0.01584383   -0.03009672
     atom  193 type  1   force =     0.00863905   -0.02332908    0.00413271
     atom  194 type  1   force =     0.00007245   -0.03357997    0.02759233
     atom  195 type  1   force =    -0.01487981   -0.00265129    0.01897897
     atom  196 type  1   force =    -0.02794229   -0.02496007    0.05105158
     atom  197 type  1   force =    -0.03335705   -0.02907869   -0.04841780
     atom  198 type  1   force =    -0.02091251   -0.02096766   -0.00998308
     atom  199 type  1   force =     0.03326425   -0.00402313    0.10985236
     atom  200 type  1   force =     0.01545323   -0.09546229    0.15559082
     atom  201 type  1   force =     0.01649257   -0.14464928    0.12138651
     atom  202 type  1   force =    -0.03218715   -0.13257879    0.03524044
     atom  203 type  1   force =    -0.09442890   -0.09202977    0.13809850
     atom  204 type  1   force =    -0.14555765   -0.11144532   -0.01067762
     atom  205 type  1   force =    -0.02376343   -0.05714467    0.06663048
     atom  206 type  1   force =    -0.03469718   -0.05843340    0.03915376
     atom  207 type  1   force =     0.06711065   -0.09334428   -0.09338637
     atom  208 type  1   force =    -0.21134137   -0.19158244   -0.19183505
     atom  209 type  1   force =     0.02064984   -0.12709841   -0.12712645
     atom  210 type  1   force =    -0.03264704   -0.06087810   -0.06083281
     atom  211 type  1   force =    -0.11306983   -0.01650830   -0.14800614
     atom  212 type  1   force =    -0.05701506   -0.02856586   -0.06327482
     atom  213 type  1   force =    -0.11297474   -0.14818007   -0.01714842
     atom  214 type  1   force =    -0.05701821   -0.06340500   -0.02878611
     atom  215 type  2   force =     0.08560267    0.18004319    0.17934499

     Time spent in last step 25.0s

     --------------------------------------------------------------------------------------------
     Compute < dvg | dvg >
     --------------------------------------------------------------------------------------------
     Time spent in last step 00.2s

     --------------------------------------------------------------------------------------------
     Compute drhox2
     --------------------------------------------------------------------------------------------
     Time spent in last step 34.6s

     --------------------------------------------------------------------------------------------
     Compute forces of drhox2
     --------------------------------------------------------------------------------------------

     --------------------------------------------------------------------------------------------
     Forces drhox2
     --------------------------------------------------------------------------------------------
     atom    1 type  1   force =     0.01590729    0.01048812    0.01048568
     atom    2 type  1   force =     0.01164877    0.00122787    0.00122569
     atom    3 type  1   force =     0.01466872   -0.00767947   -0.00768116
     atom    4 type  1   force =     0.01560183   -0.01579665   -0.01579675
     atom    5 type  1   force =     0.00793361    0.00812880   -0.00705859
     atom    6 type  1   force =     0.00042762    0.00050551   -0.01086511
     atom    7 type  1   force =     0.00793261   -0.00705653    0.00812644
     atom    8 type  1   force =     0.00042683   -0.01086473    0.00050373
     atom    9 type  1   force =     0.02185198    0.02278949   -0.02400701
     atom   10 type  1   force =     0.01770233    0.00521525   -0.01662346
     atom   11 type  1   force =     0.02525073   -0.02131499   -0.01558525
     atom   12 type  1   force =     0.03500885   -0.03526311   -0.00933449
     atom   13 type  1   force =     0.01603426    0.01636382   -0.01299502
     atom   14 type  1   force =     0.00214469    0.00236894   -0.00002485
     atom   15 type  1   force =     0.00839648   -0.00782735   -0.01543949
     atom   16 type  1   force =    -0.00237760   -0.01743598   -0.01505549
     atom   17 type  1   force =     0.02639628    0.02904748    0.01445568
     atom   18 type  1   force =     0.01911890    0.00023648    0.01552610
     atom   19 type  1   force =     0.02238468   -0.01967991    0.02261323
     atom   20 type  1   force =     0.02013551   -0.01985142    0.02041462
     atom   21 type  1   force =     0.01017253    0.01051678    0.01599773
     atom   22 type  1   force =     0.00102368    0.00129493    0.01185753
     atom   23 type  1   force =     0.01486829   -0.01233776    0.00927526
     atom   24 type  1   force =     0.00428920   -0.01753153    0.01479831
     atom   25 type  1   force =     0.02185137   -0.02400541    0.02278348
     atom   26 type  1   force =     0.01770247   -0.01662474    0.00520991
     atom   27 type  1   force =     0.02525273   -0.01558901   -0.02132092
     atom   28 type  1   force =     0.03501215   -0.00933884   -0.03526651
     atom   29 type  1   force =     0.00839624   -0.01544005   -0.00782940
     atom   30 type  1   force =    -0.00237757   -0.01505762   -0.01743655
     atom   31 type  1   force =     0.01603148   -0.01299462    0.01635857
     atom   32 type  1   force =     0.00214335   -0.00002732    0.00236520
     atom   33 type  1   force =     0.03429512   -0.03623389   -0.03623026
     atom   34 type  1   force =     0.04912910   -0.03573750   -0.03573264
     atom   35 type  1   force =     0.12896684   -0.05093512   -0.05092058
     atom   36 type  1   force =     0.10458944   -0.00379443   -0.00378589
     atom   37 type  1   force =     0.02394473   -0.02669940   -0.01496338
     atom   38 type  1   force =     0.00218672   -0.02200403   -0.00070851
     atom   39 type  1   force =     0.02394695   -0.01496771   -0.02669843
     atom   40 type  1   force =     0.00218861   -0.00071119   -0.02200217
     atom   41 type  1   force =     0.07034251   -0.07629743    0.02254656
     atom   42 type  1   force =     0.07031683   -0.03805928    0.03133305
     atom   43 type  1   force =     0.07544854   -0.03854157    0.07628248
     atom   44 type  1   force =     0.03939502    0.00997299    0.03985232
     atom   45 type  1   force =     0.02259463   -0.02413033    0.02225834
     atom   46 type  1   force =     0.00508107   -0.01675970    0.01809656
     atom   47 type  1   force =     0.04662069   -0.01512058    0.01088027
     atom   48 type  1   force =     0.00375387   -0.00194163    0.01993481
     atom   49 type  1   force =     0.02639815    0.01445170    0.02904054
     atom   50 type  1   force =     0.01911984    0.01552486    0.00023141
     atom   51 type  1   force =     0.02238664    0.02261563   -0.01968499
     atom   52 type  1   force =     0.02013725    0.02041776   -0.01985407
     atom   53 type  1   force =     0.01487000    0.00927442   -0.01234196
     atom   54 type  1   force =     0.00429144    0.01479830   -0.01753322
     atom   55 type  1   force =     0.01017273    0.01599752    0.01051449
     atom   56 type  1   force =     0.00102410    0.01185857    0.00129314
     atom   57 type  1   force =     0.07034568    0.02254680   -0.07630071
     atom   58 type  1   force =     0.07032298    0.03133225   -0.03805948
     atom   59 type  1   force =     0.07545013    0.07628694   -0.03854607
     atom   60 type  1   force =     0.03939791    0.03985765    0.00998036
     atom   61 type  1   force =     0.04662515    0.01087575   -0.01511627
     atom   62 type  1   force =     0.00375713    0.01993327   -0.00193885
     atom   63 type  1   force =     0.02259889    0.02226049   -0.02413268
     atom   64 type  1   force =     0.00508466    0.01809880   -0.01675940
     atom   65 type  1   force =     0.14223748    0.04525459    0.04526885
     atom   66 type  1   force =     0.05796098    0.03495625    0.03496091
     atom   67 type  1   force =     0.03953337    0.03958197    0.03958321
     atom   68 type  1   force =     0.01852944    0.01872371    0.01872291
     atom   69 type  1   force =     0.02854391    0.01461211    0.02677191
     atom   70 type  1   force =    -0.00020691    0.01554608    0.01950558
     atom   71 type  1   force =     0.02854706    0.02677103    0.01461716
     atom   72 type  1   force =    -0.00020555    0.01950683    0.01554756
     atom   73 type  1   force =    -0.00726795    0.00827231    0.00827096
     atom   74 type  1   force =    -0.01082298    0.00062919    0.00062820
     atom   75 type  1   force =    -0.00747289   -0.00745239   -0.00745313
     atom   76 type  1   force =    -0.01861342   -0.01886936   -0.01886841
     atom   77 type  1   force =    -0.01527952    0.00865617   -0.00753138
     atom   78 type  1   force =    -0.01474007   -0.00223906   -0.01715757
     atom   79 type  1   force =    -0.01527916   -0.00753097    0.00865431
     atom   80 type  1   force =    -0.01473956   -0.01715845   -0.00224090
     atom   81 type  1   force =    -0.00774403    0.00863235   -0.01546072
     atom   82 type  1   force =    -0.01713517   -0.00223238   -0.01510271
     atom   83 type  1   force =    -0.01331085   -0.01336273   -0.00991126
     atom   84 type  1   force =    -0.03418147   -0.03449492    0.00876388
     atom   85 type  1   force =    -0.02613583    0.02436704   -0.01528278
     atom   86 type  1   force =    -0.02142115    0.00259888   -0.00095659
     atom   87 type  1   force =    -0.02171312   -0.02057828   -0.02198510
     atom   88 type  1   force =    -0.03112449   -0.06468431   -0.03173701
     atom   89 type  1   force =    -0.01246972    0.01532840    0.00925985
     atom   90 type  1   force =    -0.01746497    0.00473742    0.01465551
     atom   91 type  1   force =    -0.00774389   -0.00759818    0.01491261
     atom   92 type  1   force =    -0.01560500   -0.01569457    0.01586789
     atom   93 type  1   force =    -0.02420936    0.02344472    0.02227380
     atom   94 type  1   force =    -0.01646594    0.00576019    0.01804314
     atom   95 type  1   force =    -0.02572910   -0.02155703    0.01369895
     atom   96 type  1   force =    -0.03325176   -0.04787780    0.03219017
     atom   97 type  1   force =    -0.00774569   -0.01546090    0.00863025
     atom   98 type  1   force =    -0.01713664   -0.01510432   -0.00223422
     atom   99 type  1   force =    -0.01331225   -0.00991293   -0.01336477
     atom  100 type  1   force =    -0.03418342    0.00876351   -0.03449574
     atom  101 type  1   force =    -0.02171389   -0.02198715   -0.02057913
     atom  102 type  1   force =    -0.03112453   -0.03174109   -0.06468363
     atom  103 type  1   force =    -0.02613697   -0.01528480    0.02436498
     atom  104 type  1   force =    -0.02142235   -0.00095768    0.00259632
     atom  105 type  1   force =    -0.02056796   -0.02213500   -0.02213370
     atom  106 type  1   force =    -0.06442111   -0.03174075   -0.03173671
     atom  107 type  1   force =    -0.04104529   -0.01320353   -0.01320075
     atom  108 type  1   force =    -0.09491587   -0.00109686   -0.00109571
     atom  109 type  1   force =    -0.07324331   -0.07388040   -0.02602490
     atom  110 type  1   force =    -0.13435603   -0.13510982    0.06564184
     atom  111 type  1   force =    -0.07324613   -0.02602959   -0.07387989
     atom  112 type  1   force =    -0.13435430    0.06564182   -0.13510126
     atom  113 type  1   force =    -0.02175765   -0.02630146    0.01370866
     atom  114 type  1   force =    -0.04800655   -0.03430377    0.03254855
     atom  115 type  1   force =    -0.02143371   -0.01588371    0.02577086
     atom  116 type  1   force =    -0.03503363   -0.00981368    0.03561495
     atom  117 type  1   force =    -0.03555538   -0.03623603    0.03469151
     atom  118 type  1   force =    -0.03485805   -0.03568494    0.04935408
     atom  119 type  1   force =    -0.12749650   -0.04970611    0.04626558
     atom  120 type  1   force =    -0.13653931   -0.05803816    0.12517268
     atom  121 type  1   force =    -0.01247165    0.00925878    0.01532649
     atom  122 type  1   force =    -0.01746616    0.01465616    0.00473582
     atom  123 type  1   force =    -0.00774351    0.01491371   -0.00759954
     atom  124 type  1   force =    -0.01560477    0.01586967   -0.01569447
     atom  125 type  1   force =    -0.02573144    0.01369894   -0.02155903
     atom  126 type  1   force =    -0.03325568    0.03219333   -0.04787877
     atom  127 type  1   force =    -0.02421008    0.02227529    0.02344296
     atom  128 type  1   force =    -0.01646693    0.01804546    0.00575843
     atom  129 type  1   force =    -0.02175714    0.01370857   -0.02630090
     atom  130 type  1   force =    -0.04800592    0.03254947   -0.03430155
     atom  131 type  1   force =    -0.02143048    0.02577158   -0.01588194
     atom  132 type  1   force =    -0.03503127    0.03561640   -0.00981265
     atom  133 type  1   force =    -0.12749534    0.04626984   -0.04970014
     atom  134 type  1   force =    -0.13652938    0.12517131   -0.05803753
     atom  135 type  1   force =    -0.03555681    0.03469407   -0.03623387
     atom  136 type  1   force =    -0.03485939    0.04935740   -0.03568144
     atom  137 type  1   force =    -0.03975909    0.01114054    0.01114179
     atom  138 type  1   force =    -0.06600982    0.03122778    0.03122679
     atom  139 type  1   force =    -0.02030946    0.02286537    0.02286499
     atom  140 type  1   force =    -0.02013799    0.02066346    0.02066212
     atom  141 type  1   force =    -0.07602673    0.02191619    0.07114057
     atom  142 type  1   force =    -0.03761813    0.03054486    0.07128828
     atom  143 type  1   force =    -0.07602510    0.07114232    0.02191520
     atom  144 type  1   force =    -0.03761683    0.07128917    0.03054222
     atom  145 type  1   force =    -0.01293917    0.01672297    0.01672054
     atom  146 type  1   force =     0.00026834    0.00254796    0.00254562
     atom  147 type  1   force =    -0.00963888   -0.01314941   -0.01315002
     atom  148 type  1   force =     0.00867004   -0.03423895   -0.03423780
     atom  149 type  1   force =     0.00926566    0.01506372   -0.01200394
     atom  150 type  1   force =     0.01453169    0.00437008   -0.01735327
     atom  151 type  1   force =     0.00926550   -0.01200179    0.01506020
     atom  152 type  1   force =     0.01453237   -0.01735279    0.00436633
     atom  153 type  1   force =    -0.01461492    0.02399767   -0.02636929
     atom  154 type  1   force =    -0.00065485    0.00226266   -0.02175686
     atom  155 type  1   force =    -0.01266472   -0.04078887   -0.01301372
     atom  156 type  1   force =    -0.00075647   -0.09457372   -0.00058665
     atom  157 type  1   force =     0.01060599    0.04655189   -0.01517646
     atom  158 type  1   force =     0.01955930    0.00418135   -0.00189942
     atom  159 type  1   force =     0.01355353   -0.02171453   -0.02596917
     atom  160 type  1   force =     0.03190524   -0.04825220   -0.03379658
     atom  161 type  1   force =    -0.01448321    0.04724108    0.01011171
     atom  162 type  1   force =    -0.00156989    0.00469738    0.01951585
     atom  163 type  1   force =    -0.01526587   -0.02065366    0.02542379
     atom  164 type  1   force =    -0.00920471   -0.03468732    0.03510317
     atom  165 type  1   force =     0.01499231    0.02942181    0.02642903
     atom  166 type  1   force =     0.01555434    0.00044535    0.01934156
     atom  167 type  1   force =     0.01104757   -0.03895909    0.01114534
     atom  168 type  1   force =     0.03067096   -0.06536098    0.03128241
     atom  169 type  1   force =    -0.01461263   -0.02637136    0.02399342
     atom  170 type  1   force =    -0.00065330   -0.02175990    0.00225821
     atom  171 type  1   force =    -0.01266577   -0.01301752   -0.04079221
     atom  172 type  1   force =    -0.00075865   -0.00058985   -0.09457725
     atom  173 type  1   force =     0.01355359   -0.02597210   -0.02171698
     atom  174 type  1   force =     0.03190746   -0.03380277   -0.04825380
     atom  175 type  1   force =     0.01061017   -0.01518009    0.04654512
     atom  176 type  1   force =     0.01956174   -0.00190235    0.00417370
     atom  177 type  1   force =    -0.02537377   -0.07346959   -0.07346629
     atom  178 type  1   force =     0.06479228   -0.13588304   -0.13587617
     atom  179 type  1   force =     0.04615824   -0.12838428   -0.04887228
     atom  180 type  1   force =     0.12426708   -0.13976862   -0.05718182
     atom  181 type  1   force =     0.04615227   -0.04888312   -0.12838451
     atom  182 type  1   force =     0.12427022   -0.05718562   -0.13976340
     atom  183 type  1   force =    -0.04784233   -0.12758873    0.04752457
     atom  184 type  1   force =    -0.05747163   -0.13721114    0.12438827
     atom  185 type  1   force =    -0.04887138   -0.05124699    0.12805600
     atom  186 type  1   force =    -0.00357658   -0.00476941    0.10375627
     atom  187 type  1   force =     0.02176667   -0.07574153    0.07069184
     atom  188 type  1   force =     0.03038611   -0.03777558    0.07028688
     atom  189 type  1   force =     0.11028942   -0.18339298    0.11291472
     atom  190 type  1   force =     0.13136954    0.06874150    0.13378074
     atom  191 type  1   force =    -0.01448260    0.01011134    0.04723894
     atom  192 type  1   force =    -0.00157009    0.01951681    0.00469309
     atom  193 type  1   force =    -0.01526780    0.02542652   -0.02065634
     atom  194 type  1   force =    -0.00920798    0.03510782   -0.03468829
     atom  195 type  1   force =     0.01104802    0.01114461   -0.03896555
     atom  196 type  1   force =     0.03067106    0.03128380   -0.06536562
     atom  197 type  1   force =     0.01499336    0.02643004    0.02941813
     atom  198 type  1   force =     0.01555454    0.01934376    0.00044172
     atom  199 type  1   force =    -0.04784746    0.04752292   -0.12758790
     atom  200 type  1   force =    -0.05747533    0.12439066   -0.13719652
     atom  201 type  1   force =    -0.04887551    0.12805518   -0.05123650
     atom  202 type  1   force =    -0.00358232    0.10375618   -0.00476648
     atom  203 type  1   force =     0.11026218    0.11289736   -0.18337714
     atom  204 type  1   force =     0.13135760    0.13377596    0.06875947
     atom  205 type  1   force =     0.02176560    0.07069657   -0.07574304
     atom  206 type  1   force =     0.03038256    0.07029394   -0.03777461
     atom  207 type  1   force =    -0.17927769    0.10774195    0.10773241
     atom  208 type  1   force =     0.07053507    0.13119552    0.13118850
     atom  209 type  1   force =    -0.03861855    0.07624111    0.07623813
     atom  210 type  1   force =     0.01090622    0.04008918    0.04008671
     atom  211 type  1   force =     0.04455935    0.04327119    0.14221635
     atom  212 type  1   force =     0.03509540    0.03470106    0.05855930
     atom  213 type  1   force =     0.04454832    0.14221749    0.04327460
     atom  214 type  1   force =     0.03509435    0.05856330    0.03470468
     atom  215 type  2   force =    -0.14595239   -0.14641298   -0.14640638

     Time spent in last step 24.9s

     --------------------------------------------------------------------------------------------
     Build the RHS of the Z vector equation
     --------------------------------------------------------------------------------------------
                               *-----------------*
     # Norm of z_rhs_vec p1  = |  1.33002777E-01 |
                               *-----------------*
                               *-----------------*
     # Norm of z_rhs_vec p2  = |  2.18088055E-03 |
                               *-----------------*
                               *-----------------*
     # Norm of z_rhs_vec p3  = |  1.83929021E-03 |
                               *-----------------*
                               *-----------------*
     # Norm of z_rhs_vec p4  = |  8.48810971E-04 |
                               *-----------------*
     Time spent in last step 10m-14.1s

     --------------------------------------------------------------------------------------------
     Solve the Z vector equation using the CG algorithm
     --------------------------------------------------------------------------------------------
                               *-----------------*
     # Norm of z_rhs_vec     = |  1.34577105E-01 |
                               *-----------------*
     Initial residual =  0.45318359E+01

     Residual(00001) =  0.83680267E+00

     Time spent in last step 04m-30.8s
     Residual(00002) =  0.80158543E-01

     Time spent in last step 04m-29.4s
     Residual(00003) =  0.28490865E-01

     Time spent in last step 04m-30.6s
     Residual(00004) =  0.54237778E-02

     Time spent in last step 04m-30.7s
     Residual(00005) =  0.20678760E-02

     Time spent in last step 04m-29.0s
     Residual(00006) =  0.66693750E-03

     Time spent in last step 04m-28.8s
     Residual(00007) =  0.27006169E-03

     Time spent in last step 04m-30.4s
     Residual(00008) =  0.16544962E-03

     Time spent in last step 04m-31.0s
     Residual(00009) =  0.10556775E-03

     Time spent in last step 04m-30.7s
     Residual(00010) =  0.68202866E-04

     Time spent in last step 04m-28.1s
     Residual(00011) =  0.52204231E-04

     Time spent in last step 04m-30.3s
     Residual(00012) =  0.32738665E-04

     Time spent in last step 04m-30.7s
     Residual(00013) =  0.23182793E-04

     Time spent in last step 04m-29.0s
     Residual(00014) =  0.16227707E-04

     Time spent in last step 04m-28.9s
     Residual(00015) =  0.10436684E-04

     Time spent in last step 04m-26.6s
     Residual(00016) =  0.54394930E-05

     Time spent in last step 04m-27.5s
     Residual(00017) =  0.29572946E-05

     Time spent in last step 04m-31.6s
     Residual(00018) =  0.13862319E-05

     Time spent in last step 04m-29.9s
     Residual(00019) =  0.61737852E-06

     Time spent in last step 04m-30.4s
     Residual(00020) =  0.29128755E-06

     Time spent in last step 04m-34.2s
     Residual(00021) =  0.12741335E-06

     Time spent in last step 04m-28.4s
     Residual(00022) =  0.56958404E-07

     Time spent in last step 04m-30.9s
     Residual(00023) =  0.25028497E-07

     Time spent in last step 04m-32.0s
     Residual(00024) =  0.10298648E-07

     Time spent in last step 04m-31.2s
     Residual(00025) =  0.41777748E-08

     Time spent in last step 04m-29.2s
     Residual(00026) =  0.16329654E-08

     Time spent in last step 04m-30.3s
     Residual(00027) =  0.64622576E-09

     Time spent in last step 04m-31.9s
     Residual(00028) =  0.29637996E-09

     Time spent in last step 04m-32.3s
     Residual(00029) =  0.13639412E-09

     Time spent in last step 04m-30.2s
     Residual(00030) =  0.62734987E-10

     Time spent in last step 04m-31.6s
     Time spent in last step 02h-19m-39.6s

     --------------------------------------------------------------------------------------------
     Compute forces of Z vector
     --------------------------------------------------------------------------------------------

     --------------------------------------------------------------------------------------------
     Forces drhoz
     --------------------------------------------------------------------------------------------
     atom    1 type  1   force =     0.00218026    0.00450838    0.00440720
     atom    2 type  1   force =    -0.00202278    0.00398476    0.00388448
     atom    3 type  1   force =    -0.00213682    0.00476660    0.00467063
     atom    4 type  1   force =    -0.00352565    0.00405776    0.00403752
     atom    5 type  1   force =    -0.00379486    0.00305638    0.00423795
     atom    6 type  1   force =    -0.00216163    0.00572888    0.00247009
     atom    7 type  1   force =    -0.00383421    0.00432375    0.00296734
     atom    8 type  1   force =    -0.00218304    0.00250443    0.00565025
     atom    9 type  1   force =    -0.00198021   -0.00055681    0.00238730
     atom   10 type  1   force =    -0.00390992    0.00328446   -0.00064197
     atom   11 type  1   force =    -0.00512763    0.00893045   -0.00200180
     atom   12 type  1   force =    -0.00713850    0.00739724   -0.00310145
     atom   13 type  1   force =    -0.01007971    0.00290129   -0.00437344
     atom   14 type  1   force =    -0.00924273    0.01079174   -0.00602371
     atom   15 type  1   force =    -0.00201804    0.00512527    0.00127451
     atom   16 type  1   force =     0.00257096    0.00630869   -0.00106271
     atom   17 type  1   force =     0.00408428    0.00303595   -0.00716054
     atom   18 type  1   force =    -0.00355497    0.00642345   -0.00324205
     atom   19 type  1   force =    -0.00170082    0.00906845   -0.00267808
     atom   20 type  1   force =    -0.00477254    0.00467934   -0.00111662
     atom   21 type  1   force =    -0.00804674    0.00571475    0.00041288
     atom   22 type  1   force =    -0.00669971    0.00683240    0.00333592
     atom   23 type  1   force =    -0.00632031    0.00677245   -0.00434698
     atom   24 type  1   force =    -0.00626570    0.00292519   -0.00434434
     atom   25 type  1   force =    -0.00207549    0.00246212   -0.00084586
     atom   26 type  1   force =    -0.00395305   -0.00068714    0.00305857
     atom   27 type  1   force =    -0.00509252   -0.00220714    0.00862732
     atom   28 type  1   force =    -0.00688723   -0.00333422    0.00711875
     atom   29 type  1   force =    -0.00202380    0.00125247    0.00503520
     atom   30 type  1   force =     0.00259818   -0.00113509    0.00627489
     atom   31 type  1   force =    -0.01018863   -0.00443792    0.00269659
     atom   32 type  1   force =    -0.00924028   -0.00609821    0.01064511
     atom   33 type  1   force =    -0.01049204    0.00633997    0.00644977
     atom   34 type  1   force =    -0.01091118    0.00250188    0.00275887
     atom   35 type  1   force =    -0.02726239    0.00291616    0.00366862
     atom   36 type  1   force =    -0.02288451   -0.00598223   -0.00548279
     atom   37 type  1   force =    -0.00482542    0.00331979   -0.00304988
     atom   38 type  1   force =    -0.00550682   -0.00635493   -0.00985105
     atom   39 type  1   force =    -0.00468969   -0.00324836    0.00333882
     atom   40 type  1   force =    -0.00539363   -0.00998748   -0.00627989
     atom   41 type  1   force =    -0.01314104    0.01181639   -0.00460701
     atom   42 type  1   force =    -0.01711590    0.00357041   -0.00478619
     atom   43 type  1   force =    -0.01149498   -0.00097643   -0.01746563
     atom   44 type  1   force =    -0.01101162   -0.00932048   -0.00491808
     atom   45 type  1   force =    -0.01008106    0.00149791   -0.00219157
     atom   46 type  1   force =    -0.01206163   -0.00621973    0.00285045
     atom   47 type  1   force =    -0.01877205   -0.00593619   -0.00540132
     atom   48 type  1   force =    -0.02751112   -0.01225705   -0.00454860
     atom   49 type  1   force =     0.00406259   -0.00735373    0.00275307
     atom   50 type  1   force =    -0.00350293   -0.00327851    0.00619714
     atom   51 type  1   force =    -0.00160381   -0.00258808    0.00878166
     atom   52 type  1   force =    -0.00464007   -0.00095749    0.00452870
     atom   53 type  1   force =    -0.00619394   -0.00441060    0.00655948
     atom   54 type  1   force =    -0.00614771   -0.00434189    0.00283472
     atom   55 type  1   force =    -0.00803745    0.00039749    0.00562234
     atom   56 type  1   force =    -0.00667772    0.00337433    0.00675375
     atom   57 type  1   force =    -0.01256124   -0.00469623    0.01131948
     atom   58 type  1   force =    -0.01653835   -0.00470889    0.00353177
     atom   59 type  1   force =    -0.01097301   -0.01698089   -0.00083242
     atom   60 type  1   force =    -0.01080007   -0.00465997   -0.00909569
     atom   61 type  1   force =    -0.01850602   -0.00557685   -0.00575319
     atom   62 type  1   force =    -0.02740017   -0.00461509   -0.01212107
     atom   63 type  1   force =    -0.00985861   -0.00209623    0.00141536
     atom   64 type  1   force =    -0.01194699    0.00294336   -0.00621671
     atom   65 type  1   force =    -0.01377335   -0.01712909   -0.01642930
     atom   66 type  1   force =    -0.01131398   -0.00694231   -0.00671205
     atom   67 type  1   force =     0.00784429   -0.00295290   -0.00287093
     atom   68 type  1   force =    -0.00205204    0.00210154    0.00207214
     atom   69 type  1   force =    -0.01948807   -0.00800973   -0.00015213
     atom   70 type  1   force =    -0.02047416    0.00073580    0.00852617
     atom   71 type  1   force =    -0.01937022   -0.00016246   -0.00782093
     atom   72 type  1   force =    -0.02044784    0.00856261    0.00080290
     atom   73 type  1   force =    -0.00715703    0.00826389    0.00821454
     atom   74 type  1   force =    -0.00201851    0.00846178    0.00840485
     atom   75 type  1   force =     0.00005772    0.00642155    0.00637479
     atom   76 type  1   force =     0.00692141    0.00958353    0.00956414
     atom   77 type  1   force =    -0.00003181    0.00862395    0.00775243
     atom   78 type  1   force =     0.00343802    0.01393660    0.00518451
     atom   79 type  1   force =     0.00000005    0.00781938    0.00855292
     atom   80 type  1   force =     0.00347744    0.00522388    0.01382806
     atom   81 type  1   force =    -0.00418078    0.00792032   -0.00318203
     atom   82 type  1   force =     0.00078651    0.01765572   -0.00645746
     atom   83 type  1   force =     0.00264399    0.01473831   -0.00695279
     atom   84 type  1   force =     0.01171909    0.01544941   -0.01576826
     atom   85 type  1   force =    -0.00162439    0.02773338   -0.02107671
     atom   86 type  1   force =     0.00414672    0.03282172   -0.01474041
     atom   87 type  1   force =     0.00617183    0.01954804    0.00355810
     atom   88 type  1   force =     0.01193776    0.03883241    0.00387694
     atom   89 type  1   force =    -0.01920248    0.02068345   -0.00426313
     atom   90 type  1   force =    -0.00733510    0.02071533   -0.00039060
     atom   91 type  1   force =    -0.00550956    0.00737396    0.00025442
     atom   92 type  1   force =    -0.00228816    0.00029209    0.00396275
     atom   93 type  1   force =    -0.00816395    0.02884143    0.01098106
     atom   94 type  1   force =     0.00023498    0.01813438    0.00864040
     atom   95 type  1   force =     0.00281214    0.02191675   -0.01295060
     atom   96 type  1   force =     0.00710769    0.00903278   -0.01456027
     atom   97 type  1   force =    -0.00420369   -0.00317123    0.00784270
     atom   98 type  1   force =     0.00079207   -0.00648916    0.01757325
     atom   99 type  1   force =     0.00265217   -0.00701479    0.01465742
     atom  100 type  1   force =     0.01169607   -0.01584346    0.01539745
     atom  101 type  1   force =     0.00617717    0.00354488    0.01948337
     atom  102 type  1   force =     0.01189739    0.00377830    0.03878056
     atom  103 type  1   force =    -0.00157134   -0.02113699    0.02763121
     atom  104 type  1   force =     0.00414468   -0.01483643    0.03265340
     atom  105 type  1   force =     0.01058202    0.00434759    0.00436646
     atom  106 type  1   force =     0.03172561   -0.00170115   -0.00164238
     atom  107 type  1   force =     0.00426516   -0.01625710   -0.01616436
     atom  108 type  1   force =    -0.02372033   -0.04388354   -0.04377953
     atom  109 type  1   force =     0.03856631    0.02723077   -0.01258482
     atom  110 type  1   force =     0.05845010    0.00420275   -0.09389098
     atom  111 type  1   force =     0.03849854   -0.01270045    0.02724551
     atom  112 type  1   force =     0.05813615   -0.09415325    0.00428473
     atom  113 type  1   force =    -0.00077599   -0.00468038   -0.01237616
     atom  114 type  1   force =    -0.00960084   -0.02869888   -0.01357147
     atom  115 type  1   force =    -0.02413253   -0.02049722    0.00257997
     atom  116 type  1   force =    -0.02887865   -0.02327104    0.03146268
     atom  117 type  1   force =     0.00202949   -0.01300495   -0.00286367
     atom  118 type  1   force =     0.00865940   -0.02609973    0.01308045
     atom  119 type  1   force =    -0.01421041   -0.07757516   -0.05152709
     atom  120 type  1   force =    -0.04689917   -0.14877559    0.05748795
     atom  121 type  1   force =    -0.01922013   -0.00432640    0.02060814
     atom  122 type  1   force =    -0.00734724   -0.00041747    0.02063247
     atom  123 type  1   force =    -0.00548824    0.00027038    0.00729827
     atom  124 type  1   force =    -0.00231316    0.00401635    0.00024568
     atom  125 type  1   force =     0.00274561   -0.01300438    0.02179728
     atom  126 type  1   force =     0.00688455   -0.01457060    0.00885091
     atom  127 type  1   force =    -0.00817134    0.01097848    0.02877473
     atom  128 type  1   force =     0.00019392    0.00868880    0.01802458
     atom  129 type  1   force =    -0.00072709   -0.01243600   -0.00469439
     atom  130 type  1   force =    -0.00964363   -0.01358828   -0.02866226
     atom  131 type  1   force =    -0.02407208    0.00260043   -0.02043143
     atom  132 type  1   force =    -0.02887029    0.03149870   -0.02319233
     atom  133 type  1   force =    -0.01435087   -0.05162115   -0.07744076
     atom  134 type  1   force =    -0.04711288    0.05744305   -0.14849040
     atom  135 type  1   force =     0.00189288   -0.00281011   -0.01303534
     atom  136 type  1   force =     0.00845273    0.01324991   -0.02605474
     atom  137 type  1   force =    -0.04406747   -0.01391041   -0.01382255
     atom  138 type  1   force =    -0.06932077    0.01292954    0.01296017
     atom  139 type  1   force =    -0.02953611    0.01068083    0.01069049
     atom  140 type  1   force =    -0.01528528    0.01680092    0.01677576
     atom  141 type  1   force =    -0.05679532   -0.00630753    0.06186566
     atom  142 type  1   force =    -0.00487507    0.01426537    0.06488769
     atom  143 type  1   force =    -0.05681438    0.06184303   -0.00623460
     atom  144 type  1   force =    -0.00490541    0.06492353    0.01432664
     atom  145 type  1   force =     0.00454215    0.01706370    0.01696989
     atom  146 type  1   force =     0.00417981    0.01037414    0.01022790
     atom  147 type  1   force =     0.00174539    0.01345188    0.01336430
     atom  148 type  1   force =    -0.00519737    0.01869936    0.01867182
     atom  149 type  1   force =     0.00400147    0.00395681    0.00895082
     atom  150 type  1   force =    -0.00089300    0.00522225    0.00455998
     atom  151 type  1   force =     0.00400322    0.00914267    0.00375820
     atom  152 type  1   force =    -0.00092111    0.00463696    0.00502302
     atom  153 type  1   force =     0.00567661    0.00961366   -0.00444652
     atom  154 type  1   force =     0.00357678    0.01791623   -0.00610121
     atom  155 type  1   force =     0.00306490    0.03338470   -0.00964016
     atom  156 type  1   force =    -0.00277937    0.03409416   -0.01717599
     atom  157 type  1   force =     0.01256363    0.00744413   -0.01150966
     atom  158 type  1   force =     0.00414851    0.01096972   -0.00672475
     atom  159 type  1   force =    -0.00485312    0.01575946    0.00446887
     atom  160 type  1   force =    -0.01238170    0.01580372    0.00187819
     atom  161 type  1   force =     0.01321152    0.04227943   -0.01050471
     atom  162 type  1   force =     0.01149922    0.02544274   -0.00439263
     atom  163 type  1   force =     0.00737714    0.01647111   -0.00214269
     atom  164 type  1   force =     0.00816064    0.00801701   -0.00220877
     atom  165 type  1   force =     0.01759435    0.01855913    0.00295687
     atom  166 type  1   force =     0.00536726    0.00994688    0.00155014
     atom  167 type  1   force =     0.00366927    0.02078554   -0.00799054
     atom  168 type  1   force =    -0.00271662    0.01514292   -0.00658718
     atom  169 type  1   force =     0.00581100   -0.00441131    0.00937924
     atom  170 type  1   force =     0.00361533   -0.00617712    0.01763648
     atom  171 type  1   force =     0.00301712   -0.00977886    0.03317221
     atom  172 type  1   force =    -0.00297974   -0.01747565    0.03366794
     atom  173 type  1   force =    -0.00484748    0.00441475    0.01559221
     atom  174 type  1   force =    -0.01237565    0.00161391    0.01566358
     atom  175 type  1   force =     0.01260749   -0.01164769    0.00699482
     atom  176 type  1   force =     0.00414858   -0.00690014    0.01057718
     atom  177 type  1   force =     0.00334885    0.03647027    0.03655360
     atom  178 type  1   force =    -0.05687871    0.04743489    0.04783433
     atom  179 type  1   force =    -0.02996157    0.03562794   -0.00258280
     atom  180 type  1   force =    -0.02832052    0.02018902   -0.00315461
     atom  181 type  1   force =    -0.03002600   -0.00327890    0.03540459
     atom  182 type  1   force =    -0.02764439   -0.00455368    0.01991495
     atom  183 type  1   force =     0.01599509    0.01510250   -0.04342226
     atom  184 type  1   force =     0.03792444   -0.01354128   -0.03315043
     atom  185 type  1   force =     0.03299980   -0.06803152    0.01592968
     atom  186 type  1   force =     0.03533734   -0.03098182    0.02607319
     atom  187 type  1   force =     0.00562169    0.00833333   -0.01590085
     atom  188 type  1   force =     0.00376331   -0.00094987   -0.01181779
     atom  189 type  1   force =     0.00954911   -0.00141070   -0.03253990
     atom  190 type  1   force =     0.00794639   -0.04091722   -0.02879223
     atom  191 type  1   force =     0.01325361   -0.01063581    0.04209326
     atom  192 type  1   force =     0.01145847   -0.00445784    0.02516288
     atom  193 type  1   force =     0.00723990   -0.00208747    0.01623194
     atom  194 type  1   force =     0.00800949   -0.00192628    0.00775174
     atom  195 type  1   force =     0.00362380   -0.00811967    0.02030724
     atom  196 type  1   force =    -0.00257805   -0.00647040    0.01451491
     atom  197 type  1   force =     0.01758894    0.00292480    0.01839553
     atom  198 type  1   force =     0.00539647    0.00163852    0.00974880
     atom  199 type  1   force =     0.01543957   -0.04357379    0.01474301
     atom  200 type  1   force =     0.03682072   -0.03252456   -0.01401746
     atom  201 type  1   force =     0.03247413    0.01622850   -0.06782095
     atom  202 type  1   force =     0.03514393    0.02642886   -0.03068294
     atom  203 type  1   force =     0.00969036   -0.03271111   -0.00100749
     atom  204 type  1   force =     0.00851430   -0.02847762   -0.03955981
     atom  205 type  1   force =     0.00559492   -0.01534644    0.00782469
     atom  206 type  1   force =     0.00389452   -0.01120811   -0.00101978
     atom  207 type  1   force =     0.04971792   -0.01146508   -0.01115101
     atom  208 type  1   force =     0.13931542    0.04822938    0.04849216
     atom  209 type  1   force =     0.01909544    0.05229473    0.05233723
     atom  210 type  1   force =     0.02055789    0.02315354    0.02310867
     atom  211 type  1   force =     0.06618964   -0.02613952    0.00811643
     atom  212 type  1   force =     0.02273369   -0.00762701    0.00595549
     atom  213 type  1   force =     0.06611300    0.00827791   -0.02551938
     atom  214 type  1   force =     0.02272560    0.00608314   -0.00740513
     atom  215 type  2   force =     0.08321008   -0.01322252   -0.01251227

     Time spent in last step 25.8s

     --------------------------------------------------------------------------------------------
     Forces total
     --------------------------------------------------------------------------------------------
     atom    1 type  1   force =    -0.00009868   -0.00024955   -0.00025000
     atom    2 type  1   force =     0.00008206    0.00002858    0.00002850
     atom    3 type  1   force =     0.00009667   -0.00021548   -0.00021623
     atom    4 type  1   force =     0.00001317   -0.00009327   -0.00009089
     atom    5 type  1   force =    -0.00002607   -0.00011455   -0.00021417
     atom    6 type  1   force =     0.00013399    0.00006226    0.00019052
     atom    7 type  1   force =    -0.00002555   -0.00021481   -0.00011334
     atom    8 type  1   force =     0.00013369    0.00019023    0.00006249
     atom    9 type  1   force =     0.00021608   -0.00032137   -0.00032621
     atom   10 type  1   force =    -0.00023986    0.00014722    0.00002792
     atom   11 type  1   force =     0.00002286    0.00007226    0.00071718
     atom   12 type  1   force =     0.00055459   -0.00055546    0.00027086
     atom   13 type  1   force =    -0.00014262   -0.00027650   -0.00146129
     atom   14 type  1   force =    -0.00046131    0.00063807    0.00251902
     atom   15 type  1   force =     0.00007964   -0.00015512   -0.00021884
     atom   16 type  1   force =    -0.00002514    0.00028416    0.00034172
     atom   17 type  1   force =    -0.00000055    0.00021874    0.00068885
     atom   18 type  1   force =     0.00054872    0.00044155   -0.00015233
     atom   19 type  1   force =     0.00006497   -0.00034362    0.00005455
     atom   20 type  1   force =     0.00000809    0.00001038   -0.00011224
     atom   21 type  1   force =    -0.00028712   -0.00022549   -0.00014689
     atom   22 type  1   force =     0.00005563    0.00006619    0.00013593
     atom   23 type  1   force =    -0.00039071    0.00008636   -0.00037091
     atom   24 type  1   force =    -0.00010942   -0.00036288   -0.00038662
     atom   25 type  1   force =     0.00022179   -0.00033254   -0.00031967
     atom   26 type  1   force =    -0.00024362    0.00003164    0.00014812
     atom   27 type  1   force =     0.00002692    0.00071973    0.00007959
     atom   28 type  1   force =     0.00058609    0.00031335   -0.00058960
     atom   29 type  1   force =     0.00007896   -0.00021905   -0.00015530
     atom   30 type  1   force =    -0.00002646    0.00033967    0.00028878
     atom   31 type  1   force =    -0.00015056   -0.00148169   -0.00028338
     atom   32 type  1   force =    -0.00046107    0.00253969    0.00062977
     atom   33 type  1   force =     0.00033518    0.00001923    0.00001318
     atom   34 type  1   force =    -0.00068686   -0.00029381   -0.00027770
     atom   35 type  1   force =    -0.00096137    0.00037531    0.00035992
     atom   36 type  1   force =     0.00053652   -0.00015784   -0.00016060
     atom   37 type  1   force =    -0.00032693    0.00020401    0.00034697
     atom   38 type  1   force =     0.00018905   -0.00044362   -0.00046865
     atom   39 type  1   force =    -0.00033419    0.00035711    0.00020276
     atom   40 type  1   force =     0.00018780   -0.00047113   -0.00044080
     atom   41 type  1   force =     0.00067148   -0.00222343   -0.00166241
     atom   42 type  1   force =     0.00024957    0.00007613   -0.00045855
     atom   43 type  1   force =    -0.00107399   -0.00740268   -0.00270754
     atom   44 type  1   force =    -0.00085873    0.00297566   -0.00062668
     atom   45 type  1   force =    -0.00005244   -0.00031747    0.00018880
     atom   46 type  1   force =     0.00013032    0.00011552   -0.00037584
     atom   47 type  1   force =    -0.00017590    0.00051064    0.00051498
     atom   48 type  1   force =     0.00037017   -0.00020206   -0.00061874
     atom   49 type  1   force =    -0.00000284    0.00069395    0.00022569
     atom   50 type  1   force =     0.00055310   -0.00014897    0.00044309
     atom   51 type  1   force =     0.00005842    0.00004799   -0.00034278
     atom   52 type  1   force =     0.00000980   -0.00011148    0.00001038
     atom   53 type  1   force =    -0.00037992   -0.00039422    0.00007740
     atom   54 type  1   force =    -0.00011147   -0.00038304   -0.00036544
     atom   55 type  1   force =    -0.00028692   -0.00014717   -0.00022567
     atom   56 type  1   force =     0.00005592    0.00013641    0.00006642
     atom   57 type  1   force =     0.00071426   -0.00176883   -0.00226160
     atom   58 type  1   force =     0.00023082   -0.00046321    0.00007858
     atom   59 type  1   force =    -0.00104119   -0.00268574   -0.00733415
     atom   60 type  1   force =    -0.00083576   -0.00060141    0.00294241
     atom   61 type  1   force =    -0.00018346    0.00052131    0.00050761
     atom   62 type  1   force =     0.00036901   -0.00062493   -0.00019965
     atom   63 type  1   force =    -0.00005220    0.00018284   -0.00031090
     atom   64 type  1   force =     0.00012907   -0.00037305    0.00011235
     atom   65 type  1   force =     0.00401545   -0.00039823   -0.00042058
     atom   66 type  1   force =     0.00103755    0.00012067    0.00013844
     atom   67 type  1   force =    -0.00102018   -0.00022050   -0.00022680
     atom   68 type  1   force =     0.00017396    0.00005374    0.00005465
     atom   69 type  1   force =     0.00028745   -0.00014808   -0.00003100
     atom   70 type  1   force =     0.00040544    0.00047256    0.00057429
     atom   71 type  1   force =     0.00028086   -0.00002917   -0.00015965
     atom   72 type  1   force =     0.00040368    0.00057018    0.00047384
     atom   73 type  1   force =    -0.00011835   -0.00019085   -0.00019018
     atom   74 type  1   force =     0.00022806    0.00009676    0.00009730
     atom   75 type  1   force =    -0.00025347   -0.00026544   -0.00026533
     atom   76 type  1   force =     0.00054403    0.00030352    0.00030537
     atom   77 type  1   force =    -0.00009223    0.00004599   -0.00001613
     atom   78 type  1   force =     0.00057868    0.00016701   -0.00006738
     atom   79 type  1   force =    -0.00009289   -0.00001691    0.00004695
     atom   80 type  1   force =     0.00057905   -0.00006932    0.00016666
     atom   81 type  1   force =    -0.00005549   -0.00004656   -0.00012196
     atom   82 type  1   force =     0.00053943   -0.00001894    0.00031385
     atom   83 type  1   force =     0.00038765    0.00015512   -0.00165523
     atom   84 type  1   force =     0.00128341    0.00159927    0.00341706
     atom   85 type  1   force =    -0.00008546   -0.00092631    0.00065829
     atom   86 type  1   force =     0.00009902   -0.00028684   -0.00001108
     atom   87 type  1   force =    -0.00066892   -0.00034999   -0.00072660
     atom   88 type  1   force =     0.00031859   -0.00058079    0.00022565
     atom   89 type  1   force =    -0.00121617    0.00101977   -0.00285154
     atom   90 type  1   force =    -0.00026467   -0.00007043    0.00034212
     atom   91 type  1   force =    -0.00013792   -0.00004510   -0.00001822
     atom   92 type  1   force =     0.00015467   -0.00015663   -0.00005949
     atom   93 type  1   force =     0.00054166   -0.00023694   -0.00052146
     atom   94 type  1   force =    -0.00038927    0.00001482    0.00010339
     atom   95 type  1   force =     0.00021265   -0.00059969    0.00002412
     atom   96 type  1   force =    -0.00095772    0.00036409   -0.00006847
     atom   97 type  1   force =    -0.00005640   -0.00012288   -0.00004625
     atom   98 type  1   force =     0.00054198    0.00031219   -0.00002046
     atom   99 type  1   force =     0.00038384   -0.00165738    0.00015329
     atom  100 type  1   force =     0.00128487    0.00341954    0.00159838
     atom  101 type  1   force =    -0.00066860   -0.00072666   -0.00034901
     atom  102 type  1   force =     0.00032181    0.00022813   -0.00058122
     atom  103 type  1   force =    -0.00008487    0.00066565   -0.00092908
     atom  104 type  1   force =     0.00009776   -0.00001707   -0.00028461
     atom  105 type  1   force =    -0.00021469   -0.00068871   -0.00068833
     atom  106 type  1   force =    -0.00063787    0.00066855    0.00066929
     atom  107 type  1   force =    -0.00142461    0.00051900    0.00051815
     atom  108 type  1   force =     0.00193520    0.00015179    0.00014862
     atom  109 type  1   force =     0.00201178    0.00117159   -0.00796077
     atom  110 type  1   force =    -0.00128016    0.00206025    0.01732718
     atom  111 type  1   force =     0.00201327   -0.00796674    0.00117910
     atom  112 type  1   force =    -0.00125647    0.01735460    0.00205995
     atom  113 type  1   force =    -0.00055625   -0.00010898    0.00098980
     atom  114 type  1   force =    -0.00033986   -0.00091926   -0.00211026
     atom  115 type  1   force =     0.00063691    0.00094911    0.00055634
     atom  116 type  1   force =    -0.00380054    0.00445007    0.00377187
     atom  117 type  1   force =    -0.00020653    0.00055851    0.00059045
     atom  118 type  1   force =     0.00140238   -0.00073924   -0.00011445
     atom  119 type  1   force =    -0.00211408   -0.00010122    0.00238957
     atom  120 type  1   force =     0.00483647    0.02916282   -0.00616883
     atom  121 type  1   force =    -0.00121459   -0.00285570    0.00101940
     atom  122 type  1   force =    -0.00026787    0.00034025   -0.00007254
     atom  123 type  1   force =    -0.00013670   -0.00001913   -0.00004446
     atom  124 type  1   force =     0.00015431   -0.00006006   -0.00015468
     atom  125 type  1   force =     0.00021074    0.00003359   -0.00060150
     atom  126 type  1   force =    -0.00095880   -0.00008505    0.00035735
     atom  127 type  1   force =     0.00054165   -0.00052155   -0.00023478
     atom  128 type  1   force =    -0.00038870    0.00010238    0.00001456
     atom  129 type  1   force =    -0.00055854    0.00099214   -0.00010879
     atom  130 type  1   force =    -0.00034206   -0.00211198   -0.00092042
     atom  131 type  1   force =     0.00063379    0.00055630    0.00094845
     atom  132 type  1   force =    -0.00379228    0.00376590    0.00444059
     atom  133 type  1   force =    -0.00213104    0.00238705   -0.00009355
     atom  134 type  1   force =     0.00488306   -0.00621831    0.02905219
     atom  135 type  1   force =    -0.00020225    0.00059250    0.00055660
     atom  136 type  1   force =     0.00139871   -0.00011070   -0.00072746
     atom  137 type  1   force =     0.00047666    0.00046028    0.00045561
     atom  138 type  1   force =     0.00267315   -0.00075667   -0.00075460
     atom  139 type  1   force =    -0.00025238   -0.00081724   -0.00081706
     atom  140 type  1   force =     0.00000454    0.00009867    0.00009958
     atom  141 type  1   force =    -0.00641660   -0.01015324    0.00421392
     atom  142 type  1   force =     0.00058994   -0.00109644   -0.00180875
     atom  143 type  1   force =    -0.00641148    0.00419669   -0.01011487
     atom  144 type  1   force =     0.00059188   -0.00180552   -0.00109608
     atom  145 type  1   force =     0.00110685    0.00068235    0.00068347
     atom  146 type  1   force =    -0.00015813    0.00058622    0.00057814
     atom  147 type  1   force =    -0.00142288    0.00064397    0.00064594
     atom  148 type  1   force =     0.00302448    0.00138737    0.00138502
     atom  149 type  1   force =     0.00026333   -0.00034019   -0.00008807
     atom  150 type  1   force =    -0.00011192    0.00017974    0.00005783
     atom  151 type  1   force =     0.00028211   -0.00007801   -0.00035091
     atom  152 type  1   force =    -0.00011746    0.00005709    0.00017937
     atom  153 type  1   force =    -0.00069325   -0.00000578    0.00012200
     atom  154 type  1   force =     0.00026967   -0.00006586   -0.00026730
     atom  155 type  1   force =     0.00031338   -0.00062965    0.00042360
     atom  156 type  1   force =    -0.00033413   -0.00080456    0.00002979
     atom  157 type  1   force =     0.00024179    0.00096072    0.00030208
     atom  158 type  1   force =     0.00002917   -0.00008259   -0.00066645
     atom  159 type  1   force =    -0.00028818   -0.00031162    0.00019995
     atom  160 type  1   force =     0.00012701    0.00063875   -0.00080863
     atom  161 type  1   force =    -0.00014554    0.00015483    0.00098968
     atom  162 type  1   force =    -0.00035088   -0.00024407   -0.00077996
     atom  163 type  1   force =     0.00060912   -0.00029612    0.00000599
     atom  164 type  1   force =    -0.00115827    0.00067999   -0.00042256
     atom  165 type  1   force =    -0.00076833   -0.00060465    0.00027654
     atom  166 type  1   force =     0.00003380    0.00020769    0.00001434
     atom  167 type  1   force =    -0.00020906    0.00031898    0.00036805
     atom  168 type  1   force =     0.00015517    0.00018246   -0.00013968
     atom  169 type  1   force =    -0.00069601    0.00012401   -0.00000109
     atom  170 type  1   force =     0.00026618   -0.00027143   -0.00006258
     atom  171 type  1   force =     0.00031384    0.00042514   -0.00063599
     atom  172 type  1   force =    -0.00033389    0.00003278   -0.00078356
     atom  173 type  1   force =    -0.00028091    0.00019767   -0.00031119
     atom  174 type  1   force =     0.00011183   -0.00080874    0.00063371
     atom  175 type  1   force =     0.00023736    0.00030759    0.00095863
     atom  176 type  1   force =     0.00003046   -0.00066544   -0.00007817
     atom  177 type  1   force =    -0.00714732    0.00101897    0.00102514
     atom  178 type  1   force =     0.01361633   -0.00127093   -0.00129458
     atom  179 type  1   force =     0.00001307   -0.00104385   -0.00022675
     atom  180 type  1   force =     0.00356123   -0.00223023    0.00967474
     atom  181 type  1   force =     0.00003227   -0.00023194   -0.00103612
     atom  182 type  1   force =     0.00354287    0.00993807   -0.00223027
     atom  183 type  1   force =     0.00085308   -0.00298431   -0.00009053
     atom  184 type  1   force =    -0.00534529    0.00432979   -0.00352731
     atom  185 type  1   force =     0.00007368    0.00232818   -0.00036993
     atom  186 type  1   force =    -0.00062498   -0.00020636   -0.00237069
     atom  187 type  1   force =     0.00366251   -0.00125898   -0.00181680
     atom  188 type  1   force =    -0.00041611    0.00035487    0.00066763
     atom  189 type  1   force =     0.02542095   -0.04618233   -0.01166751
     atom  190 type  1   force =    -0.00564392    0.01868079   -0.00610155
     atom  191 type  1   force =    -0.00014352    0.00099233    0.00014554
     atom  192 type  1   force =    -0.00034736   -0.00078486   -0.00024074
     atom  193 type  1   force =     0.00061115    0.00000998   -0.00029169
     atom  194 type  1   force =    -0.00112605   -0.00039844    0.00065578
     atom  195 type  1   force =    -0.00020799    0.00037366    0.00032067
     atom  196 type  1   force =     0.00015071   -0.00014668    0.00020087
     atom  197 type  1   force =    -0.00077475    0.00027614   -0.00060414
     atom  198 type  1   force =     0.00003850    0.00001463    0.00020744
     atom  199 type  1   force =     0.00085636   -0.00007400   -0.00299254
     atom  200 type  1   force =    -0.00520138   -0.00359620    0.00437684
     atom  201 type  1   force =     0.00009119   -0.00036560    0.00232906
     atom  202 type  1   force =    -0.00062555   -0.00239374   -0.00020898
     atom  203 type  1   force =     0.02552364   -0.01184351   -0.04628614
     atom  204 type  1   force =    -0.00568576   -0.00614698    0.01852205
     atom  205 type  1   force =     0.00359709   -0.00179453   -0.00128788
     atom  206 type  1   force =    -0.00042011    0.00065244    0.00035937
     atom  207 type  1   force =    -0.06244912    0.00293259    0.00319502
     atom  208 type  1   force =    -0.00149088   -0.01215753   -0.01215439
     atom  209 type  1   force =     0.00112673    0.00143742    0.00144890
     atom  210 type  1   force =    -0.00118293    0.00236463    0.00236257
     atom  211 type  1   force =    -0.00232084    0.00062337    0.00232665
     atom  212 type  1   force =     0.00081403   -0.00149181    0.00123997
     atom  213 type  1   force =    -0.00231341    0.00231532    0.00060680
     atom  214 type  1   force =     0.00080174    0.00124144   -0.00148656
     atom  215 type  2   force =     0.02286036    0.02040768    0.02042634

     --------------------------------------------------------------------------------------------
     Forces corrected
     --------------------------------------------------------------------------------------------
     atom    1 type  1   force =    -0.00010063   -0.00025021   -0.00025061
     atom    2 type  1   force =     0.00008012    0.00002791    0.00002789
     atom    3 type  1   force =     0.00009473   -0.00021615   -0.00021684
     atom    4 type  1   force =     0.00001123   -0.00009394   -0.00009150
     atom    5 type  1   force =    -0.00002801   -0.00011522   -0.00021478
     atom    6 type  1   force =     0.00013205    0.00006160    0.00018991
     atom    7 type  1   force =    -0.00002749   -0.00021547   -0.00011395
     atom    8 type  1   force =     0.00013175    0.00018956    0.00006188
     atom    9 type  1   force =     0.00021414   -0.00032204   -0.00032682
     atom   10 type  1   force =    -0.00024180    0.00014655    0.00002731
     atom   11 type  1   force =     0.00002091    0.00007159    0.00071657
     atom   12 type  1   force =     0.00055265   -0.00055613    0.00027025
     atom   13 type  1   force =    -0.00014456   -0.00027717   -0.00146190
     atom   14 type  1   force =    -0.00046325    0.00063740    0.00251840
     atom   15 type  1   force =     0.00007770   -0.00015579   -0.00021945
     atom   16 type  1   force =    -0.00002709    0.00028349    0.00034110
     atom   17 type  1   force =    -0.00000249    0.00021807    0.00068824
     atom   18 type  1   force =     0.00054678    0.00044088   -0.00015294
     atom   19 type  1   force =     0.00006302   -0.00034429    0.00005394
     atom   20 type  1   force =     0.00000615    0.00000972   -0.00011285
     atom   21 type  1   force =    -0.00028906   -0.00022616   -0.00014750
     atom   22 type  1   force =     0.00005369    0.00006552    0.00013532
     atom   23 type  1   force =    -0.00039265    0.00008570   -0.00037152
     atom   24 type  1   force =    -0.00011137   -0.00036354   -0.00038723
     atom   25 type  1   force =     0.00021985   -0.00033320   -0.00032028
     atom   26 type  1   force =    -0.00024557    0.00003097    0.00014751
     atom   27 type  1   force =     0.00002497    0.00071907    0.00007898
     atom   28 type  1   force =     0.00058414    0.00031268   -0.00059021
     atom   29 type  1   force =     0.00007702   -0.00021972   -0.00015591
     atom   30 type  1   force =    -0.00002840    0.00033900    0.00028817
     atom   31 type  1   force =    -0.00015250   -0.00148236   -0.00028399
     atom   32 type  1   force =    -0.00046301    0.00253902    0.00062916
     atom   33 type  1   force =     0.00033323    0.00001856    0.00001257
     atom   34 type  1   force =    -0.00068880   -0.00029448   -0.00027831
     atom   35 type  1   force =    -0.00096332    0.00037465    0.00035931
     atom   36 type  1   force =     0.00053458   -0.00015850   -0.00016121
     atom   37 type  1   force =    -0.00032887    0.00020335    0.00034636
     atom   38 type  1   force =     0.00018711   -0.00044429   -0.00046926
     atom   39 type  1   force =    -0.00033614    0.00035645    0.00020215
     atom   40 type  1   force =     0.00018586   -0.00047179   -0.00044141
     atom   41 type  1   force =     0.00066954   -0.00222409   -0.00166302
     atom   42 type  1   force =     0.00024763    0.00007546   -0.00045916
     atom   43 type  1   force =    -0.00107593   -0.00740335   -0.00270815
     atom   44 type  1   force =    -0.00086068    0.00297499   -0.00062729
     atom   45 type  1   force =    -0.00005438   -0.00031814    0.00018818
     atom   46 type  1   force =     0.00012838    0.00011485   -0.00037645
     atom   47 type  1   force =    -0.00017785    0.00050998    0.00051437
     atom   48 type  1   force =     0.00036823   -0.00020272   -0.00061935
     atom   49 type  1   force =    -0.00000479    0.00069329    0.00022508
     atom   50 type  1   force =     0.00055116   -0.00014964    0.00044248
     atom   51 type  1   force =     0.00005648    0.00004732   -0.00034339
     atom   52 type  1   force =     0.00000786   -0.00011215    0.00000977
     atom   53 type  1   force =    -0.00038186   -0.00039489    0.00007679
     atom   54 type  1   force =    -0.00011341   -0.00038371   -0.00036605
     atom   55 type  1   force =    -0.00028886   -0.00014784   -0.00022628
     atom   56 type  1   force =     0.00005398    0.00013574    0.00006581
     atom   57 type  1   force =     0.00071232   -0.00176950   -0.00226221
     atom   58 type  1   force =     0.00022888   -0.00046388    0.00007797
     atom   59 type  1   force =    -0.00104313   -0.00268640   -0.00733476
     atom   60 type  1   force =    -0.00083771   -0.00060208    0.00294180
     atom   61 type  1   force =    -0.00018540    0.00052065    0.00050700
     atom   62 type  1   force =     0.00036707   -0.00062560   -0.00020026
     atom   63 type  1   force =    -0.00005414    0.00018217   -0.00031151
     atom   64 type  1   force =     0.00012713   -0.00037371    0.00011174
     atom   65 type  1   force =     0.00401351   -0.00039890   -0.00042119
     atom   66 type  1   force =     0.00103560    0.00012000    0.00013783
     atom   67 type  1   force =    -0.00102212   -0.00022117   -0.00022741
     atom   68 type  1   force =     0.00017202    0.00005308    0.00005404
     atom   69 type  1   force =     0.00028551   -0.00014874   -0.00003162
     atom   70 type  1   force =     0.00040349    0.00047189    0.00057367
     atom   71 type  1   force =     0.00027891   -0.00002984   -0.00016026
     atom   72 type  1   force =     0.00040173    0.00056952    0.00047323
     atom   73 type  1   force =    -0.00012029   -0.00019152   -0.00019079
     atom   74 type  1   force =     0.00022612    0.00009609    0.00009669
     atom   75 type  1   force =    -0.00025541   -0.00026610   -0.00026594
     atom   76 type  1   force =     0.00054209    0.00030286    0.00030476
     atom   77 type  1   force =    -0.00009417    0.00004532   -0.00001674
     atom   78 type  1   force =     0.00057674    0.00016635   -0.00006799
     atom   79 type  1   force =    -0.00009483   -0.00001757    0.00004634
     atom   80 type  1   force =     0.00057710   -0.00006998    0.00016605
     atom   81 type  1   force =    -0.00005743   -0.00004723   -0.00012257
     atom   82 type  1   force =     0.00053748   -0.00001961    0.00031324
     atom   83 type  1   force =     0.00038571    0.00015446   -0.00165584
     atom   84 type  1   force =     0.00128147    0.00159860    0.00341645
     atom   85 type  1   force =    -0.00008741   -0.00092698    0.00065768
     atom   86 type  1   force =     0.00009707   -0.00028750   -0.00001169
     atom   87 type  1   force =    -0.00067086   -0.00035066   -0.00072721
     atom   88 type  1   force =     0.00031665   -0.00058146    0.00022504
     atom   89 type  1   force =    -0.00121811    0.00101910   -0.00285216
     atom   90 type  1   force =    -0.00026661   -0.00007110    0.00034151
     atom   91 type  1   force =    -0.00013987   -0.00004576   -0.00001883
     atom   92 type  1   force =     0.00015273   -0.00015730   -0.00006010
     atom   93 type  1   force =     0.00053971   -0.00023760   -0.00052207
     atom   94 type  1   force =    -0.00039121    0.00001415    0.00010278
     atom   95 type  1   force =     0.00021071   -0.00060035    0.00002351
     atom   96 type  1   force =    -0.00095967    0.00036342   -0.00006908
     atom   97 type  1   force =    -0.00005835   -0.00012354   -0.00004686
     atom   98 type  1   force =     0.00054003    0.00031152   -0.00002107
     atom   99 type  1   force =     0.00038190   -0.00165805    0.00015268
     atom  100 type  1   force =     0.00128293    0.00341888    0.00159777
     atom  101 type  1   force =    -0.00067054   -0.00072732   -0.00034962
     atom  102 type  1   force =     0.00031987    0.00022746   -0.00058183
     atom  103 type  1   force =    -0.00008681    0.00066498   -0.00092969
     atom  104 type  1   force =     0.00009581   -0.00001774   -0.00028522
     atom  105 type  1   force =    -0.00021663   -0.00068938   -0.00068894
     atom  106 type  1   force =    -0.00063982    0.00066788    0.00066868
     atom  107 type  1   force =    -0.00142655    0.00051833    0.00051753
     atom  108 type  1   force =     0.00193326    0.00015112    0.00014801
     atom  109 type  1   force =     0.00200984    0.00117092   -0.00796138
     atom  110 type  1   force =    -0.00128210    0.00205958    0.01732657
     atom  111 type  1   force =     0.00201133   -0.00796741    0.00117849
     atom  112 type  1   force =    -0.00125841    0.01735393    0.00205934
     atom  113 type  1   force =    -0.00055819   -0.00010964    0.00098919
     atom  114 type  1   force =    -0.00034180   -0.00091992   -0.00211087
     atom  115 type  1   force =     0.00063497    0.00094844    0.00055573
     atom  116 type  1   force =    -0.00380248    0.00444940    0.00377126
     atom  117 type  1   force =    -0.00020847    0.00055785    0.00058984
     atom  118 type  1   force =     0.00140044   -0.00073991   -0.00011506
     atom  119 type  1   force =    -0.00211602   -0.00010188    0.00238896
     atom  120 type  1   force =     0.00483453    0.02916215   -0.00616944
     atom  121 type  1   force =    -0.00121653   -0.00285637    0.00101879
     atom  122 type  1   force =    -0.00026981    0.00033958   -0.00007315
     atom  123 type  1   force =    -0.00013864   -0.00001980   -0.00004507
     atom  124 type  1   force =     0.00015237   -0.00006072   -0.00015529
     atom  125 type  1   force =     0.00020880    0.00003293   -0.00060211
     atom  126 type  1   force =    -0.00096074   -0.00008572    0.00035674
     atom  127 type  1   force =     0.00053971   -0.00052221   -0.00023539
     atom  128 type  1   force =    -0.00039064    0.00010171    0.00001395
     atom  129 type  1   force =    -0.00056048    0.00099147   -0.00010940
     atom  130 type  1   force =    -0.00034400   -0.00211265   -0.00092103
     atom  131 type  1   force =     0.00063185    0.00055563    0.00094784
     atom  132 type  1   force =    -0.00379422    0.00376523    0.00443998
     atom  133 type  1   force =    -0.00213298    0.00238639   -0.00009416
     atom  134 type  1   force =     0.00488112   -0.00621898    0.02905158
     atom  135 type  1   force =    -0.00020420    0.00059184    0.00055599
     atom  136 type  1   force =     0.00139676   -0.00011136   -0.00072807
     atom  137 type  1   force =     0.00047472    0.00045961    0.00045500
     atom  138 type  1   force =     0.00267121   -0.00075734   -0.00075521
     atom  139 type  1   force =    -0.00025432   -0.00081791   -0.00081767
     atom  140 type  1   force =     0.00000260    0.00009800    0.00009897
     atom  141 type  1   force =    -0.00641854   -0.01015391    0.00421331
     atom  142 type  1   force =     0.00058800   -0.00109711   -0.00180936
     atom  143 type  1   force =    -0.00641342    0.00419602   -0.01011548
     atom  144 type  1   force =     0.00058994   -0.00180619   -0.00109669
     atom  145 type  1   force =     0.00110491    0.00068169    0.00068286
     atom  146 type  1   force =    -0.00016007    0.00058555    0.00057753
     atom  147 type  1   force =    -0.00142482    0.00064330    0.00064533
     atom  148 type  1   force =     0.00302254    0.00138671    0.00138441
     atom  149 type  1   force =     0.00026139   -0.00034086   -0.00008868
     atom  150 type  1   force =    -0.00011386    0.00017907    0.00005721
     atom  151 type  1   force =     0.00028017   -0.00007868   -0.00035152
     atom  152 type  1   force =    -0.00011940    0.00005642    0.00017876
     atom  153 type  1   force =    -0.00069520   -0.00000644    0.00012139
     atom  154 type  1   force =     0.00026773   -0.00006653   -0.00026791
     atom  155 type  1   force =     0.00031144   -0.00063032    0.00042299
     atom  156 type  1   force =    -0.00033607   -0.00080523    0.00002918
     atom  157 type  1   force =     0.00023984    0.00096005    0.00030147
     atom  158 type  1   force =     0.00002723   -0.00008326   -0.00066706
     atom  159 type  1   force =    -0.00029012   -0.00031228    0.00019934
     atom  160 type  1   force =     0.00012507    0.00063809   -0.00080924
     atom  161 type  1   force =    -0.00014748    0.00015417    0.00098907
     atom  162 type  1   force =    -0.00035283   -0.00024474   -0.00078057
     atom  163 type  1   force =     0.00060718   -0.00029679    0.00000538
     atom  164 type  1   force =    -0.00116022    0.00067933   -0.00042317
     atom  165 type  1   force =    -0.00077027   -0.00060532    0.00027593
     atom  166 type  1   force =     0.00003186    0.00020703    0.00001373
     atom  167 type  1   force =    -0.00021100    0.00031831    0.00036744
     atom  168 type  1   force =     0.00015323    0.00018179   -0.00014029
     atom  169 type  1   force =    -0.00069795    0.00012334   -0.00000170
     atom  170 type  1   force =     0.00026424   -0.00027210   -0.00006319
     atom  171 type  1   force =     0.00031189    0.00042447   -0.00063660
     atom  172 type  1   force =    -0.00033583    0.00003211   -0.00078417
     atom  173 type  1   force =    -0.00028285    0.00019700   -0.00031180
     atom  174 type  1   force =     0.00010989   -0.00080941    0.00063310
     atom  175 type  1   force =     0.00023542    0.00030692    0.00095802
     atom  176 type  1   force =     0.00002852   -0.00066611   -0.00007878
     atom  177 type  1   force =    -0.00714926    0.00101830    0.00102453
     atom  178 type  1   force =     0.01361439   -0.00127160   -0.00129519
     atom  179 type  1   force =     0.00001113   -0.00104452   -0.00022736
     atom  180 type  1   force =     0.00355929   -0.00223089    0.00967413
     atom  181 type  1   force =     0.00003033   -0.00023260   -0.00103673
     atom  182 type  1   force =     0.00354093    0.00993740   -0.00223088
     atom  183 type  1   force =     0.00085114   -0.00298498   -0.00009114
     atom  184 type  1   force =    -0.00534723    0.00432912   -0.00352792
     atom  185 type  1   force =     0.00007174    0.00232751   -0.00037054
     atom  186 type  1   force =    -0.00062692   -0.00020703   -0.00237130
     atom  187 type  1   force =     0.00366057   -0.00125965   -0.00181741
     atom  188 type  1   force =    -0.00041805    0.00035421    0.00066702
     atom  189 type  1   force =     0.02541901   -0.04618300   -0.01166812
     atom  190 type  1   force =    -0.00564586    0.01868012   -0.00610216
     atom  191 type  1   force =    -0.00014546    0.00099166    0.00014492
     atom  192 type  1   force =    -0.00034930   -0.00078553   -0.00024135
     atom  193 type  1   force =     0.00060921    0.00000931   -0.00029230
     atom  194 type  1   force =    -0.00112799   -0.00039910    0.00065517
     atom  195 type  1   force =    -0.00020993    0.00037299    0.00032006
     atom  196 type  1   force =     0.00014877   -0.00014735    0.00020026
     atom  197 type  1   force =    -0.00077669    0.00027547   -0.00060475
     atom  198 type  1   force =     0.00003656    0.00001396    0.00020683
     atom  199 type  1   force =     0.00085442   -0.00007467   -0.00299315
     atom  200 type  1   force =    -0.00520332   -0.00359687    0.00437623
     atom  201 type  1   force =     0.00008925   -0.00036627    0.00232845
     atom  202 type  1   force =    -0.00062749   -0.00239441   -0.00020959
     atom  203 type  1   force =     0.02552170   -0.01184418   -0.04628675
     atom  204 type  1   force =    -0.00568770   -0.00614765    0.01852144
     atom  205 type  1   force =     0.00359515   -0.00179520   -0.00128849
     atom  206 type  1   force =    -0.00042205    0.00065177    0.00035876
     atom  207 type  1   force =    -0.06245106    0.00293192    0.00319441
     atom  208 type  1   force =    -0.00149282   -0.01215820   -0.01215500
     atom  209 type  1   force =     0.00112479    0.00143676    0.00144829
     atom  210 type  1   force =    -0.00118487    0.00236396    0.00236196
     atom  211 type  1   force =    -0.00232278    0.00062270    0.00232604
     atom  212 type  1   force =     0.00081209   -0.00149247    0.00123936
     atom  213 type  1   force =    -0.00231535    0.00231465    0.00060619
     atom  214 type  1   force =     0.00079980    0.00124078   -0.00148717
     atom  215 type  2   force =     0.02285842    0.02040701    0.02042572

     WBSE         :      2h55m CPU      3h36m WALL

     wbse_readin  :      0.62s CPU      0.89s WALL (       1 calls)
     fetch_input  :      0.01s CPU      0.18s WALL (       2 calls)
     fft          :      1.93s CPU      2.29s WALL (    2159 calls)
     fft_scatter  :   6519.29s CPU   8003.80s WALL (34791129 calls)
     init_vloc    :      0.01s CPU      0.01s WALL (       2 calls)
     init_us_1    :      0.01s CPU      0.01s WALL (       2 calls)
     v_of_rho     :      0.02s CPU      0.03s WALL (       1 calls)
     v_xc         :      0.12s CPU      0.15s WALL (       6 calls)
     v_h          :      0.00s CPU      0.00s WALL (       1 calls)
     do_setup     :      2.74s CPU      4.00s WALL (       1 calls)
     init_pw_ar   :      2.73s CPU      3.87s WALL (       1 calls)
     hinit0       :      0.02s CPU      0.02s WALL (       1 calls)
     davcio       :      0.00s CPU      0.01s WALL (       1 calls)
     exx_grid     :      0.00s CPU      0.00s WALL (       1 calls)
     aceinit0     :      2.29s CPU      3.21s WALL (       1 calls)
     exx_div      :      0.00s CPU      0.00s WALL (       1 calls)
     sqvc_init    :      0.00s CPU      0.00s WALL (       1 calls)
     dv_setup     :      0.06s CPU      0.10s WALL (       1 calls)
     setup_dmuxc  :      0.01s CPU      0.02s WALL (       1 calls)
     setup_dgc    :      0.05s CPU      0.08s WALL (       1 calls)
     chidiago     :  10502.40s CPU  13007.52s WALL (       1 calls)
     vc_init      :      0.00s CPU      0.00s WALL (       1 calls)
     paramgs      :      4.74s CPU      5.36s WALL (      27 calls)
     apply_lv     :   4700.71s CPU   5921.10s WALL (      83 calls)
     calc_dens    :     15.45s CPU     19.75s WALL (     117 calls)
     fftw         :   9549.75s CPU  11671.08s WALL (34788960 calls)
     dv_drho      :      2.69s CPU      3.11s WALL (     116 calls)
     init_us_2    :      1.25s CPU      1.27s WALL (      86 calls)
     init_us_2:cp :      1.25s CPU      1.27s WALL (      86 calls)
     h_psi        :     51.05s CPU     56.52s WALL (      83 calls)
     h_psi:pot    :     24.10s CPU     27.80s WALL (      83 calls)
     vloc_psi     :     11.40s CPU     14.11s WALL (      83 calls)
     h_psi:calbec :      7.42s CPU      8.39s WALL (      83 calls)
     calbec       :     17.39s CPU     20.03s WALL (     166 calls)
     add_vuspsi   :      5.29s CPU      5.30s WALL (      83 calls)
     vexxace      :     26.64s CPU     28.39s WALL (      83 calls)
     matcalc      :     10.51s CPU     12.18s WALL (      83 calls)
     bse_kernel   :   4727.50s CPU   5959.49s WALL (      85 calls)
     pdep_read    :    100.34s CPU    283.28s WALL (   93528 calls)
     alphapc      :      9.37s CPU     15.63s WALL (     198 calls)
     build_hr     :      9.75s CPU     15.24s WALL (      27 calls)
     diagox       :      0.01s CPU      0.01s WALL (      27 calls)
     redistr_vr   :      0.11s CPU      0.43s WALL (      26 calls)
     update_vr    :     21.04s CPU     32.05s WALL (      26 calls)
     precd_ag     :      0.08s CPU      0.08s WALL (      26 calls)
     chidiago:las :      1.12s CPU      1.50s WALL (       2 calls)
     refresh_vr   :      1.50s CPU      2.13s WALL (       3 calls)
     plep_db      :      2.01s CPU      2.99s WALL (       1 calls)
     plep_write   :      1.98s CPU      2.94s WALL (       2 calls)
     l_forces     :   7468.65s CPU   9104.60s WALL (       1 calls)
     drhox1       :      0.08s CPU      0.09s WALL (       1 calls)
     f_drhox1     :     19.55s CPU     25.04s WALL (       1 calls)
     dvgdvg       :      0.20s CPU      0.21s WALL (       1 calls)
     drhox2       :     27.53s CPU     34.64s WALL (       1 calls)
     f_drhox2     :     20.26s CPU     24.94s WALL (       1 calls)
     rhs_z        :    501.00s CPU    614.12s WALL (       1 calls)
     rhs_z1       :    220.10s CPU    270.17s WALL (       1 calls)
     hybrid_k3    :    166.17s CPU    204.61s WALL (       1 calls)
     rhs_z2       :     60.61s CPU     74.09s WALL (       1 calls)
     rhs_z3       :      0.41s CPU      0.50s WALL (       1 calls)
     ddvxc_5p     :      0.22s CPU      0.29s WALL (       1 calls)
     ffts         :      0.01s CPU      0.01s WALL (      10 calls)
     rhs_z4       :    219.89s CPU    269.36s WALL (       1 calls)
     hybrid_k4    :    165.93s CPU    203.72s WALL (       1 calls)
     zvector_cg   :   6879.87s CPU   8379.60s WALL (       1 calls)
     apply_lv_btd :   5167.78s CPU   6290.68s WALL (      31 calls)
     hybrid_k2    :   5157.50s CPU   6278.08s WALL (      31 calls)
     precd_cg     :      1.24s CPU      1.38s WALL (      30 calls)
     f_drhoz      :     20.12s CPU     25.90s WALL (       1 calls)

     WBSE         :      2h55m CPU      3h36m WALL


   This run was terminated on:   0: 7:43  16Jul2023

=------------------------------------------------------------------------------=
   JOB DONE.
=------------------------------------------------------------------------------=
