-1.5000e+02   1.59718160e-03
-1.4990e+02   1.59887912e-03
-1.4980e+02   1.60112001e-03
-1.4970e+02   1.60228669e-03
-1.4960e+02   1.60479212e-03
-1.4950e+02   1.60605399e-03
-1.4940e+02   1.60815314e-03
-1.4930e+02   1.61005165e-03
-1.4920e+02   1.61147344e-03
-1.4910e+02   1.61393864e-03
-1.4900e+02   1.61507646e-03
-1.4890e+02   1.61749341e-03
-1.4880e+02   1.61902435e-03
-1.4870e+02   1.62082983e-03
-1.4860e+02   1.62305686e-03
-1.4850e+02   1.62428734e-03
-1.4840e+02   1.62684369e-03
-1.4830e+02   1.62810152e-03
-1.4820e+02   1.63030561e-03
-1.4810e+02   1.63217469e-03
-1.4800e+02   1.63369228e-03
-1.4790e+02   1.63617011e-03
-1.4780e+02   1.63734038e-03
-1.4770e+02   1.63983895e-03
-1.4760e+02   1.64134641e-03
-1.4750e+02   1.64326256e-03
-1.4740e+02   1.64547227e-03
-1.4730e+02   1.64677437e-03
-1.4720e+02   1.64937600e-03
-1.4710e+02   1.65063630e-03
-1.4700e+02   1.65294417e-03
-1.4690e+02   1.65478387e-03
-1.4680e+02   1.65640292e-03
-1.4670e+02   1.65888809e-03
-1.4660e+02   1.66009897e-03
-1.4650e+02   1.66267484e-03
-1.4640e+02   1.66416278e-03
-1.4630e+02   1.66619169e-03
-1.4620e+02   1.66838116e-03
-1.4610e+02   1.66976256e-03
-1.4600e+02   1.67240372e-03
-1.4590e+02   1.67367353e-03
-1.4580e+02   1.67608342e-03
-1.4570e+02   1.67789450e-03
-1.4560e+02   1.67962019e-03
-1.4550e+02   1.68210768e-03
-1.4540e+02   1.68336751e-03
-1.4530e+02   1.68601600e-03
-1.4520e+02   1.68748906e-03
-1.4510e+02   1.68963216e-03
-1.4500e+02   1.69179908e-03
-1.4490e+02   1.69326723e-03
-1.4480e+02   1.69594215e-03
-1.4470e+02   1.69722896e-03
-1.4460e+02   1.69973852e-03
-1.4450e+02   1.70152250e-03
-1.4440e+02   1.70335949e-03
-1.4430e+02   1.70584463e-03
-1.4420e+02   1.70716185e-03
-1.4410e+02   1.70987793e-03
-1.4400e+02   1.71134143e-03
-1.4390e+02   1.71359954e-03
-1.4380e+02   1.71574222e-03
-1.4370e+02   1.71730431e-03
-1.4360e+02   1.72000723e-03
-1.4350e+02   1.72131896e-03
-1.4340e+02   1.72392527e-03
-1.4330e+02   1.72568443e-03
-1.4320e+02   1.72763682e-03
-1.4310e+02   1.73011536e-03
-1.4300e+02   1.73149846e-03
-1.4290e+02   1.73427680e-03
-1.4280e+02   1.73573672e-03
-1.4270e+02   1.73810998e-03
-1.4260e+02   1.74022742e-03
-1.4250e+02   1.74189031e-03
-1.4240e+02   1.74461559e-03
-1.4230e+02   1.74596051e-03
-1.4220e+02   1.74866013e-03
-1.4210e+02   1.75039751e-03
-1.4200e+02   1.75246881e-03
-1.4190e+02   1.75493696e-03
-1.4180e+02   1.75639441e-03
-1.4170e+02   1.75922947e-03
-1.4160e+02   1.76069241e-03
-1.4150e+02   1.76318033e-03
-1.4140e+02   1.76527226e-03
-1.4130e+02   1.76704240e-03
-1.4120e+02   1.76978455e-03
-1.4110e+02   1.77117126e-03
-1.4100e+02   1.77396027e-03
-1.4090e+02   1.77567966e-03
-1.4080e+02   1.77787276e-03
-1.4070e+02   1.78032728e-03
-1.4060e+02   1.78186744e-03
-1.4050e+02   1.78475354e-03
-1.4040e+02   1.78622667e-03
-1.4030e+02   1.78882811e-03
-1.4020e+02   1.79089500e-03
-1.4010e+02   1.79277841e-03
-1.4000e+02   1.79553222e-03
-1.3990e+02   1.79696953e-03
-1.3980e+02   1.79984356e-03
-1.3970e+02   1.80154952e-03
-1.3960e+02   1.80386667e-03
-1.3950e+02   1.80630490e-03
-1.3940e+02   1.80793599e-03
-1.3930e+02   1.81086734e-03
-1.3920e+02   1.81235840e-03
-1.3910e+02   1.81507159e-03
-1.3900e+02   1.81711471e-03
-1.3890e+02   1.81911691e-03
-1.3880e+02   1.82187745e-03
-1.3870e+02   1.82337437e-03
-1.3860e+02   1.82632867e-03
-1.3850e+02   1.82802649e-03
-1.3840e+02   1.83046928e-03
-1.3830e+02   1.83288922e-03
-1.3820e+02   1.83461922e-03
-1.3810e+02   1.83759003e-03
-1.3800e+02   1.83910724e-03
-1.3790e+02   1.84192983e-03
-1.3780e+02   1.84395121e-03
-1.3770e+02   1.84607720e-03
-1.3760e+02   1.84883996e-03
-1.3750e+02   1.85040560e-03
-1.3740e+02   1.85343507e-03
-1.3730e+02   1.85513077e-03
-1.3720e+02   1.85770013e-03
-1.3710e+02   1.86010046e-03
-1.3700e+02   1.86193708e-03
-1.3690e+02   1.86494162e-03
-1.3680e+02   1.86649362e-03
-1.3670e+02   1.86942269e-03
-1.3660e+02   1.87142519e-03
-1.3650e+02   1.87367937e-03
-1.3640e+02   1.87644029e-03
-1.3630e+02   1.87808382e-03
-1.3620e+02   1.88118311e-03
-1.3610e+02   1.88288337e-03
-1.3600e+02   1.88557957e-03
-1.3590e+02   1.88795972e-03
-1.3580e+02   1.88991031e-03
-1.3570e+02   1.89294299e-03
-1.3560e+02   1.89453882e-03
-1.3550e+02   1.89757091e-03
-1.3540e+02   1.89955821e-03
-1.3530e+02   1.90194438e-03
-1.3520e+02   1.90469992e-03
-1.3510e+02   1.90643045e-03
-1.3500e+02   1.90959401e-03
-1.3490e+02   1.91130621e-03
-1.3480e+02   1.91412884e-03
-1.3470e+02   1.91648901e-03
-1.3460e+02   1.91856051e-03
-1.3450e+02   1.92161595e-03
-1.3440e+02   1.92326497e-03
-1.3430e+02   1.92639616e-03
-1.3420e+02   1.92837272e-03
-1.3410e+02   1.93089405e-03
-1.3400e+02   1.93364126e-03
-1.3390e+02   1.93546784e-03
-1.3380e+02   1.93868998e-03
-1.3370e+02   1.94042208e-03
-1.3360e+02   1.94337010e-03
-1.3350e+02   1.94571129e-03
-1.3340e+02   1.94791021e-03
-1.3330e+02   1.95098332e-03
-1.3320e+02   1.95269513e-03
-1.3310e+02   1.95592105e-03
-1.3300e+02   1.95789215e-03
-1.3290e+02   1.96055114e-03
-1.3280e+02   1.96328773e-03
-1.3270e+02   1.96521923e-03
-1.3260e+02   1.96849420e-03
-1.3250e+02   1.97025476e-03
-1.3240e+02   1.97332649e-03
-1.3230e+02   1.97565055e-03
-1.3220e+02   1.97798286e-03
-1.3210e+02   1.98106891e-03
-1.3200e+02   1.98285333e-03
-1.3190e+02   1.98616922e-03
-1.3180e+02   1.98814094e-03
-1.3170e+02   1.99093943e-03
-1.3160e+02   1.99366380e-03
-1.3150e+02   1.99570887e-03
-1.3140e+02   1.99903094e-03
-1.3130e+02   2.00082903e-03
-1.3120e+02   2.00402218e-03
-1.3110e+02   2.00633182e-03
-1.3100e+02   2.00880294e-03
-1.3090e+02   2.01189766e-03
-1.3080e+02   2.01376460e-03
-1.3070e+02   2.01716541e-03
-1.3060e+02   2.01914459e-03
-1.3050e+02   2.02208372e-03
-1.3040e+02   2.02479503e-03
-1.3030e+02   2.02696201e-03
-1.3020e+02   2.03032557e-03
-1.3010e+02   2.03217073e-03
-1.3000e+02   2.03548246e-03
-1.2990e+02   2.03778124e-03
-1.2980e+02   2.04039601e-03
-1.2970e+02   2.04349562e-03
-1.2960e+02   2.04545506e-03
-1.2950e+02   2.04893548e-03
-1.2940e+02   2.05092968e-03
-1.2930e+02   2.05400993e-03
-1.2920e+02   2.05670816e-03
-1.2910e+02   2.05900503e-03
-1.2900e+02   2.06240463e-03
-1.2890e+02   2.06430680e-03
-1.2880e+02   2.06773376e-03
-1.2870e+02   2.07002610e-03
-1.2860e+02   2.07278873e-03
-1.2850e+02   2.07589007e-03
-1.2840e+02   2.07795194e-03
-1.2830e+02   2.08150649e-03
-1.2820e+02   2.08352399e-03
-1.2810e+02   2.08674516e-03
-1.2800e+02   2.08943111e-03
-1.2790e+02   2.09186546e-03
-1.2780e+02   2.09529592e-03
-1.2770e+02   2.09726540e-03
-1.2760e+02   2.10080372e-03
-1.2750e+02   2.10309495e-03
-1.2740e+02   2.10600899e-03
-1.2730e+02   2.10910952e-03
-1.2720e+02   2.11128370e-03
-1.2710e+02   2.11490679e-03
-1.2700e+02   2.11695652e-03
-1.2690e+02   2.12031777e-03
-1.2680e+02   2.12299312e-03
-1.2670e+02   2.12557206e-03
-1.2660e+02   2.12902853e-03
-1.2650e+02   2.13107588e-03
-1.2640e+02   2.13472130e-03
-1.2630e+02   2.13701759e-03
-1.2620e+02   2.14008594e-03
-1.2610e+02   2.14318384e-03
-1.2600e+02   2.14548002e-03
-1.2590e+02   2.14916605e-03
-1.2580e+02   2.15125757e-03
-1.2570e+02   2.15475741e-03
-1.2560e+02   2.15742475e-03
-1.2550e+02   2.16015486e-03
-1.2540e+02   2.16363293e-03
-1.2530e+02   2.16576895e-03
-1.2520e+02   2.16951684e-03
-1.2510e+02   2.17182520e-03
-1.2500e+02   2.17505006e-03
-1.2490e+02   2.17814430e-03
-1.2480e+02   2.18057195e-03
-1.2470e+02   2.18431538e-03
-1.2460e+02   2.18645880e-03
-1.2450e+02   2.19009515e-03
-1.2440e+02   2.19275800e-03
-1.2430e+02   2.19564531e-03
-1.2420e+02   2.19914106e-03
-1.2410e+02   2.20137665e-03
-1.2400e+02   2.20522211e-03
-1.2390e+02   2.20755038e-03
-1.2380e+02   2.21093328e-03
-1.2370e+02   2.21402364e-03
-1.2360e+02   2.21659194e-03
-1.2350e+02   2.22038737e-03
-1.2340e+02   2.22259331e-03
-1.2330e+02   2.22636354e-03
-1.2320e+02   2.22902636e-03
-1.2310e+02   2.23207628e-03
-1.2300e+02   2.23558639e-03
-1.2290e+02   2.23793254e-03
-1.2280e+02   2.24187042e-03
-1.2270e+02   2.24422725e-03
-1.2260e+02   2.24776902e-03
-1.2250e+02   2.25085619e-03
-1.2240e+02   2.25357395e-03
-1.2230e+02   2.25741621e-03
-1.2220e+02   2.25969575e-03
-1.2210e+02   2.26359670e-03
-1.2200e+02   2.26626487e-03
-1.2190e+02   2.26948221e-03
-1.2180e+02   2.27300401e-03
-1.2170e+02   2.27547170e-03
-1.2160e+02   2.27949672e-03
-1.2150e+02   2.28189152e-03
-1.2140e+02   2.28559231e-03
-1.2130e+02   2.28867788e-03
-1.2120e+02   2.29155351e-03
-1.2110e+02   2.29543776e-03
-1.2100e+02   2.29780235e-03
-1.2090e+02   2.30183040e-03
-1.2080e+02   2.30451029e-03
-1.2070e+02   2.30789917e-03
-1.2060e+02   2.31143071e-03
-1.2050e+02   2.31403084e-03
-1.2040e+02   2.31813767e-03
-1.2030e+02   2.32058056e-03
-1.2020e+02   2.32443990e-03
-1.2010e+02   2.32752643e-03
-1.2000e+02   2.33056784e-03
-1.1990e+02   2.33448967e-03
-1.1980e+02   2.33695106e-03
-1.1970e+02   2.34110221e-03
-1.1960e+02   2.34380110e-03
-1.1950e+02   2.34736498e-03
-1.1940e+02   2.35090512e-03
-1.1930e+02   2.35364844e-03
-1.1920e+02   2.35783178e-03
-1.1910e+02   2.36033356e-03
-1.1900e+02   2.36435032e-03
-1.1890e+02   2.36744136e-03
-1.1880e+02   2.37065598e-03
-1.1870e+02   2.37461144e-03
-1.1860e+02   2.37718164e-03
-1.1850e+02   2.38145155e-03
-1.1840e+02   2.38417764e-03
-1.1830e+02   2.38791930e-03
-1.1820e+02   2.39146777e-03
-1.1810e+02   2.39436482e-03
-1.1800e+02   2.39861948e-03
-1.1790e+02   2.40119156e-03
-1.1780e+02   2.40536405e-03
-1.1770e+02   2.40846415e-03
-1.1760e+02   2.41185883e-03
-1.1750e+02   2.41584457e-03
-1.1740e+02   2.41853576e-03
-1.1730e+02   2.42291982e-03
-1.1720e+02   2.42568224e-03
-1.1710e+02   2.42960378e-03
-1.1700e+02   2.43316121e-03
-1.1690e+02   2.43622225e-03
-1.1680e+02   2.44054324e-03
-1.1670e+02   2.44319761e-03
-1.1660e+02   2.44752358e-03
-1.1650e+02   2.45063835e-03
-1.1640e+02   2.45421933e-03
-1.1630e+02   2.45823267e-03
-1.1620e+02   2.46105712e-03
-1.1610e+02   2.46555057e-03
-1.1600e+02   2.46835931e-03
-1.1590e+02   2.47246212e-03
-1.1580e+02   2.47603015e-03
-1.1570e+02   2.47926508e-03
-1.1560e+02   2.48364773e-03
-1.1550e+02   2.48639687e-03
-1.1540e+02   2.49087360e-03
-1.1530e+02   2.49400967e-03
-1.1520e+02   2.49778257e-03
-1.1510e+02   2.50182157e-03
-1.1500e+02   2.50479159e-03
-1.1490e+02   2.50938957e-03
-1.1480e+02   2.51225544e-03
-1.1470e+02   2.51654030e-03
-1.1460e+02   2.52012155e-03
-1.1450e+02   2.52353989e-03
-1.1440e+02   2.52797993e-03
-1.1430e+02   2.53083675e-03
-1.1420e+02   2.53546108e-03
-1.1410e+02   2.53862613e-03
-1.1400e+02   2.54259592e-03
-1.1390e+02   2.54665948e-03
-1.1380e+02   2.54978732e-03
-1.1370e+02   2.55448496e-03
-1.1360e+02   2.55741961e-03
-1.1350e+02   2.56188662e-03
-1.1340e+02   2.56548482e-03
-1.1330e+02   2.56909561e-03
-1.1320e+02   2.57358925e-03
-1.1310e+02   2.57656704e-03
-1.1300e+02   2.58133545e-03
-1.1290e+02   2.58453821e-03
-1.1280e+02   2.58870919e-03
-1.1270e+02   2.59279711e-03
-1.1260e+02   2.59609490e-03
-1.1250e+02   2.60088744e-03
-1.1240e+02   2.60390325e-03
-1.1230e+02   2.60855193e-03
-1.1220e+02   2.61217190e-03
-1.1210e+02   2.61598368e-03
-1.1200e+02   2.62052774e-03
-1.1190e+02   2.62364008e-03
-1.1180e+02   2.62854877e-03
-1.1170e+02   2.63179897e-03
-1.1160e+02   2.63617479e-03
-1.1150e+02   2.64028784e-03
-1.1140e+02   2.64376754e-03
-1.1130e+02   2.64865040e-03
-1.1120e+02   2.65176046e-03
-1.1110e+02   2.65658976e-03
-1.1100e+02   2.66023744e-03
-1.1090e+02   2.66425821e-03
-1.1080e+02   2.66885018e-03
-1.1070e+02   2.67211089e-03
-1.1060e+02   2.67715585e-03
-1.1050e+02   2.68046424e-03
-1.1040e+02   2.68504787e-03
-1.1030e+02   2.68918788e-03
-1.1020e+02   2.69286118e-03
-1.1010e+02   2.69783009e-03
-1.1000e+02   2.70104811e-03
-1.0990e+02   2.70605650e-03
-1.0980e+02   2.70973898e-03
-1.0970e+02   2.71397618e-03
-1.0960e+02   2.71861433e-03
-1.0950e+02   2.72203736e-03
-1.0940e+02   2.72721448e-03
-1.0930e+02   2.73059280e-03
-1.0920e+02   2.73538657e-03
-1.0910e+02   2.73955644e-03
-1.0900e+02   2.74343474e-03
-1.0890e+02   2.74848581e-03
-1.0880e+02   2.75182612e-03
-1.0870e+02   2.75701160e-03
-1.0860e+02   2.76073714e-03
-1.0850e+02   2.76519758e-03
-1.0840e+02   2.76988106e-03
-1.0830e+02   2.77348045e-03
-1.0820e+02   2.77878561e-03
-1.0810e+02   2.78224654e-03
-1.0800e+02   2.78725213e-03
-1.0790e+02   2.79145595e-03
-1.0780e+02   2.79555026e-03
-1.0770e+02   2.80068013e-03
-1.0760e+02   2.80415754e-03
-1.0750e+02   2.80951775e-03
-1.0740e+02   2.81329579e-03
-1.0730e+02   2.81798567e-03
-1.0720e+02   2.82271459e-03
-1.0710e+02   2.82650440e-03
-1.0700e+02   2.83193354e-03
-1.0690e+02   2.83549067e-03
-1.0680e+02   2.84070918e-03
-1.0670e+02   2.84495223e-03
-1.0660e+02   2.84927317e-03
-1.0650e+02   2.85447906e-03
-1.0640e+02   2.85810887e-03
-1.0630e+02   2.86364114e-03
-1.0620e+02   2.86748229e-03
-1.0610e+02   2.87240718e-03
-1.0600e+02   2.87718268e-03
-1.0590e+02   2.88117690e-03
-1.0580e+02   2.88672617e-03
-1.0570e+02   2.89039397e-03
-1.0560e+02   2.89582595e-03
-1.0550e+02   2.90011475e-03
-1.0540e+02   2.90467246e-03
-1.0530e+02   2.90995233e-03
-1.0520e+02   2.91375020e-03
-1.0510e+02   2.91945167e-03
-1.0500e+02   2.92336769e-03
-1.0490e+02   2.92853255e-03
-1.0480e+02   2.93335689e-03
-1.0470e+02   2.93756940e-03
-1.0460e+02   2.94323524e-03
-1.0450e+02   2.94702898e-03
-1.0440e+02   2.95267447e-03
-1.0430e+02   2.95701686e-03
-1.0420e+02   2.96182097e-03
-1.0410e+02   2.96717360e-03
-1.0400e+02   2.97115552e-03
-1.0390e+02   2.97702319e-03
-1.0380e+02   2.98102703e-03
-1.0370e+02   2.98643616e-03
-1.0360e+02   2.99131282e-03
-1.0350e+02   2.99575731e-03
-1.0340e+02   3.00153659e-03
-1.0330e+02   3.00547231e-03
-1.0320e+02   3.01133092e-03
-1.0310e+02   3.01573601e-03
-1.0300e+02   3.02079566e-03
-1.0290e+02   3.02622076e-03
-1.0280e+02   3.03040295e-03
-1.0270e+02   3.03643383e-03
-1.0260e+02   3.04053952e-03
-1.0250e+02   3.04619668e-03
-1.0240e+02   3.05113040e-03
-1.0230e+02   3.05582030e-03
-1.0220e+02   3.06171043e-03
-1.0210e+02   3.06580488e-03
-1.0200e+02   3.07187584e-03
-1.0190e+02   3.07635411e-03
-1.0180e+02   3.08167788e-03
-1.0170e+02   3.08717618e-03
-1.0160e+02   3.09157505e-03
-1.0150e+02   3.09776625e-03
-1.0140e+02   3.10198895e-03
-1.0130e+02   3.10789730e-03
-1.0120e+02   3.11289416e-03
-1.0110e+02   3.11784264e-03
-1.0100e+02   3.12384164e-03
-1.0090e+02   3.12811223e-03
-1.0080e+02   3.13439451e-03
-1.0070e+02   3.13895776e-03
-1.0060e+02   3.14455368e-03
-1.0050e+02   3.15012707e-03
-1.0040e+02   3.15475914e-03
-1.0030e+02   3.16110795e-03
-1.0020e+02   3.16546391e-03
-1.0010e+02   3.17162611e-03
-1.0000e+02   3.17669358e-03
-9.9900e+01   3.18191345e-03
-9.9800e+01   3.18802016e-03
-9.9700e+01   3.19248487e-03
-9.9600e+01   3.19897723e-03
-9.9500e+01   3.20363866e-03
-9.9400e+01   3.20951419e-03
-9.9300e+01   3.21516577e-03
-9.9200e+01   3.22004762e-03
-9.9100e+01   3.22655169e-03
-9.9000e+01   3.23105816e-03
-9.8900e+01   3.23747641e-03
-9.8800e+01   3.24262342e-03
-9.8700e+01   3.24812714e-03
-9.8600e+01   3.25434126e-03
-9.8500e+01   3.25901861e-03
-9.8400e+01   3.26571973e-03
-9.8300e+01   3.27049387e-03
-9.8200e+01   3.27665596e-03
-9.8100e+01   3.28239017e-03
-9.8000e+01   3.28753835e-03
-9.7900e+01   3.29419579e-03
-9.7800e+01   3.29887104e-03
-9.7700e+01   3.30554713e-03
-9.7600e+01   3.31078412e-03
-9.7500e+01   3.31658372e-03
-9.7400e+01   3.32290601e-03
-9.7300e+01   3.32781496e-03
-9.7200e+01   3.33472355e-03
-9.7100e+01   3.33962630e-03
-9.7000e+01   3.34608136e-03
-9.6900e+01   3.35190408e-03
-9.6800e+01   3.35733509e-03
-9.6700e+01   3.36414458e-03
-9.6600e+01   3.36900782e-03
-9.6500e+01   3.37594323e-03
-9.6400e+01   3.38128217e-03
-9.6300e+01   3.38738930e-03
-9.6200e+01   3.39382163e-03
-9.6100e+01   3.39898157e-03
-9.6000e+01   3.40609646e-03
-9.5900e+01   3.41114508e-03
-9.5800e+01   3.41789906e-03
-9.5700e+01   3.42381765e-03
-9.5600e+01   3.42954787e-03
-9.5500e+01   3.43650885e-03
-9.5400e+01   3.44158019e-03
-9.5300e+01   3.44877618e-03
-9.5200e+01   3.45423063e-03
-9.5100e+01   3.46065648e-03
-9.5000e+01   3.46720201e-03
-9.4900e+01   3.47263265e-03
-9.4800e+01   3.47995298e-03
-9.4700e+01   3.48516605e-03
-9.4600e+01   3.49222444e-03
-9.4500e+01   3.49824787e-03
-9.4400e+01   3.50429354e-03
-9.4300e+01   3.51140632e-03
-9.4200e+01   3.51670672e-03
-9.4100e+01   3.52416442e-03
-9.4000e+01   3.52974954e-03
-9.3900e+01   3.53650490e-03
-9.3800e+01   3.54316817e-03
-9.3700e+01   3.54888952e-03
-9.3600e+01   3.55641481e-03
-9.3500e+01   3.56181223e-03
-9.3400e+01   3.56918018e-03
-9.3300e+01   3.57531909e-03
-9.3200e+01   3.58169626e-03
-9.3100e+01   3.58896214e-03
-9.3000e+01   3.59451338e-03
-9.2900e+01   3.60223390e-03
-9.2800e+01   3.60796649e-03
-9.2700e+01   3.61506176e-03
-9.2600e+01   3.62184883e-03
-9.2500e+01   3.62788112e-03
-9.2400e+01   3.63561145e-03
-9.2300e+01   3.64121442e-03
-9.2200e+01   3.64889677e-03
-9.2100e+01   3.65516355e-03
-9.2000e+01   3.66188807e-03
-9.1900e+01   3.66930953e-03
-9.1800e+01   3.67513413e-03
-9.1700e+01   3.68311871e-03
-9.1600e+01   3.68901722e-03
-9.1500e+01   3.69646241e-03
-9.1400e+01   3.70338095e-03
-9.1300e+01   3.70974464e-03
-9.1200e+01   3.71768080e-03
-9.1100e+01   3.72351177e-03
-9.1000e+01   3.73151315e-03
-9.0900e+01   3.73792201e-03
-9.0800e+01   3.74500952e-03
-9.0700e+01   3.75259035e-03
-9.0600e+01   3.75871154e-03
-9.0500e+01   3.76696165e-03
-9.0400e+01   3.77304622e-03
-9.0300e+01   3.78085102e-03
-9.0200e+01   3.78791047e-03
-9.0100e+01   3.79462613e-03
-9.0000e+01   3.80276978e-03
-8.9900e+01   3.80885247e-03
-8.9800e+01   3.81717740e-03
-8.9700e+01   3.82374444e-03
-8.9600e+01   3.83121034e-03
-8.9500e+01   3.83895580e-03
-8.9400e+01   3.84539748e-03
-8.9300e+01   3.85391500e-03
-8.9200e+01   3.86020745e-03
-8.9100e+01   3.86838126e-03
-8.9000e+01   3.87559292e-03
-8.8900e+01   3.88268127e-03
-8.8800e+01   3.89103510e-03
-8.8700e+01   3.89739442e-03
-8.8600e+01   3.90604745e-03
-8.8500e+01   3.91279070e-03
-8.8400e+01   3.92065023e-03
-8.8300e+01   3.92856720e-03
-8.8200e+01   3.93535388e-03
-8.8100e+01   3.94414124e-03
-8.8000e+01   3.95066507e-03
-8.7900e+01   3.95921713e-03
-8.7800e+01   3.96659426e-03
-8.7700e+01   3.97407613e-03
-8.7600e+01   3.98264405e-03
-8.7500e+01   3.98930610e-03
-8.7400e+01   3.99829191e-03
-8.7300e+01   4.00523140e-03
-8.7200e+01   4.01349963e-03
-8.7100e+01   4.02159675e-03
-8.7000e+01   4.02875354e-03
-8.6900e+01   4.03781392e-03
-8.6800e+01   4.04459432e-03
-8.6700e+01   4.05353375e-03
-8.6600e+01   4.06109172e-03
-8.6500e+01   4.06898801e-03
-8.6400e+01   4.07777533e-03
-8.6300e+01   4.08476736e-03
-8.6200e+01   4.09409094e-03
-8.6100e+01   4.10124877e-03
-8.6000e+01   4.10994063e-03
-8.5900e+01   4.11822849e-03
-8.5800e+01   4.12578106e-03
-8.5700e+01   4.13511853e-03
-8.5600e+01   4.14218242e-03
-8.5500e+01   4.15151833e-03
-8.5400e+01   4.15927470e-03
-8.5300e+01   4.16760645e-03
-8.5200e+01   4.17662002e-03
-8.5100e+01   4.18397044e-03
-8.5000e+01   4.19363723e-03
-8.4900e+01   4.20103762e-03
-8.4800e+01   4.21016797e-03
-8.4700e+01   4.21865924e-03
-8.4600e+01   4.22663382e-03
-8.4500e+01   4.23625358e-03
-8.4400e+01   4.24362955e-03
-8.4300e+01   4.25337121e-03
-8.4200e+01   4.26134584e-03
-8.4100e+01   4.27013421e-03
-8.4000e+01   4.27938268e-03
-8.3900e+01   4.28712101e-03
-8.3800e+01   4.29713707e-03
-8.3700e+01   4.30480639e-03
-8.3600e+01   4.31439013e-03
-8.3500e+01   4.32309975e-03
-8.3400e+01   4.33152309e-03
-8.3300e+01   4.34143163e-03
-8.3200e+01   4.34915003e-03
-8.3100e+01   4.35930696e-03
-8.3000e+01   4.36752213e-03
-8.2900e+01   4.37678843e-03
-8.2800e+01   4.38628243e-03
-8.2700e+01   4.39443929e-03
-8.2600e+01   4.40481153e-03
-8.2500e+01   4.41277836e-03
-8.2400e+01   4.42283051e-03
-8.2300e+01   4.43177582e-03
-8.2200e+01   4.44067524e-03
-8.2100e+01   4.45088061e-03
-8.2000e+01   4.45897348e-03
-8.1900e+01   4.46955564e-03
-8.1800e+01   4.47803616e-03
-8.1700e+01   4.48780193e-03
-8.1600e+01   4.49755424e-03
-8.1500e+01   4.50616138e-03
-8.1400e+01   4.51689775e-03
-8.1300e+01   4.52519296e-03
-8.1200e+01   4.53572876e-03
-8.1100e+01   4.54492968e-03
-8.1000e+01   4.55433308e-03
-8.0900e+01   4.56484506e-03
-8.0800e+01   4.57334621e-03
-8.0700e+01   4.58436421e-03
-8.0600e+01   4.59313749e-03
-8.0500e+01   4.60342458e-03
-8.0400e+01   4.61345038e-03
-8.0300e+01   4.62254067e-03
-8.0200e+01   4.63365038e-03
-8.0100e+01   4.64230715e-03
-8.0000e+01   4.65334225e-03
-7.9900e+01   4.66282145e-03
-7.9800e+01   4.67275733e-03
-7.9700e+01   4.68358773e-03
-7.9600e+01   4.69253272e-03
-7.9500e+01   4.70399797e-03
-7.9400e+01   4.71309420e-03
-7.9300e+01   4.72392483e-03
-7.9200e+01   4.73424193e-03
-7.9100e+01   4.74384938e-03
-7.9000e+01   4.75534317e-03
-7.8900e+01   4.76439706e-03
-7.8800e+01   4.77594765e-03
-7.8700e+01   4.78573073e-03
-7.8600e+01   4.79622827e-03
-7.8500e+01   4.80739114e-03
-7.8400e+01   4.81681734e-03
-7.8300e+01   4.82874233e-03
-7.8200e+01   4.83819454e-03
-7.8100e+01   4.84959147e-03
-7.8000e+01   4.86022048e-03
-7.7900e+01   4.87038031e-03
-7.7800e+01   4.88227070e-03
-7.7700e+01   4.89175972e-03
-7.7600e+01   4.90384274e-03
-7.7500e+01   4.91395840e-03
-7.7400e+01   4.92504754e-03
-7.7300e+01   4.93655948e-03
-7.7200e+01   4.94650609e-03
-7.7100e+01   4.95890463e-03
-7.7000e+01   4.96874882e-03
-7.6900e+01   4.98073546e-03
-7.6800e+01   4.99170011e-03
-7.6700e+01   5.00244876e-03
-7.6600e+01   5.01475036e-03
-7.6500e+01   5.02471505e-03
-7.6400e+01   5.03734841e-03
-7.6300e+01   5.04782863e-03
-7.6200e+01   5.05954018e-03
-7.6100e+01   5.07142058e-03
-7.6000e+01   5.08192873e-03
-7.5900e+01   5.09481620e-03
-7.5800e+01   5.10509149e-03
-7.5700e+01   5.11769211e-03
-7.5600e+01   5.12901944e-03
-7.5500e+01   5.14039469e-03
-7.5400e+01   5.15312449e-03
-7.5300e+01   5.16360800e-03
-7.5200e+01   5.17681081e-03
-7.5100e+01   5.18769107e-03
-7.5000e+01   5.20005683e-03
-7.4900e+01   5.21232822e-03
-7.4800e+01   5.22344101e-03
-7.4700e+01   5.23683471e-03
-7.4600e+01   5.24758346e-03
-7.4500e+01   5.26082337e-03
-7.4400e+01   5.27254402e-03
-7.4300e+01   5.28458509e-03
-7.4200e+01   5.29776277e-03
-7.4100e+01   5.30881099e-03
-7.4000e+01   5.32260388e-03
-7.3900e+01   5.33392332e-03
-7.3800e+01   5.34697628e-03
-7.3700e+01   5.35966461e-03
-7.3600e+01   5.37142723e-03
-7.3500e+01   5.38534669e-03
-7.3400e+01   5.39661466e-03
-7.3300e+01   5.41052047e-03
-7.3200e+01   5.42266894e-03
-7.3100e+01   5.43541664e-03
-7.3000e+01   5.44906496e-03
-7.2900e+01   5.46072661e-03
-7.2800e+01   5.47513201e-03
-7.2700e+01   5.48693369e-03
-7.2600e+01   5.50070821e-03
-7.2500e+01   5.51384319e-03
-7.2400e+01   5.52630306e-03
-7.2300e+01   5.54077040e-03
-7.2200e+01   5.55260694e-03
-7.2100e+01   5.56720685e-03
-7.2000e+01   5.57982179e-03
-7.1900e+01   5.59331866e-03
-7.1800e+01   5.60746384e-03
-7.1700e+01   5.61979063e-03
-7.1600e+01   5.63483314e-03
-7.1500e+01   5.64716428e-03
-7.1400e+01   5.66169632e-03
-7.1300e+01   5.67531182e-03
-7.1200e+01   5.68851871e-03
-7.1100e+01   5.70355908e-03
-7.1000e+01   5.71601727e-03
-7.0900e+01   5.73134138e-03
-7.0800e+01   5.74446593e-03
-7.0700e+01   5.75875647e-03
-7.0600e+01   5.77342858e-03
-7.0500e+01   5.78647539e-03
-7.0400e+01   5.80218219e-03
-7.0300e+01   5.81509441e-03
-7.0200e+01   5.83042183e-03
-7.0100e+01   5.84455622e-03
-7.0000e+01   5.85856249e-03
-6.9900e+01   5.87420446e-03
-6.9800e+01   5.88734139e-03
-6.9700e+01   5.90342206e-03
-6.9600e+01   5.91710418e-03
-6.9500e+01   5.93223510e-03
-6.9400e+01   5.94746852e-03
-6.9300e+01   5.96129359e-03
-6.9200e+01   5.97769486e-03
-6.9100e+01   5.99124445e-03
-6.9000e+01   6.00740737e-03
-6.8900e+01   6.02210397e-03
-6.8800e+01   6.03696478e-03
-6.8700e+01   6.05324084e-03
-6.8600e+01   6.06711783e-03
-6.8500e+01   6.08399012e-03
-6.8400e+01   6.09828295e-03
-6.8300e+01   6.11430345e-03
-6.8200e+01   6.13013735e-03
-6.8100e+01   6.14480254e-03
-6.8000e+01   6.16193195e-03
-6.7900e+01   6.17618026e-03
-6.7800e+01   6.19322137e-03
-6.7700e+01   6.20852889e-03
-6.7600e+01   6.22430249e-03
-6.7500e+01   6.24124959e-03
-6.7400e+01   6.25593247e-03
-6.7300e+01   6.27363460e-03
-6.7200e+01   6.28859687e-03
-6.7100e+01   6.30555903e-03
-6.7000e+01   6.32203790e-03
-6.6900e+01   6.33760900e-03
-6.6800e+01   6.35550425e-03
-6.6700e+01   6.37051795e-03
-6.6600e+01   6.38848306e-03
-6.6500e+01   6.40445608e-03
-6.6400e+01   6.42120415e-03
-6.6300e+01   6.43886428e-03
-6.6200e+01   6.45442374e-03
-6.6100e+01   6.47299763e-03
-6.6000e+01   6.48869409e-03
-6.5900e+01   6.50665326e-03
-6.5800e+01   6.52382749e-03
-6.5700e+01   6.54037452e-03
-6.5600e+01   6.55907797e-03
-6.5500e+01   6.57492953e-03
-6.5400e+01   6.59386799e-03
-6.5300e+01   6.61056754e-03
-6.5200e+01   6.62835559e-03
-6.5100e+01   6.64677637e-03
-6.5000e+01   6.66328834e-03
-6.4900e+01   6.68278024e-03
-6.4800e+01   6.69928217e-03
-6.4700e+01   6.71829748e-03
-6.4600e+01   6.73622397e-03
-6.4500e+01   6.75382165e-03
-6.4400e+01   6.77338095e-03
-6.4300e+01   6.79014906e-03
-6.4200e+01   6.81011442e-03
-6.4100e+01   6.82760853e-03
-6.4000e+01   6.84650637e-03
-6.3900e+01   6.86574182e-03
-6.3800e+01   6.88328792e-03
-6.3700e+01   6.90374904e-03
-6.3600e+01   6.92113481e-03
-6.3500e+01   6.94126974e-03
-6.3400e+01   6.96001260e-03
-6.3300e+01   6.97874079e-03
-6.3200e+01   6.99920969e-03
-6.3100e+01   7.01697978e-03
-6.3000e+01   7.03803042e-03
-6.2900e+01   7.05639481e-03
-6.2800e+01   7.07647714e-03
-6.2700e+01   7.09658840e-03
-6.2600e+01   7.11525647e-03
-6.2500e+01   7.13674382e-03
-6.2400e+01   7.15509950e-03
-6.2300e+01   7.17642251e-03
-6.2200e+01   7.19605386e-03
-6.2100e+01   7.21599814e-03
-6.2000e+01   7.23743727e-03
-6.1900e+01   7.25630214e-03
-6.1800e+01   7.27850209e-03
-6.1700e+01   7.29782091e-03
-6.1600e+01   7.31916794e-03
-6.1500e+01   7.34022417e-03
-6.1400e+01   7.36010887e-03
-6.1300e+01   7.38268609e-03
-6.1200e+01   7.40210614e-03
-6.1100e+01   7.42469150e-03
-6.1000e+01   7.44529227e-03
-6.0900e+01   7.46654465e-03
-6.0800e+01   7.48902249e-03
-6.0700e+01   7.50908298e-03
-6.0600e+01   7.53250278e-03
-6.0500e+01   7.55286940e-03
-6.0400e+01   7.57556764e-03
-6.0300e+01   7.59764698e-03
-6.0200e+01   7.61885054e-03
-6.0100e+01   7.64258891e-03
-6.0000e+01   7.66317701e-03
-5.9900e+01   7.68710565e-03
-5.9800e+01   7.70876660e-03
-5.9700e+01   7.73142625e-03
-5.9600e+01   7.75502018e-03
-5.9500e+01   7.77638597e-03
-5.9400e+01   7.80110369e-03
-5.9300e+01   7.82262171e-03
-5.9200e+01   7.84676487e-03
-5.9100e+01   7.86995551e-03
-5.9000e+01   7.89258855e-03
-5.8900e+01   7.91756808e-03
-5.8800e+01   7.93943804e-03
-5.8700e+01   7.96479859e-03
-5.8600e+01   7.98762136e-03
-5.8500e+01   8.01179559e-03
-5.8400e+01   8.03659309e-03
-5.8300e+01   8.05938364e-03
-5.8200e+01   8.08548606e-03
-5.8100e+01   8.10827028e-03
-5.8000e+01   8.13396033e-03
-5.7900e+01   8.15836175e-03
-5.7800e+01   8.18254427e-03
-5.7700e+01   8.20885502e-03
-5.7600e+01   8.23213183e-03
-5.7500e+01   8.25902184e-03
-5.7400e+01   8.28312015e-03
-5.7300e+01   8.30892548e-03
-5.7200e+01   8.33502545e-03
-5.7100e+01   8.35937109e-03
-5.7000e+01   8.38695501e-03
-5.6900e+01   8.41113273e-03
-5.6800e+01   8.43848111e-03
-5.6700e+01   8.46420546e-03
-5.6600e+01   8.49006798e-03
-5.6500e+01   8.51781148e-03
-5.6400e+01   8.54263256e-03
-5.6300e+01   8.57115983e-03
-5.6200e+01   8.59666093e-03
-5.6100e+01   8.62422436e-03
-5.6000e+01   8.65173867e-03
-5.5900e+01   8.67778187e-03
-5.5800e+01   8.70695566e-03
-5.5700e+01   8.73266804e-03
-5.5600e+01   8.76179709e-03
-5.5500e+01   8.78897074e-03
-5.5400e+01   8.81665571e-03
-5.5300e+01   8.84594661e-03
-5.5200e+01   8.87246319e-03
-5.5100e+01   8.90274745e-03
-5.5000e+01   8.92979366e-03
-5.4900e+01   8.95925417e-03
-5.4800e+01   8.98830941e-03
-5.4700e+01   9.01620624e-03
-5.4600e+01   9.04709160e-03
-5.4500e+01   9.07449526e-03
-5.4400e+01   9.10553993e-03
-5.4300e+01   9.13430528e-03
-5.4200e+01   9.16396864e-03
-5.4100e+01   9.19493662e-03
-5.4000e+01   9.22331543e-03
-5.3900e+01   9.25549013e-03
-5.3800e+01   9.28424069e-03
-5.3700e+01   9.31575102e-03
-5.3600e+01   9.34649048e-03
-5.3500e+01   9.37641236e-03
-5.3400e+01   9.40914637e-03
-5.3300e+01   9.43841527e-03
-5.3200e+01   9.47152505e-03
-5.3100e+01   9.50204258e-03
-5.3000e+01   9.53385565e-03
-5.2900e+01   9.56664761e-03
-5.2800e+01   9.59707280e-03
-5.2700e+01   9.63128730e-03
-5.2600e+01   9.66192047e-03
-5.2500e+01   9.69564919e-03
-5.2400e+01   9.72823514e-03
-5.2300e+01   9.76037092e-03
-5.2200e+01   9.79510838e-03
-5.2100e+01   9.82643598e-03
-5.2000e+01   9.86177719e-03
-5.1900e+01   9.89422786e-03
-5.1800e+01   9.92837956e-03
-5.1700e+01   9.96316214e-03
-5.1600e+01   9.99583752e-03
-5.1500e+01   1.00322596e-02
-5.1400e+01   1.00649752e-02
-5.1300e+01   1.01011091e-02
-5.1200e+01   1.01357255e-02
-5.1100e+01   1.01702838e-02
-5.1000e+01   1.02071999e-02
-5.0900e+01   1.02408018e-02
-5.0800e+01   1.02785603e-02
-5.0700e+01   1.03131483e-02
-5.0600e+01   1.03498477e-02
-5.0500e+01   1.03868102e-02
-5.0400e+01   1.04219620e-02
-5.0300e+01   1.04607809e-02
-5.0200e+01   1.04958029e-02
-5.0100e+01   1.05345499e-02
-5.0000e+01   1.05714054e-02
-4.9900e+01   1.06086176e-02
-4.9800e+01   1.06479114e-02
-4.9700e+01   1.06840280e-02
-4.9600e+01   1.07244123e-02
-4.9500e+01   1.07613682e-02
-4.9400e+01   1.08008479e-02
-4.9300e+01   1.08402056e-02
-4.9200e+01   1.08780855e-02
-4.9100e+01   1.09195152e-02
-4.9000e+01   1.09570954e-02
-4.8900e+01   1.09986881e-02
-4.8800e+01   1.10380196e-02
-4.8700e+01   1.10781432e-02
-4.8600e+01   1.11200408e-02
-4.8500e+01   1.11589414e-02
-4.8400e+01   1.12021863e-02
-4.8300e+01   1.12417711e-02
-4.8200e+01   1.12842904e-02
-4.8100e+01   1.13262888e-02
-4.8000e+01   1.13671778e-02
-4.7900e+01   1.14114610e-02
-4.7800e+01   1.14518831e-02
-4.7700e+01   1.14965823e-02
-4.7600e+01   1.15386594e-02
-4.7500e+01   1.15819818e-02
-4.7400e+01   1.16267413e-02
-4.7300e+01   1.16687278e-02
-4.7200e+01   1.17150991e-02
-4.7100e+01   1.17576082e-02
-4.7000e+01   1.18034580e-02
-4.6900e+01   1.18483771e-02
-4.6800e+01   1.18925899e-02
-4.6700e+01   1.19400033e-02
-4.6600e+01   1.19835868e-02
-4.6500e+01   1.20316870e-02
-4.6400e+01   1.20768168e-02
-4.6300e+01   1.21236604e-02
-4.6200e+01   1.21715767e-02
-4.6100e+01   1.22169886e-02
-4.6000e+01   1.22667880e-02
-4.5900e+01   1.23125568e-02
-4.5800e+01   1.23620646e-02
-4.5700e+01   1.24102249e-02
-4.5600e+01   1.24581151e-02
-4.5500e+01   1.25089746e-02
-4.5400e+01   1.25560813e-02
-4.5300e+01   1.26079158e-02
-4.5200e+01   1.26564486e-02
-4.5100e+01   1.27071765e-02
-4.5000e+01   1.27585876e-02
-4.4900e+01   1.28078082e-02
-4.4800e+01   1.28613797e-02
-4.4700e+01   1.29107898e-02
-4.4600e+01   1.29643258e-02
-4.4500e+01   1.30160944e-02
-4.4400e+01   1.30680612e-02
-4.4300e+01   1.31227287e-02
-4.4200e+01   1.31737689e-02
-4.4100e+01   1.32297170e-02
-4.4000e+01   1.32820537e-02
-4.3900e+01   1.33370765e-02
-4.3800e+01   1.33923707e-02
-4.3700e+01   1.34458339e-02
-4.3600e+01   1.35035712e-02
-4.3500e+01   1.35570578e-02
-4.3400e+01   1.36150426e-02
-4.3300e+01   1.36708414e-02
-4.3200e+01   1.37273371e-02
-4.3100e+01   1.37862288e-02
-4.3000e+01   1.38416692e-02
-4.2900e+01   1.39021642e-02
-4.2800e+01   1.39587643e-02
-4.2700e+01   1.40185485e-02
-4.2600e+01   1.40781732e-02
-4.2500e+01   1.41363725e-02
-4.2400e+01   1.41987278e-02
-4.2300e+01   1.42567887e-02
-4.2200e+01   1.43197026e-02
-4.2100e+01   1.43800174e-02
-4.2000e+01   1.44415565e-02
-4.1900e+01   1.45051525e-02
-4.1800e+01   1.45655262e-02
-4.1700e+01   1.46310653e-02
-4.1600e+01   1.46924574e-02
-4.1500e+01   1.47575354e-02
-4.1400e+01   1.48220077e-02
-4.1300e+01   1.48855060e-02
-4.1200e+01   1.49530011e-02
-4.1100e+01   1.50162076e-02
-4.1000e+01   1.50846011e-02
-4.0900e+01   1.51499934e-02
-4.0800e+01   1.52171641e-02
-4.0700e+01   1.52860200e-02
-4.0600e+01   1.53519378e-02
-4.0500e+01   1.54230944e-02
-4.0400e+01   1.54898882e-02
-4.0300e+01   1.55608706e-02
-4.0200e+01   1.56307899e-02
-4.0100e+01   1.57002327e-02
-4.0000e+01   1.57734719e-02
-3.9900e+01   1.58424820e-02
-3.9800e+01   1.59169895e-02
-3.9700e+01   1.59881098e-02
-3.9600e+01   1.60615877e-02
-3.9500e+01   1.61363493e-02
-3.9400e+01   1.62085143e-02
-3.9300e+01   1.62859523e-02
-3.9200e+01   1.63588535e-02
-3.9100e+01   1.64364443e-02
-3.9000e+01   1.65125077e-02
-3.8900e+01   1.65886386e-02
-3.8800e+01   1.66683247e-02
-3.8700e+01   1.67438992e-02
-3.8600e+01   1.68252555e-02
-3.8500e+01   1.69028604e-02
-3.8400e+01   1.69834255e-02
-3.8300e+01   1.70648458e-02
-3.8200e+01   1.71440708e-02
-3.8100e+01   1.72285627e-02
-3.8000e+01   1.73083913e-02
-3.7900e+01   1.73934063e-02
-3.7800e+01   1.74764280e-02
-3.7700e+01   1.75601072e-02
-3.7600e+01   1.76470614e-02
-3.7500e+01   1.77300839e-02
-3.7400e+01   1.78191442e-02
-3.7300e+01   1.79041172e-02
-3.7200e+01   1.79926744e-02
-3.7100e+01   1.80816356e-02
-3.7000e+01   1.81688646e-02
-3.6900e+01   1.82613139e-02
-3.6800e+01   1.83490269e-02
-3.6700e+01   1.84424162e-02
-3.6600e+01   1.85333509e-02
-3.6500e+01   1.86255795e-02
-3.6400e+01   1.87207654e-02
-3.6300e+01   1.88122667e-02
-3.6200e+01   1.89100319e-02
-3.6100e+01   1.90034089e-02
-3.6000e+01   1.91010144e-02
-3.5900e+01   1.91985539e-02
-3.5800e+01   1.92948894e-02
-3.5700e+01   1.93963577e-02
-3.5600e+01   1.94930771e-02
-3.5500e+01   1.95959541e-02
-3.5400e+01   1.96959259e-02
-3.5300e+01   1.97978751e-02
-3.5200e+01   1.99024293e-02
-3.5100e+01   2.00036182e-02
-3.5000e+01   2.01112660e-02
-3.4900e+01   2.02142674e-02
-3.4800e+01   2.03221608e-02
-3.4700e+01   2.04295051e-02
-3.4600e+01   2.05362413e-02
-3.4500e+01   2.06479833e-02
-3.4400e+01   2.07550312e-02
-3.4300e+01   2.08687078e-02
-3.4200e+01   2.09790470e-02
-3.4100e+01   2.10920952e-02
-3.4000e+01   2.12073648e-02
-3.3900e+01   2.13196669e-02
-3.3800e+01   2.14385913e-02
-3.3700e+01   2.15526621e-02
-3.3600e+01   2.16723071e-02
-3.3500e+01   2.17909134e-02
-3.3400e+01   2.19095790e-02
-3.3300e+01   2.20330855e-02
-3.3200e+01   2.21520281e-02
-3.3100e+01   2.22780600e-02
-3.3000e+01   2.24003494e-02
-3.2900e+01   2.25261288e-02
-3.2800e+01   2.26537200e-02
-3.2700e+01   2.27788260e-02
-3.2600e+01   2.29106870e-02
-3.2500e+01   2.30375479e-02
-3.2400e+01   2.31706844e-02
-3.2300e+01   2.33022935e-02
-3.2200e+01   2.34347053e-02
-3.2100e+01   2.35717584e-02
-3.2000e+01   2.37044628e-02
-3.1900e+01   2.38447067e-02
-3.1800e+01   2.39808400e-02
-3.1700e+01   2.41212965e-02
-3.1600e+01   2.42631353e-02
-3.1500e+01   2.44030638e-02
-3.1400e+01   2.45498509e-02
-3.1300e+01   2.46915631e-02
-3.1200e+01   2.48402730e-02
-3.1100e+01   2.49869773e-02
-3.1000e+01   2.51353097e-02
-3.0900e+01   2.52880536e-02
-3.0800e+01   2.54367596e-02
-3.0700e+01   2.55934468e-02
-3.0600e+01   2.57457040e-02
-3.0500e+01   2.59031740e-02
-3.0400e+01   2.60615846e-02
-3.0300e+01   2.62187621e-02
-3.0200e+01   2.63828764e-02
-3.0100e+01   2.65419256e-02
-3.0000e+01   2.67087185e-02
-2.9900e+01   2.68730495e-02
-2.9800e+01   2.70399235e-02
-2.9700e+01   2.72109557e-02
-2.9600e+01   2.73783691e-02
-2.9500e+01   2.75542009e-02
-2.9400e+01   2.77253461e-02
-2.9300e+01   2.79026560e-02
-2.9200e+01   2.80804634e-02
-2.9100e+01   2.82578283e-02
-2.9000e+01   2.84421889e-02
-2.8900e+01   2.86215945e-02
-2.8800e+01   2.88095190e-02
-2.8700e+01   2.89945612e-02
-2.8600e+01   2.91831612e-02
-2.8500e+01   2.93756517e-02
-2.8400e+01   2.95650668e-02
-2.8300e+01   2.97633391e-02
-2.8200e+01   2.99567481e-02
-2.8100e+01   3.01573449e-02
-2.8000e+01   3.03580081e-02
-2.7900e+01   3.05591481e-02
-2.7800e+01   3.07673321e-02
-2.7700e+01   3.09707903e-02
-2.7600e+01   3.11835808e-02
-2.7500e+01   3.13931224e-02
-2.7400e+01   3.16073494e-02
-2.7300e+01   3.18251984e-02
-2.7200e+01   3.20406590e-02
-2.7100e+01   3.22654274e-02
-2.7000e+01   3.24852571e-02
-2.6900e+01   3.27133818e-02
-2.6800e+01   3.29411714e-02
-2.6700e+01   3.31705048e-02
-2.6600e+01   3.34069334e-02
-2.6500e+01   3.36390083e-02
-2.6400e+01   3.38812800e-02
-2.6300e+01   3.41200128e-02
-2.6200e+01   3.43646906e-02
-2.6100e+01   3.46127383e-02
-2.6000e+01   3.48592534e-02
-2.5900e+01   3.51155540e-02
-2.5800e+01   3.53669690e-02
-2.5700e+01   3.56278882e-02
-2.5600e+01   3.58881245e-02
-2.5500e+01   3.61511449e-02
-2.5400e+01   3.64213334e-02
-2.5300e+01   3.66877141e-02
-2.5200e+01   3.69652266e-02
-2.5100e+01   3.72390163e-02
-2.5000e+01   3.75201679e-02
-2.4900e+01   3.78044791e-02
-2.4800e+01   3.80883153e-02
-2.4700e+01   3.83824637e-02
-2.4600e+01   3.86719437e-02
-2.4500e+01   3.89722658e-02
-2.4400e+01   3.92716423e-02
-2.4300e+01   3.95752510e-02
-2.4200e+01   3.98861501e-02
-2.4100e+01   4.01940011e-02
-2.4000e+01   4.05140180e-02
-2.3900e+01   4.08302738e-02
-2.3800e+01   4.11555018e-02
-2.3700e+01   4.14837553e-02
-2.3600e+01   4.18128373e-02
-2.3500e+01   4.21528407e-02
-2.3400e+01   4.24886034e-02
-2.3300e+01   4.28367128e-02
-2.3200e+01   4.31837430e-02
-2.3100e+01   4.35367086e-02
-2.3000e+01   4.38971761e-02
-2.2900e+01   4.42556231e-02
-2.2800e+01   4.46274111e-02
-2.2700e+01   4.49955990e-02
-2.2600e+01   4.53746133e-02
-2.2500e+01   4.57566449e-02
-2.2400e+01   4.61411146e-02
-2.2300e+01   4.65372453e-02
-2.2200e+01   4.69298382e-02
-2.2100e+01   4.73365043e-02
-2.2000e+01   4.77421475e-02
-2.1900e+01   4.81557510e-02
-2.1800e+01   4.85772149e-02
-2.1700e+01   4.89980282e-02
-2.1600e+01   4.94335603e-02
-2.1500e+01   4.98659274e-02
-2.1400e+01   5.03112921e-02
-2.1300e+01   5.07598621e-02
-2.1200e+01   5.12128711e-02
-2.1100e+01   5.16784828e-02
-2.1000e+01   5.21416239e-02
-2.0900e+01   5.26208672e-02
-2.0800e+01   5.30994214e-02
-2.0700e+01   5.35883775e-02
-2.0600e+01   5.40857849e-02
-2.0500e+01   5.45843593e-02
-2.0400e+01   5.50993243e-02
-2.0300e+01   5.56119402e-02
-2.0200e+01   5.61401482e-02
-2.0100e+01   5.66720501e-02
-2.0000e+01   5.72109044e-02
-1.9900e+01   5.77636116e-02
-1.9800e+01   5.83154086e-02
-1.9700e+01   5.88857597e-02
-1.9600e+01   5.94561601e-02
-1.9500e+01   6.00399597e-02
-1.9400e+01   6.06331614e-02
-1.9300e+01   6.12299479e-02
-1.9200e+01   6.18452295e-02
-1.9100e+01   6.24595140e-02
-1.9000e+01   6.30925675e-02
-1.8900e+01   6.37302589e-02
-1.8800e+01   6.43781076e-02
-1.8700e+01   6.50415305e-02
-1.8600e+01   6.57062856e-02
-1.8500e+01   6.63926520e-02
-1.8400e+01   6.70804013e-02
-1.8300e+01   6.77853110e-02
-1.8200e+01   6.85011284e-02
-1.8100e+01   6.92237755e-02
-1.8000e+01   6.99676669e-02
-1.7900e+01   7.07126842e-02
-1.7800e+01   7.14804709e-02
-1.7700e+01   7.22545330e-02
-1.7600e+01   7.30429190e-02
-1.7500e+01   7.38493233e-02
-1.7400e+01   7.46602710e-02
-1.7300e+01   7.54967745e-02
-1.7200e+01   7.63368832e-02
-1.7100e+01   7.71989967e-02
-1.7000e+01   7.80743828e-02
-1.6900e+01   7.89610189e-02
-1.6800e+01   7.98726269e-02
-1.6700e+01   8.07886174e-02
-1.6600e+01   8.17325788e-02
-1.6500e+01   8.26855210e-02
-1.6400e+01   8.36583352e-02
-1.6300e+01   8.46527358e-02
-1.6200e+01   8.56563076e-02
-1.6100e+01   8.66907155e-02
-1.6000e+01   8.77323041e-02
-1.5900e+01   8.88023301e-02
-1.5800e+01   8.98893431e-02
-1.5700e+01   9.09937525e-02
-1.5600e+01   9.21283786e-02
-1.5500e+01   9.32723569e-02
-1.5400e+01   9.44513161e-02
-1.5300e+01   9.56436370e-02
-1.5200e+01   9.68634343e-02
-1.5100e+01   9.81101663e-02
-1.5000e+01   9.93728377e-02
-1.4900e+01   1.00673696e-01
-1.4800e+01   1.01987426e-01
-1.4700e+01   1.03338438e-01
-1.4600e+01   1.04712314e-01
-1.4500e+01   1.06112362e-01
-1.4400e+01   1.07550285e-01
-1.4300e+01   1.09005205e-01
-1.4200e+01   1.10504935e-01
-1.4100e+01   1.12025102e-01
-1.4000e+01   1.13583530e-01
-1.3900e+01   1.15177134e-01
-1.3800e+01   1.16796801e-01
-1.3700e+01   1.18465323e-01
-1.3600e+01   1.20155816e-01
-1.3500e+01   1.21896250e-01
-1.3400e+01   1.23668983e-01
-1.3300e+01   1.25480830e-01
-1.3200e+01   1.27342181e-01
-1.3100e+01   1.29232500e-01
-1.3000e+01   1.31182028e-01
-1.2900e+01   1.33163547e-01
-1.2800e+01   1.35199241e-01
-1.2700e+01   1.37283204e-01
-1.2600e+01   1.39408837e-01
-1.2500e+01   1.41599512e-01
-1.2400e+01   1.43826965e-01
-1.2300e+01   1.46123308e-01
-1.2200e+01   1.48467458e-01
-1.2100e+01   1.50870575e-01
-1.2000e+01   1.53341594e-01
-1.1900e+01   1.55860875e-01
-1.1800e+01   1.58461498e-01
-1.1700e+01   1.61113405e-01
-1.1600e+01   1.63844081e-01
-1.1500e+01   1.66644594e-01
-1.1400e+01   1.69511783e-01
-1.1300e+01   1.72469806e-01
-1.1200e+01   1.75489412e-01
-1.1100e+01   1.78607769e-01
-1.1000e+01   1.81800255e-01
-1.0900e+01   1.85083632e-01
-1.0800e+01   1.88465422e-01
-1.0700e+01   1.91927786e-01
-1.0600e+01   1.95507426e-01
-1.0500e+01   1.99171690e-01
-1.0400e+01   2.02954848e-01
-1.0300e+01   2.06844960e-01
-1.0200e+01   2.10843802e-01
-1.0100e+01   2.14976929e-01
-1.0000e+01   2.19214943e-01
-9.9000e+00   2.23601651e-01
-9.8000e+00   2.28109159e-01
-9.7000e+00   2.32761913e-01
-9.6000e+00   2.37566545e-01
-9.5000e+00   2.42508696e-01
-9.4000e+00   2.47630281e-01
-9.3000e+00   2.52896930e-01
-9.2000e+00   2.58352310e-01
-9.1000e+00   2.63982160e-01
-9.0000e+00   2.69795910e-01
-8.9000e+00   2.75822123e-01
-8.8000e+00   2.82033199e-01
-8.7000e+00   2.88482657e-01
-8.6000e+00   2.95140646e-01
-8.5000e+00   3.02043201e-01
-8.4000e+00   3.09197921e-01
-8.3000e+00   3.16597459e-01
-8.2000e+00   3.24292496e-01
-8.1000e+00   3.32249597e-01
-8.0000e+00   3.40527053e-01
-7.9000e+00   3.49110958e-01
-7.8000e+00   3.58024068e-01
-7.7000e+00   3.67302282e-01
-7.6000e+00   3.76924752e-01
-7.5000e+00   3.86961531e-01
-7.4000e+00   3.97385319e-01
-7.3000e+00   4.08252257e-01
-7.2000e+00   4.19576780e-01
-7.1000e+00   4.31367128e-01
-7.0000e+00   4.43691799e-01
-6.9000e+00   4.56526328e-01
-6.8000e+00   4.69956006e-01
-6.7000e+00   4.83976305e-01
-6.6000e+00   4.98637392e-01
-6.5000e+00   5.13995214e-01
-6.4000e+00   5.30049965e-01
-6.3000e+00   5.46906239e-01
-6.2000e+00   5.64554556e-01
-6.1000e+00   5.83093645e-01
-6.0000e+00   6.02564273e-01
-5.9000e+00   6.23015209e-01
-5.8000e+00   6.44559954e-01
-5.7000e+00   6.67210147e-01
-5.6000e+00   6.91114018e-01
-5.5000e+00   7.16309061e-01
-5.4000e+00   7.42916038e-01
-5.3000e+00   7.71054689e-01
-5.2000e+00   8.00795626e-01
-5.1000e+00   8.32337188e-01
-5.0000e+00   8.65746407e-01
-4.9000e+00   9.01240234e-01
-4.8000e+00   9.38961823e-01
-4.7000e+00   9.79092208e-01
-4.6000e+00   1.02189298e+00
-4.5000e+00   1.06752344e+00
-4.4000e+00   1.11633198e+00
-4.3000e+00   1.16854127e+00
-4.2000e+00   1.22451870e+00
-4.1000e+00   1.28464129e+00
-4.0000e+00   1.34927327e+00
-3.9000e+00   1.41897138e+00
-3.8000e+00   1.49417024e+00
-3.7000e+00   1.57556140e+00
-3.6000e+00   1.66378715e+00
-3.5000e+00   1.75963592e+00
-3.4000e+00   1.86407302e+00
-3.3000e+00   1.97804845e+00
-3.2000e+00   2.10289284e+00
-3.1000e+00   2.23991431e+00
-3.0000e+00   2.39082822e+00
-2.9000e+00   2.55757110e+00
-2.8000e+00   2.74237290e+00
-2.7000e+00   2.94807145e+00
-2.6000e+00   3.17777957e+00
-2.5000e+00   3.43554519e+00
-2.4000e+00   3.72602785e+00
-2.3000e+00   4.05503606e+00
-2.2000e+00   4.42977557e+00
-2.1000e+00   4.85897326e+00
-2.0000e+00   5.35393730e+00
-1.9000e+00   5.92860816e+00
-1.8000e+00   6.60122742e+00
-1.7000e+00   7.39533186e+00
-1.6000e+00   8.34194041e+00
-1.5000e+00   9.48295169e+00
-1.4000e+00   1.08751036e+01
-1.3000e+00   1.25981272e+01
-1.2000e+00   1.47653272e+01
-1.1000e+00   1.75433201e+01
-1.0000e+00   2.11845009e+01
-9.0000e-01   2.60853428e+01
-8.0000e-01   3.28987133e+01
-7.0000e-01   4.27572408e+01
-6.0000e-01   5.77666159e+01
-5.0000e-01   8.21892598e+01
-4.0000e-01   1.25678579e+02
-3.0000e-01   2.13622695e+02
-2.0000e-01   4.27198064e+02
-1.0000e-01   1.06792284e+03
0.0000e+00   2.13579450e+03
1.0000e-01   1.06792630e+03
2.0000e-01   4.27204989e+02
3.0000e-01   2.13633088e+02
4.0000e-01   1.25692448e+02
5.0000e-01   8.22066157e+01
6.0000e-01   5.77874712e+01
7.0000e-01   4.27816110e+01
8.0000e-01   3.29266163e+01
9.0000e-01   2.61167990e+01
1.0000e+00   2.12195335e+01
1.1000e+00   1.75819546e+01
1.2000e+00   1.48075916e+01
1.3000e+00   1.26440521e+01
1.4000e+00   1.09247222e+01
1.5000e+00   9.53629931e+00
1.6000e+00   8.39905512e+00
1.7000e+00   7.45625408e+00
1.8000e+00   6.66600001e+00
1.9000e+00   5.99727637e+00
2.0000e+00   5.42654875e+00
2.1000e+00   4.93557796e+00
2.2000e+00   4.51042584e+00
2.3000e+00   4.13978654e+00
2.4000e+00   3.81493548e+00
2.5000e+00   3.52866915e+00
2.6000e+00   3.27518129e+00
2.7000e+00   3.04981455e+00
2.8000e+00   2.84852317e+00
2.9000e+00   2.66819648e+00
3.0000e+00   2.50599873e+00
3.1000e+00   2.35970207e+00
3.2000e+00   2.22737198e+00
3.3000e+00   2.10729510e+00
3.4000e+00   1.99816527e+00
3.5000e+00   1.89865375e+00
3.6000e+00   1.80781245e+00
3.7000e+00   1.72467786e+00
3.8000e+00   1.64846332e+00
3.9000e+00   1.57852829e+00
4.0000e+00   1.51418292e+00
4.1000e+00   1.45499419e+00
4.2000e+00   1.40040696e+00
4.3000e+00   1.35005852e+00
4.4000e+00   1.30357334e+00
4.5000e+00   1.26058544e+00
4.6000e+00   1.22087352e+00
4.7000e+00   1.18409046e+00
4.8000e+00   1.15007822e+00
4.9000e+00   1.11857638e+00
5.0000e+00   1.08940503e+00
5.1000e+00   1.06242205e+00
5.2000e+00   1.03741147e+00
5.3000e+00   1.01430717e+00
5.4000e+00   9.92911660e-01
5.5000e+00   9.73155092e-01
5.6000e+00   9.54918426e-01
5.7000e+00   9.38081523e-01
5.8000e+00   9.22607438e-01
5.9000e+00   9.08348414e-01
6.0000e+00   8.95293202e-01
6.1000e+00   8.83328620e-01
6.2000e+00   8.72406131e-01
6.3000e+00   8.62485122e-01
6.4000e+00   8.53466935e-01
6.5000e+00   8.45361038e-01
6.6000e+00   8.38062739e-01
6.7000e+00   8.31571662e-01
6.8000e+00   8.25831592e-01
6.9000e+00   8.20792009e-01
7.0000e+00   8.16456997e-01
7.1000e+00   8.12740735e-01
7.2000e+00   8.09667070e-01
7.3000e+00   8.07166795e-01
7.4000e+00   8.05230875e-01
7.5000e+00   8.03843987e-01
7.6000e+00   8.02949015e-01
7.7000e+00   8.02572192e-01
7.8000e+00   8.02642310e-01
7.9000e+00   8.03178970e-01
8.0000e+00   8.04144941e-01
8.1000e+00   8.05516040e-01
8.2000e+00   8.07304663e-01
8.3000e+00   8.09450915e-01
8.4000e+00   8.11986547e-01
8.5000e+00   8.14859099e-01
8.6000e+00   8.18074059e-01
8.7000e+00   8.21621883e-01
8.8000e+00   8.25464504e-01
8.9000e+00   8.29629663e-01
9.0000e+00   8.34061648e-01
9.1000e+00   8.38785784e-01
9.2000e+00   8.43771157e-01
9.3000e+00   8.49005911e-01
9.4000e+00   8.54501803e-01
9.5000e+00   8.60212593e-01
9.6000e+00   8.66170004e-01
9.7000e+00   8.72329406e-01
9.8000e+00   8.78702379e-01
9.9000e+00   8.85279447e-01
1.0000e+01   8.92033257e-01
1.0100e+01   8.98988741e-01
1.0200e+01   9.06099071e-01
1.0300e+01   9.13390572e-01
1.0400e+01   9.20834568e-01
1.0500e+01   9.28426111e-01
1.0600e+01   9.36173928e-01
1.0700e+01   9.44040495e-01
1.0800e+01   9.52055173e-01
1.0900e+01   9.60177935e-01
1.1000e+01   9.68423264e-01
1.1100e+01   9.76780257e-01
1.1200e+01   9.85228746e-01
1.1300e+01   9.93789929e-01
1.1400e+01   1.00242320e+00
1.1500e+01   1.01115436e+00
1.1600e+01   1.01995579e+00
1.1700e+01   1.02882719e+00
1.1800e+01   1.03777404e+00
1.1900e+01   1.04676538e+00
1.2000e+01   1.05582783e+00
1.2100e+01   1.06492488e+00
1.2200e+01   1.07407275e+00
1.2300e+01   1.08325910e+00
1.2400e+01   1.09246940e+00
1.2500e+01   1.10172140e+00
1.2600e+01   1.11097966e+00
1.2700e+01   1.12026919e+00
1.2800e+01   1.12956339e+00
1.2900e+01   1.13886566e+00
1.3000e+01   1.14817877e+00
1.3100e+01   1.15747747e+00
1.3200e+01   1.16678595e+00
1.3300e+01   1.17607100e+00
1.3400e+01   1.18535026e+00
1.3500e+01   1.19461052e+00
1.3600e+01   1.20384220e+00
1.3700e+01   1.21306026e+00
1.3800e+01   1.22223413e+00
1.3900e+01   1.23138819e+00
1.4000e+01   1.24049719e+00
1.4100e+01   1.24956791e+00
1.4200e+01   1.25860118e+00
1.4300e+01   1.26757702e+00
1.4400e+01   1.27651774e+00
1.4500e+01   1.28539356e+00
1.4600e+01   1.29422349e+00
1.4700e+01   1.30299408e+00
1.4800e+01   1.31170035e+00
1.4900e+01   1.32035520e+00
1.5000e+01   1.32893276e+00
1.5100e+01   1.33745702e+00
1.5200e+01   1.34590453e+00
1.5300e+01   1.35428517e+00
1.5400e+01   1.36259850e+00
1.5500e+01   1.37082953e+00
1.5600e+01   1.37899911e+00
1.5700e+01   1.38708098e+00
1.5800e+01   1.39509546e+00
1.5900e+01   1.40302931e+00
1.6000e+01   1.41088184e+00
1.6100e+01   1.41866429e+00
1.6200e+01   1.42635534e+00
1.6300e+01   1.43397868e+00
1.6400e+01   1.44151279e+00
1.6500e+01   1.44897036e+00
1.6600e+01   1.45635002e+00
1.6700e+01   1.46364136e+00
1.6800e+01   1.47086395e+00
1.6900e+01   1.47799489e+00
1.7000e+01   1.48505553e+00
1.7100e+01   1.49203304e+00
1.7200e+01   1.49893041e+00
1.7300e+01   1.50575745e+00
1.7400e+01   1.51249690e+00
1.7500e+01   1.51917197e+00
1.7600e+01   1.52576296e+00
1.7700e+01   1.53228475e+00
1.7800e+01   1.53873513e+00
1.7900e+01   1.54510762e+00
1.8000e+01   1.55142032e+00
1.8100e+01   1.55765328e+00
1.8200e+01   1.56382838e+00
1.8300e+01   1.56993300e+00
1.8400e+01   1.57597310e+00
1.8500e+01   1.58195682e+00
1.8600e+01   1.58787036e+00
1.8700e+01   1.59373593e+00
1.8800e+01   1.59953530e+00
1.8900e+01   1.60528477e+00
1.9000e+01   1.61098101e+00
1.9100e+01   1.61662065e+00
1.9200e+01   1.62221993e+00
1.9300e+01   1.62776124e+00
1.9400e+01   1.63326626e+00
1.9500e+01   1.63872223e+00
1.9600e+01   1.64413715e+00
1.9700e+01   1.64951718e+00
1.9800e+01   1.65485115e+00
1.9900e+01   1.66015972e+00
2.0000e+01   1.66542557e+00
2.0100e+01   1.67066559e+00
2.0200e+01   1.67587497e+00
2.0300e+01   1.68105256e+00
2.0400e+01   1.68621230e+00
2.0500e+01   1.69133826e+00
2.0600e+01   1.69645118e+00
2.0700e+01   1.70153779e+00
2.0800e+01   1.70660727e+00
2.0900e+01   1.71166345e+00
2.1000e+01   1.71669706e+00
2.1100e+01   1.72172666e+00
2.1200e+01   1.72673539e+00
2.1300e+01   1.73174001e+00
2.1400e+01   1.73673396e+00
2.1500e+01   1.74171758e+00
2.1600e+01   1.74670214e+00
2.1700e+01   1.75167294e+00
2.1800e+01   1.75664923e+00
2.1900e+01   1.76161697e+00
2.2000e+01   1.76658594e+00
2.2100e+01   1.77155742e+00
2.2200e+01   1.77652357e+00
2.2300e+01   1.78150055e+00
2.2400e+01   1.78647176e+00
2.2500e+01   1.79145335e+00
2.2600e+01   1.79643697e+00
2.2700e+01   1.80142402e+00
2.2800e+01   1.80642307e+00
2.2900e+01   1.81142039e+00
2.3000e+01   1.81643357e+00
2.3100e+01   1.82144782e+00
2.3200e+01   1.82647319e+00
2.3300e+01   1.83150857e+00
2.3400e+01   1.83654739e+00
2.3500e+01   1.84160341e+00
2.3600e+01   1.84666038e+00
2.3700e+01   1.85173371e+00
2.3800e+01   1.85681354e+00
2.3900e+01   1.86190224e+00
2.4000e+01   1.86700589e+00
2.4100e+01   1.87211186e+00
2.4200e+01   1.87723615e+00
2.4300e+01   1.88236356e+00
2.4400e+01   1.88750443e+00
2.4500e+01   1.89265567e+00
2.4600e+01   1.89781206e+00
2.4700e+01   1.90298531e+00
2.4800e+01   1.90815981e+00
2.4900e+01   1.91335042e+00
2.5000e+01   1.91854624e+00
2.5100e+01   1.92375076e+00
2.5200e+01   1.92896804e+00
2.5300e+01   1.93418685e+00
2.5400e+01   1.93942188e+00
2.5500e+01   1.94465805e+00
2.5600e+01   1.94990618e+00
2.5700e+01   1.95516174e+00
2.5800e+01   1.96042113e+00
2.5900e+01   1.96569441e+00
2.6000e+01   1.97096708e+00
2.6100e+01   1.97625371e+00
2.6200e+01   1.98154290e+00
2.6300e+01   1.98683949e+00
2.6400e+01   1.99214601e+00
2.6500e+01   1.99745296e+00
2.6600e+01   2.00277409e+00
2.6700e+01   2.00809488e+00
2.6800e+01   2.01342683e+00
2.6900e+01   2.01876449e+00
2.7000e+01   2.02410608e+00
2.7100e+01   2.02946040e+00
2.7200e+01   2.03481438e+00
2.7300e+01   2.04018250e+00
2.7400e+01   2.04555329e+00
2.7500e+01   2.05093305e+00
2.7600e+01   2.05632315e+00
2.7700e+01   2.06171601e+00
2.7800e+01   2.06712458e+00
2.7900e+01   2.07253522e+00
2.8000e+01   2.07796015e+00
2.8100e+01   2.08339326e+00
2.8200e+01   2.08883466e+00
2.8300e+01   2.09429201e+00
2.8400e+01   2.09975382e+00
2.8500e+01   2.10523440e+00
2.8600e+01   2.11072244e+00
2.8700e+01   2.11622555e+00
2.8800e+01   2.12174407e+00
2.8900e+01   2.12727224e+00
2.9000e+01   2.13282217e+00
2.9100e+01   2.13838112e+00
2.9200e+01   2.14396177e+00
2.9300e+01   2.14955745e+00
2.9400e+01   2.15516986e+00
2.9500e+01   2.16080543e+00
2.9600e+01   2.16645410e+00
2.9700e+01   2.17212975e+00
2.9800e+01   2.17782114e+00
2.9900e+01   2.18353680e+00
3.0000e+01   2.18927592e+00
3.0100e+01   2.19503424e+00
3.0200e+01   2.20082274e+00
3.0300e+01   2.20662935e+00
3.0400e+01   2.21246679e+00
3.0500e+01   2.21832762e+00
3.0600e+01   2.22421469e+00
3.0700e+01   2.23013293e+00
3.0800e+01   2.23607334e+00
3.0900e+01   2.24204894e+00
3.1000e+01   2.24804827e+00
3.1100e+01   2.25408033e+00
3.1200e+01   2.26014283e+00
3.1300e+01   2.26623259e+00
3.1400e+01   2.27235903e+00
3.1500e+01   2.27851045e+00
3.1600e+01   2.28469910e+00
3.1700e+01   2.29091649e+00
3.1800e+01   2.29716611e+00
3.1900e+01   2.30345109e+00
3.2000e+01   2.30976309e+00
3.2100e+01   2.31611381e+00
3.2200e+01   2.32249135e+00
3.2300e+01   2.32890464e+00
3.2400e+01   2.33534971e+00
3.2500e+01   2.34182403e+00
3.2600e+01   2.34833515e+00
3.2700e+01   2.35487146e+00
3.2800e+01   2.36144433e+00
3.2900e+01   2.36804408e+00
3.3000e+01   2.37467447e+00
3.3100e+01   2.38133659e+00
3.3200e+01   2.38802257e+00
3.3300e+01   2.39474251e+00
3.3400e+01   2.40148399e+00
3.3500e+01   2.40825555e+00
3.3600e+01   2.41505151e+00
3.3700e+01   2.42186979e+00
3.3800e+01   2.42871598e+00
3.3900e+01   2.43557855e+00
3.4000e+01   2.44246782e+00
3.4100e+01   2.44937301e+00
3.4200e+01   2.45629803e+00
3.4300e+01   2.46324206e+00
3.4400e+01   2.47019770e+00
3.4500e+01   2.47717350e+00
3.4600e+01   2.48415668e+00
3.4700e+01   2.49115545e+00
3.4800e+01   2.49816266e+00
3.4900e+01   2.50517681e+00
3.5000e+01   2.51220174e+00
3.5100e+01   2.51922627e+00
3.5200e+01   2.52625988e+00
3.5300e+01   2.53329105e+00
3.5400e+01   2.54032408e+00
3.5500e+01   2.54735664e+00
3.5600e+01   2.55438213e+00
3.5700e+01   2.56140791e+00
3.5800e+01   2.56842135e+00
3.5900e+01   2.57543064e+00
3.6000e+01   2.58242773e+00
3.6100e+01   2.58941207e+00
3.6200e+01   2.59638629e+00
3.6300e+01   2.60334013e+00
3.6400e+01   2.61028262e+00
3.6500e+01   2.61720223e+00
3.6600e+01   2.62410404e+00
3.6700e+01   2.63098488e+00
3.6800e+01   2.63783954e+00
3.6900e+01   2.64467472e+00
3.7000e+01   2.65147866e+00
3.7100e+01   2.65825999e+00
3.7200e+01   2.66501054e+00
3.7300e+01   2.67173125e+00
3.7400e+01   2.67842420e+00
3.7500e+01   2.68508069e+00
3.7600e+01   2.69170988e+00
3.7700e+01   2.69830094e+00
3.7800e+01   2.70486029e+00
3.7900e+01   2.71138461e+00
3.8000e+01   2.71787065e+00
3.8100e+01   2.72432506e+00
3.8200e+01   2.73073760e+00
3.8300e+01   2.73711787e+00
3.8400e+01   2.74345821e+00
3.8500e+01   2.74976156e+00
3.8600e+01   2.75603003e+00
3.8700e+01   2.76225700e+00
3.8800e+01   2.76845225e+00
3.8900e+01   2.77460620e+00
3.9000e+01   2.78072696e+00
3.9100e+01   2.78681161e+00
3.9200e+01   2.79285922e+00
3.9300e+01   2.79887679e+00
3.9400e+01   2.80485599e+00
3.9500e+01   2.81080765e+00
3.9600e+01   2.81672501e+00
3.9700e+01   2.82261320e+00
3.9800e+01   2.82847462e+00
3.9900e+01   2.83430501e+00
4.0000e+01   2.84011480e+00
4.0100e+01   2.84589593e+00
4.0200e+01   2.85165821e+00
4.0300e+01   2.85739924e+00
4.0400e+01   2.86312040e+00
4.0500e+01   2.86882902e+00
4.0600e+01   2.87451871e+00
4.0700e+01   2.88020131e+00
4.0800e+01   2.88587100e+00
4.0900e+01   2.89153480e+00
4.1000e+01   2.89719531e+00
4.1100e+01   2.90285031e+00
4.1200e+01   2.90851064e+00
4.1300e+01   2.91416952e+00
4.1400e+01   2.91983800e+00
4.1500e+01   2.92551392e+00
4.1600e+01   2.93120051e+00
4.1700e+01   2.93690499e+00
4.1800e+01   2.94262246e+00
4.1900e+01   2.94836522e+00
4.2000e+01   2.95412790e+00
4.2100e+01   2.95991880e+00
4.2200e+01   2.96574015e+00
4.2300e+01   2.97159120e+00
4.2400e+01   2.97748245e+00
4.2500e+01   2.98340783e+00
4.2600e+01   2.98937886e+00
4.2700e+01   2.99539301e+00
4.2800e+01   3.00145458e+00
4.2900e+01   3.00756993e+00
4.3000e+01   3.01373497e+00
4.3100e+01   3.01996160e+00
4.3200e+01   3.02624425e+00
4.3300e+01   3.03259162e+00
4.3400e+01   3.03900486e+00
4.3500e+01   3.04548384e+00
4.3600e+01   3.05203798e+00
4.3700e+01   3.05866118e+00
4.3800e+01   3.06536455e+00
4.3900e+01   3.07214452e+00
4.4000e+01   3.07900564e+00
4.4100e+01   3.08595268e+00
4.4200e+01   3.09298164e+00
4.4300e+01   3.10010325e+00
4.4400e+01   3.10731110e+00
4.4500e+01   3.11461354e+00
4.4600e+01   3.12201002e+00
4.4700e+01   3.12950042e+00
4.4800e+01   3.13709238e+00
4.4900e+01   3.14477928e+00
4.5000e+01   3.15257119e+00
4.5100e+01   3.16046304e+00
4.5200e+01   3.16845907e+00
4.5300e+01   3.17656205e+00
4.5400e+01   3.18476766e+00
4.5500e+01   3.19308501e+00
4.5600e+01   3.20150660e+00
4.5700e+01   3.21004002e+00
4.5800e+01   3.21868283e+00
4.5900e+01   3.22743464e+00
4.6000e+01   3.23630116e+00
4.6100e+01   3.24527513e+00
4.6200e+01   3.25436541e+00
4.6300e+01   3.26356546e+00
4.6400e+01   3.27287913e+00
4.6500e+01   3.28230726e+00
4.6600e+01   3.29184529e+00
4.6700e+01   3.30150078e+00
4.6800e+01   3.31126539e+00
4.6900e+01   3.32114607e+00
4.7000e+01   3.33113880e+00
4.7100e+01   3.34124321e+00
4.7200e+01   3.35146336e+00
4.7300e+01   3.36179179e+00
4.7400e+01   3.37223647e+00
4.7500e+01   3.38278994e+00
4.7600e+01   3.39345608e+00
4.7700e+01   3.40423435e+00
4.7800e+01   3.41512053e+00
4.7900e+01   3.42612114e+00
4.8000e+01   3.43722769e+00
4.8100e+01   3.44844708e+00
4.8200e+01   3.45977447e+00
4.8300e+01   3.47121011e+00
4.8400e+01   3.48275716e+00
4.8500e+01   3.49440876e+00
4.8600e+01   3.50617269e+00
4.8700e+01   3.51804140e+00
4.8800e+01   3.53001953e+00
4.8900e+01   3.54210601e+00
4.9000e+01   3.55429776e+00
4.9100e+01   3.56660109e+00
4.9200e+01   3.57900823e+00
4.9300e+01   3.59152679e+00
4.9400e+01   3.60415199e+00
4.9500e+01   3.61688553e+00
4.9600e+01   3.62973051e+00
4.9700e+01   3.64268150e+00
4.9800e+01   3.65574684e+00
4.9900e+01   3.66891982e+00
5.0000e+01   3.68220654e+00
5.0100e+01   3.69560624e+00
5.0200e+01   3.70911775e+00
5.0300e+01   3.72274786e+00
5.0400e+01   3.73649038e+00
5.0500e+01   3.75035420e+00
5.0600e+01   3.76433541e+00
5.0700e+01   3.77843778e+00
5.0800e+01   3.79266499e+00
5.0900e+01   3.80701370e+00
5.1000e+01   3.82149336e+00
5.1100e+01   3.83609872e+00
5.1200e+01   3.85083782e+00
5.1300e+01   3.86571077e+00
5.1400e+01   3.88071876e+00
5.1500e+01   3.89586952e+00
5.1600e+01   3.91115887e+00
5.1700e+01   3.92659734e+00
5.1800e+01   3.94218230e+00
5.1900e+01   3.95791987e+00
5.2000e+01   3.97381462e+00
5.2100e+01   3.98986561e+00
5.2200e+01   4.00608356e+00
5.2300e+01   4.02246496e+00
5.2400e+01   4.03901993e+00
5.2500e+01   4.05574962e+00
5.2600e+01   4.07265772e+00
5.2700e+01   4.08975295e+00
5.2800e+01   4.10703328e+00
5.2900e+01   4.12451087e+00
5.3000e+01   4.14218447e+00
5.3100e+01   4.16006247e+00
5.3200e+01   4.17815038e+00
5.3300e+01   4.19644963e+00
5.3400e+01   4.21497209e+00
5.3500e+01   4.23371605e+00
5.3600e+01   4.25269350e+00
5.3700e+01   4.27190664e+00
5.3800e+01   4.29136149e+00
5.3900e+01   4.31106767e+00
5.4000e+01   4.33102523e+00
5.4100e+01   4.35124772e+00
5.4200e+01   4.37173524e+00
5.4300e+01   4.39249827e+00
5.4400e+01   4.41354312e+00
5.4500e+01   4.43487345e+00
5.4600e+01   4.45650214e+00
5.4700e+01   4.47842915e+00
5.4800e+01   4.50066815e+00
5.4900e+01   4.52322231e+00
5.5000e+01   4.54609981e+00
5.5100e+01   4.56931105e+00
5.5200e+01   4.59285802e+00
5.5300e+01   4.61675554e+00
5.5400e+01   4.64100496e+00
5.5500e+01   4.66561869e+00
5.5600e+01   4.69060377e+00
5.5700e+01   4.71596597e+00
5.5800e+01   4.74171904e+00
5.5900e+01   4.76786458e+00
5.6000e+01   4.79441775e+00
5.6100e+01   4.82138266e+00
5.6200e+01   4.84876954e+00
5.6300e+01   4.87658941e+00
5.6400e+01   4.90484619e+00
5.6500e+01   4.93355575e+00
5.6600e+01   4.96272067e+00
5.6700e+01   4.99235508e+00
5.6800e+01   5.02246666e+00
5.6900e+01   5.05306314e+00
5.7000e+01   5.08415893e+00
5.7100e+01   5.11575713e+00
5.7200e+01   5.14787415e+00
5.7300e+01   5.18051484e+00
5.7400e+01   5.21369116e+00
5.7500e+01   5.24741450e+00
5.7600e+01   5.28169040e+00
5.7700e+01   5.31653535e+00
5.7800e+01   5.35195285e+00
5.7900e+01   5.38795824e+00
5.8000e+01   5.42455938e+00
5.8100e+01   5.46176542e+00
5.8200e+01   5.49959080e+00
5.8300e+01   5.53803954e+00
5.8400e+01   5.57712850e+00
5.8500e+01   5.61686260e+00
5.8600e+01   5.65725464e+00
5.8700e+01   5.69831550e+00
5.8800e+01   5.74005138e+00
5.8900e+01   5.78247833e+00
5.9000e+01   5.82559968e+00
5.9100e+01   5.86943075e+00
5.9200e+01   5.91397835e+00
5.9300e+01   5.95925168e+00
5.9400e+01   6.00526379e+00
5.9500e+01   6.05201815e+00
5.9600e+01   6.09953042e+00
5.9700e+01   6.14780395e+00
5.9800e+01   6.19685060e+00
5.9900e+01   6.24667893e+00
6.0000e+01   6.29729387e+00
6.0100e+01   6.34870901e+00
6.0200e+01   6.40092550e+00
6.0300e+01   6.45395639e+00
6.0400e+01   6.50780528e+00
6.0500e+01   6.56247911e+00
6.0600e+01   6.61798713e+00
6.0700e+01   6.67432986e+00
6.0800e+01   6.73151920e+00
6.0900e+01   6.78955446e+00
6.1000e+01   6.84844389e+00
6.1100e+01   6.90819105e+00
6.1200e+01   6.96879695e+00
6.1300e+01   7.03026989e+00
6.1400e+01   7.09260614e+00
6.1500e+01   7.15581360e+00
6.1600e+01   7.21988991e+00
6.1700e+01   7.28483683e+00
6.1800e+01   7.35065697e+00
6.1900e+01   7.41734511e+00
6.2000e+01   7.48490648e+00
6.2100e+01   7.55333355e+00
6.2200e+01   7.62262811e+00
6.2300e+01   7.69278600e+00
6.2400e+01   7.76380155e+00
6.2500e+01   7.83567504e+00
6.2600e+01   7.90839528e+00
6.2700e+01   7.98196240e+00
6.2800e+01   8.05636556e+00
6.2900e+01   8.13159893e+00
6.3000e+01   8.20765615e+00
6.3100e+01   8.28452398e+00
6.3200e+01   8.36219881e+00
6.3300e+01   8.44066430e+00
6.3400e+01   8.51991377e+00
6.3500e+01   8.59993359e+00
6.3600e+01   8.68070970e+00
6.3700e+01   8.76223282e+00
6.3800e+01   8.84448294e+00
6.3900e+01   8.92745108e+00
6.4000e+01   9.01111694e+00
6.4100e+01   9.09546608e+00
6.4200e+01   9.18048237e+00
6.4300e+01   9.26614401e+00
6.4400e+01   9.35243802e+00
6.4500e+01   9.43933904e+00
6.4600e+01   9.52683179e+00
6.4700e+01   9.61489322e+00
6.4800e+01   9.70350119e+00
6.4900e+01   9.79263724e+00
6.5000e+01   9.88227319e+00
6.5100e+01   9.97239171e+00
6.5200e+01   1.00629640e+01
6.5300e+01   1.01539682e+01
6.5400e+01   1.02453797e+01
6.5500e+01   1.03371697e+01
6.5600e+01   1.04293173e+01
6.5700e+01   1.05217902e+01
6.5800e+01   1.06145664e+01
6.5900e+01   1.07076156e+01
6.6000e+01   1.08009098e+01
6.6100e+01   1.08944240e+01
6.6200e+01   1.09881243e+01
6.6300e+01   1.10819877e+01
6.6400e+01   1.11759800e+01
6.6500e+01   1.12700747e+01
6.6600e+01   1.13642418e+01
6.6700e+01   1.14584488e+01
6.6800e+01   1.15526703e+01
6.6900e+01   1.16468703e+01
6.7000e+01   1.17410236e+01
6.7100e+01   1.18350964e+01
6.7200e+01   1.19290584e+01
6.7300e+01   1.20228815e+01
6.7400e+01   1.21165303e+01
6.7500e+01   1.22099798e+01
6.7600e+01   1.23031941e+01
6.7700e+01   1.23961460e+01
6.7800e+01   1.24888043e+01
6.7900e+01   1.25811365e+01
6.8000e+01   1.26731166e+01
6.8100e+01   1.27647091e+01
6.8200e+01   1.28558892e+01
6.8300e+01   1.29466236e+01
6.8400e+01   1.30368839e+01
6.8500e+01   1.31266426e+01
6.8600e+01   1.32158667e+01
6.8700e+01   1.33045328e+01
6.8800e+01   1.33926075e+01
6.8900e+01   1.34800664e+01
6.9000e+01   1.35668807e+01
6.9100e+01   1.36530216e+01
6.9200e+01   1.37384662e+01
6.9300e+01   1.38231828e+01
6.9400e+01   1.39071507e+01
6.9500e+01   1.39903405e+01
6.9600e+01   1.40727287e+01
6.9700e+01   1.41542920e+01
6.9800e+01   1.42350025e+01
6.9900e+01   1.43148422e+01
7.0000e+01   1.43937825e+01
7.0100e+01   1.44718052e+01
7.0200e+01   1.45488867e+01
7.0300e+01   1.46250046e+01
7.0400e+01   1.47001419e+01
7.0500e+01   1.47742733e+01
7.0600e+01   1.48473847e+01
7.0700e+01   1.49194532e+01
7.0800e+01   1.49904625e+01
7.0900e+01   1.50603959e+01
7.1000e+01   1.51292331e+01
7.1100e+01   1.51969630e+01
7.1200e+01   1.52635648e+01
7.1300e+01   1.53290278e+01
7.1400e+01   1.53933359e+01
7.1500e+01   1.54564751e+01
7.1600e+01   1.55184358e+01
7.1700e+01   1.55792011e+01
7.1800e+01   1.56387652e+01
7.1900e+01   1.56971129e+01
7.2000e+01   1.57542371e+01
7.2100e+01   1.58101288e+01
7.2200e+01   1.58647769e+01
7.2300e+01   1.59181785e+01
7.2400e+01   1.59703215e+01
7.2500e+01   1.60212043e+01
7.2600e+01   1.60708191e+01
7.2700e+01   1.61191611e+01
7.2800e+01   1.61662293e+01
7.2900e+01   1.62120159e+01
7.3000e+01   1.62565238e+01
7.3100e+01   1.62997468e+01
7.3200e+01   1.63416868e+01
7.3300e+01   1.63823433e+01
7.3400e+01   1.64217145e+01
7.3500e+01   1.64598060e+01
7.3600e+01   1.64966146e+01
7.3700e+01   1.65321475e+01
7.3800e+01   1.65664051e+01
7.3900e+01   1.65993918e+01
7.4000e+01   1.66311143e+01
7.4100e+01   1.66615737e+01
7.4200e+01   1.66907810e+01
7.4300e+01   1.67187379e+01
7.4400e+01   1.67454545e+01
7.4500e+01   1.67709377e+01
7.4600e+01   1.67951938e+01
7.4700e+01   1.68182354e+01
7.4800e+01   1.68400665e+01
7.4900e+01   1.68607017e+01
7.5000e+01   1.68801475e+01
7.5100e+01   1.68984156e+01
7.5200e+01   1.69155184e+01
7.5300e+01   1.69314633e+01
7.5400e+01   1.69462669e+01
7.5500e+01   1.69599362e+01
7.5600e+01   1.69724869e+01
7.5700e+01   1.69839301e+01
7.5800e+01   1.69942773e+01
7.5900e+01   1.70035447e+01
7.6000e+01   1.70117404e+01
7.6100e+01   1.70188826e+01
7.6200e+01   1.70249806e+01
7.6300e+01   1.70300493e+01
7.6400e+01   1.70341030e+01
7.6500e+01   1.70371517e+01
7.6600e+01   1.70392133e+01
7.6700e+01   1.70402961e+01
7.6800e+01   1.70404171e+01
7.6900e+01   1.70395874e+01
7.7000e+01   1.70378190e+01
7.7100e+01   1.70351277e+01
7.7200e+01   1.70315213e+01
7.7300e+01   1.70270167e+01
7.7400e+01   1.70216220e+01
7.7500e+01   1.70153507e+01
7.7600e+01   1.70082147e+01
7.7700e+01   1.70002218e+01
7.7800e+01   1.69913873e+01
7.7900e+01   1.69817164e+01
7.8000e+01   1.69712229e+01
7.8100e+01   1.69599140e+01
7.8200e+01   1.69477984e+01
7.8300e+01   1.69348872e+01
7.8400e+01   1.69211842e+01
7.8500e+01   1.69067017e+01
7.8600e+01   1.68914428e+01
7.8700e+01   1.68754163e+01
7.8800e+01   1.68586286e+01
7.8900e+01   1.68410827e+01
7.9000e+01   1.68227881e+01
7.9100e+01   1.68037446e+01
7.9200e+01   1.67839606e+01
7.9300e+01   1.67634373e+01
7.9400e+01   1.67421782e+01
7.9500e+01   1.67201884e+01
7.9600e+01   1.66974660e+01
7.9700e+01   1.66740181e+01
7.9800e+01   1.66498417e+01
7.9900e+01   1.66249407e+01
8.0000e+01   1.65993154e+01
8.0100e+01   1.65729644e+01
8.0200e+01   1.65458917e+01
8.0300e+01   1.65180921e+01
8.0400e+01   1.64895697e+01
8.0500e+01   1.64603208e+01
8.0600e+01   1.64303450e+01
8.0700e+01   1.63996431e+01
8.0800e+01   1.63682099e+01
8.0900e+01   1.63360487e+01
8.1000e+01   1.63031534e+01
8.1100e+01   1.62695256e+01
8.1200e+01   1.62351625e+01
8.1300e+01   1.62000610e+01
8.1400e+01   1.61642230e+01
8.1500e+01   1.61276422e+01
8.1600e+01   1.60903216e+01
8.1700e+01   1.60522567e+01
8.1800e+01   1.60134472e+01
8.1900e+01   1.59738935e+01
8.2000e+01   1.59335913e+01
8.2100e+01   1.58925446e+01
8.2200e+01   1.58507486e+01
8.2300e+01   1.58082067e+01
8.2400e+01   1.57649178e+01
8.2500e+01   1.57208817e+01
8.2600e+01   1.56761026e+01
8.2700e+01   1.56305776e+01
8.2800e+01   1.55843131e+01
8.2900e+01   1.55373082e+01
8.3000e+01   1.54895672e+01
8.3100e+01   1.54410943e+01
8.3200e+01   1.53918905e+01
8.3300e+01   1.53419645e+01
8.3400e+01   1.52913167e+01
8.3500e+01   1.52399562e+01
8.3600e+01   1.51878872e+01
8.3700e+01   1.51351159e+01
8.3800e+01   1.50816522e+01
8.3900e+01   1.50274996e+01
8.4000e+01   1.49726709e+01
8.4100e+01   1.49171714e+01
8.4200e+01   1.48610123e+01
8.4300e+01   1.48042042e+01
8.4400e+01   1.47467548e+01
8.4500e+01   1.46886795e+01
8.4600e+01   1.46299853e+01
8.4700e+01   1.45706882e+01
8.4800e+01   1.45107986e+01
8.4900e+01   1.44503295e+01
8.5000e+01   1.43892970e+01
8.5100e+01   1.43277109e+01
8.5200e+01   1.42655905e+01
8.5300e+01   1.42029464e+01
8.5400e+01   1.41397964e+01
8.5500e+01   1.40761559e+01
8.5600e+01   1.40120386e+01
8.5700e+01   1.39474647e+01
8.5800e+01   1.38824459e+01
8.5900e+01   1.38170032e+01
8.6000e+01   1.37511510e+01
8.6100e+01   1.36849066e+01
8.6200e+01   1.36182894e+01
8.6300e+01   1.35513129e+01
8.6400e+01   1.34839992e+01
8.6500e+01   1.34163617e+01
8.6600e+01   1.33484206e+01
8.6700e+01   1.32801929e+01
8.6800e+01   1.32116945e+01
8.6900e+01   1.31429463e+01
8.7000e+01   1.30739613e+01
8.7100e+01   1.30047609e+01
8.7200e+01   1.29353593e+01
8.7300e+01   1.28657742e+01
8.7400e+01   1.27960238e+01
8.7500e+01   1.27261212e+01
8.7600e+01   1.26560868e+01
8.7700e+01   1.25859325e+01
8.7800e+01   1.25156767e+01
8.7900e+01   1.24453338e+01
8.8000e+01   1.23749173e+01
8.8100e+01   1.23044450e+01
8.8200e+01   1.22339267e+01
8.8300e+01   1.21633805e+01
8.8400e+01   1.20928165e+01
8.8500e+01   1.20222487e+01
8.8600e+01   1.19516906e+01
8.8700e+01   1.18811511e+01
8.8800e+01   1.18106460e+01
8.8900e+01   1.17401819e+01
8.9000e+01   1.16697726e+01
8.9100e+01   1.15994267e+01
8.9200e+01   1.15291531e+01
8.9300e+01   1.14589634e+01
8.9400e+01   1.13888623e+01
8.9500e+01   1.13188620e+01
8.9600e+01   1.12489667e+01
8.9700e+01   1.11791853e+01
8.9800e+01   1.11095248e+01
8.9900e+01   1.10399888e+01
9.0000e+01   1.09705871e+01
9.0100e+01   1.09013205e+01
9.0200e+01   1.08321974e+01
9.0300e+01   1.07632205e+01
9.0400e+01   1.06943933e+01
9.0500e+01   1.06257220e+01
9.0600e+01   1.05572058e+01
9.0700e+01   1.04888520e+01
9.0800e+01   1.04206596e+01
9.0900e+01   1.03526328e+01
9.1000e+01   1.02847737e+01
9.1100e+01   1.02170816e+01
9.1200e+01   1.01495619e+01
9.1300e+01   1.00822114e+01
9.1400e+01   1.00150349e+01
9.1500e+01   9.94803088e+00
9.1600e+01   9.88120017e+00
9.1700e+01   9.81454533e+00
9.1800e+01   9.74806314e+00
9.1900e+01   9.68175815e+00
9.2000e+01   9.61562688e+00
9.2100e+01   9.54967183e+00
9.2200e+01   9.48389296e+00
9.2300e+01   9.41828861e+00
9.2400e+01   9.35286252e+00
9.2500e+01   9.28761076e+00
9.2600e+01   9.22253752e+00
9.2700e+01   9.15764082e+00
9.2800e+01   9.09292168e+00
9.2900e+01   9.02838248e+00
9.3000e+01   8.96402075e+00
9.3100e+01   8.89984167e+00
9.3200e+01   8.83584260e+00
9.3300e+01   8.77202759e+00
9.3400e+01   8.70839766e+00
9.3500e+01   8.64495322e+00
9.3600e+01   8.58169965e+00
9.3700e+01   8.51863526e+00
9.3800e+01   8.45576667e+00
9.3900e+01   8.39309412e+00
9.4000e+01   8.33062171e+00
9.4100e+01   8.26835428e+00
9.4200e+01   8.20629266e+00
9.4300e+01   8.14444506e+00
9.4400e+01   8.08281201e+00
9.4500e+01   8.02140121e+00
9.4600e+01   7.96021674e+00
9.4700e+01   7.89926299e+00
9.4800e+01   7.83854860e+00
9.4900e+01   7.77807570e+00
9.5000e+01   7.71785466e+00
9.5100e+01   7.65788917e+00
9.5200e+01   7.59818744e+00
9.5300e+01   7.53875758e+00
9.5400e+01   7.47960444e+00
9.5500e+01   7.42073969e+00
9.5600e+01   7.36216738e+00
9.5700e+01   7.30389897e+00
9.5800e+01   7.24594156e+00
9.5900e+01   7.18830330e+00
9.6000e+01   7.13099567e+00
9.6100e+01   7.07402407e+00
9.6200e+01   7.01740184e+00
9.6300e+01   6.96113523e+00
9.6400e+01   6.90523545e+00
9.6500e+01   6.84971267e+00
9.6600e+01   6.79457433e+00
9.6700e+01   6.73983402e+00
9.6800e+01   6.68549765e+00
9.6900e+01   6.63157854e+00
9.7000e+01   6.57808493e+00
9.7100e+01   6.52502655e+00
9.7200e+01   6.47241557e+00
9.7300e+01   6.42025833e+00
9.7400e+01   6.36856868e+00
9.7500e+01   6.31735295e+00
9.7600e+01   6.26662271e+00
9.7700e+01   6.21638748e+00
9.7800e+01   6.16665460e+00
9.7900e+01   6.11743666e+00
9.8000e+01   6.06873862e+00
9.8100e+01   6.02057270e+00
9.8200e+01   5.97294531e+00
9.8300e+01   5.92586482e+00
9.8400e+01   5.87934099e+00
9.8500e+01   5.83337816e+00
9.8600e+01   5.78798760e+00
9.8700e+01   5.74317276e+00
9.8800e+01   5.69894253e+00
9.8900e+01   5.65530283e+00
9.9000e+01   5.61225793e+00
9.9100e+01   5.56981653e+00
9.9200e+01   5.52797981e+00
9.9300e+01   5.48675607e+00
9.9400e+01   5.44614715e+00
9.9500e+01   5.40615742e+00
9.9600e+01   5.36679167e+00
9.9700e+01   5.32804973e+00
9.9800e+01   5.28993792e+00
9.9900e+01   5.25245450e+00
1.0000e+02   5.21560350e+00
1.0010e+02   5.17938519e+00
1.0020e+02   5.14379883e+00
1.0030e+02   5.10884738e+00
1.0040e+02   5.07452658e+00
1.0050e+02   5.04083921e+00
1.0060e+02   5.00778122e+00
1.0070e+02   4.97535164e+00
1.0080e+02   4.94354916e+00
1.0090e+02   4.91236822e+00
1.0100e+02   4.88180927e+00
1.0110e+02   4.85186483e+00
1.0120e+02   4.82253351e+00
1.0130e+02   4.79380961e+00
1.0140e+02   4.76568723e+00
1.0150e+02   4.73816354e+00
1.0160e+02   4.71122905e+00
1.0170e+02   4.68488131e+00
1.0180e+02   4.65911085e+00
1.0190e+02   4.63391201e+00
1.0200e+02   4.60927821e+00
1.0210e+02   4.58519941e+00
1.0220e+02   4.56167131e+00
1.0230e+02   4.53868198e+00
1.0240e+02   4.51622599e+00
1.0250e+02   4.49429322e+00
1.0260e+02   4.47287431e+00
1.0270e+02   4.45196244e+00
1.0280e+02   4.43154486e+00
1.0290e+02   4.41161592e+00
1.0300e+02   4.39216294e+00
1.0310e+02   4.37317785e+00
1.0320e+02   4.35465114e+00
1.0330e+02   4.33657083e+00
1.0340e+02   4.31893038e+00
1.0350e+02   4.30171606e+00
1.0360e+02   4.28492108e+00
1.0370e+02   4.26853368e+00
1.0380e+02   4.25254384e+00
1.0390e+02   4.23694357e+00
1.0400e+02   4.22171976e+00
1.0410e+02   4.20686641e+00
1.0420e+02   4.19237058e+00
1.0430e+02   4.17822466e+00
1.0440e+02   4.16441911e+00
1.0450e+02   4.15094292e+00
1.0460e+02   4.13779011e+00
1.0470e+02   4.12494802e+00
1.0480e+02   4.11241121e+00
1.0490e+02   4.10016908e+00
1.0500e+02   4.08821354e+00
1.0510e+02   4.07653805e+00
1.0520e+02   4.06513170e+00
1.0530e+02   4.05399051e+00
1.0540e+02   4.04310370e+00
1.0550e+02   4.03246631e+00
1.0560e+02   4.02207099e+00
1.0570e+02   4.01190970e+00
1.0580e+02   4.00197899e+00
1.0590e+02   3.99226913e+00
1.0600e+02   3.98277774e+00
1.0610e+02   3.97349695e+00
1.0620e+02   3.96442214e+00
1.0630e+02   3.95554955e+00
1.0640e+02   3.94687172e+00
1.0650e+02   3.93838781e+00
1.0660e+02   3.93009019e+00
1.0670e+02   3.92197746e+00
1.0680e+02   3.91404518e+00
1.0690e+02   3.90628898e+00
1.0700e+02   3.89870841e+00
1.0710e+02   3.89129711e+00
1.0720e+02   3.88405602e+00
1.0730e+02   3.87698025e+00
1.0740e+02   3.87006867e+00
1.0750e+02   3.86332032e+00
1.0760e+02   3.85673108e+00
1.0770e+02   3.85030300e+00
1.0780e+02   3.84403136e+00
1.0790e+02   3.83791785e+00
1.0800e+02   3.83196052e+00
1.0810e+02   3.82615809e+00
1.0820e+02   3.82051246e+00
1.0830e+02   3.81501997e+00
1.0840e+02   3.80968406e+00
1.0850e+02   3.80450200e+00
1.0860e+02   3.79947525e+00
1.0870e+02   3.79460464e+00
1.0880e+02   3.78988840e+00
1.0890e+02   3.78533035e+00
1.0900e+02   3.78092756e+00
1.0910e+02   3.77668362e+00
1.0920e+02   3.77259782e+00
1.0930e+02   3.76867069e+00
1.0940e+02   3.76490512e+00
1.0950e+02   3.76129881e+00
1.0960e+02   3.75785626e+00
1.0970e+02   3.75457543e+00
1.0980e+02   3.75145887e+00
1.0990e+02   3.74850767e+00
1.1000e+02   3.74572082e+00
1.1010e+02   3.74310228e+00
1.1020e+02   3.74064931e+00
1.1030e+02   3.73836567e+00
1.1040e+02   3.73625023e+00
1.1050e+02   3.73430356e+00
1.1060e+02   3.73252780e+00
1.1070e+02   3.73092025e+00
1.1080e+02   3.72948463e+00
1.1090e+02   3.72821783e+00
1.1100e+02   3.72712166e+00
1.1110e+02   3.72619563e+00
1.1120e+02   3.72543772e+00
1.1130e+02   3.72485019e+00
1.1140e+02   3.72442871e+00
1.1150e+02   3.72417541e+00
1.1160e+02   3.72408701e+00
1.1170e+02   3.72416242e+00
1.1180e+02   3.72440135e+00
1.1190e+02   3.72479910e+00
1.1200e+02   3.72535700e+00
1.1210e+02   3.72606947e+00
1.1220e+02   3.72693608e+00
1.1230e+02   3.72795348e+00
1.1240e+02   3.72911741e+00
1.1250e+02   3.73042726e+00
1.1260e+02   3.73187616e+00
1.1270e+02   3.73346369e+00
1.1280e+02   3.73518366e+00
1.1290e+02   3.73703270e+00
1.1300e+02   3.73900760e+00
1.1310e+02   3.74110137e+00
1.1320e+02   3.74331277e+00
1.1330e+02   3.74563374e+00
1.1340e+02   3.74806182e+00
1.1350e+02   3.75059112e+00
1.1360e+02   3.75321570e+00
1.1370e+02   3.75593277e+00
1.1380e+02   3.75873383e+00
1.1390e+02   3.76161695e+00
1.1400e+02   3.76457435e+00
1.1410e+02   3.76760178e+00
1.1420e+02   3.77069472e+00
1.1430e+02   3.77384570e+00
1.1440e+02   3.77705284e+00
1.1450e+02   3.78030777e+00
1.1460e+02   3.78360817e+00
1.1470e+02   3.78694812e+00
1.1480e+02   3.79032247e+00
1.1490e+02   3.79372894e+00
1.1500e+02   3.79716019e+00
1.1510e+02   3.80061560e+00
1.1520e+02   3.80408878e+00
1.1530e+02   3.80757761e+00
1.1540e+02   3.81107931e+00
1.1550e+02   3.81458908e+00
1.1560e+02   3.81810745e+00
1.1570e+02   3.82162890e+00
1.1580e+02   3.82515438e+00
1.1590e+02   3.82868096e+00
1.1600e+02   3.83220736e+00
1.1610e+02   3.83573471e+00
1.1620e+02   3.83925974e+00
1.1630e+02   3.84278590e+00
1.1640e+02   3.84631086e+00
1.1650e+02   3.84983712e+00
1.1660e+02   3.85336606e+00
1.1670e+02   3.85689772e+00
1.1680e+02   3.86043711e+00
1.1690e+02   3.86398341e+00
1.1700e+02   3.86754246e+00
1.1710e+02   3.87111580e+00
1.1720e+02   3.87470722e+00
1.1730e+02   3.87832229e+00
1.1740e+02   3.88196258e+00
1.1750e+02   3.88563611e+00
1.1760e+02   3.88934491e+00
1.1770e+02   3.89309617e+00
1.1780e+02   3.89689518e+00
1.1790e+02   3.90074641e+00
1.1800e+02   3.90465860e+00
1.1810e+02   3.90863475e+00
1.1820e+02   3.91268437e+00
1.1830e+02   3.91681208e+00
1.1840e+02   3.92102508e+00
1.1850e+02   3.92533146e+00
1.1860e+02   3.92973560e+00
1.1870e+02   3.93424775e+00
1.1880e+02   3.93887184e+00
1.1890e+02   3.94361702e+00
1.1900e+02   3.94848965e+00
1.1910e+02   3.95349561e+00
1.1920e+02   3.95864417e+00
1.1930e+02   3.96393884e+00
1.1940e+02   3.96938931e+00
1.1950e+02   3.97499973e+00
1.1960e+02   3.98077705e+00
1.1970e+02   3.98672812e+00
1.1980e+02   3.99285631e+00
1.1990e+02   3.99917017e+00
1.2000e+02   4.00567164e+00
1.2010e+02   4.01236783e+00
1.2020e+02   4.01926223e+00
1.2030e+02   4.02635812e+00
1.2040e+02   4.03366132e+00
1.2050e+02   4.04117195e+00
1.2060e+02   4.04889594e+00
1.2070e+02   4.05683315e+00
1.2080e+02   4.06498646e+00
1.2090e+02   4.07335779e+00
1.2100e+02   4.08194589e+00
1.2110e+02   4.09075409e+00
1.2120e+02   4.09977898e+00
1.2130e+02   4.10902234e+00
1.2140e+02   4.11848165e+00
1.2150e+02   4.12815464e+00
1.2160e+02   4.13804084e+00
1.2170e+02   4.14813434e+00
1.2180e+02   4.15843482e+00
1.2190e+02   4.16893560e+00
1.2200e+02   4.17963339e+00
1.2210e+02   4.19052329e+00
1.2220e+02   4.20159778e+00
1.2230e+02   4.21285348e+00
1.2240e+02   4.22428044e+00
1.2250e+02   4.23587406e+00
1.2260e+02   4.24762508e+00
1.2270e+02   4.25952516e+00
1.2280e+02   4.27156721e+00
1.2290e+02   4.28373931e+00
1.2300e+02   4.29603503e+00
1.2310e+02   4.30844162e+00
1.2320e+02   4.32095033e+00
1.2330e+02   4.33355036e+00
1.2340e+02   4.34622913e+00
1.2350e+02   4.35897796e+00
1.2360e+02   4.37178204e+00
1.2370e+02   4.38463228e+00
1.2380e+02   4.39751482e+00
1.2390e+02   4.41041758e+00
1.2400e+02   4.42332944e+00
1.2410e+02   4.43623521e+00
1.2420e+02   4.44912535e+00
1.2430e+02   4.46198421e+00
1.2440e+02   4.47480087e+00
1.2450e+02   4.48756215e+00
1.2460e+02   4.50025408e+00
1.2470e+02   4.51286642e+00
1.2480e+02   4.52538346e+00
1.2490e+02   4.53779561e+00
1.2500e+02   4.55008856e+00
1.2510e+02   4.56225068e+00
1.2520e+02   4.57427106e+00
1.2530e+02   4.58613563e+00
1.2540e+02   4.59783598e+00
1.2550e+02   4.60935801e+00
1.2560e+02   4.62069294e+00
1.2570e+02   4.63182958e+00
1.2580e+02   4.64275688e+00
1.2590e+02   4.65346729e+00
1.2600e+02   4.66394844e+00
1.2610e+02   4.67419434e+00
1.2620e+02   4.68419429e+00
1.2630e+02   4.69394101e+00
1.2640e+02   4.70342765e+00
1.2650e+02   4.71264492e+00
1.2660e+02   4.72158913e+00
1.2670e+02   4.73025110e+00
1.2680e+02   4.73862746e+00
1.2690e+02   4.74671209e+00
1.2700e+02   4.75449978e+00
1.2710e+02   4.76198841e+00
1.2720e+02   4.76917154e+00
1.2730e+02   4.77604914e+00
1.2740e+02   4.78261633e+00
1.2750e+02   4.78887224e+00
1.2760e+02   4.79481587e+00
1.2770e+02   4.80044445e+00
1.2780e+02   4.80576042e+00
1.2790e+02   4.81076091e+00
1.2800e+02   4.81544909e+00
1.2810e+02   4.81982491e+00
1.2820e+02   4.82388985e+00
1.2830e+02   4.82764792e+00
1.2840e+02   4.83109917e+00
1.2850e+02   4.83424993e+00
1.2860e+02   4.83710149e+00
1.2870e+02   4.83965955e+00
1.2880e+02   4.84192909e+00
1.2890e+02   4.84391383e+00
1.2900e+02   4.84562225e+00
1.2910e+02   4.84705766e+00
1.2920e+02   4.84822946e+00
1.2930e+02   4.84914345e+00
1.2940e+02   4.84980742e+00
1.2950e+02   4.85023108e+00
1.2960e+02   4.85042058e+00
1.2970e+02   4.85038811e+00
1.2980e+02   4.85014067e+00
1.2990e+02   4.84968997e+00
1.3000e+02   4.84904642e+00
1.3010e+02   4.84821969e+00
1.3020e+02   4.84722369e+00
1.3030e+02   4.84606733e+00
1.3040e+02   4.84476564e+00
1.3050e+02   4.84332960e+00
1.3060e+02   4.84177268e+00
1.3070e+02   4.84010961e+00
1.3080e+02   4.83835197e+00
1.3090e+02   4.83651706e+00
1.3100e+02   4.83461683e+00
1.3110e+02   4.83266820e+00
1.3120e+02   4.83068617e+00
1.3130e+02   4.82868546e+00
1.3140e+02   4.82668446e+00
1.3150e+02   4.82469666e+00
1.3160e+02   4.82274157e+00
1.3170e+02   4.82083422e+00
1.3180e+02   4.81899247e+00
1.3190e+02   4.81723468e+00
1.3200e+02   4.81557638e+00
1.3210e+02   4.81403832e+00
1.3220e+02   4.81263571e+00
1.3230e+02   4.81138878e+00
1.3240e+02   4.81031507e+00
1.3250e+02   4.80943219e+00
1.3260e+02   4.80876061e+00
1.3270e+02   4.80831591e+00
1.3280e+02   4.80811935e+00
1.3290e+02   4.80818712e+00
1.3300e+02   4.80853832e+00
1.3310e+02   4.80919167e+00
1.3320e+02   4.81016312e+00
1.3330e+02   4.81147312e+00
1.3340e+02   4.81313622e+00
1.3350e+02   4.81517173e+00
1.3360e+02   4.81759536e+00
1.3370e+02   4.82042297e+00
1.3380e+02   4.82367220e+00
1.3390e+02   4.82735570e+00
1.3400e+02   4.83149108e+00
1.3410e+02   4.83609017e+00
1.3420e+02   4.84116757e+00
1.3430e+02   4.84673633e+00
1.3440e+02   4.85280669e+00
1.3450e+02   4.85939238e+00
1.3460e+02   4.86650073e+00
1.3470e+02   4.87414340e+00
1.3480e+02   4.88232737e+00
1.3490e+02   4.89105971e+00
1.3500e+02   4.90034810e+00
1.3510e+02   4.91019497e+00
1.3520e+02   4.92060698e+00
1.3530e+02   4.93158424e+00
1.3540e+02   4.94312941e+00
1.3550e+02   4.95524248e+00
1.3560e+02   4.96792065e+00
1.3570e+02   4.98116362e+00
1.3580e+02   4.99496437e+00
1.3590e+02   5.00931982e+00
1.3600e+02   5.02422143e+00
1.3610e+02   5.03966083e+00
1.3620e+02   5.05562938e+00
1.3630e+02   5.07211326e+00
1.3640e+02   5.08910245e+00
1.3650e+02   5.10658004e+00
1.3660e+02   5.12453190e+00
1.3670e+02   5.14294059e+00
1.3680e+02   5.16178635e+00
1.3690e+02   5.18105157e+00
1.3700e+02   5.20071220e+00
1.3710e+02   5.22074835e+00
1.3720e+02   5.24113459e+00
1.3730e+02   5.26184646e+00
1.3740e+02   5.28285908e+00
1.3750e+02   5.30414328e+00
1.3760e+02   5.32567399e+00
1.3770e+02   5.34741981e+00
1.3780e+02   5.36935310e+00
1.3790e+02   5.39144315e+00
1.3800e+02   5.41365834e+00
1.3810e+02   5.43596958e+00
1.3820e+02   5.45834254e+00
1.3830e+02   5.48074810e+00
1.3840e+02   5.50315235e+00
1.3850e+02   5.52552398e+00
1.3860e+02   5.54783182e+00
1.3870e+02   5.57004213e+00
1.3880e+02   5.59212621e+00
1.3890e+02   5.61405031e+00
1.3900e+02   5.63578597e+00
1.3910e+02   5.65730254e+00
1.3920e+02   5.67857030e+00
1.3930e+02   5.69956287e+00
1.3940e+02   5.72025027e+00
1.3950e+02   5.74060898e+00
1.3960e+02   5.76061175e+00
1.3970e+02   5.78023558e+00
1.3980e+02   5.79945833e+00
1.3990e+02   5.81825696e+00
1.4000e+02   5.83661425e+00
1.4010e+02   5.85450910e+00
1.4020e+02   5.87192691e+00
1.4030e+02   5.88885140e+00
1.4040e+02   5.90526866e+00
1.4050e+02   5.92116840e+00
1.4060e+02   5.93653781e+00
1.4070e+02   5.95137108e+00
1.4080e+02   5.96565904e+00
1.4090e+02   5.97939767e+00
1.4100e+02   5.99258364e+00
1.4110e+02   6.00521351e+00
1.4120e+02   6.01728951e+00
1.4130e+02   6.02881021e+00
1.4140e+02   6.03978084e+00
1.4150e+02   6.05020450e+00
1.4160e+02   6.06008699e+00
1.4170e+02   6.06943698e+00
1.4180e+02   6.07826070e+00
1.4190e+02   6.08657077e+00
1.4200e+02   6.09437589e+00
1.4210e+02   6.10168968e+00
1.4220e+02   6.10852537e+00
1.4230e+02   6.11489589e+00
1.4240e+02   6.12081873e+00
1.4250e+02   6.12630710e+00
1.4260e+02   6.13138015e+00
1.4270e+02   6.13605371e+00
1.4280e+02   6.14034590e+00
1.4290e+02   6.14427628e+00
1.4300e+02   6.14786143e+00
1.4310e+02   6.15112319e+00
1.4320e+02   6.15407846e+00
1.4330e+02   6.15674839e+00
1.4340e+02   6.15915230e+00
1.4350e+02   6.16130882e+00
1.4360e+02   6.16323973e+00
1.4370e+02   6.16496186e+00
1.4380e+02   6.16649710e+00
1.4390e+02   6.16786287e+00
1.4400e+02   6.16907847e+00
1.4410e+02   6.17016334e+00
1.4420e+02   6.17113357e+00
1.4430e+02   6.17200956e+00
1.4440e+02   6.17280598e+00
1.4450e+02   6.17354144e+00
1.4460e+02   6.17423159e+00
1.4470e+02   6.17489135e+00
1.4480e+02   6.17553778e+00
1.4490e+02   6.17618281e+00
1.4500e+02   6.17684294e+00
1.4510e+02   6.17752956e+00
1.4520e+02   6.17825605e+00
1.4530e+02   6.17903508e+00
1.4540e+02   6.17987617e+00
1.4550e+02   6.18079263e+00
1.4560e+02   6.18179193e+00
1.4570e+02   6.18288554e+00
1.4580e+02   6.18408143e+00
1.4590e+02   6.18538734e+00
1.4600e+02   6.18681261e+00
1.4610e+02   6.18836178e+00
1.4620e+02   6.19004395e+00
1.4630e+02   6.19186297e+00
1.4640e+02   6.19382522e+00
1.4650e+02   6.19593595e+00
1.4660e+02   6.19819793e+00
1.4670e+02   6.20061757e+00
1.4680e+02   6.20319573e+00
1.4690e+02   6.20593763e+00
1.4700e+02   6.20884491e+00
1.4710e+02   6.21191967e+00
1.4720e+02   6.21516545e+00
1.4730e+02   6.21858156e+00
1.4740e+02   6.22217208e+00
1.4750e+02   6.22593599e+00
1.4760e+02   6.22987543e+00
1.4770e+02   6.23399127e+00
1.4780e+02   6.23828267e+00
1.4790e+02   6.24275236e+00
1.4800e+02   6.24739796e+00
1.4810e+02   6.25222191e+00
1.4820e+02   6.25722293e+00
1.4830e+02   6.26240103e+00
1.4840e+02   6.26775739e+00
1.4850e+02   6.27328962e+00
1.4860e+02   6.27900018e+00
1.4870e+02   6.28488653e+00
1.4880e+02   6.29094988e+00
1.4890e+02   6.29718984e+00
1.4900e+02   6.30360503e+00
1.4910e+02   6.31019738e+00
1.4920e+02   6.31696404e+00
1.4930e+02   6.32390718e+00
1.4940e+02   6.33102503e+00
1.4950e+02   6.33831768e+00
1.4960e+02   6.34578592e+00
1.4970e+02   6.35342745e+00
1.4980e+02   6.36124461e+00
1.4990e+02   6.36923474e+00
1.5000e+02   6.37739915e+00
1.5010e+02   6.38573713e+00
1.5020e+02   6.39424738e+00
1.5030e+02   6.40293148e+00
1.5040e+02   6.41178639e+00
1.5050e+02   6.42081400e+00
1.5060e+02   6.43001193e+00
1.5070e+02   6.43938000e+00
1.5080e+02   6.44891812e+00
1.5090e+02   6.45862346e+00
1.5100e+02   6.46849744e+00
1.5110e+02   6.47853638e+00
1.5120e+02   6.48874075e+00
1.5130e+02   6.49910839e+00
1.5140e+02   6.50963704e+00
1.5150e+02   6.52032671e+00
1.5160e+02   6.53117299e+00
1.5170e+02   6.54217633e+00
1.5180e+02   6.55333259e+00
1.5190e+02   6.56464017e+00
1.5200e+02   6.57609705e+00
1.5210e+02   6.58769886e+00
1.5220e+02   6.59944518e+00
1.5230e+02   6.61133052e+00
1.5240e+02   6.62335371e+00
1.5250e+02   6.63551063e+00
1.5260e+02   6.64779747e+00
1.5270e+02   6.66021233e+00
1.5280e+02   6.67274922e+00
1.5290e+02   6.68540691e+00
1.5300e+02   6.69817952e+00
1.5310e+02   6.71106407e+00
1.5320e+02   6.72405676e+00
1.5330e+02   6.73715189e+00
1.5340e+02   6.75034747e+00
1.5350e+02   6.76363651e+00
1.5360e+02   6.77701655e+00
1.5370e+02   6.79048176e+00
1.5380e+02   6.80402717e+00
1.5390e+02   6.81764913e+00
1.5400e+02   6.83134022e+00
1.5410e+02   6.84509761e+00
1.5420e+02   6.85891358e+00
1.5430e+02   6.87278352e+00
1.5440e+02   6.88670142e+00
1.5450e+02   6.90065967e+00
1.5460e+02   6.91465379e+00
1.5470e+02   6.92867428e+00
1.5480e+02   6.94271601e+00
1.5490e+02   6.95676991e+00
1.5500e+02   6.97082791e+00
1.5510e+02   6.98488253e+00
1.5520e+02   6.99892257e+00
1.5530e+02   7.01294089e+00
1.5540e+02   7.02692506e+00
1.5550e+02   7.04086575e+00
1.5560e+02   7.05475137e+00
1.5570e+02   7.06856892e+00
1.5580e+02   7.08230781e+00
1.5590e+02   7.09595225e+00
1.5600e+02   7.10949061e+00
1.5610e+02   7.12290673e+00
1.5620e+02   7.13618563e+00
1.5630e+02   7.14931224e+00
1.5640e+02   7.16226791e+00
1.5650e+02   7.17503777e+00
1.5660e+02   7.18760146e+00
1.5670e+02   7.19994197e+00
1.5680e+02   7.21203959e+00
1.5690e+02   7.22387372e+00
1.5700e+02   7.23542586e+00
1.5710e+02   7.24667278e+00
1.5720e+02   7.25759558e+00
1.5730e+02   7.26817092e+00
1.5740e+02   7.27837741e+00
1.5750e+02   7.28819351e+00
1.5760e+02   7.29759505e+00
1.5770e+02   7.30656187e+00
1.5780e+02   7.31506901e+00
1.5790e+02   7.32309571e+00
1.5800e+02   7.33061883e+00
1.5810e+02   7.33761560e+00
1.5820e+02   7.34406572e+00
1.5830e+02   7.34994528e+00
1.5840e+02   7.35523556e+00
1.5850e+02   7.35991409e+00
1.5860e+02   7.36396171e+00
1.5870e+02   7.36735955e+00
1.5880e+02   7.37008752e+00
1.5890e+02   7.37213024e+00
1.5900e+02   7.37346853e+00
1.5910e+02   7.37408855e+00
1.5920e+02   7.37397464e+00
1.5930e+02   7.37311289e+00
1.5940e+02   7.37149231e+00
1.5950e+02   7.36909942e+00
1.5960e+02   7.36592665e+00
1.5970e+02   7.36196331e+00
1.5980e+02   7.35720305e+00
1.5990e+02   7.35163999e+00
1.6000e+02   7.34526809e+00
1.6010e+02   7.33808618e+00
1.6020e+02   7.33008987e+00
1.6030e+02   7.32128060e+00
1.6040e+02   7.31165798e+00
1.6050e+02   7.30122402e+00
1.6060e+02   7.28998336e+00
1.6070e+02   7.27793857e+00
1.6080e+02   7.26509798e+00
1.6090e+02   7.25146663e+00
1.6100e+02   7.23705403e+00
1.6110e+02   7.22186954e+00
1.6120e+02   7.20592247e+00
1.6130e+02   7.18922632e+00
1.6140e+02   7.17179108e+00
1.6150e+02   7.15363217e+00
1.6160e+02   7.13476233e+00
1.6170e+02   7.11519657e+00
1.6180e+02   7.09495141e+00
1.6190e+02   7.07404098e+00
1.6200e+02   7.05248431e+00
1.6210e+02   7.03029631e+00
1.6220e+02   7.00749591e+00
1.6230e+02   6.98410064e+00
1.6240e+02   6.96012768e+00
1.6250e+02   6.93559724e+00
1.6260e+02   6.91052539e+00
1.6270e+02   6.88493292e+00
1.6280e+02   6.85883689e+00
1.6290e+02   6.83225631e+00
1.6300e+02   6.80521050e+00
1.6310e+02   6.77771609e+00
1.6320e+02   6.74979374e+00
1.6330e+02   6.72145935e+00
1.6340e+02   6.69273249e+00
1.6350e+02   6.66363043e+00
1.6360e+02   6.63417002e+00
1.6370e+02   6.60437032e+00
1.6380e+02   6.57424610e+00
1.6390e+02   6.54381651e+00
1.6400e+02   6.51309647e+00
1.6410e+02   6.48210295e+00
1.6420e+02   6.45085267e+00
1.6430e+02   6.41935987e+00
1.6440e+02   6.38764249e+00
1.6450e+02   6.35571368e+00
1.6460e+02   6.32359045e+00
1.6470e+02   6.29128712e+00
1.6480e+02   6.25881813e+00
1.6490e+02   6.22619976e+00
1.6500e+02   6.19344435e+00
1.6510e+02   6.16056866e+00
1.6520e+02   6.12758513e+00
1.6530e+02   6.09450877e+00
1.6540e+02   6.06135393e+00
1.6550e+02   6.02813304e+00
1.6560e+02   5.99486200e+00
1.6570e+02   5.96155206e+00
1.6580e+02   5.92821853e+00
1.6590e+02   5.89487370e+00
1.6600e+02   5.86153044e+00
1.6610e+02   5.82820296e+00
1.6620e+02   5.79490179e+00
1.6630e+02   5.76164170e+00
1.6640e+02   5.72843290e+00
1.6650e+02   5.69528835e+00
1.6660e+02   5.66221979e+00
1.6670e+02   5.62923730e+00
1.6680e+02   5.59635394e+00
1.6690e+02   5.56357812e+00
1.6700e+02   5.53092224e+00
1.6710e+02   5.49839529e+00
1.6720e+02   5.46600712e+00
1.6730e+02   5.43376850e+00
1.6740e+02   5.40168686e+00
1.6750e+02   5.36977380e+00
1.6760e+02   5.33803649e+00
1.6770e+02   5.30648539e+00
1.6780e+02   5.27512971e+00
1.6790e+02   5.24397801e+00
1.6800e+02   5.21304213e+00
1.6810e+02   5.18233024e+00
1.6820e+02   5.15185562e+00
1.6830e+02   5.12162903e+00
1.6840e+02   5.09166393e+00
1.6850e+02   5.06197586e+00
1.6860e+02   5.03257922e+00
1.6870e+02   5.00349452e+00
1.6880e+02   4.97474008e+00
1.6890e+02   4.94634040e+00
1.6900e+02   4.91832116e+00
1.6910e+02   4.89071091e+00
1.6920e+02   4.86354457e+00
1.6930e+02   4.83685717e+00
1.6940e+02   4.81069280e+00
1.6950e+02   4.78509692e+00
1.6960e+02   4.76012250e+00
1.6970e+02   4.73582874e+00
1.6980e+02   4.71227888e+00
1.6990e+02   4.68954703e+00
1.7000e+02   4.66771018e+00
1.7010e+02   4.64685694e+00
1.7020e+02   4.62708191e+00
1.7030e+02   4.60848820e+00
1.7040e+02   4.59118996e+00
1.7050e+02   4.57530662e+00
1.7060e+02   4.56097128e+00
1.7070e+02   4.54832248e+00
1.7080e+02   4.53751043e+00
1.7090e+02   4.52869426e+00
1.7100e+02   4.52204003e+00
1.7110e+02   4.51772595e+00
1.7120e+02   4.51593369e+00
1.7130e+02   4.51685606e+00
1.7140e+02   4.52068949e+00
1.7150e+02   4.52763590e+00
1.7160e+02   4.53790262e+00
1.7170e+02   4.55169559e+00
1.7180e+02   4.56922537e+00
1.7190e+02   4.59069673e+00
1.7200e+02   4.61631317e+00
1.7210e+02   4.64627108e+00
1.7220e+02   4.68075620e+00
1.7230e+02   4.71994569e+00
1.7240e+02   4.76399741e+00
1.7250e+02   4.81305524e+00
1.7260e+02   4.86723883e+00
1.7270e+02   4.92664395e+00
1.7280e+02   4.99133973e+00
1.7290e+02   5.06136069e+00
1.7300e+02   5.13671098e+00
1.7310e+02   5.21735286e+00
1.7320e+02   5.30321096e+00
1.7330e+02   5.39416553e+00
1.7340e+02   5.49005001e+00
1.7350e+02   5.59065327e+00
1.7360e+02   5.69571086e+00
1.7370e+02   5.80491229e+00
1.7380e+02   5.91789327e+00
1.7390e+02   6.03424017e+00
1.7400e+02   6.15349044e+00
1.7410e+02   6.27513022e+00
1.7420e+02   6.39860341e+00
1.7430e+02   6.52330611e+00
1.7440e+02   6.64859771e+00
1.7450e+02   6.77380029e+00
1.7460e+02   6.89820422e+00
1.7470e+02   7.02107714e+00
1.7480e+02   7.14166325e+00
1.7490e+02   7.25919818e+00
1.7500e+02   7.37290833e+00
1.7510e+02   7.48202330e+00
1.7520e+02   7.58578238e+00
1.7530e+02   7.68343924e+00
1.7540e+02   7.77427622e+00
1.7550e+02   7.85760387e+00
1.7560e+02   7.93277632e+00
1.7570e+02   7.99919309e+00
1.7580e+02   8.05630754e+00
1.7590e+02   8.10363577e+00
1.7600e+02   8.14075610e+00
1.7610e+02   8.16732212e+00
1.7620e+02   8.18305888e+00
1.7630e+02   8.18777182e+00
1.7640e+02   8.18134707e+00
1.7650e+02   8.16375060e+00
1.7660e+02   8.13503441e+00
1.7670e+02   8.09532785e+00
1.7680e+02   8.04484406e+00
1.7690e+02   7.98387130e+00
1.7700e+02   7.91277186e+00
1.7710e+02   7.83197947e+00
1.7720e+02   7.74198858e+00
1.7730e+02   7.64335629e+00
1.7740e+02   7.53668785e+00
1.7750e+02   7.42263587e+00
1.7760e+02   7.30189024e+00
1.7770e+02   7.17516903e+00
1.7780e+02   7.04321601e+00
1.7790e+02   6.90678510e+00
1.7800e+02   6.76664080e+00
1.7810e+02   6.62354416e+00
1.7820e+02   6.47824864e+00
1.7830e+02   6.33149429e+00
1.7840e+02   6.18399639e+00
1.7850e+02   6.03644711e+00
1.7860e+02   5.88950208e+00
1.7870e+02   5.74378243e+00
1.7880e+02   5.59986736e+00
1.7890e+02   5.45829029e+00
1.7900e+02   5.31954082e+00
1.7910e+02   5.18405565e+00
1.7920e+02   5.05222552e+00
1.7930e+02   4.92438787e+00
1.7940e+02   4.80083081e+00
1.7950e+02   4.68179402e+00
1.7960e+02   4.56746587e+00
1.7970e+02   4.45799216e+00
1.7980e+02   4.35347022e+00
1.7990e+02   4.25395841e+00
1.8000e+02   4.15947481e+00
1.8010e+02   4.07000044e+00
1.8020e+02   3.98548626e+00
1.8030e+02   3.90584965e+00
1.8040e+02   3.83098589e+00
1.8050e+02   3.76076427e+00
1.8060e+02   3.69503592e+00
1.8070e+02   3.63363646e+00
1.8080e+02   3.57638567e+00
1.8090e+02   3.52309700e+00
1.8100e+02   3.47357239e+00
1.8110e+02   3.42761217e+00
1.8120e+02   3.38501264e+00
1.8130e+02   3.34556918e+00
1.8140e+02   3.30908125e+00
1.8150e+02   3.27534771e+00
1.8160e+02   3.24417625e+00
1.8170e+02   3.21537706e+00
1.8180e+02   3.18876900e+00
1.8190e+02   3.16417900e+00
1.8200e+02   3.14143998e+00
1.8210e+02   3.12039741e+00
1.8220e+02   3.10090170e+00
1.8230e+02   3.08281598e+00
1.8240e+02   3.06601075e+00
1.8250e+02   3.05036553e+00
1.8260e+02   3.03577105e+00
1.8270e+02   3.02212317e+00
1.8280e+02   3.00933034e+00
1.8290e+02   2.99730552e+00
1.8300e+02   2.98597142e+00
1.8310e+02   2.97525797e+00
1.8320e+02   2.96509988e+00
1.8330e+02   2.95544173e+00
1.8340e+02   2.94622986e+00
1.8350e+02   2.93741970e+00
1.8360e+02   2.92896941e+00
1.8370e+02   2.92084198e+00
1.8380e+02   2.91300631e+00
1.8390e+02   2.90543171e+00
1.8400e+02   2.89809495e+00
1.8410e+02   2.89097211e+00
1.8420e+02   2.88404441e+00
1.8430e+02   2.87729504e+00
1.8440e+02   2.87070773e+00
1.8450e+02   2.86427138e+00
1.8460e+02   2.85797254e+00
1.8470e+02   2.85180301e+00
1.8480e+02   2.84575336e+00
1.8490e+02   2.83981593e+00
1.8500e+02   2.83398548e+00
1.8510e+02   2.82825449e+00
1.8520e+02   2.82262021e+00
1.8530e+02   2.81707668e+00
1.8540e+02   2.81162117e+00
1.8550e+02   2.80625061e+00
1.8560e+02   2.80096110e+00
1.8570e+02   2.79575206e+00
1.8580e+02   2.79061925e+00
1.8590e+02   2.78556262e+00
1.8600e+02   2.78057945e+00
1.8610e+02   2.77566829e+00
1.8620e+02   2.77082884e+00
1.8630e+02   2.76605812e+00
1.8640e+02   2.76135715e+00
1.8650e+02   2.75672309e+00
1.8660e+02   2.75215618e+00
1.8670e+02   2.74765548e+00
1.8680e+02   2.74321927e+00
1.8690e+02   2.73884855e+00
1.8700e+02   2.73454057e+00
1.8710e+02   2.73029656e+00
1.8720e+02   2.72611468e+00
1.8730e+02   2.72199457e+00
1.8740e+02   2.71793646e+00
1.8750e+02   2.71393813e+00
1.8760e+02   2.71000111e+00
1.8770e+02   2.70612294e+00
1.8780e+02   2.70230438e+00
1.8790e+02   2.69854461e+00
1.8800e+02   2.69484238e+00
1.8810e+02   2.69119879e+00
1.8820e+02   2.68761131e+00
1.8830e+02   2.68408142e+00
1.8840e+02   2.68060726e+00
1.8850e+02   2.67718877e+00
1.8860e+02   2.67382611e+00
1.8870e+02   2.67051729e+00
1.8880e+02   2.66726385e+00
1.8890e+02   2.66406334e+00
1.8900e+02   2.66091674e+00
1.8910e+02   2.65782304e+00
1.8920e+02   2.65478128e+00
1.8930e+02   2.65179241e+00
1.8940e+02   2.64885400e+00
1.8950e+02   2.64596760e+00
1.8960e+02   2.64313125e+00
1.8970e+02   2.64034509e+00
1.8980e+02   2.63760910e+00
1.8990e+02   2.63492148e+00
1.9000e+02   2.63228369e+00
1.9010e+02   2.62969327e+00
1.9020e+02   2.62715134e+00
1.9030e+02   2.62465673e+00
1.9040e+02   2.62220867e+00
1.9050e+02   2.61980798e+00
1.9060e+02   2.61745231e+00
1.9070e+02   2.61514324e+00
1.9080e+02   2.61287871e+00
1.9090e+02   2.61065906e+00
1.9100e+02   2.60848408e+00
1.9110e+02   2.60635213e+00
1.9120e+02   2.60426462e+00
1.9130e+02   2.60221908e+00
1.9140e+02   2.60021675e+00
1.9150e+02   2.59825630e+00
1.9160e+02   2.59633717e+00
1.9170e+02   2.59446003e+00
1.9180e+02   2.59262265e+00
1.9190e+02   2.59082662e+00
1.9200e+02   2.58906979e+00
1.9210e+02   2.58735271e+00
1.9220e+02   2.58567497e+00
1.9230e+02   2.58403514e+00
1.9240e+02   2.58243454e+00
1.9250e+02   2.58087072e+00
1.9260e+02   2.57934505e+00
1.9270e+02   2.57785605e+00
1.9280e+02   2.57640337e+00
1.9290e+02   2.57498754e+00
1.9300e+02   2.57360646e+00
1.9310e+02   2.57226174e+00
1.9320e+02   2.57095115e+00
1.9330e+02   2.56967545e+00
1.9340e+02   2.56843405e+00
1.9350e+02   2.56722573e+00
1.9360e+02   2.56605172e+00
1.9370e+02   2.56490963e+00
1.9380e+02   2.56380093e+00
1.9390e+02   2.56272401e+00
1.9400e+02   2.56167875e+00
1.9410e+02   2.56066554e+00
1.9420e+02   2.55968241e+00
1.9430e+02   2.55873099e+00
1.9440e+02   2.55780901e+00
1.9450e+02   2.55691741e+00
1.9460e+02   2.55605545e+00
1.9470e+02   2.55522211e+00
1.9480e+02   2.55441854e+00
1.9490e+02   2.55364243e+00
1.9500e+02   2.55289533e+00
1.9510e+02   2.55217552e+00
1.9520e+02   2.55148313e+00
1.9530e+02   2.55081836e+00
1.9540e+02   2.55017946e+00
1.9550e+02   2.54956800e+00
1.9560e+02   2.54898173e+00
1.9570e+02   2.54842174e+00
1.9580e+02   2.54788715e+00
1.9590e+02   2.54737718e+00
1.9600e+02   2.54689285e+00
1.9610e+02   2.54643196e+00
1.9620e+02   2.54599613e+00
1.9630e+02   2.54558357e+00
1.9640e+02   2.54519461e+00
1.9650e+02   2.54482931e+00
1.9660e+02   2.54448609e+00
1.9670e+02   2.54416651e+00
1.9680e+02   2.54386832e+00
1.9690e+02   2.54359277e+00
1.9700e+02   2.54333884e+00
1.9710e+02   2.54310599e+00
1.9720e+02   2.54289511e+00
1.9730e+02   2.54270412e+00
1.9740e+02   2.54253471e+00
1.9750e+02   2.54238500e+00
1.9760e+02   2.54225555e+00
1.9770e+02   2.54214625e+00
1.9780e+02   2.54205575e+00
1.9790e+02   2.54198554e+00
1.9800e+02   2.54193339e+00
1.9810e+02   2.54190073e+00
1.9820e+02   2.54188638e+00
1.9830e+02   2.54189004e+00
1.9840e+02   2.54191248e+00
1.9850e+02   2.54195175e+00
1.9860e+02   2.54200958e+00
1.9870e+02   2.54208404e+00
1.9880e+02   2.54217589e+00
1.9890e+02   2.54228488e+00
1.9900e+02   2.54240985e+00
1.9910e+02   2.54255224e+00
1.9920e+02   2.54270988e+00
1.9930e+02   2.54288430e+00
1.9940e+02   2.54307421e+00
1.9950e+02   2.54327955e+00
1.9960e+02   2.54350096e+00
1.9970e+02   2.54373663e+00
1.9980e+02   2.54398831e+00
1.9990e+02   2.54425403e+00
2.0000e+02   2.54453476e+00
2.0010e+02   2.54483007e+00
2.0020e+02   2.54513904e+00
2.0030e+02   2.54546302e+00
2.0040e+02   2.54579991e+00
2.0050e+02   2.54615135e+00
2.0060e+02   2.54651594e+00
2.0070e+02   2.54689383e+00
2.0080e+02   2.54728553e+00
2.0090e+02   2.54768938e+00
2.0100e+02   2.54810715e+00
2.0110e+02   2.54853683e+00
2.0120e+02   2.54897957e+00
2.0130e+02   2.54943478e+00
2.0140e+02   2.54990177e+00
2.0150e+02   2.55038178e+00
2.0160e+02   2.55087280e+00
2.0170e+02   2.55137654e+00
2.0180e+02   2.55189150e+00
2.0190e+02   2.55241805e+00
2.0200e+02   2.55295654e+00
2.0210e+02   2.55350549e+00
2.0220e+02   2.55406662e+00
2.0230e+02   2.55463792e+00
2.0240e+02   2.55522069e+00
2.0250e+02   2.55581419e+00
2.0260e+02   2.55641794e+00
2.0270e+02   2.55703305e+00
2.0280e+02   2.55765760e+00
2.0290e+02   2.55829337e+00
2.0300e+02   2.55893874e+00
2.0310e+02   2.55959430e+00
2.0320e+02   2.56026020e+00
2.0330e+02   2.56093515e+00
2.0340e+02   2.56162081e+00
2.0350e+02   2.56231516e+00
2.0360e+02   2.56301962e+00
2.0370e+02   2.56373330e+00
2.0380e+02   2.56445591e+00
2.0390e+02   2.56518844e+00
2.0400e+02   2.56592903e+00
2.0410e+02   2.56667950e+00
2.0420e+02   2.56743813e+00
2.0430e+02   2.56820567e+00
2.0440e+02   2.56898211e+00
2.0450e+02   2.56976631e+00
2.0460e+02   2.57055985e+00
2.0470e+02   2.57136069e+00
2.0480e+02   2.57217037e+00
2.0490e+02   2.57298783e+00
2.0500e+02   2.57381296e+00
2.0510e+02   2.57464657e+00
2.0520e+02   2.57548692e+00
2.0530e+02   2.57633580e+00
2.0540e+02   2.57719141e+00
2.0550e+02   2.57805465e+00
2.0560e+02   2.57892530e+00
2.0570e+02   2.57980239e+00
2.0580e+02   2.58068737e+00
2.0590e+02   2.58157823e+00
2.0600e+02   2.58247656e+00
2.0610e+02   2.58338114e+00
2.0620e+02   2.58429202e+00
2.0630e+02   2.58520985e+00
2.0640e+02   2.58613297e+00
2.0650e+02   2.58706313e+00
2.0660e+02   2.58799845e+00
2.0670e+02   2.58893995e+00
2.0680e+02   2.58988722e+00
2.0690e+02   2.59083945e+00
2.0700e+02   2.59179794e+00
2.0710e+02   2.59276070e+00
2.0720e+02   2.59372937e+00
2.0730e+02   2.59470256e+00
2.0740e+02   2.59568050e+00
2.0750e+02   2.59666362e+00
2.0760e+02   2.59765040e+00
2.0770e+02   2.59864250e+00
2.0780e+02   2.59963797e+00
2.0790e+02   2.60063798e+00
2.0800e+02   2.60164188e+00
2.0810e+02   2.60264904e+00
2.0820e+02   2.60366062e+00
2.0830e+02   2.60467465e+00
2.0840e+02   2.60569281e+00
2.0850e+02   2.60671355e+00
2.0860e+02   2.60773727e+00
2.0870e+02   2.60876422e+00
2.0880e+02   2.60979298e+00
2.0890e+02   2.61082516e+00
2.0900e+02   2.61185876e+00
2.0910e+02   2.61289504e+00
2.0920e+02   2.61393318e+00
2.0930e+02   2.61497274e+00
2.0940e+02   2.61601470e+00
2.0950e+02   2.61705718e+00
2.0960e+02   2.61810185e+00
2.0970e+02   2.61914707e+00
2.0980e+02   2.62019341e+00
2.0990e+02   2.62124092e+00
2.1000e+02   2.62228833e+00
2.1010e+02   2.62333719e+00
2.1020e+02   2.62438547e+00
2.1030e+02   2.62543456e+00
2.1040e+02   2.62648348e+00
2.1050e+02   2.62753196e+00
2.1060e+02   2.62858087e+00
2.1070e+02   2.62962839e+00
2.1080e+02   2.63067624e+00
2.1090e+02   2.63172270e+00
2.1100e+02   2.63276850e+00
2.1110e+02   2.63381352e+00
2.1120e+02   2.63485670e+00
2.1130e+02   2.63589950e+00
2.1140e+02   2.63693994e+00
2.1150e+02   2.63797949e+00
2.1160e+02   2.63901706e+00
2.1170e+02   2.64005261e+00
2.1180e+02   2.64108684e+00
2.1190e+02   2.64211811e+00
2.1200e+02   2.64314814e+00
2.1210e+02   2.64417515e+00
2.1220e+02   2.64520010e+00
2.1230e+02   2.64622270e+00
2.1240e+02   2.64724212e+00
2.1250e+02   2.64825973e+00
2.1260e+02   2.64927362e+00
2.1270e+02   2.65028541e+00
2.1280e+02   2.65129389e+00
2.1290e+02   2.65229924e+00
2.1300e+02   2.65330206e+00
2.1310e+02   2.65430087e+00
2.1320e+02   2.65529742e+00
2.1330e+02   2.65628992e+00
2.1340e+02   2.65727950e+00
2.1350e+02   2.65826580e+00
2.1360e+02   2.65924817e+00
2.1370e+02   2.66022794e+00
2.1380e+02   2.66120330e+00
2.1390e+02   2.66217597e+00
2.1400e+02   2.66314468e+00
2.1410e+02   2.66410984e+00
2.1420e+02   2.66507195e+00
2.1430e+02   2.66602970e+00
2.1440e+02   2.66698486e+00
2.1450e+02   2.66793566e+00
2.1460e+02   2.66888343e+00
2.1470e+02   2.66982766e+00
2.1480e+02   2.67076797e+00
2.1490e+02   2.67170562e+00
2.1500e+02   2.67263890e+00
2.1510e+02   2.67356962e+00
2.1520e+02   2.67449646e+00
2.1530e+02   2.67542007e+00
2.1540e+02   2.67634081e+00
2.1550e+02   2.67725757e+00
2.1560e+02   2.67817211e+00
2.1570e+02   2.67908270e+00
2.1580e+02   2.67999082e+00
2.1590e+02   2.68089584e+00
2.1600e+02   2.68179762e+00
2.1610e+02   2.68269731e+00
2.1620e+02   2.68359333e+00
2.1630e+02   2.68448755e+00
2.1640e+02   2.68537858e+00
2.1650e+02   2.68626728e+00
2.1660e+02   2.68715386e+00
2.1670e+02   2.68803741e+00
2.1680e+02   2.68891962e+00
2.1690e+02   2.68979879e+00
2.1700e+02   2.69067653e+00
2.1710e+02   2.69155209e+00
2.1720e+02   2.69242550e+00
2.1730e+02   2.69329780e+00
2.1740e+02   2.69416750e+00
2.1750e+02   2.69503649e+00
2.1760e+02   2.69590332e+00
2.1770e+02   2.69676898e+00
2.1780e+02   2.69763353e+00
2.1790e+02   2.69849621e+00
2.1800e+02   2.69935862e+00
2.1810e+02   2.70021907e+00
2.1820e+02   2.70107923e+00
2.1830e+02   2.70193819e+00
2.1840e+02   2.70279616e+00
2.1850e+02   2.70365398e+00
2.1860e+02   2.70451028e+00
2.1870e+02   2.70536688e+00
2.1880e+02   2.70622223e+00
2.1890e+02   2.70707746e+00
2.1900e+02   2.70793240e+00
2.1910e+02   2.70878643e+00
2.1920e+02   2.70964099e+00
2.1930e+02   2.71049439e+00
2.1940e+02   2.71134831e+00
2.1950e+02   2.71220166e+00
2.1960e+02   2.71305478e+00
2.1970e+02   2.71390829e+00
2.1980e+02   2.71476086e+00
2.1990e+02   2.71561425e+00
2.2000e+02   2.71646678e+00
2.2010e+02   2.71731965e+00
2.2020e+02   2.71817244e+00
2.2030e+02   2.71902465e+00
2.2040e+02   2.71987753e+00
2.2050e+02   2.72072934e+00
2.2060e+02   2.72158175e+00
2.2070e+02   2.72243347e+00
2.2080e+02   2.72328493e+00
2.2090e+02   2.72413650e+00
2.2100e+02   2.72498690e+00
2.2110e+02   2.72583775e+00
2.2120e+02   2.72668725e+00
2.2130e+02   2.72753663e+00
2.2140e+02   2.72838524e+00
2.2150e+02   2.72923265e+00
2.2160e+02   2.73007988e+00
2.2170e+02   2.73092518e+00
2.2180e+02   2.73177016e+00
2.2190e+02   2.73261332e+00
2.2200e+02   2.73345516e+00
2.2210e+02   2.73429580e+00
2.2220e+02   2.73513401e+00
2.2230e+02   2.73597125e+00
2.2240e+02   2.73680561e+00
2.2250e+02   2.73763834e+00
2.2260e+02   2.73846853e+00
2.2270e+02   2.73929583e+00
2.2280e+02   2.74012106e+00
2.2290e+02   2.74094244e+00
2.2300e+02   2.74176151e+00
2.2310e+02   2.74257658e+00
2.2320e+02   2.74338825e+00
2.2330e+02   2.74419636e+00
2.2340e+02   2.74499976e+00
2.2350e+02   2.74579974e+00
2.2360e+02   2.74659431e+00
2.2370e+02   2.74738474e+00
2.2380e+02   2.74816989e+00
2.2390e+02   2.74894953e+00
2.2400e+02   2.74972424e+00
2.2410e+02   2.75049227e+00
2.2420e+02   2.75125508e+00
2.2430e+02   2.75201086e+00
2.2440e+02   2.75276027e+00
2.2450e+02   2.75350293e+00
2.2460e+02   2.75423779e+00
2.2470e+02   2.75496599e+00
2.2480e+02   2.75568551e+00
2.2490e+02   2.75639763e+00
2.2500e+02   2.75710105e+00
2.2510e+02   2.75779563e+00
2.2520e+02   2.75848179e+00
2.2530e+02   2.75915781e+00
2.2540e+02   2.75982513e+00
2.2550e+02   2.76048183e+00
2.2560e+02   2.76112867e+00
2.2570e+02   2.76176509e+00
2.2580e+02   2.76239016e+00
2.2590e+02   2.76300490e+00
2.2600e+02   2.76360730e+00
2.2610e+02   2.76419869e+00
2.2620e+02   2.76477762e+00
2.2630e+02   2.76534413e+00
2.2640e+02   2.76589844e+00
2.2650e+02   2.76643899e+00
2.2660e+02   2.76696714e+00
2.2670e+02   2.76748094e+00
2.2680e+02   2.76798128e+00
2.2690e+02   2.76846745e+00
2.2700e+02   2.76893869e+00
2.2710e+02   2.76939592e+00
2.2720e+02   2.76983720e+00
2.2730e+02   2.77026391e+00
2.2740e+02   2.77067451e+00
2.2750e+02   2.77106923e+00
2.2760e+02   2.77144816e+00
2.2770e+02   2.77180989e+00
2.2780e+02   2.77215577e+00
2.2790e+02   2.77248385e+00
2.2800e+02   2.77279518e+00
2.2810e+02   2.77308892e+00
2.2820e+02   2.77336453e+00
2.2830e+02   2.77362285e+00
2.2840e+02   2.77386205e+00
2.2850e+02   2.77408358e+00
2.2860e+02   2.77428586e+00
2.2870e+02   2.77446935e+00
2.2880e+02   2.77463401e+00
2.2890e+02   2.77477863e+00
2.2900e+02   2.77490457e+00
2.2910e+02   2.77500992e+00
2.2920e+02   2.77509591e+00
2.2930e+02   2.77516161e+00
2.2940e+02   2.77520673e+00
2.2950e+02   2.77523204e+00
2.2960e+02   2.77523588e+00
2.2970e+02   2.77521977e+00
2.2980e+02   2.77518214e+00
2.2990e+02   2.77512367e+00
2.3000e+02   2.77504425e+00
2.3010e+02   2.77494291e+00
2.3020e+02   2.77482100e+00
2.3030e+02   2.77467673e+00
2.3040e+02   2.77451149e+00
2.3050e+02   2.77432430e+00
2.3060e+02   2.77411515e+00
2.3070e+02   2.77388476e+00
2.3080e+02   2.77363165e+00
2.3090e+02   2.77335746e+00
2.3100e+02   2.77306064e+00
2.3110e+02   2.77274211e+00
2.3120e+02   2.77240172e+00
2.3130e+02   2.77203875e+00
2.3140e+02   2.77165456e+00
2.3150e+02   2.77124751e+00
2.3160e+02   2.77081915e+00
2.3170e+02   2.77036850e+00
2.3180e+02   2.76989583e+00
2.3190e+02   2.76940181e+00
2.3200e+02   2.76888520e+00
2.3210e+02   2.76834773e+00
2.3220e+02   2.76778791e+00
2.3230e+02   2.76720691e+00
2.3240e+02   2.76660452e+00
2.3250e+02   2.76598033e+00
2.3260e+02   2.76533570e+00
2.3270e+02   2.76466914e+00
2.3280e+02   2.76398238e+00
2.3290e+02   2.76327444e+00
2.3300e+02   2.76254588e+00
2.3310e+02   2.76179732e+00
2.3320e+02   2.76102776e+00
2.3330e+02   2.76023901e+00
2.3340e+02   2.75942966e+00
2.3350e+02   2.75860111e+00
2.3360e+02   2.75775312e+00
2.3370e+02   2.75688553e+00
2.3380e+02   2.75599972e+00
2.3390e+02   2.75509434e+00
2.3400e+02   2.75417129e+00
2.3410e+02   2.75322956e+00
2.3420e+02   2.75226999e+00
2.3430e+02   2.75129314e+00
2.3440e+02   2.75029824e+00
2.3450e+02   2.74928713e+00
2.3460e+02   2.74825847e+00
2.3470e+02   2.74721385e+00
2.3480e+02   2.74615297e+00
2.3490e+02   2.74507593e+00
2.3500e+02   2.74398403e+00
2.3510e+02   2.74287609e+00
2.3520e+02   2.74175406e+00
2.3530e+02   2.74061695e+00
2.3540e+02   2.73946577e+00
2.3550e+02   2.73830099e+00
2.3560e+02   2.73712202e+00
2.3570e+02   2.73593068e+00
2.3580e+02   2.73472565e+00
2.3590e+02   2.73350867e+00
2.3600e+02   2.73227930e+00
2.3610e+02   2.73103782e+00
2.3620e+02   2.72978544e+00
2.3630e+02   2.72852103e+00
2.3640e+02   2.72724658e+00
2.3650e+02   2.72596098e+00
2.3660e+02   2.72466541e+00
2.3670e+02   2.72336014e+00
2.3680e+02   2.72204470e+00
2.3690e+02   2.72072079e+00
2.3700e+02   2.71938708e+00
2.3710e+02   2.71804531e+00
2.3720e+02   2.71669488e+00
2.3730e+02   2.71533617e+00
2.3740e+02   2.71397015e+00
2.3750e+02   2.71259575e+00
2.3760e+02   2.71121485e+00
2.3770e+02   2.70982618e+00
2.3780e+02   2.70843096e+00
2.3790e+02   2.70702919e+00
2.3800e+02   2.70562046e+00
2.3810e+02   2.70420626e+00
2.3820e+02   2.70278513e+00
2.3830e+02   2.70135878e+00
2.3840e+02   2.69992631e+00
2.3850e+02   2.69848815e+00
2.3860e+02   2.69704496e+00
2.3870e+02   2.69559562e+00
2.3880e+02   2.69414182e+00
2.3890e+02   2.69268208e+00
2.3900e+02   2.69121757e+00
2.3910e+02   2.68974796e+00
2.3920e+02   2.68827281e+00
2.3930e+02   2.68679330e+00
2.3940e+02   2.68530785e+00
2.3950e+02   2.68381800e+00
2.3960e+02   2.68232255e+00
2.3970e+02   2.68082187e+00
2.3980e+02   2.67931628e+00
2.3990e+02   2.67780456e+00
2.4000e+02   2.67628815e+00
2.4010e+02   2.67476532e+00
2.4020e+02   2.67323713e+00
2.4030e+02   2.67170289e+00
2.4040e+02   2.67016211e+00
2.4050e+02   2.66861562e+00
2.4060e+02   2.66706168e+00
2.4070e+02   2.66550164e+00
2.4080e+02   2.66393398e+00
2.4090e+02   2.66235903e+00
2.4100e+02   2.66077670e+00
2.4110e+02   2.65918570e+00
2.4120e+02   2.65758720e+00
2.4130e+02   2.65597924e+00
2.4140e+02   2.65436276e+00
2.4150e+02   2.65273673e+00
2.4160e+02   2.65110060e+00
2.4170e+02   2.64945490e+00
2.4180e+02   2.64779775e+00
2.4190e+02   2.64613033e+00
2.4200e+02   2.64445084e+00
2.4210e+02   2.64275956e+00
2.4220e+02   2.64105609e+00
2.4230e+02   2.63933910e+00
2.4240e+02   2.63760950e+00
2.4250e+02   2.63586519e+00
2.4260e+02   2.63410704e+00
2.4270e+02   2.63233373e+00
2.4280e+02   2.63054473e+00
2.4290e+02   2.62874031e+00
2.4300e+02   2.62691853e+00
2.4310e+02   2.62508045e+00
2.4320e+02   2.62322411e+00
2.4330e+02   2.62134980e+00
2.4340e+02   2.61945687e+00
2.4350e+02   2.61754405e+00
2.4360e+02   2.61561209e+00
2.4370e+02   2.61365883e+00
2.4380e+02   2.61168513e+00
2.4390e+02   2.60968950e+00
2.4400e+02   2.60767154e+00
2.4410e+02   2.60563130e+00
2.4420e+02   2.60356694e+00
2.4430e+02   2.60147948e+00
2.4440e+02   2.59936686e+00
2.4450e+02   2.59722953e+00
2.4460e+02   2.59506667e+00
2.4470e+02   2.59287718e+00
2.4480e+02   2.59066173e+00
2.4490e+02   2.58841822e+00
2.4500e+02   2.58614761e+00
2.4510e+02   2.58384834e+00
2.4520e+02   2.58152021e+00
2.4530e+02   2.57916321e+00
2.4540e+02   2.57677566e+00
2.4550e+02   2.57435863e+00
2.4560e+02   2.57191012e+00
2.4570e+02   2.56943078e+00
2.4580e+02   2.56691975e+00
2.4590e+02   2.56437618e+00
2.4600e+02   2.56180076e+00
2.4610e+02   2.55919156e+00
2.4620e+02   2.55654972e+00
2.4630e+02   2.55387370e+00
2.4640e+02   2.55116361e+00
2.4650e+02   2.54841942e+00
2.4660e+02   2.54563976e+00
2.4670e+02   2.54282579e+00
2.4680e+02   2.53997567e+00
2.4690e+02   2.53709032e+00
2.4700e+02   2.53416891e+00
2.4710e+02   2.53121096e+00
2.4720e+02   2.52821721e+00
2.4730e+02   2.52518599e+00
2.4740e+02   2.52211867e+00
2.4750e+02   2.51901381e+00
2.4760e+02   2.51587188e+00
2.4770e+02   2.51269292e+00
2.4780e+02   2.50947589e+00
2.4790e+02   2.50622212e+00
2.4800e+02   2.50292997e+00
2.4810e+02   2.49960067e+00
2.4820e+02   2.49623350e+00
2.4830e+02   2.49282834e+00
2.4840e+02   2.48938605e+00
2.4850e+02   2.48590526e+00
2.4860e+02   2.48238758e+00
2.4870e+02   2.47883173e+00
2.4880e+02   2.47523855e+00
2.4890e+02   2.47160816e+00
2.4900e+02   2.46793990e+00
2.4910e+02   2.46423524e+00
2.4920e+02   2.46049279e+00
2.4930e+02   2.45671410e+00
2.4940e+02   2.45289854e+00
2.4950e+02   2.44904638e+00
2.4960e+02   2.44515858e+00
2.4970e+02   2.44123407e+00
2.4980e+02   2.43727468e+00
2.4990e+02   2.43327930e+00
2.5000e+02   2.42924911e+00
2.5010e+02   2.42518429e+00
2.5020e+02   2.42108453e+00
2.5030e+02   2.41695145e+00
2.5040e+02   2.41278384e+00
2.5050e+02   2.40858354e+00
2.5060e+02   2.40434999e+00
2.5070e+02   2.40008380e+00
2.5080e+02   2.39578598e+00
2.5090e+02   2.39145573e+00
2.5100e+02   2.38709505e+00
2.5110e+02   2.38270292e+00
2.5120e+02   2.37828082e+00
2.5130e+02   2.37382893e+00
2.5140e+02   2.36934724e+00
2.5150e+02   2.36483740e+00
2.5160e+02   2.36029839e+00
2.5170e+02   2.35573221e+00
2.5180e+02   2.35113831e+00
2.5190e+02   2.34651758e+00
2.5200e+02   2.34187097e+00
2.5210e+02   2.33719791e+00
2.5220e+02   2.33250043e+00
2.5230e+02   2.32777756e+00
2.5240e+02   2.32303098e+00
2.5250e+02   2.31826077e+00
2.5260e+02   2.31346714e+00
2.5270e+02   2.30865167e+00
2.5280e+02   2.30381345e+00
2.5290e+02   2.29895453e+00
2.5300e+02   2.29407429e+00
2.5310e+02   2.28917378e+00
2.5320e+02   2.28425382e+00
2.5330e+02   2.27931396e+00
2.5340e+02   2.27435616e+00
2.5350e+02   2.26937944e+00
2.5360e+02   2.26438552e+00
2.5370e+02   2.25937435e+00
2.5380e+02   2.25434624e+00
2.5390e+02   2.24930261e+00
2.5400e+02   2.24424255e+00
2.5410e+02   2.23916809e+00
2.5420e+02   2.23407846e+00
2.5430e+02   2.22897478e+00
2.5440e+02   2.22385764e+00
2.5450e+02   2.21872665e+00
2.5460e+02   2.21358362e+00
2.5470e+02   2.20842747e+00
2.5480e+02   2.20325992e+00
2.5490e+02   2.19808067e+00
2.5500e+02   2.19289010e+00
2.5510e+02   2.18768940e+00
2.5520e+02   2.18247764e+00
2.5530e+02   2.17725672e+00
2.5540e+02   2.17202569e+00
2.5550e+02   2.16678570e+00
2.5560e+02   2.16153708e+00
2.5570e+02   2.15627944e+00
2.5580e+02   2.15101441e+00
2.5590e+02   2.14574080e+00
2.5600e+02   2.14046029e+00
2.5610e+02   2.13517234e+00
2.5620e+02   2.12987737e+00
2.5630e+02   2.12457631e+00
2.5640e+02   2.11926821e+00
2.5650e+02   2.11395487e+00
2.5660e+02   2.10863516e+00
2.5670e+02   2.10331025e+00
2.5680e+02   2.09798021e+00
2.5690e+02   2.09264472e+00
2.5700e+02   2.08730522e+00
2.5710e+02   2.08196044e+00
2.5720e+02   2.07661204e+00
2.5730e+02   2.07125929e+00
2.5740e+02   2.06590268e+00
2.5750e+02   2.06054294e+00
2.5760e+02   2.05517915e+00
2.5770e+02   2.04981301e+00
2.5780e+02   2.04444331e+00
2.5790e+02   2.03907128e+00
2.5800e+02   2.03369680e+00
2.5810e+02   2.02831966e+00
2.5820e+02   2.02294117e+00
2.5830e+02   2.01756007e+00
2.5840e+02   2.01217804e+00
2.5850e+02   2.00679425e+00
2.5860e+02   2.00140930e+00
2.5870e+02   1.99602380e+00
2.5880e+02   1.99063694e+00
2.5890e+02   1.98525038e+00
2.5900e+02   1.97986290e+00
2.5910e+02   1.97447585e+00
2.5920e+02   1.96908901e+00
2.5930e+02   1.96370233e+00
2.5940e+02   1.95831705e+00
2.5950e+02   1.95293200e+00
2.5960e+02   1.94754895e+00
2.5970e+02   1.94216700e+00
2.5980e+02   1.93678696e+00
2.5990e+02   1.93140934e+00
2.6000e+02   1.92603351e+00
2.6010e+02   1.92066115e+00
2.6020e+02   1.91529106e+00
2.6030e+02   1.90992477e+00
2.6040e+02   1.90456198e+00
2.6050e+02   1.89920286e+00
2.6060e+02   1.89384861e+00
2.6070e+02   1.88849819e+00
2.6080e+02   1.88315344e+00
2.6090e+02   1.87781346e+00
2.6100e+02   1.87247928e+00
2.6110e+02   1.86715131e+00
2.6120e+02   1.86182912e+00
2.6130e+02   1.85651439e+00
2.6140e+02   1.85120600e+00
2.6150e+02   1.84590559e+00
2.6160e+02   1.84061281e+00
2.6170e+02   1.83532803e+00
2.6180e+02   1.83005237e+00
2.6190e+02   1.82478493e+00
2.6200e+02   1.81952760e+00
2.6210e+02   1.81427944e+00
2.6220e+02   1.80904164e+00
2.6230e+02   1.80381451e+00
2.6240e+02   1.79859777e+00
2.6250e+02   1.79339305e+00
2.6260e+02   1.78819925e+00
2.6270e+02   1.78301810e+00
2.6280e+02   1.77784912e+00
2.6290e+02   1.77269285e+00
2.6300e+02   1.76755026e+00
2.6310e+02   1.76242053e+00
2.6320e+02   1.75730551e+00
2.6330e+02   1.75220418e+00
2.6340e+02   1.74711783e+00
2.6350e+02   1.74204659e+00
2.6360e+02   1.73699027e+00
2.6370e+02   1.73195037e+00
2.6380e+02   1.72692575e+00
2.6390e+02   1.72191814e+00
2.6400e+02   1.71692688e+00
2.6410e+02   1.71195260e+00
2.6420e+02   1.70699603e+00
2.6430e+02   1.70205640e+00
2.6440e+02   1.69713542e+00
2.6450e+02   1.69223195e+00
2.6460e+02   1.68734728e+00
2.6470e+02   1.68248131e+00
2.6480e+02   1.67763389e+00
2.6490e+02   1.67280629e+00
2.6500e+02   1.66799732e+00
2.6510e+02   1.66320862e+00
2.6520e+02   1.65843933e+00
2.6530e+02   1.65369007e+00
2.6540e+02   1.64896134e+00
2.6550e+02   1.64425233e+00
2.6560e+02   1.63956459e+00
2.6570e+02   1.63489682e+00
2.6580e+02   1.63025029e+00
2.6590e+02   1.62562461e+00
2.6600e+02   1.62101966e+00
2.6610e+02   1.61643647e+00
2.6620e+02   1.61187377e+00
2.6630e+02   1.60733310e+00
2.6640e+02   1.60281338e+00
2.6650e+02   1.59831524e+00
2.6660e+02   1.59383891e+00
2.6670e+02   1.58938358e+00
2.6680e+02   1.58495062e+00
2.6690e+02   1.58053860e+00
2.6700e+02   1.57614876e+00
2.6710e+02   1.57178048e+00
2.6720e+02   1.56743367e+00
2.6730e+02   1.56310914e+00
2.6740e+02   1.55880559e+00
2.6750e+02   1.55452447e+00
2.6760e+02   1.55026454e+00
2.6770e+02   1.54602647e+00
2.6780e+02   1.54181027e+00
2.6790e+02   1.53761517e+00
2.6800e+02   1.53344242e+00
2.6810e+02   1.52929052e+00
2.6820e+02   1.52516073e+00
2.6830e+02   1.52105223e+00
2.6840e+02   1.51696507e+00
2.6850e+02   1.51289987e+00
2.6860e+02   1.50885537e+00
2.6870e+02   1.50483301e+00
2.6880e+02   1.50083143e+00
2.6890e+02   1.49685144e+00
2.6900e+02   1.49289287e+00
2.6910e+02   1.48895511e+00
2.6920e+02   1.48503929e+00
2.6930e+02   1.48114396e+00
2.6940e+02   1.47727044e+00
2.6950e+02   1.47341783e+00
2.6960e+02   1.46958633e+00
2.6970e+02   1.46577647e+00
2.6980e+02   1.46198711e+00
2.6990e+02   1.45821970e+00
2.7000e+02   1.45447289e+00
2.7010e+02   1.45074764e+00
2.7020e+02   1.44704370e+00
2.7030e+02   1.44336064e+00
2.7040e+02   1.43969957e+00
2.7050e+02   1.43605913e+00
2.7060e+02   1.43244074e+00
2.7070e+02   1.42884348e+00
2.7080e+02   1.42526776e+00
2.7090e+02   1.42171403e+00
2.7100e+02   1.41818135e+00
2.7110e+02   1.41467121e+00
2.7120e+02   1.41118229e+00
2.7130e+02   1.40771573e+00
2.7140e+02   1.40427124e+00
2.7150e+02   1.40084859e+00
2.7160e+02   1.39744889e+00
2.7170e+02   1.39407088e+00
2.7180e+02   1.39071611e+00
2.7190e+02   1.38738363e+00
2.7200e+02   1.38407406e+00
2.7210e+02   1.38078780e+00
2.7220e+02   1.37752409e+00
2.7230e+02   1.37428442e+00
2.7240e+02   1.37106755e+00
2.7250e+02   1.36787475e+00
2.7260e+02   1.36470567e+00
2.7270e+02   1.36156027e+00
2.7280e+02   1.35843961e+00
2.7290e+02   1.35534254e+00
2.7300e+02   1.35227066e+00
2.7310e+02   1.34922299e+00
2.7320e+02   1.34620031e+00
2.7330e+02   1.34320292e+00
2.7340e+02   1.34023019e+00
2.7350e+02   1.33728358e+00
2.7360e+02   1.33436185e+00
2.7370e+02   1.33146637e+00
2.7380e+02   1.32859665e+00
2.7390e+02   1.32575281e+00
2.7400e+02   1.32293577e+00
2.7410e+02   1.32014444e+00
2.7420e+02   1.31738040e+00
2.7430e+02   1.31464258e+00
2.7440e+02   1.31193185e+00
2.7450e+02   1.30924832e+00
2.7460e+02   1.30659146e+00
2.7470e+02   1.30396259e+00
2.7480e+02   1.30136042e+00
2.7490e+02   1.29878634e+00
2.7500e+02   1.29623965e+00
2.7510e+02   1.29372057e+00
2.7520e+02   1.29122978e+00
2.7530e+02   1.28876621e+00
2.7540e+02   1.28633133e+00
2.7550e+02   1.28392392e+00
2.7560e+02   1.28154486e+00
2.7570e+02   1.27919402e+00
2.7580e+02   1.27687088e+00
2.7590e+02   1.27457657e+00
2.7600e+02   1.27230971e+00
2.7610e+02   1.27007160e+00
2.7620e+02   1.26786132e+00
2.7630e+02   1.26567909e+00
2.7640e+02   1.26352535e+00
2.7650e+02   1.26139895e+00
2.7660e+02   1.25930123e+00
2.7670e+02   1.25723076e+00
2.7680e+02   1.25518839e+00
2.7690e+02   1.25317372e+00
2.7700e+02   1.25118621e+00
2.7710e+02   1.24922676e+00
2.7720e+02   1.24729385e+00
2.7730e+02   1.24538870e+00
2.7740e+02   1.24351014e+00
2.7750e+02   1.24165836e+00
2.7760e+02   1.23983353e+00
2.7770e+02   1.23803446e+00
2.7780e+02   1.23626230e+00
2.7790e+02   1.23451544e+00
2.7800e+02   1.23279471e+00
2.7810e+02   1.23109940e+00
2.7820e+02   1.22942899e+00
2.7830e+02   1.22778415e+00
2.7840e+02   1.22616326e+00
2.7850e+02   1.22456744e+00
2.7860e+02   1.22299531e+00
2.7870e+02   1.22144707e+00
2.7880e+02   1.21992262e+00
2.7890e+02   1.21842079e+00
2.7900e+02   1.21694255e+00
2.7910e+02   1.21548618e+00
2.7920e+02   1.21405248e+00
2.7930e+02   1.21264054e+00
2.7940e+02   1.21124987e+00
2.7950e+02   1.20988094e+00
2.7960e+02   1.20853213e+00
2.7970e+02   1.20720447e+00
2.7980e+02   1.20589645e+00
2.7990e+02   1.20460833e+00
2.8000e+02   1.20333981e+00
2.8010e+02   1.20208979e+00
2.8020e+02   1.20085912e+00
2.8030e+02   1.19964604e+00
2.8040e+02   1.19845139e+00
2.8050e+02   1.19727411e+00
2.8060e+02   1.19611382e+00
2.8070e+02   1.19497086e+00
2.8080e+02   1.19384366e+00
2.8090e+02   1.19273325e+00
2.8100e+02   1.19163804e+00
2.8110e+02   1.19055842e+00
2.8120e+02   1.18949396e+00
2.8130e+02   1.18844370e+00
2.8140e+02   1.18740844e+00
2.8150e+02   1.18638645e+00
2.8160e+02   1.18537864e+00
2.8170e+02   1.18438389e+00
2.8180e+02   1.18340200e+00
2.8190e+02   1.18243321e+00
2.8200e+02   1.18147609e+00
2.8210e+02   1.18053171e+00
2.8220e+02   1.17959847e+00
2.8230e+02   1.17867693e+00
2.8240e+02   1.17776660e+00
2.8250e+02   1.17686668e+00
2.8260e+02   1.17597798e+00
2.8270e+02   1.17509885e+00
2.8280e+02   1.17423033e+00
2.8290e+02   1.17337125e+00
2.8300e+02   1.17252165e+00
2.8310e+02   1.17168170e+00
2.8320e+02   1.17085014e+00
2.8330e+02   1.17002810e+00
2.8340e+02   1.16921402e+00
2.8350e+02   1.16840866e+00
2.8360e+02   1.16761145e+00
2.8370e+02   1.16682183e+00
2.8380e+02   1.16604059e+00
2.8390e+02   1.16526621e+00
2.8400e+02   1.16449984e+00
2.8410e+02   1.16374031e+00
2.8420e+02   1.16298786e+00
2.8430e+02   1.16224262e+00
2.8440e+02   1.16150353e+00
2.8450e+02   1.16077173e+00
2.8460e+02   1.16004574e+00
2.8470e+02   1.15932647e+00
2.8480e+02   1.15861330e+00
2.8490e+02   1.15790590e+00
2.8500e+02   1.15720501e+00
2.8510e+02   1.15650923e+00
2.8520e+02   1.15581982e+00
2.8530e+02   1.15513557e+00
2.8540e+02   1.15445693e+00
2.8550e+02   1.15378396e+00
2.8560e+02   1.15311575e+00
2.8570e+02   1.15245345e+00
2.8580e+02   1.15179564e+00
2.8590e+02   1.15114333e+00
2.8600e+02   1.15049587e+00
2.8610e+02   1.14985307e+00
2.8620e+02   1.14921562e+00
2.8630e+02   1.14858223e+00
2.8640e+02   1.14795420e+00
2.8650e+02   1.14733028e+00
2.8660e+02   1.14671107e+00
2.8670e+02   1.14609652e+00
2.8680e+02   1.14548588e+00
2.8690e+02   1.14488026e+00
2.8700e+02   1.14427824e+00
2.8710e+02   1.14368093e+00
2.8720e+02   1.14308757e+00
2.8730e+02   1.14249815e+00
2.8740e+02   1.14191322e+00
2.8750e+02   1.14133158e+00
2.8760e+02   1.14075452e+00
2.8770e+02   1.14018077e+00
2.8780e+02   1.13961102e+00
2.8790e+02   1.13904509e+00
2.8800e+02   1.13848235e+00
2.8810e+02   1.13792384e+00
2.8820e+02   1.13736814e+00
2.8830e+02   1.13681642e+00
2.8840e+02   1.13626781e+00
2.8850e+02   1.13572242e+00
2.8860e+02   1.13518066e+00
2.8870e+02   1.13464144e+00
2.8880e+02   1.13410600e+00
2.8890e+02   1.13357301e+00
2.8900e+02   1.13304327e+00
2.8910e+02   1.13251646e+00
2.8920e+02   1.13199207e+00
2.8930e+02   1.13147105e+00
2.8940e+02   1.13095200e+00
2.8950e+02   1.13043613e+00
2.8960e+02   1.12992247e+00
2.8970e+02   1.12941125e+00
2.8980e+02   1.12890278e+00
2.8990e+02   1.12839604e+00
2.9000e+02   1.12789225e+00
2.9010e+02   1.12739006e+00
2.9020e+02   1.12689038e+00
2.9030e+02   1.12639275e+00
2.9040e+02   1.12589683e+00
2.9050e+02   1.12540346e+00
2.9060e+02   1.12491132e+00
2.9070e+02   1.12442168e+00
2.9080e+02   1.12393348e+00
2.9090e+02   1.12344713e+00
2.9100e+02   1.12296283e+00
2.9110e+02   1.12247968e+00
2.9120e+02   1.12199891e+00
2.9130e+02   1.12151918e+00
2.9140e+02   1.12104151e+00
2.9150e+02   1.12056539e+00
2.9160e+02   1.12009064e+00
2.9170e+02   1.11961805e+00
2.9180e+02   1.11914640e+00
2.9190e+02   1.11867702e+00
2.9200e+02   1.11820884e+00
2.9210e+02   1.11774245e+00
2.9220e+02   1.11727796e+00
2.9230e+02   1.11681466e+00
2.9240e+02   1.11635377e+00
2.9250e+02   1.11589401e+00
2.9260e+02   1.11543654e+00
2.9270e+02   1.11498079e+00
2.9280e+02   1.11452678e+00
2.9290e+02   1.11407525e+00
2.9300e+02   1.11362511e+00
2.9310e+02   1.11317777e+00
2.9320e+02   1.11273214e+00
2.9330e+02   1.11228898e+00
2.9340e+02   1.11184834e+00
2.9350e+02   1.11140969e+00
2.9360e+02   1.11097425e+00
2.9370e+02   1.11054077e+00
2.9380e+02   1.11011054e+00
2.9390e+02   1.10968293e+00
2.9400e+02   1.10925814e+00
2.9410e+02   1.10883683e+00
2.9420e+02   1.10841804e+00
2.9430e+02   1.10800318e+00
2.9440e+02   1.10759115e+00
2.9450e+02   1.10718285e+00
2.9460e+02   1.10677823e+00
2.9470e+02   1.10637688e+00
2.9480e+02   1.10597996e+00
2.9490e+02   1.10558625e+00
2.9500e+02   1.10519710e+00
2.9510e+02   1.10481176e+00
2.9520e+02   1.10443055e+00
2.9530e+02   1.10405401e+00
2.9540e+02   1.10368122e+00
2.9550e+02   1.10331357e+00
2.9560e+02   1.10294986e+00
2.9570e+02   1.10259107e+00
2.9580e+02   1.10223695e+00
2.9590e+02   1.10188719e+00
2.9600e+02   1.10154279e+00
2.9610e+02   1.10120251e+00
2.9620e+02   1.10086765e+00
2.9630e+02   1.10053730e+00
2.9640e+02   1.10021183e+00
2.9650e+02   1.09989157e+00
2.9660e+02   1.09957559e+00
2.9670e+02   1.09926515e+00
2.9680e+02   1.09895893e+00
2.9690e+02   1.09865787e+00
2.9700e+02   1.09836150e+00
2.9710e+02   1.09806952e+00
2.9720e+02   1.09778270e+00
2.9730e+02   1.09749973e+00
2.9740e+02   1.09722179e+00
2.9750e+02   1.09694778e+00
2.9760e+02   1.09667804e+00
2.9770e+02   1.09641263e+00
2.9780e+02   1.09615060e+00
2.9790e+02   1.09589301e+00
2.9800e+02   1.09563837e+00
2.9810e+02   1.09538757e+00
2.9820e+02   1.09513987e+00
2.9830e+02   1.09489495e+00
2.9840e+02   1.09465334e+00
2.9850e+02   1.09441363e+00
2.9860e+02   1.09417688e+00
2.9870e+02   1.09394176e+00
2.9880e+02   1.09370859e+00
2.9890e+02   1.09347717e+00
2.9900e+02   1.09324651e+00
2.9910e+02   1.09301748e+00
2.9920e+02   1.09278846e+00
2.9930e+02   1.09256028e+00
2.9940e+02   1.09233198e+00
2.9950e+02   1.09210322e+00
2.9960e+02   1.09187433e+00
2.9970e+02   1.09164385e+00
2.9980e+02   1.09141273e+00
2.9990e+02   1.09117948e+00
3.0000e+02   1.09094446e+00
3.0010e+02   1.09070723e+00
3.0020e+02   1.09046685e+00
3.0030e+02   1.09022405e+00
3.0040e+02   1.08997716e+00
3.0050e+02   1.08972699e+00
3.0060e+02   1.08947243e+00
3.0070e+02   1.08921325e+00
3.0080e+02   1.08894960e+00
3.0090e+02   1.08868008e+00
3.0100e+02   1.08840562e+00
3.0110e+02   1.08812466e+00
3.0120e+02   1.08783765e+00
3.0130e+02   1.08754404e+00
3.0140e+02   1.08724303e+00
3.0150e+02   1.08693529e+00
3.0160e+02   1.08661919e+00
3.0170e+02   1.08629564e+00
3.0180e+02   1.08596347e+00
3.0190e+02   1.08562264e+00
3.0200e+02   1.08527323e+00
3.0210e+02   1.08491401e+00
3.0220e+02   1.08454596e+00
3.0230e+02   1.08416756e+00
3.0240e+02   1.08377946e+00
3.0250e+02   1.08338109e+00
3.0260e+02   1.08297188e+00
3.0270e+02   1.08255250e+00
3.0280e+02   1.08212152e+00
3.0290e+02   1.08167998e+00
3.0300e+02   1.08122678e+00
3.0310e+02   1.08076212e+00
3.0320e+02   1.08028612e+00
3.0330e+02   1.07979779e+00
3.0340e+02   1.07929824e+00
3.0350e+02   1.07878607e+00
3.0360e+02   1.07826220e+00
3.0370e+02   1.07772610e+00
3.0380e+02   1.07717750e+00
3.0390e+02   1.07661717e+00
3.0400e+02   1.07604389e+00
3.0410e+02   1.07545892e+00
3.0420e+02   1.07486125e+00
3.0430e+02   1.07425142e+00
3.0440e+02   1.07362961e+00
3.0450e+02   1.07299513e+00
3.0460e+02   1.07234921e+00
3.0470e+02   1.07169069e+00
3.0480e+02   1.07102072e+00
3.0490e+02   1.07033887e+00
3.0500e+02   1.06964521e+00
3.0510e+02   1.06894061e+00
3.0520e+02   1.06822409e+00
3.0530e+02   1.06749715e+00
3.0540e+02   1.06675890e+00
3.0550e+02   1.06601018e+00
3.0560e+02   1.06525126e+00
3.0570e+02   1.06448175e+00
3.0580e+02   1.06370303e+00
3.0590e+02   1.06291412e+00
3.0600e+02   1.06211644e+00
3.0610e+02   1.06130963e+00
3.0620e+02   1.06049409e+00
3.0630e+02   1.05967074e+00
3.0640e+02   1.05883888e+00
3.0650e+02   1.05800015e+00
3.0660e+02   1.05715380e+00
3.0670e+02   1.05630094e+00
3.0680e+02   1.05544187e+00
3.0690e+02   1.05457649e+00
3.0700e+02   1.05370626e+00
3.0710e+02   1.05283035e+00
3.0720e+02   1.05195039e+00
3.0730e+02   1.05106605e+00
3.0740e+02   1.05017798e+00
3.0750e+02   1.04928713e+00
3.0760e+02   1.04839297e+00
3.0770e+02   1.04749726e+00
3.0780e+02   1.04659929e+00
3.0790e+02   1.04570037e+00
3.0800e+02   1.04480076e+00
3.0810e+02   1.04390056e+00
3.0820e+02   1.04300122e+00
3.0830e+02   1.04210200e+00
3.0840e+02   1.04120460e+00
3.0850e+02   1.04030868e+00
3.0860e+02   1.03941501e+00
3.0870e+02   1.03852445e+00
3.0880e+02   1.03763658e+00
3.0890e+02   1.03675312e+00
3.0900e+02   1.03587332e+00
3.0910e+02   1.03499856e+00
3.0920e+02   1.03412895e+00
3.0930e+02   1.03326466e+00
3.0940e+02   1.03240699e+00
3.0950e+02   1.03155517e+00
3.0960e+02   1.03071087e+00
3.0970e+02   1.02987354e+00
3.0980e+02   1.02904399e+00
3.0990e+02   1.02822283e+00
3.1000e+02   1.02740961e+00
3.1010e+02   1.02660586e+00
3.1020e+02   1.02581065e+00
3.1030e+02   1.02502528e+00
3.1040e+02   1.02424957e+00
3.1050e+02   1.02348361e+00
3.1060e+02   1.02272841e+00
3.1070e+02   1.02198302e+00
3.1080e+02   1.02124890e+00
3.1090e+02   1.02052519e+00
3.1100e+02   1.01981257e+00
3.1110e+02   1.01911125e+00
3.1120e+02   1.01842063e+00
3.1130e+02   1.01774188e+00
3.1140e+02   1.01707380e+00
3.1150e+02   1.01641745e+00
3.1160e+02   1.01577222e+00
3.1170e+02   1.01513802e+00
3.1180e+02   1.01451542e+00
3.1190e+02   1.01390323e+00
3.1200e+02   1.01330254e+00
3.1210e+02   1.01271212e+00
3.1220e+02   1.01213239e+00
3.1230e+02   1.01156310e+00
3.1240e+02   1.01100341e+00
3.1250e+02   1.01045408e+00
3.1260e+02   1.00991355e+00
3.1270e+02   1.00938260e+00
3.1280e+02   1.00886015e+00
3.1290e+02   1.00834590e+00
3.1300e+02   1.00783997e+00
3.1310e+02   1.00734087e+00
3.1320e+02   1.00684939e+00
3.1330e+02   1.00636388e+00
3.1340e+02   1.00588456e+00
3.1350e+02   1.00541075e+00
3.1360e+02   1.00494141e+00
3.1370e+02   1.00447692e+00
3.1380e+02   1.00401548e+00
3.1390e+02   1.00355763e+00
3.1400e+02   1.00310194e+00
3.1410e+02   1.00264800e+00
3.1420e+02   1.00219557e+00
3.1430e+02   1.00174304e+00
3.1440e+02   1.00129097e+00
3.1450e+02   1.00083750e+00
3.1460e+02   1.00038278e+00
3.1470e+02   9.99925852e-01
3.1480e+02   9.99465676e-01
3.1490e+02   9.99002462e-01
3.1500e+02   9.98534325e-01
3.1510e+02   9.98061779e-01
3.1520e+02   9.97583275e-01
3.1530e+02   9.97098477e-01
3.1540e+02   9.96607027e-01
3.1550e+02   9.96107426e-01
3.1560e+02   9.95600223e-01
3.1570e+02   9.95083590e-01
3.1580e+02   9.94557839e-01
3.1590e+02   9.94021991e-01
3.1600e+02   9.93475237e-01
3.1610e+02   9.92917831e-01
3.1620e+02   9.92348081e-01
3.1630e+02   9.91766696e-01
3.1640e+02   9.91172234e-01
3.1650e+02   9.90564683e-01
3.1660e+02   9.89943783e-01
3.1670e+02   9.89308370e-01
3.1680e+02   9.88659197e-01
3.1690e+02   9.87994687e-01
3.1700e+02   9.87315502e-01
3.1710e+02   9.86620842e-01
3.1720e+02   9.85910321e-01
3.1730e+02   9.85184402e-01
3.1740e+02   9.84441765e-01
3.1750e+02   9.83683454e-01
3.1760e+02   9.82908294e-01
3.1770e+02   9.82116718e-01
3.1780e+02   9.81308689e-01
3.1790e+02   9.80483490e-01
3.1800e+02   9.79642167e-01
3.1810e+02   9.78783487e-01
3.1820e+02   9.77908525e-01
3.1830e+02   9.77016722e-01
3.1840e+02   9.76108158e-01
3.1850e+02   9.75183533e-01
3.1860e+02   9.74241929e-01
3.1870e+02   9.73284718e-01
3.1880e+02   9.72310994e-01
3.1890e+02   9.71321614e-01
3.1900e+02   9.70316730e-01
3.1910e+02   9.69296039e-01
3.1920e+02   9.68260811e-01
3.1930e+02   9.67210106e-01
3.1940e+02   9.66145328e-01
3.1950e+02   9.65066077e-01
3.1960e+02   9.63972808e-01
3.1970e+02   9.62866348e-01
3.1980e+02   9.61746076e-01
3.1990e+02   9.60613565e-01
3.2000e+02   9.59468062e-01
3.2010e+02   9.58310708e-01
3.2020e+02   9.57141710e-01
3.2030e+02   9.55961036e-01
3.2040e+02   9.54770030e-01
3.2050e+02   9.53567904e-01
3.2060e+02   9.52356224e-01
3.2070e+02   9.51134607e-01
3.2080e+02   9.49903719e-01
3.2090e+02   9.48664354e-01
3.2100e+02   9.47416041e-01
3.2110e+02   9.46160385e-01
3.2120e+02   9.44896640e-01
3.2130e+02   9.43626068e-01
3.2140e+02   9.42348780e-01
3.2150e+02   9.41064874e-01
3.2160e+02   9.39775606e-01
3.2170e+02   9.38480215e-01
3.2180e+02   9.37180275e-01
3.2190e+02   9.35875292e-01
3.2200e+02   9.34566015e-01
3.2210e+02   9.33253076e-01
3.2220e+02   9.31936042e-01
3.2230e+02   9.30616423e-01
3.2240e+02   9.29293387e-01
3.2250e+02   9.27968207e-01
3.2260e+02   9.26640804e-01
3.2270e+02   9.25311319e-01
3.2280e+02   9.23980832e-01
3.2290e+02   9.22648537e-01
3.2300e+02   9.21315940e-01
3.2310e+02   9.19982380e-01
3.2320e+02   9.18648623e-01
3.2330e+02   9.17315088e-01
3.2340e+02   9.15981340e-01
3.2350e+02   9.14648745e-01
3.2360e+02   9.13316360e-01
3.2370e+02   9.11985430e-01
3.2380e+02   9.10655671e-01
3.2390e+02   9.09327243e-01
3.2400e+02   9.08001031e-01
3.2410e+02   9.06676190e-01
3.2420e+02   9.05354134e-01
3.2430e+02   9.04034047e-01
3.2440e+02   9.02716710e-01
3.2450e+02   9.01402330e-01
3.2460e+02   9.00090489e-01
3.2470e+02   8.98782408e-01
3.2480e+02   8.97477060e-01
3.2490e+02   8.96175667e-01
3.2500e+02   8.94877762e-01
3.2510e+02   8.93583549e-01
3.2520e+02   8.92293731e-01
3.2530e+02   8.91007453e-01
3.2540e+02   8.89726053e-01
3.2550e+02   8.88448591e-01
3.2560e+02   8.87175880e-01
3.2570e+02   8.85907942e-01
3.2580e+02   8.84644405e-01
3.2590e+02   8.83386357e-01
3.2600e+02   8.82132721e-01
3.2610e+02   8.80884710e-01
3.2620e+02   8.79641703e-01
3.2630e+02   8.78403963e-01
3.2640e+02   8.77172030e-01
3.2650e+02   8.75945064e-01
3.2660e+02   8.74724332e-01
3.2670e+02   8.73508798e-01
3.2680e+02   8.72299312e-01
3.2690e+02   8.71095726e-01
3.2700e+02   8.69897726e-01
3.2710e+02   8.68706268e-01
3.2720e+02   8.67520248e-01
3.2730e+02   8.66340859e-01
3.2740e+02   8.65167336e-01
3.2750e+02   8.64000007e-01
3.2760e+02   8.62839239e-01
3.2770e+02   8.61684218e-01
3.2780e+02   8.60536124e-01
3.2790e+02   8.59393830e-01
3.2800e+02   8.58258209e-01
3.2810e+02   8.57128937e-01
3.2820e+02   8.56005751e-01
3.2830e+02   8.54889456e-01
3.2840e+02   8.53778915e-01
3.2850e+02   8.52675278e-01
3.2860e+02   8.51577632e-01
3.2870e+02   8.50486340e-01
3.2880e+02   8.49401580e-01
3.2890e+02   8.48322550e-01
3.2900e+02   8.47250310e-01
3.2910e+02   8.46183630e-01
3.2920e+02   8.45123373e-01
3.2930e+02   8.44069017e-01
3.2940e+02   8.43020327e-01
3.2950e+02   8.41977922e-01
3.2960e+02   8.40940612e-01
3.2970e+02   8.39909465e-01
3.2980e+02   8.38883396e-01
3.2990e+02   8.37862772e-01
3.3000e+02   8.36847545e-01
3.3010e+02   8.35836902e-01
3.3020e+02   8.34831737e-01
3.3030e+02   8.33830697e-01
3.3040e+02   8.32834593e-01
3.3050e+02   8.31842676e-01
3.3060e+02   8.30854705e-01
3.3070e+02   8.29871071e-01
3.3080e+02   8.28890515e-01
3.3090e+02   8.27913974e-01
3.3100e+02   8.26940168e-01
3.3110e+02   8.25969434e-01
3.3120e+02   8.25001469e-01
3.3130e+02   8.24035422e-01
3.3140e+02   8.23071988e-01
3.3150e+02   8.22109677e-01
3.3160e+02   8.21149211e-01
3.3170e+02   8.20189601e-01
3.3180e+02   8.19230581e-01
3.3190e+02   8.18272295e-01
3.3200e+02   8.17313408e-01
3.3210e+02   8.16354706e-01
3.3220e+02   8.15394724e-01
3.3230e+02   8.14433753e-01
3.3240e+02   8.13471241e-01
3.3250e+02   8.12506313e-01
3.3260e+02   8.11539463e-01
3.3270e+02   8.10569092e-01
3.3280e+02   8.09595845e-01
3.3290e+02   8.08618527e-01
3.3300e+02   8.07636875e-01
3.3310e+02   8.06650820e-01
3.3320e+02   8.05659005e-01
3.3330e+02   8.04662102e-01
3.3340e+02   8.03658524e-01
3.3350e+02   8.02648576e-01
3.3360e+02   8.01631521e-01
3.3370e+02   8.00606540e-01
3.3380e+02   7.99573997e-01
3.3390e+02   7.98532281e-01
3.3400e+02   7.97482041e-01
3.3410e+02   7.96421980e-01
3.3420e+02   7.95351941e-01
3.3430e+02   7.94271747e-01
3.3440e+02   7.93180137e-01
3.3450e+02   7.92077782e-01
3.3460e+02   7.90963106e-01
3.3470e+02   7.89836545e-01
3.3480e+02   7.88697316e-01
3.3490e+02   7.87544789e-01
3.3500e+02   7.86379331e-01
3.3510e+02   7.85199470e-01
3.3520e+02   7.84005991e-01
3.3530e+02   7.82797646e-01
3.3540e+02   7.81574527e-01
3.3550e+02   7.80336490e-01
3.3560e+02   7.79082528e-01
3.3570e+02   7.77813440e-01
3.3580e+02   7.76527817e-01
3.3590e+02   7.75226360e-01
3.3600e+02   7.73908382e-01
3.3610e+02   7.72573581e-01
3.3620e+02   7.71222453e-01
3.3630e+02   7.69853804e-01
3.3640e+02   7.68468665e-01
3.3650e+02   7.67065968e-01
3.3660e+02   7.65646161e-01
3.3670e+02   7.64209240e-01
3.3680e+02   7.62754558e-01
3.3690e+02   7.61283124e-01
3.3700e+02   7.59793797e-01
3.3710e+02   7.58287609e-01
3.3720e+02   7.56764046e-01
3.3730e+02   7.55223197e-01
3.3740e+02   7.53665733e-01
3.3750e+02   7.52090794e-01
3.3760e+02   7.50499685e-01
3.3770e+02   7.48891554e-01
3.3780e+02   7.47267217e-01
3.3790e+02   7.45626822e-01
3.3800e+02   7.43970086e-01
3.3810e+02   7.42298217e-01
3.3820e+02   7.40610333e-01
3.3830e+02   7.38907765e-01
3.3840e+02   7.37190147e-01
3.3850e+02   7.35457917e-01
3.3860e+02   7.33711871e-01
3.3870e+02   7.31951436e-01
3.3880e+02   7.30178118e-01
3.3890e+02   7.28391225e-01
3.3900e+02   7.26591861e-01
3.3910e+02   7.24780247e-01
3.3920e+02   7.22956389e-01
3.3930e+02   7.21121589e-01
3.3940e+02   7.19275146e-01
3.3950e+02   7.17418582e-01
3.3960e+02   7.15551585e-01
3.3970e+02   7.13674840e-01
3.3980e+02   7.11789156e-01
3.3990e+02   7.09894154e-01
3.4000e+02   7.07991419e-01
3.4010e+02   7.06080323e-01
3.4020e+02   7.04162141e-01
3.4030e+02   7.02237064e-01
3.4040e+02   7.00305278e-01
3.4050e+02   6.98368070e-01
3.4060e+02   6.96424826e-01
3.4070e+02   6.94477145e-01
3.4080e+02   6.92524680e-01
3.4090e+02   6.90568262e-01
3.4100e+02   6.88608620e-01
3.4110e+02   6.86645485e-01
3.4120e+02   6.84680428e-01
3.4130e+02   6.82712816e-01
3.4140e+02   6.80744011e-01
3.4150e+02   6.78774108e-01
3.4160e+02   6.76803414e-01
3.4170e+02   6.74833133e-01
3.4180e+02   6.72862698e-01
3.4190e+02   6.70893730e-01
3.4200e+02   6.68925817e-01
3.4210e+02   6.66959901e-01
3.4220e+02   6.64996606e-01
3.4230e+02   6.63035764e-01
3.4240e+02   6.61078915e-01
3.4250e+02   6.59125431e-01
3.4260e+02   6.57176763e-01
3.4270e+02   6.55232930e-01
3.4280e+02   6.53294387e-01
3.4290e+02   6.51362286e-01
3.4300e+02   6.49436158e-01
3.4310e+02   6.47517688e-01
3.4320e+02   6.45606469e-01
3.4330e+02   6.43703622e-01
3.4340e+02   6.41809744e-01
3.4350e+02   6.39924863e-01
3.4360e+02   6.38050573e-01
3.4370e+02   6.36186370e-01
3.4380e+02   6.34333895e-01
3.4390e+02   6.32493220e-01
3.4400e+02   6.30665072e-01
3.4410e+02   6.28850681e-01
3.4420e+02   6.27049826e-01
3.4430e+02   6.25264389e-01
3.4440e+02   6.23494127e-01
3.4450e+02   6.21740482e-01
3.4460e+02   6.20004179e-01
3.4470e+02   6.18285599e-01
3.4480e+02   6.16586532e-01
3.4490e+02   6.14906757e-01
3.4500e+02   6.13248240e-01
3.4510e+02   6.11611247e-01
3.4520e+02   6.09996908e-01
3.4530e+02   6.08406639e-01
3.4540e+02   6.06840583e-01
3.4550e+02   6.05300897e-01
3.4560e+02   6.03787583e-01
3.4570e+02   6.02302447e-01
3.4580e+02   6.00846372e-01
3.4590e+02   5.99420096e-01
3.4600e+02   5.98025572e-01
3.4610e+02   5.96662812e-01
3.4620e+02   5.95334004e-01
3.4630e+02   5.94039486e-01
3.4640e+02   5.92780620e-01
3.4650e+02   5.91558799e-01
3.4660e+02   5.90374280e-01
3.4670e+02   5.89229183e-01
3.4680e+02   5.88123417e-01
3.4690e+02   5.87058750e-01
3.4700e+02   5.86035772e-01
3.4710e+02   5.85055082e-01
3.4720e+02   5.84118230e-01
3.4730e+02   5.83224867e-01
3.4740e+02   5.82376730e-01
3.4750e+02   5.81573526e-01
3.4760e+02   5.80816082e-01
3.4770e+02   5.80104946e-01
3.4780e+02   5.79439641e-01
3.4790e+02   5.78821334e-01
3.4800e+02   5.78248907e-01
3.4810e+02   5.77723095e-01
3.4820e+02   5.77243188e-01
3.4830e+02   5.76808605e-01
3.4840e+02   5.76419426e-01
3.4850e+02   5.76073871e-01
3.4860e+02   5.75772137e-01
3.4870e+02   5.75512221e-01
3.4880e+02   5.75293336e-01
3.4890e+02   5.75114131e-01
3.4900e+02   5.74972367e-01
3.4910e+02   5.74867252e-01
3.4920e+02   5.74795701e-01
3.4930e+02   5.74756513e-01
3.4940e+02   5.74746847e-01
3.4950e+02   5.74764188e-01
3.4960e+02   5.74806466e-01
3.4970e+02   5.74869904e-01
3.4980e+02   5.74952665e-01
3.4990e+02   5.75050687e-01
3.5000e+02   5.75161319e-01
3.5010e+02   5.75281194e-01
3.5020e+02   5.75406338e-01
3.5030e+02   5.75534153e-01
3.5040e+02   5.75659907e-01
3.5050e+02   5.75780912e-01
3.5060e+02   5.75892822e-01
3.5070e+02   5.75991957e-01
3.5080e+02   5.76075023e-01
3.5090e+02   5.76137342e-01
3.5100e+02   5.76176279e-01
3.5110e+02   5.76187119e-01
3.5120e+02   5.76166882e-01
3.5130e+02   5.76111877e-01
3.5140e+02   5.76018218e-01
3.5150e+02   5.75883439e-01
3.5160e+02   5.75703236e-01
3.5170e+02   5.75475592e-01
3.5180e+02   5.75196922e-01
3.5190e+02   5.74864717e-01
3.5200e+02   5.74476858e-01
3.5210e+02   5.74030223e-01
3.5220e+02   5.73523847e-01
3.5230e+02   5.72954867e-01
3.5240e+02   5.72322463e-01
3.5250e+02   5.71625087e-01
3.5260e+02   5.70861378e-01
3.5270e+02   5.70031370e-01
3.5280e+02   5.69133496e-01
3.5290e+02   5.68168603e-01
3.5300e+02   5.67135971e-01
3.5310e+02   5.66036231e-01
3.5320e+02   5.64870259e-01
3.5330e+02   5.63638174e-01
3.5340e+02   5.62342172e-01
3.5350e+02   5.60982572e-01
3.5360e+02   5.59561831e-01
3.5370e+02   5.58081478e-01
3.5380e+02   5.56543398e-01
3.5390e+02   5.54950617e-01
3.5400e+02   5.53304601e-01
3.5410e+02   5.51609117e-01
3.5420e+02   5.49866160e-01
3.5430e+02   5.48079120e-01
3.5440e+02   5.46251279e-01
3.5450e+02   5.44385194e-01
3.5460e+02   5.42485207e-01
3.5470e+02   5.40553626e-01
3.5480e+02   5.38594792e-01
3.5490e+02   5.36611749e-01
3.5500e+02   5.34607905e-01
3.5510e+02   5.32587404e-01
3.5520e+02   5.30552751e-01
3.5530e+02   5.28508504e-01
3.5540e+02   5.26457166e-01
3.5550e+02   5.24402581e-01
3.5560e+02   5.22348073e-01
3.5570e+02   5.20296235e-01
3.5580e+02   5.18251107e-01
3.5590e+02   5.16214552e-01
3.5600e+02   5.14190341e-01
3.5610e+02   5.12180626e-01
3.5620e+02   5.10187964e-01
3.5630e+02   5.08215291e-01
3.5640e+02   5.06263916e-01
3.5650e+02   5.04337016e-01
3.5660e+02   5.02435547e-01
3.5670e+02   5.00561852e-01
3.5680e+02   4.98717461e-01
3.5690e+02   4.96903310e-01
3.5700e+02   4.95121560e-01
3.5710e+02   4.93372215e-01
3.5720e+02   4.91657195e-01
3.5730e+02   4.89976644e-01
3.5740e+02   4.88331295e-01
3.5750e+02   4.86722060e-01
3.5760e+02   4.85148401e-01
3.5770e+02   4.83611596e-01
3.5780e+02   4.82110705e-01
3.5790e+02   4.80646352e-01
3.5800e+02   4.79218203e-01
3.5810e+02   4.77825600e-01
3.5820e+02   4.76469010e-01
3.5830e+02   4.75146897e-01
3.5840e+02   4.73859744e-01
3.5850e+02   4.72606215e-01
3.5860e+02   4.71385843e-01
3.5870e+02   4.70198214e-01
3.5880e+02   4.69041732e-01
3.5890e+02   4.67916611e-01
3.5900e+02   4.66820930e-01
3.5910e+02   4.65754533e-01
3.5920e+02   4.64716214e-01
3.5930e+02   4.63704738e-01
3.5940e+02   4.62719903e-01
3.5950e+02   4.61759693e-01
3.5960e+02   4.60824189e-01
3.5970e+02   4.59911629e-01
3.5980e+02   4.59021372e-01
3.5990e+02   4.58152695e-01
3.6000e+02   4.57303939e-01
3.6010e+02   4.56475209e-01
3.6020e+02   4.55664541e-01
3.6030e+02   4.54871882e-01
3.6040e+02   4.54096007e-01
3.6050e+02   4.53335914e-01
3.6060e+02   4.52591482e-01
3.6070e+02   4.51860937e-01
3.6080e+02   4.51144610e-01
3.6090e+02   4.50440932e-01
3.6100e+02   4.49749650e-01
3.6110e+02   4.49070237e-01
3.6120e+02   4.48401441e-01
3.6130e+02   4.47743659e-01
3.6140e+02   4.47095260e-01
3.6150e+02   4.46456608e-01
3.6160e+02   4.45826732e-01
3.6170e+02   4.45205098e-01
3.6180e+02   4.44591853e-01
3.6190e+02   4.43985626e-01
3.6200e+02   4.43387106e-01
3.6210e+02   4.42795010e-01
3.6220e+02   4.42209518e-01
3.6230e+02   4.41630326e-01
3.6240e+02   4.41056595e-01
3.6250e+02   4.40488978e-01
3.6260e+02   4.39926144e-01
3.6270e+02   4.39368795e-01
3.6280e+02   4.38816147e-01
3.6290e+02   4.38268033e-01
3.6300e+02   4.37724758e-01
3.6310e+02   4.37185245e-01
3.6320e+02   4.36650404e-01
3.6330e+02   4.36119117e-01
3.6340e+02   4.35591854e-01
3.6350e+02   4.35068392e-01
3.6360e+02   4.34548167e-01
3.6370e+02   4.34031935e-01
3.6380e+02   4.33518531e-01
3.6390e+02   4.33008845e-01
3.6400e+02   4.32502140e-01
3.6410e+02   4.31998480e-01
3.6420e+02   4.31498187e-01
3.6430e+02   4.31000355e-01
3.6440e+02   4.30505976e-01
3.6450e+02   4.30013985e-01
3.6460e+02   4.29525018e-01
3.6470e+02   4.29038821e-01
3.6480e+02   4.28555001e-01
3.6490e+02   4.28074309e-01
3.6500e+02   4.27595657e-01
3.6510e+02   4.27120022e-01
3.6520e+02   4.26646636e-01
3.6530e+02   4.26175710e-01
3.6540e+02   4.25707504e-01
3.6550e+02   4.25241222e-01
3.6560e+02   4.24777861e-01
3.6570e+02   4.24316357e-01
3.6580e+02   4.23857447e-01
3.6590e+02   4.23400800e-01
3.6600e+02   4.22946144e-01
3.6610e+02   4.22494175e-01
3.6620e+02   4.22043851e-01
3.6630e+02   4.21596189e-01
3.6640e+02   4.21150361e-01
3.6650e+02   4.20706694e-01
3.6660e+02   4.20265352e-01
3.6670e+02   4.19825629e-01
3.6680e+02   4.19388497e-01
3.6690e+02   4.18952881e-01
3.6700e+02   4.18519590e-01
3.6710e+02   4.18088202e-01
3.6720e+02   4.17658557e-01
3.6730e+02   4.17231268e-01
3.6740e+02   4.16805341e-01
3.6750e+02   4.16381809e-01
3.6760e+02   4.15959784e-01
3.6770e+02   4.15539693e-01
3.6780e+02   4.15121598e-01
3.6790e+02   4.14704883e-01
3.6800e+02   4.14290475e-01
3.6810e+02   4.13877294e-01
3.6820e+02   4.13466211e-01
3.6830e+02   4.13056709e-01
3.6840e+02   4.12648737e-01
3.6850e+02   4.12242820e-01
3.6860e+02   4.11838015e-01
3.6870e+02   4.11435358e-01
3.6880e+02   4.11033910e-01
3.6890e+02   4.10634191e-01
3.6900e+02   4.10236157e-01
3.6910e+02   4.09839285e-01
3.6920e+02   4.09444451e-01
3.6930e+02   4.09050578e-01
3.6940e+02   4.08658586e-01
3.6950e+02   4.08267873e-01
3.6960e+02   4.07878492e-01
3.6970e+02   4.07490877e-01
3.6980e+02   4.07104143e-01
3.6990e+02   4.06719321e-01
3.7000e+02   4.06335427e-01
3.7010e+02   4.05953068e-01
3.7020e+02   4.05572098e-01
3.7030e+02   4.05192091e-01
3.7040e+02   4.04813860e-01
3.7050e+02   4.04436344e-01
3.7060e+02   4.04060505e-01
3.7070e+02   4.03685657e-01
3.7080e+02   4.03311960e-01
3.7090e+02   4.02939752e-01
3.7100e+02   4.02568215e-01
3.7110e+02   4.02198363e-01
3.7120e+02   4.01829180e-01
3.7130e+02   4.01461352e-01
3.7140e+02   4.01094633e-01
3.7150e+02   4.00728698e-01
3.7160e+02   4.00364290e-01
3.7170e+02   4.00000374e-01
3.7180e+02   3.99637942e-01
3.7190e+02   3.99276237e-01
3.7200e+02   3.98915521e-01
3.7210e+02   3.98556030e-01
3.7220e+02   3.98197026e-01
3.7230e+02   3.97839494e-01
3.7240e+02   3.97482396e-01
3.7250e+02   3.97126492e-01
3.7260e+02   3.96771435e-01
3.7270e+02   3.96417007e-01
3.7280e+02   3.96063875e-01
3.7290e+02   3.95711037e-01
3.7300e+02   3.95359510e-01
3.7310e+02   3.95008468e-01
3.7320e+02   3.94658274e-01
3.7330e+02   3.94309064e-01
3.7340e+02   3.93960182e-01
3.7350e+02   3.93612578e-01
3.7360e+02   3.93265200e-01
3.7370e+02   3.92918874e-01
3.7380e+02   3.92573161e-01
3.7390e+02   3.92227946e-01
3.7400e+02   3.91883814e-01
3.7410e+02   3.91539810e-01
3.7420e+02   3.91196961e-01
3.7430e+02   3.90854384e-01
3.7440e+02   3.90512538e-01
3.7450e+02   3.90171458e-01
3.7460e+02   3.89830577e-01
3.7470e+02   3.89490798e-01
3.7480e+02   3.89151068e-01
3.7490e+02   3.88812270e-01
3.7500e+02   3.88473876e-01
3.7510e+02   3.88135877e-01
3.7520e+02   3.87798770e-01
3.7530e+02   3.87461655e-01
3.7540e+02   3.87125560e-01
3.7550e+02   3.86789553e-01
3.7560e+02   3.86454185e-01
3.7570e+02   3.86119387e-01
3.7580e+02   3.85784688e-01
3.7590e+02   3.85450937e-01
3.7600e+02   3.85117088e-01
3.7610e+02   3.84784072e-01
3.7620e+02   3.84451278e-01
3.7630e+02   3.84118801e-01
3.7640e+02   3.83787048e-01
3.7650e+02   3.83455180e-01
3.7660e+02   3.83124215e-01
3.7670e+02   3.82793184e-01
3.7680e+02   3.82462720e-01
3.7690e+02   3.82132656e-01
3.7700e+02   3.81802617e-01
3.7710e+02   3.81473389e-01
3.7720e+02   3.81143947e-01
3.7730e+02   3.80815256e-01
3.7740e+02   3.80486630e-01
3.7750e+02   3.80158267e-01
3.7760e+02   3.79830477e-01
3.7770e+02   3.79502492e-01
3.7780e+02   3.79175310e-01
3.7790e+02   3.78847933e-01
3.7800e+02   3.78521071e-01
3.7810e+02   3.78194457e-01
3.7820e+02   3.77867817e-01
3.7830e+02   3.77541867e-01
3.7840e+02   3.77215608e-01
3.7850e+02   3.76890036e-01
3.7860e+02   3.76564390e-01
3.7870e+02   3.76238972e-01
3.7880e+02   3.75913991e-01
3.7890e+02   3.75588756e-01
3.7900e+02   3.75264235e-01
3.7910e+02   3.74939410e-01
3.7920e+02   3.74615060e-01
3.7930e+02   3.74290822e-01
3.7940e+02   3.73966524e-01
3.7950e+02   3.73642804e-01
3.7960e+02   3.73318700e-01
3.7970e+02   3.72995224e-01
3.7980e+02   3.72671554e-01
3.7990e+02   3.72348086e-01
3.8000e+02   3.72024929e-01
3.8010e+02   3.71701474e-01
3.8020e+02   3.71378649e-01
3.8030e+02   3.71055426e-01
3.8040e+02   3.70732643e-01
3.8050e+02   3.70409846e-01
3.8060e+02   3.70086965e-01
3.8070e+02   3.69764553e-01
3.8080e+02   3.69441696e-01
3.8090e+02   3.69119410e-01
3.8100e+02   3.68796818e-01
3.8110e+02   3.68474407e-01
3.8120e+02   3.68152184e-01
3.8130e+02   3.67829629e-01
3.8140e+02   3.67507618e-01
3.8150e+02   3.67185124e-01
3.8160e+02   3.66863036e-01
3.8170e+02   3.66540811e-01
3.8180e+02   3.66218483e-01
3.8190e+02   3.65896514e-01
3.8200e+02   3.65574043e-01
3.8210e+02   3.65252084e-01
3.8220e+02   3.64929712e-01
3.8230e+02   3.64607500e-01
3.8240e+02   3.64285352e-01
3.8250e+02   3.63962840e-01
3.8260e+02   3.63640783e-01
3.8270e+02   3.63318162e-01
3.8280e+02   3.62995907e-01
3.8290e+02   3.62673395e-01
3.8300e+02   3.62350759e-01
3.8310e+02   3.62028367e-01
3.8320e+02   3.61705422e-01
3.8330e+02   3.61382921e-01
3.8340e+02   3.61059902e-01
3.8350e+02   3.60737018e-01
3.8360e+02   3.60414073e-01
3.8370e+02   3.60090733e-01
3.8380e+02   3.59767750e-01
3.8390e+02   3.59444125e-01
3.8400e+02   3.59120822e-01
3.8410e+02   3.58797140e-01
3.8420e+02   3.58473311e-01
3.8430e+02   3.58149609e-01
3.8440e+02   3.57825302e-01
3.8450e+02   3.57501365e-01
3.8460e+02   3.57176810e-01
3.8470e+02   3.56852359e-01
3.8480e+02   3.56527719e-01
3.8490e+02   3.56202655e-01
3.8500e+02   3.55877846e-01
3.8510e+02   3.55552322e-01
3.8520e+02   3.55227068e-01
3.8530e+02   3.54901317e-01
3.8540e+02   3.54575397e-01
3.8550e+02   3.54249481e-01
3.8560e+02   3.53922916e-01
3.8570e+02   3.53596643e-01
3.8580e+02   3.53269656e-01
3.8590e+02   3.52942741e-01
3.8600e+02   3.52615514e-01
3.8610e+02   3.52287837e-01
3.8620e+02   3.51960311e-01
3.8630e+02   3.51632006e-01
3.8640e+02   3.51303919e-01
3.8650e+02   3.50975224e-01
3.8660e+02   3.50646340e-01
3.8670e+02   3.50317343e-01
3.8680e+02   3.49987663e-01
3.8690e+02   3.49658196e-01
3.8700e+02   3.49327931e-01
3.8710e+02   3.48997712e-01
3.8720e+02   3.48667063e-01
3.8730e+02   3.48335950e-01
3.8740e+02   3.48004890e-01
3.8750e+02   3.47673000e-01
3.8760e+02   3.47341281e-01
3.8770e+02   3.47008856e-01
3.8780e+02   3.46676235e-01
3.8790e+02   3.46343392e-01
3.8800e+02   3.46009845e-01
3.8810e+02   3.45676443e-01
3.8820e+02   3.45342177e-01
3.8830e+02   3.45007939e-01
3.8840e+02   3.44673171e-01
3.8850e+02   3.44337940e-01
3.8860e+02   3.44002674e-01
3.8870e+02   3.43666549e-01
3.8880e+02   3.43330559e-01
3.8890e+02   3.42993787e-01
3.8900e+02   3.42656824e-01
3.8910e+02   3.42319549e-01
3.8920e+02   3.41981571e-01
3.8930e+02   3.41643682e-01
3.8940e+02   3.41304887e-01
3.8950e+02   3.40966118e-01
3.8960e+02   3.40626740e-01
3.8970e+02   3.40286920e-01
3.8980e+02   3.39946996e-01
3.8990e+02   3.39606208e-01
3.9000e+02   3.39265535e-01
3.9010e+02   3.38924028e-01
3.9020e+02   3.38582357e-01
3.9030e+02   3.38240302e-01
3.9040e+02   3.37897573e-01
3.9050e+02   3.37554892e-01
3.9060e+02   3.37211292e-01
3.9070e+02   3.36867733e-01
3.9080e+02   3.36523511e-01
3.9090e+02   3.36178892e-01
3.9100e+02   3.35834118e-01
3.9110e+02   3.35488503e-01
3.9120e+02   3.35143001e-01
3.9130e+02   3.34796640e-01
3.9140e+02   3.34450161e-01
3.9150e+02   3.34103250e-01
3.9160e+02   3.33755717e-01
3.9170e+02   3.33408212e-01
3.9180e+02   3.33059800e-01
3.9190e+02   3.32711462e-01
3.9200e+02   3.32362432e-01
3.9210e+02   3.32013070e-01
3.9220e+02   3.31663523e-01
3.9230e+02   3.31313182e-01
3.9240e+02   3.30962967e-01
3.9250e+02   3.30611895e-01
3.9260e+02   3.30260767e-01
3.9270e+02   3.29909181e-01
3.9280e+02   3.29557044e-01
3.9290e+02   3.29204930e-01
3.9300e+02   3.28851944e-01
3.9310e+02   3.28499080e-01
3.9320e+02   3.28145515e-01
3.9330e+02   3.27791699e-01
3.9340e+02   3.27437681e-01
3.9350e+02   3.27082938e-01
3.9360e+02   3.26728344e-01
3.9370e+02   3.26372913e-01
3.9380e+02   3.26017499e-01
3.9390e+02   3.25661614e-01
3.9400e+02   3.25305266e-01
3.9410e+02   3.24948943e-01
3.9420e+02   3.24591801e-01
3.9430e+02   3.24234833e-01
3.9440e+02   3.23877167e-01
3.9450e+02   3.23519341e-01
3.9460e+02   3.23161304e-01
3.9470e+02   3.22802620e-01
3.9480e+02   3.22444112e-01
3.9490e+02   3.22084797e-01
3.9500e+02   3.21725575e-01
3.9510e+02   3.21365876e-01
3.9520e+02   3.21005805e-01
3.9530e+02   3.20645761e-01
3.9540e+02   3.20284958e-01
3.9550e+02   3.19924378e-01
3.9560e+02   3.19563110e-01
3.9570e+02   3.19201769e-01
3.9580e+02   3.18840207e-01
3.9590e+02   3.18478079e-01
3.9600e+02   3.18116145e-01
3.9610e+02   3.17753438e-01
3.9620e+02   3.17390891e-01
3.9630e+02   3.17027859e-01
3.9640e+02   3.16664542e-01
3.9650e+02   3.16301246e-01
3.9660e+02   3.15937248e-01
3.9670e+02   3.15573510e-01
3.9680e+02   3.15209090e-01
3.9690e+02   3.14844674e-01
3.9700e+02   3.14480018e-01
3.9710e+02   3.14114868e-01
3.9720e+02   3.13749917e-01
3.9730e+02   3.13384220e-01
3.9740e+02   3.13018735e-01
3.9750e+02   3.12652747e-01
3.9760e+02   3.12286548e-01
3.9770e+02   3.11920349e-01
3.9780e+02   3.11553496e-01
3.9790e+02   3.11186920e-01
3.9800e+02   3.10819658e-01
3.9810e+02   3.10452459e-01
3.9820e+02   3.10084985e-01
3.9830e+02   3.09717078e-01
3.9840e+02   3.09349352e-01
3.9850e+02   3.08980898e-01
3.9860e+02   3.08612686e-01
3.9870e+02   3.08243937e-01
3.9880e+02   3.07875036e-01
3.9890e+02   3.07506091e-01
3.9900e+02   3.07136528e-01
3.9910e+02   3.06767236e-01
3.9920e+02   3.06397241e-01
3.9930e+02   3.06027347e-01
3.9940e+02   3.05657125e-01
3.9950e+02   3.05286514e-01
3.9960e+02   3.04916045e-01
3.9970e+02   3.04544851e-01
3.9980e+02   3.04173905e-01
3.9990e+02   3.03802375e-01
4.0000e+02   3.03430730e-01
4.0010e+02   3.03058980e-01
4.0020e+02   3.02686633e-01
4.0030e+02   3.02314528e-01
4.0040e+02   3.01941688e-01
4.0050e+02   3.01568966e-01
4.0060e+02   3.01195848e-01
4.0070e+02   3.00822368e-01
4.0080e+02   3.00448971e-01
4.0090e+02   3.00074839e-01
4.0100e+02   2.99700941e-01
4.0110e+02   2.99326399e-01
4.0120e+02   2.98951761e-01
4.0130e+02   2.98576941e-01
4.0140e+02   2.98201531e-01
4.0150e+02   2.97826316e-01
4.0160e+02   2.97450326e-01
4.0170e+02   2.97074452e-01
4.0180e+02   2.96698102e-01
4.0190e+02   2.96321404e-01
4.0200e+02   2.95944715e-01
4.0210e+02   2.95567273e-01
4.0220e+02   2.95190035e-01
4.0230e+02   2.94812085e-01
4.0240e+02   2.94434047e-01
4.0250e+02   2.94055738e-01
4.0260e+02   2.93676841e-01
4.0270e+02   2.93298077e-01
4.0280e+02   2.92918495e-01
4.0290e+02   2.92539016e-01
4.0300e+02   2.92158975e-01
4.0310e+02   2.91778596e-01
4.0320e+02   2.91398141e-01
4.0330e+02   2.91016916e-01
4.0340e+02   2.90635854e-01
4.0350e+02   2.90254014e-01
4.0360e+02   2.89872088e-01
4.0370e+02   2.89489799e-01
4.0380e+02   2.89106924e-01
4.0390e+02   2.88724116e-01
4.0400e+02   2.88340451e-01
4.0410e+02   2.87956871e-01
4.0420e+02   2.87572648e-01
4.0430e+02   2.87188097e-01
4.0440e+02   2.86803387e-01
4.0450e+02   2.86417897e-01
4.0460e+02   2.86032527e-01
4.0470e+02   2.85646322e-01
4.0480e+02   2.85260035e-01
4.0490e+02   2.84873301e-01
4.0500e+02   2.84485992e-01
4.0510e+02   2.84098687e-01
4.0520e+02   2.83710498e-01
4.0530e+02   2.83322383e-01
4.0540e+02   2.82933555e-01
4.0550e+02   2.82544419e-01
4.0560e+02   2.82155050e-01
4.0570e+02   2.81764907e-01
4.0580e+02   2.81374850e-01
4.0590e+02   2.80983918e-01
4.0600e+02   2.80592919e-01
4.0610e+02   2.80201404e-01
4.0620e+02   2.79809343e-01
4.0630e+02   2.79417234e-01
4.0640e+02   2.79024239e-01
4.0650e+02   2.78631316e-01
4.0660e+02   2.78237634e-01
4.0670e+02   2.77843682e-01
4.0680e+02   2.77449440e-01
4.0690e+02   2.77054454e-01
4.0700e+02   2.76659537e-01
4.0710e+02   2.76263731e-01
4.0720e+02   2.75867892e-01
4.0730e+02   2.75471492e-01
4.0740e+02   2.75074600e-01
4.0750e+02   2.74677628e-01
4.0760e+02   2.74279796e-01
4.0770e+02   2.73882057e-01
4.0780e+02   2.73483541e-01
4.0790e+02   2.73084817e-01
4.0800e+02   2.72685773e-01
4.0810e+02   2.72286045e-01
4.0820e+02   2.71886391e-01
4.0830e+02   2.71485868e-01
4.0840e+02   2.71085370e-01
4.0850e+02   2.70684297e-01
4.0860e+02   2.70282814e-01
4.0870e+02   2.69881249e-01
4.0880e+02   2.69478883e-01
4.0890e+02   2.69076656e-01
4.0900e+02   2.68673668e-01
4.0910e+02   2.68270563e-01
4.0920e+02   2.67867140e-01
4.0930e+02   2.67463125e-01
4.0940e+02   2.67059216e-01
4.0950e+02   2.66654494e-01
4.0960e+02   2.66249883e-01
4.0970e+02   2.65844717e-01
4.0980e+02   2.65439256e-01
4.0990e+02   2.65033737e-01
4.1000e+02   2.64627513e-01
4.1010e+02   2.64221500e-01
4.1020e+02   2.63814778e-01
4.1030e+02   2.63408059e-01
4.1040e+02   2.63001053e-01
4.1050e+02   2.62593582e-01
4.1060e+02   2.62186274e-01
4.1070e+02   2.61778245e-01
4.1080e+02   2.61370438e-01
4.1090e+02   2.60962127e-01
4.1100e+02   2.60553663e-01
4.1110e+02   2.60145195e-01
4.1120e+02   2.59736147e-01
4.1130e+02   2.59327406e-01
4.1140e+02   2.58918038e-01
4.1150e+02   2.58508817e-01
4.1160e+02   2.58099365e-01
4.1170e+02   2.57689602e-01
4.1180e+02   2.57280080e-01
4.1190e+02   2.56869955e-01
4.1200e+02   2.56460181e-01
4.1210e+02   2.56049980e-01
4.1220e+02   2.55639788e-01
4.1230e+02   2.55229661e-01
4.1240e+02   2.54819105e-01
4.1250e+02   2.54408962e-01
4.1260e+02   2.53998297e-01
4.1270e+02   2.53587933e-01
4.1280e+02   2.53177412e-01
4.1290e+02   2.52766746e-01
4.1300e+02   2.52356410e-01
4.1310e+02   2.51945604e-01
4.1320e+02   2.51535284e-01
4.1330e+02   2.51124623e-01
4.1340e+02   2.50714142e-01
4.1350e+02   2.50303799e-01
4.1360e+02   2.49893185e-01
4.1370e+02   2.49483090e-01
4.1380e+02   2.49072584e-01
4.1390e+02   2.48662532e-01
4.1400e+02   2.48252396e-01
4.1410e+02   2.47842284e-01
4.1420e+02   2.47432580e-01
4.1430e+02   2.47022542e-01
4.1440e+02   2.46613112e-01
4.1450e+02   2.46203428e-01
4.1460e+02   2.45794081e-01
4.1470e+02   2.45384936e-01
4.1480e+02   2.44975669e-01
4.1490e+02   2.44567011e-01
4.1500e+02   2.44158045e-01
4.1510e+02   2.43749666e-01
4.1520e+02   2.43341263e-01
4.1530e+02   2.42933032e-01
4.1540e+02   2.42525271e-01
4.1550e+02   2.42117294e-01
4.1560e+02   2.41710022e-01
4.1570e+02   2.41302563e-01
4.1580e+02   2.40895574e-01
4.1590e+02   2.40488827e-01
4.1600e+02   2.40082085e-01
4.1610e+02   2.39676010e-01
4.1620e+02   2.39269708e-01
4.1630e+02   2.38864094e-01
4.1640e+02   2.38458488e-01
4.1650e+02   2.38053176e-01
4.1660e+02   2.37648359e-01
4.1670e+02   2.37243418e-01
4.1680e+02   2.36839243e-01
4.1690e+02   2.36434919e-01
4.1700e+02   2.36031163e-01
4.1710e+02   2.35627654e-01
4.1720e+02   2.35224245e-01
4.1730e+02   2.34821524e-01
4.1740e+02   2.34418625e-01
4.1750e+02   2.34016475e-01
4.1760e+02   2.33614335e-01
4.1770e+02   2.33212571e-01
4.1780e+02   2.32811291e-01
4.1790e+02   2.32409947e-01
4.1800e+02   2.32009389e-01
4.1810e+02   2.31608688e-01
4.1820e+02   2.31208614e-01
4.1830e+02   2.30808758e-01
4.1840e+02   2.30409062e-01
4.1850e+02   2.30010036e-01
4.1860e+02   2.29610850e-01
4.1870e+02   2.29212437e-01
4.1880e+02   2.28814002e-01
4.1890e+02   2.28415993e-01
4.1900e+02   2.28018421e-01
4.1910e+02   2.27620815e-01
4.1920e+02   2.27223978e-01
4.1930e+02   2.26826979e-01
4.1940e+02   2.26430630e-01
4.1950e+02   2.26034442e-01
4.1960e+02   2.25638447e-01
4.1970e+02   2.25243072e-01
4.1980e+02   2.24847533e-01
4.1990e+02   2.24452758e-01
4.2000e+02   2.24057909e-01
4.2010e+02   2.23663508e-01
4.2020e+02   2.23269474e-01
4.2030e+02   2.22875417e-01
4.2040e+02   2.22482087e-01
4.2050e+02   2.22088559e-01
4.2060e+02   2.21695684e-01
4.2070e+02   2.21302895e-01
4.2080e+02   2.20910316e-01
4.2090e+02   2.20518288e-01
4.2100e+02   2.20126085e-01
4.2110e+02   2.19734618e-01
4.2120e+02   2.19343017e-01
4.2130e+02   2.18951876e-01
4.2140e+02   2.18561021e-01
4.2150e+02   2.18170151e-01
4.2160e+02   2.17779954e-01
4.2170e+02   2.17389523e-01
4.2180e+02   2.16999739e-01
4.2190e+02   2.16609969e-01
4.2200e+02   2.16220425e-01
4.2210e+02   2.15831361e-01
4.2220e+02   2.15442115e-01
4.2230e+02   2.15053578e-01
4.2240e+02   2.14664855e-01
4.2250e+02   2.14276606e-01
4.2260e+02   2.13888570e-01
4.2270e+02   2.13500536e-01
4.2280e+02   2.13113128e-01
4.2290e+02   2.12725466e-01
4.2300e+02   2.12338453e-01
4.2310e+02   2.11951395e-01
4.2320e+02   2.11564594e-01
4.2330e+02   2.11178216e-01
4.2340e+02   2.10791669e-01
4.2350e+02   2.10405816e-01
4.2360e+02   2.10019748e-01
4.2370e+02   2.09634185e-01
4.2380e+02   2.09248784e-01
4.2390e+02   2.08863424e-01
4.2400e+02   2.08478661e-01
4.2410e+02   2.08093653e-01
4.2420e+02   2.07709315e-01
4.2430e+02   2.07324900e-01
4.2440e+02   2.06940799e-01
4.2450e+02   2.06557087e-01
4.2460e+02   2.06173251e-01
4.2470e+02   2.05790116e-01
4.2480e+02   2.05406768e-01
4.2490e+02   2.05023984e-01
4.2500e+02   2.04641337e-01
4.2510e+02   2.04258804e-01
4.2520e+02   2.03876864e-01
4.2530e+02   2.03494721e-01
4.2540e+02   2.03113296e-01
4.2550e+02   2.02731798e-01
4.2560e+02   2.02350698e-01
4.2570e+02   2.01969983e-01
4.2580e+02   2.01589221e-01
4.2590e+02   2.01209196e-01
4.2600e+02   2.00828996e-01
4.2610e+02   2.00449443e-01
4.2620e+02   2.00070037e-01
4.2630e+02   1.99690849e-01
4.2640e+02   1.99312278e-01
4.2650e+02   1.98933580e-01
4.2660e+02   1.98555673e-01
4.2670e+02   1.98177728e-01
4.2680e+02   1.97800294e-01
4.2690e+02   1.97423269e-01
4.2700e+02   1.97046307e-01
4.2710e+02   1.96670139e-01
4.2720e+02   1.96293865e-01
4.2730e+02   1.95918347e-01
4.2740e+02   1.95543013e-01
4.2750e+02   1.95168024e-01
4.2760e+02   1.94793699e-01
4.2770e+02   1.94419352e-01
4.2780e+02   1.94045887e-01
4.2790e+02   1.93672445e-01
4.2800e+02   1.93299647e-01
4.2810e+02   1.92927302e-01
4.2820e+02   1.92555152e-01
4.2830e+02   1.92183866e-01
4.2840e+02   1.91812569e-01
4.2850e+02   1.91442146e-01
4.2860e+02   1.91071963e-01
4.2870e+02   1.90702269e-01
4.2880e+02   1.90333296e-01
4.2890e+02   1.89964422e-01
4.2900e+02   1.89596529e-01
4.2910e+02   1.89228736e-01
4.2920e+02   1.88861725e-01
4.2930e+02   1.88495220e-01
4.2940e+02   1.88129052e-01
4.2950e+02   1.87763823e-01
4.2960e+02   1.87398684e-01
4.2970e+02   1.87034540e-01
4.2980e+02   1.86670697e-01
4.2990e+02   1.86307489e-01
4.3000e+02   1.85945057e-01
4.3010e+02   1.85582852e-01
4.3020e+02   1.85221718e-01
4.3030e+02   1.84860764e-01
4.3040e+02   1.84500727e-01
4.3050e+02   1.84141244e-01
4.3060e+02   1.83782237e-01
4.3070e+02   1.83424233e-01
4.3080e+02   1.83066421e-01
4.3090e+02   1.82709711e-01
4.3100e+02   1.82353358e-01
4.3110e+02   1.81997776e-01
4.3120e+02   1.81643015e-01
4.3130e+02   1.81288600e-01
4.3140e+02   1.80935333e-01
4.3150e+02   1.80582316e-01
4.3160e+02   1.80230335e-01
4.3170e+02   1.79878945e-01
4.3180e+02   1.79528157e-01
4.3190e+02   1.79178419e-01
4.3200e+02   1.78828964e-01
4.3210e+02   1.78480700e-01
4.3220e+02   1.78132835e-01
4.3230e+02   1.77785861e-01
4.3240e+02   1.77439735e-01
4.3250e+02   1.77094060e-01
4.3260e+02   1.76749588e-01
4.3270e+02   1.76405427e-01
4.3280e+02   1.76062397e-01
4.3290e+02   1.75719981e-01
4.3300e+02   1.75378276e-01
4.3310e+02   1.75037649e-01
4.3320e+02   1.74697381e-01
4.3330e+02   1.74358372e-01
4.3340e+02   1.74019792e-01
4.3350e+02   1.73682202e-01
4.3360e+02   1.73345471e-01
4.3370e+02   1.73009281e-01
4.3380e+02   1.72674331e-01
4.3390e+02   1.72339737e-01
4.3400e+02   1.72006353e-01
4.3410e+02   1.71673591e-01
4.3420e+02   1.71341635e-01
4.3430e+02   1.71010765e-01
4.3440e+02   1.70680323e-01
4.3450e+02   1.70351187e-01
4.3460e+02   1.70022500e-01
4.3470e+02   1.69694888e-01
4.3480e+02   1.69368130e-01
4.3490e+02   1.69041997e-01
4.3500e+02   1.68717121e-01
4.3510e+02   1.68392643e-01
4.3520e+02   1.68069437e-01
4.3530e+02   1.67746852e-01
4.3540e+02   1.67425158e-01
4.3550e+02   1.67104547e-01
4.3560e+02   1.66784427e-01
4.3570e+02   1.66465647e-01
4.3580e+02   1.66147331e-01
4.3590e+02   1.65830165e-01
4.3600e+02   1.65513842e-01
4.3610e+02   1.65198221e-01
4.3620e+02   1.64883865e-01
4.3630e+02   1.64569945e-01
4.3640e+02   1.64257350e-01
4.3650e+02   1.63945372e-01
4.3660e+02   1.63634365e-01
4.3670e+02   1.63324431e-01
4.3680e+02   1.63015047e-01
4.3690e+02   1.62707030e-01
4.3700e+02   1.62399492e-01
4.3710e+02   1.62093171e-01
4.3720e+02   1.61787680e-01
4.3730e+02   1.61482963e-01
4.3740e+02   1.61179513e-01
4.3750e+02   1.60876537e-01
4.3760e+02   1.60574931e-01
4.3770e+02   1.60273938e-01
4.3780e+02   1.59973989e-01
4.3790e+02   1.59675097e-01
4.3800e+02   1.59376816e-01
4.3810e+02   1.59079918e-01
4.3820e+02   1.58783514e-01
4.3830e+02   1.58488386e-01
4.3840e+02   1.58194069e-01
4.3850e+02   1.57900598e-01
4.3860e+02   1.57608384e-01
4.3870e+02   1.57316683e-01
4.3880e+02   1.57026384e-01
4.3890e+02   1.56736690e-01
4.3900e+02   1.56448105e-01
4.3910e+02   1.56160555e-01
4.3920e+02   1.55873670e-01
4.3930e+02   1.55588171e-01
4.3940e+02   1.55303178e-01
4.3950e+02   1.55019506e-01
4.3960e+02   1.54736620e-01
4.3970e+02   1.54454639e-01
4.3980e+02   1.54173893e-01
4.3990e+02   1.53893691e-01
4.4000e+02   1.53614909e-01
4.4010e+02   1.53336714e-01
4.4020e+02   1.53059680e-01
4.4030e+02   1.52783642e-01
4.4040e+02   1.52508313e-01
4.4050e+02   1.52234357e-01
4.4060e+02   1.51960905e-01
4.4070e+02   1.51688804e-01
4.4080e+02   1.51417446e-01
4.4090e+02   1.51147040e-01
4.4100e+02   1.50877828e-01
4.4110e+02   1.50609177e-01
4.4120e+02   1.50341941e-01
4.4130e+02   1.50075262e-01
4.4140e+02   1.49809775e-01
4.4150e+02   1.49545228e-01
4.4160e+02   1.49281418e-01
4.4170e+02   1.49018943e-01
4.4180e+02   1.48756960e-01
4.4190e+02   1.48496331e-01
4.4200e+02   1.48236389e-01
4.4210e+02   1.47977424e-01
4.4220e+02   1.47719591e-01
4.4230e+02   1.47462321e-01
4.4240e+02   1.47206438e-01
4.4250e+02   1.46951068e-01
4.4260e+02   1.46696898e-01
4.4270e+02   1.46443594e-01
4.4280e+02   1.46191038e-01
4.4290e+02   1.45939758e-01
4.4300e+02   1.45688943e-01
4.4310e+02   1.45439464e-01
4.4320e+02   1.45190601e-01
4.4330e+02   1.44942723e-01
4.4340e+02   1.44695896e-01
4.4350e+02   1.44449622e-01
4.4360e+02   1.44204687e-01
4.4370e+02   1.43960208e-01
4.4380e+02   1.43716922e-01
4.4390e+02   1.43474414e-01
4.4400e+02   1.43232654e-01
4.4410e+02   1.42992095e-01
4.4420e+02   1.42751964e-01
4.4430e+02   1.42513138e-01
4.4440e+02   1.42274850e-01
4.4450e+02   1.42037543e-01
4.4460e+02   1.41801196e-01
4.4470e+02   1.41565388e-01
4.4480e+02   1.41330858e-01
4.4490e+02   1.41096726e-01
4.4500e+02   1.40863771e-01
4.4510e+02   1.40631502e-01
4.4520e+02   1.40399979e-01
4.4530e+02   1.40169574e-01
4.4540e+02   1.39939567e-01
4.4550e+02   1.39710824e-01
4.4560e+02   1.39482544e-01
4.4570e+02   1.39255241e-01
4.4580e+02   1.39028808e-01
4.4590e+02   1.38802904e-01
4.4600e+02   1.38578218e-01
4.4610e+02   1.38353879e-01
4.4620e+02   1.38130701e-01
4.4630e+02   1.37908126e-01
4.4640e+02   1.37686300e-01
4.4650e+02   1.37465516e-01
4.4660e+02   1.37245107e-01
4.4670e+02   1.37025929e-01
4.4680e+02   1.36807150e-01
4.4690e+02   1.36589353e-01
4.4700e+02   1.36372345e-01
4.4710e+02   1.36155870e-01
4.4720e+02   1.35940558e-01
4.4730e+02   1.35725561e-01
4.4740e+02   1.35511716e-01
4.4750e+02   1.35298406e-01
4.4760e+02   1.35085861e-01
4.4770e+02   1.34874292e-01
4.4780e+02   1.34663096e-01
4.4790e+02   1.34453105e-01
4.4800e+02   1.34243467e-01
4.4810e+02   1.34034828e-01
4.4820e+02   1.33826911e-01
4.4830e+02   1.33619547e-01
4.4840e+02   1.33413303e-01
4.4850e+02   1.33207358e-01
4.4860e+02   1.33002570e-01
4.4870e+02   1.32798263e-01
4.4880e+02   1.32594751e-01
4.4890e+02   1.32392161e-01
4.4900e+02   1.32189957e-01
4.4910e+02   1.31988942e-01
4.4920e+02   1.31788251e-01
4.4930e+02   1.31588584e-01
4.4940e+02   1.31389586e-01
4.4950e+02   1.31191173e-01
4.4960e+02   1.30993844e-01
4.4970e+02   1.30796814e-01
4.4980e+02   1.30600948e-01
4.4990e+02   1.30405523e-01
4.5000e+02   1.30210931e-01
4.5010e+02   1.30017212e-01
4.5020e+02   1.29823902e-01
4.5030e+02   1.29631765e-01
4.5040e+02   1.29439935e-01
4.5050e+02   1.29249154e-01
4.5060e+02   1.29058993e-01
4.5070e+02   1.28869454e-01
4.5080e+02   1.28680960e-01
4.5090e+02   1.28492770e-01
4.5100e+02   1.28305748e-01
4.5110e+02   1.28119129e-01
4.5120e+02   1.27933376e-01
4.5130e+02   1.27748443e-01
4.5140e+02   1.27563944e-01
4.5150e+02   1.27380593e-01
4.5160e+02   1.27197527e-01
4.5170e+02   1.27015528e-01
4.5180e+02   1.26834093e-01
4.5190e+02   1.26653309e-01
4.5200e+02   1.26473520e-01
4.5210e+02   1.26294034e-01
4.5220e+02   1.26115704e-01
4.5230e+02   1.25937729e-01
4.5240e+02   1.25760641e-01
4.5250e+02   1.25584306e-01
4.5260e+02   1.25408416e-01
4.5270e+02   1.25233630e-01
4.5280e+02   1.25059098e-01
4.5290e+02   1.24885630e-01
4.5300e+02   1.24712654e-01
4.5310e+02   1.24540341e-01
4.5320e+02   1.24368953e-01
4.5330e+02   1.24197851e-01
4.5340e+02   1.24027869e-01
4.5350e+02   1.23858179e-01
4.5360e+02   1.23689374e-01
4.5370e+02   1.23521234e-01
4.5380e+02   1.23353531e-01
4.5390e+02   1.23186864e-01
4.5400e+02   1.23020401e-01
4.5410e+02   1.22854973e-01
4.5420e+02   1.22689947e-01
4.5430e+02   1.22525573e-01
4.5440e+02   1.22362028e-01
4.5450e+02   1.22198735e-01
4.5460e+02   1.22036500e-01
4.5470e+02   1.21874475e-01
4.5480e+02   1.21713308e-01
4.5490e+02   1.21552696e-01
4.5500e+02   1.21392494e-01
4.5510e+02   1.21233234e-01
4.5520e+02   1.21074113e-01
4.5530e+02   1.20915971e-01
4.5540e+02   1.20758123e-01
4.5550e+02   1.20600896e-01
4.5560e+02   1.20444381e-01
4.5570e+02   1.20288067e-01
4.5580e+02   1.20132726e-01
4.5590e+02   1.19977498e-01
4.5600e+02   1.19823081e-01
4.5610e+02   1.19669093e-01
4.5620e+02   1.19515473e-01
4.5630e+02   1.19362681e-01
4.5640e+02   1.19209950e-01
4.5650e+02   1.19058127e-01
4.5660e+02   1.18906478e-01
4.5670e+02   1.18755405e-01
4.5680e+02   1.18604913e-01
4.5690e+02   1.18454562e-01
4.5700e+02   1.18305085e-01
4.5710e+02   1.18155619e-01
4.5720e+02   1.18006904e-01
4.5730e+02   1.17858485e-01
4.5740e+02   1.17710386e-01
4.5750e+02   1.17562992e-01
4.5760e+02   1.17415581e-01
4.5770e+02   1.17268996e-01
4.5780e+02   1.17122464e-01
4.5790e+02   1.16976459e-01
4.5800e+02   1.16830901e-01
4.5810e+02   1.16685428e-01
4.5820e+02   1.16540723e-01
4.5830e+02   1.16395932e-01
4.5840e+02   1.16251831e-01
4.5850e+02   1.16107896e-01
4.5860e+02   1.15964236e-01
4.5870e+02   1.15821160e-01
4.5880e+02   1.15677997e-01
4.5890e+02   1.15535579e-01
4.5900e+02   1.15393103e-01
4.5910e+02   1.15251110e-01
4.5920e+02   1.15109437e-01
4.5930e+02   1.14967803e-01
4.5940e+02   1.14826836e-01
4.5950e+02   1.14685700e-01
4.5960e+02   1.14545199e-01
4.5970e+02   1.14404747e-01
4.5980e+02   1.14264537e-01
4.5990e+02   1.14124798e-01
4.6000e+02   1.13984918e-01
4.6010e+02   1.13845712e-01
4.6020e+02   1.13706352e-01
4.6030e+02   1.13567443e-01
4.6040e+02   1.13428741e-01
4.6050e+02   1.13290047e-01
4.6060e+02   1.13151932e-01
4.6070e+02   1.13013583e-01
4.6080e+02   1.12875825e-01
4.6090e+02   1.12738018e-01
4.6100e+02   1.12600435e-01
4.6110e+02   1.12463223e-01
4.6120e+02   1.12325836e-01
4.6130e+02   1.12189062e-01
4.6140e+02   1.12052061e-01
4.6150e+02   1.11915492e-01
4.6160e+02   1.11779033e-01
4.6170e+02   1.11642571e-01
4.6180e+02   1.11506610e-01
4.6190e+02   1.11370373e-01
4.6200e+02   1.11234696e-01
4.6210e+02   1.11098888e-01
4.6220e+02   1.10963303e-01
4.6230e+02   1.10828004e-01
4.6240e+02   1.10692516e-01
4.6250e+02   1.10557591e-01
4.6260e+02   1.10422385e-01
4.6270e+02   1.10287605e-01
4.6280e+02   1.10152854e-01
4.6290e+02   1.10018106e-01
4.6300e+02   1.09883794e-01
4.6310e+02   1.09749181e-01
4.6320e+02   1.09615108e-01
4.6330e+02   1.09480840e-01
4.6340e+02   1.09346807e-01
4.6350e+02   1.09212988e-01
4.6360e+02   1.09078981e-01
4.6370e+02   1.08945499e-01
4.6380e+02   1.08811698e-01
4.6390e+02   1.08678327e-01
4.6400e+02   1.08544919e-01
4.6410e+02   1.08411532e-01
4.6420e+02   1.08278526e-01
4.6430e+02   1.08145211e-01
4.6440e+02   1.08012422e-01
4.6450e+02   1.07879391e-01
4.6460e+02   1.07746614e-01
4.6470e+02   1.07613992e-01
4.6480e+02   1.07481197e-01
4.6490e+02   1.07348894e-01
4.6500e+02   1.07216250e-01
4.6510e+02   1.07084047e-01
4.6520e+02   1.06951753e-01
4.6530e+02   1.06819509e-01
4.6540e+02   1.06687598e-01
4.6550e+02   1.06555383e-01
4.6560e+02   1.06423687e-01
4.6570e+02   1.06291714e-01
4.6580e+02   1.06160025e-01
4.6590e+02   1.06028437e-01
4.6600e+02   1.05896705e-01
4.6610e+02   1.05765437e-01
4.6620e+02   1.05633819e-01
4.6630e+02   1.05502659e-01
4.6640e+02   1.05371365e-01
4.6650e+02   1.05240159e-01
4.6660e+02   1.05109245e-01
4.6670e+02   1.04978046e-01
4.6680e+02   1.04847363e-01
4.6690e+02   1.04716380e-01
4.6700e+02   1.04585717e-01
4.6710e+02   1.04455112e-01
4.6720e+02   1.04324402e-01
4.6730e+02   1.04194133e-01
4.6740e+02   1.04063520e-01
4.6750e+02   1.03933386e-01
4.6760e+02   1.03803086e-01
4.6770e+02   1.03672921e-01
4.6780e+02   1.03543014e-01
4.6790e+02   1.03412853e-01
4.6800e+02   1.03283209e-01
4.6810e+02   1.03153256e-01
4.6820e+02   1.03023664e-01
4.6830e+02   1.02894096e-01
4.6840e+02   1.02764472e-01
4.6850e+02   1.02635273e-01
4.6860e+02   1.02505746e-01
4.6870e+02   1.02376724e-01
4.6880e+02   1.02247514e-01
4.6890e+02   1.02118494e-01
4.6900e+02   1.01989704e-01
4.6910e+02   1.01860702e-01
4.6920e+02   1.01732222e-01
4.6930e+02   1.01603433e-01
4.6940e+02   1.01475051e-01
4.6950e+02   1.01346666e-01
4.6960e+02   1.01218282e-01
4.6970e+02   1.01090307e-01
4.6980e+02   1.00962032e-01
4.6990e+02   1.00834288e-01
4.7000e+02   1.00706343e-01
4.7010e+02   1.00578644e-01
4.7020e+02   1.00451151e-01
4.7030e+02   1.00323492e-01
4.7040e+02   1.00196359e-01
4.7050e+02   1.00068924e-01
4.7060e+02   9.99419406e-02
4.7070e+02   9.98149294e-02
4.7080e+02   9.96879765e-02
4.7090e+02   9.95614153e-02
4.7100e+02   9.94345834e-02
4.7110e+02   9.93083037e-02
4.7120e+02   9.91818099e-02
4.7130e+02   9.90556159e-02
4.7140e+02   9.89295965e-02
4.7150e+02   9.88034584e-02
4.7160e+02   9.86778392e-02
4.7170e+02   9.85519246e-02
4.7180e+02   9.84264957e-02
4.7190e+02   9.83010086e-02
4.7200e+02   9.81756295e-02
4.7210e+02   9.80506132e-02
4.7220e+02   9.79253501e-02
4.7230e+02   9.78006455e-02
4.7240e+02   9.76757065e-02
4.7250e+02   9.75511063e-02
4.7260e+02   9.74266381e-02
4.7270e+02   9.73020861e-02
4.7280e+02   9.71780294e-02
4.7290e+02   9.70536725e-02
4.7300e+02   9.69298165e-02
4.7310e+02   9.68058579e-02
4.7320e+02   9.66820407e-02
4.7330e+02   9.65585378e-02
4.7340e+02   9.64347980e-02
4.7350e+02   9.63116004e-02
4.7360e+02   9.61881329e-02
4.7370e+02   9.60650216e-02
4.7380e+02   9.59419799e-02
4.7390e+02   9.58188713e-02
4.7400e+02   9.56962100e-02
4.7410e+02   9.55732272e-02
4.7420e+02   9.54507354e-02
4.7430e+02   9.53280777e-02
4.7440e+02   9.52055726e-02
4.7450e+02   9.50833099e-02
4.7460e+02   9.49608018e-02
4.7470e+02   9.48387933e-02
4.7480e+02   9.47164613e-02
4.7490e+02   9.45944786e-02
4.7500e+02   9.44724821e-02
4.7510e+02   9.43504151e-02
4.7520e+02   9.42287229e-02
4.7530e+02   9.41066708e-02
4.7540e+02   9.39850750e-02
4.7550e+02   9.38632323e-02
4.7560e+02   9.37415326e-02
4.7570e+02   9.36199822e-02
4.7580e+02   9.34981620e-02
4.7590e+02   9.33767763e-02
4.7600e+02   9.32549996e-02
4.7610e+02   9.31335450e-02
4.7620e+02   9.30119776e-02
4.7630e+02   9.28903217e-02
4.7640e+02   9.27689500e-02
4.7650e+02   9.26471701e-02
4.7660e+02   9.25257945e-02
4.7670e+02   9.24040816e-02
4.7680e+02   9.22824897e-02
4.7690e+02   9.21609429e-02
4.7700e+02   9.20390954e-02
4.7710e+02   9.19176051e-02
4.7720e+02   9.17956535e-02
4.7730e+02   9.16739877e-02
4.7740e+02   9.15521069e-02
4.7750e+02   9.14301168e-02
4.7760e+02   9.13083154e-02
4.7770e+02   9.11860603e-02
4.7780e+02   9.10641534e-02
4.7790e+02   9.09418240e-02
4.7800e+02   9.08195944e-02
4.7810e+02   9.06973094e-02
4.7820e+02   9.05747007e-02
4.7830e+02   9.04523747e-02
4.7840e+02   9.03295293e-02
4.7850e+02   9.02069393e-02
4.7860e+02   9.00840444e-02
4.7870e+02   8.99610316e-02
4.7880e+02   8.98381229e-02
4.7890e+02   8.97147332e-02
4.7900e+02   8.95916473e-02
4.7910e+02   8.94680739e-02
4.7920e+02   8.93445955e-02
4.7930e+02   8.92209806e-02
4.7940e+02   8.90970416e-02
4.7950e+02   8.89733290e-02
4.7960e+02   8.88490659e-02
4.7970e+02   8.87250482e-02
4.7980e+02   8.86006629e-02
4.7990e+02   8.84761771e-02
4.8000e+02   8.83517359e-02
4.8010e+02   8.82268179e-02
4.8020e+02   8.81021841e-02
4.8030e+02   8.79770315e-02
4.8040e+02   8.78519975e-02
4.8050e+02   8.77267775e-02
4.8060e+02   8.76012671e-02
4.8070e+02   8.74759562e-02
4.8080e+02   8.73501016e-02
4.8090e+02   8.72245125e-02
4.8100e+02   8.70985304e-02
4.8110e+02   8.69724998e-02
4.8120e+02   8.68464883e-02
4.8130e+02   8.67200436e-02
4.8140e+02   8.65938957e-02
4.8150e+02   8.64672380e-02
4.8160e+02   8.63407567e-02
4.8170e+02   8.62140777e-02
4.8180e+02   8.60871803e-02
4.8190e+02   8.59604896e-02
4.8200e+02   8.58333029e-02
4.8210e+02   8.57064350e-02
4.8220e+02   8.55791883e-02
4.8230e+02   8.54519808e-02
4.8240e+02   8.53248021e-02
4.8250e+02   8.51972727e-02
4.8260e+02   8.50700843e-02
4.8270e+02   8.49424345e-02
4.8280e+02   8.48150505e-02
4.8290e+02   8.46874922e-02
4.8300e+02   8.45598222e-02
4.8310e+02   8.44323959e-02
4.8320e+02   8.43045573e-02
4.8330e+02   8.41771180e-02
4.8340e+02   8.40493475e-02
4.8350e+02   8.39217320e-02
4.8360e+02   8.37941827e-02
4.8370e+02   8.36663953e-02
4.8380e+02   8.35390155e-02
4.8390e+02   8.34112519e-02
4.8400e+02   8.32838643e-02
4.8410e+02   8.31563500e-02
4.8420e+02   8.30288526e-02
4.8430e+02   8.29016534e-02
4.8440e+02   8.27741482e-02
4.8450e+02   8.26471357e-02
4.8460e+02   8.25198587e-02
4.8470e+02   8.23928649e-02
4.8480e+02   8.22659868e-02
4.8490e+02   8.21389967e-02
4.8500e+02   8.20124862e-02
4.8510e+02   8.18856814e-02
4.8520e+02   8.17593649e-02
4.8530e+02   8.16329756e-02
4.8540e+02   8.15067341e-02
4.8550e+02   8.13808437e-02
4.8560e+02   8.12547559e-02
4.8570e+02   8.11292469e-02
4.8580e+02   8.10035388e-02
4.8590e+02   8.08782330e-02
4.8600e+02   8.07530837e-02
4.8610e+02   8.06279398e-02
4.8620e+02   8.05033314e-02
4.8630e+02   8.03785077e-02
4.8640e+02   8.02542650e-02
4.8650e+02   8.01299871e-02
4.8660e+02   8.00059678e-02
4.8670e+02   7.98823287e-02
4.8680e+02   7.97585804e-02
4.8690e+02   7.96354675e-02
4.8700e+02   7.95121971e-02
4.8710e+02   7.93894168e-02
4.8720e+02   7.92668036e-02
4.8730e+02   7.91442822e-02
4.8740e+02   7.90223151e-02
4.8750e+02   7.89001802e-02
4.8760e+02   7.87786779e-02
4.8770e+02   7.86571424e-02
4.8780e+02   7.85359356e-02
4.8790e+02   7.84150954e-02
4.8800e+02   7.82941950e-02
4.8810e+02   7.81739388e-02
4.8820e+02   7.80535261e-02
4.8830e+02   7.79336428e-02
4.8840e+02   7.78138914e-02
4.8850e+02   7.76942721e-02
4.8860e+02   7.75751748e-02
4.8870e+02   7.74559125e-02
4.8880e+02   7.73372810e-02
4.8890e+02   7.72185713e-02
4.8900e+02   7.71002093e-02
4.8910e+02   7.69821491e-02
4.8920e+02   7.68640302e-02
4.8930e+02   7.67465099e-02
4.8940e+02   7.66287877e-02
4.8950e+02   7.65115811e-02
4.8960e+02   7.63944227e-02
4.8970e+02   7.62773883e-02
4.8980e+02   7.61607919e-02
4.8990e+02   7.60439891e-02
4.9000e+02   7.59277641e-02
4.9010e+02   7.58113726e-02
4.9020e+02   7.56953010e-02
4.9030e+02   7.55794214e-02
4.9040e+02   7.54634438e-02
4.9050e+02   7.53479739e-02
4.9060e+02   7.52322203e-02
4.9070e+02   7.51169264e-02
4.9080e+02   7.50015614e-02
4.9090e+02   7.48862771e-02
4.9100e+02   7.47713108e-02
4.9110e+02   7.46560684e-02
4.9120e+02   7.45413169e-02
4.9130e+02   7.44262859e-02
4.9140e+02   7.43115194e-02
4.9150e+02   7.41968111e-02
4.9160e+02   7.40819465e-02
4.9170e+02   7.39674754e-02
4.9180e+02   7.38526262e-02
4.9190e+02   7.37381627e-02
4.9200e+02   7.36234985e-02
4.9210e+02   7.35088619e-02
4.9220e+02   7.33944138e-02
4.9230e+02   7.32796185e-02
4.9240e+02   7.31652203e-02
4.9250e+02   7.30504333e-02
4.9260e+02   7.29358553e-02
4.9270e+02   7.28212067e-02
4.9280e+02   7.27063523e-02
4.9290e+02   7.25917835e-02
4.9300e+02   7.24767577e-02
4.9310e+02   7.23620542e-02
4.9320e+02   7.22470388e-02
4.9330e+02   7.21320161e-02
4.9340e+02   7.20170713e-02
4.9350e+02   7.19017342e-02
4.9360e+02   7.17867211e-02
4.9370e+02   7.16712401e-02
4.9380e+02   7.15559388e-02
4.9390e+02   7.14404687e-02
4.9400e+02   7.13247766e-02
4.9410e+02   7.12092925e-02
4.9420e+02   7.10933118e-02
4.9430e+02   7.09776221e-02
4.9440e+02   7.08615500e-02
4.9450e+02   7.07454737e-02
4.9460e+02   7.06294033e-02
4.9470e+02   7.05129394e-02
4.9480e+02   7.03967642e-02
4.9490e+02   7.02800886e-02
4.9500e+02   7.01636036e-02
4.9510e+02   7.00468965e-02
4.9520e+02   6.99299967e-02
4.9530e+02   6.98132689e-02
4.9540e+02   6.96960534e-02
4.9550e+02   6.95791389e-02
4.9560e+02   6.94618191e-02
4.9570e+02   6.93445419e-02
4.9580e+02   6.92272424e-02
4.9590e+02   6.91095953e-02
4.9600e+02   6.89922420e-02
4.9610e+02   6.88744030e-02
4.9620e+02   6.87568056e-02
4.9630e+02   6.86389766e-02
4.9640e+02   6.85210263e-02
4.9650e+02   6.84032503e-02
4.9660e+02   6.82850394e-02
4.9670e+02   6.81671743e-02
4.9680e+02   6.80489224e-02
4.9690e+02   6.79307953e-02
4.9700e+02   6.78126531e-02
4.9710e+02   6.76942464e-02
4.9720e+02   6.75761681e-02
4.9730e+02   6.74576555e-02
4.9740e+02   6.73394630e-02
4.9750e+02   6.72210606e-02
4.9760e+02   6.71026371e-02
4.9770e+02   6.69844151e-02
4.9780e+02   6.68658400e-02
4.9790e+02   6.67476758e-02
4.9800e+02   6.66291694e-02
4.9810e+02   6.65108897e-02
4.9820e+02   6.63926220e-02
4.9830e+02   6.62741935e-02
4.9840e+02   6.61561419e-02
4.9850e+02   6.60377270e-02
4.9860e+02   6.59197219e-02
4.9870e+02   6.58015440e-02
4.9880e+02   6.56834569e-02
4.9890e+02   6.55656070e-02
4.9900e+02   6.54474986e-02
4.9910e+02   6.53298703e-02
4.9920e+02   6.52119550e-02
4.9930e+02   6.50943714e-02
4.9940e+02   6.49768319e-02
4.9950e+02   6.48592405e-02
4.9960e+02   6.47420736e-02
4.9970e+02   6.46246198e-02
4.9980e+02   6.45076622e-02
4.9990e+02   6.43905707e-02
5.0000e+02   6.42736799e-02
5.0010e+02   6.41570581e-02
5.0020e+02   6.40402725e-02
5.0030e+02   6.39240282e-02
5.0040e+02   6.38075510e-02
5.0050e+02   6.36915029e-02
5.0060e+02   6.35755253e-02
5.0070e+02   6.34595995e-02
5.0080e+02   6.33441354e-02
5.0090e+02   6.32284570e-02
5.0100e+02   6.31133490e-02
5.0110e+02   6.29981396e-02
5.0120e+02   6.28832308e-02
5.0130e+02   6.27686120e-02
5.0140e+02   6.26539167e-02
5.0150e+02   6.25398096e-02
5.0160e+02   6.24255168e-02
5.0170e+02   6.23117362e-02
5.0180e+02   6.21980425e-02
5.0190e+02   6.20844933e-02
5.0200e+02   6.19714283e-02
5.0210e+02   6.18582132e-02
5.0220e+02   6.17456262e-02
5.0230e+02   6.16329610e-02
5.0240e+02   6.15206818e-02
5.0250e+02   6.14086998e-02
5.0260e+02   6.12967180e-02
5.0270e+02   6.11853541e-02
5.0280e+02   6.10738420e-02
5.0290e+02   6.09629085e-02
5.0300e+02   6.08520657e-02
5.0310e+02   6.07414466e-02
5.0320e+02   6.06313175e-02
5.0330e+02   6.05210917e-02
5.0340e+02   6.04115332e-02
5.0350e+02   6.03019079e-02
5.0360e+02   6.01927377e-02
5.0370e+02   6.00838563e-02
5.0380e+02   5.99750389e-02
5.0390e+02   5.98668498e-02
5.0400e+02   5.97585384e-02
5.0410e+02   5.96508526e-02
5.0420e+02   5.95432469e-02
5.0430e+02   5.94359280e-02
5.0440e+02   5.93290862e-02
5.0450e+02   5.92221876e-02
5.0460e+02   5.91159745e-02
5.0470e+02   5.90096921e-02
5.0480e+02   5.89039141e-02
5.0490e+02   5.87983986e-02
5.0500e+02   5.86929946e-02
5.0510e+02   5.85882074e-02
5.0520e+02   5.84833088e-02
5.0530e+02   5.83790604e-02
5.0540e+02   5.82748641e-02
5.0550e+02   5.81709977e-02
5.0560e+02   5.80675735e-02
5.0570e+02   5.79641157e-02
5.0580e+02   5.78613366e-02
5.0590e+02   5.77584684e-02
5.0600e+02   5.76561303e-02
5.0610e+02   5.75540072e-02
5.0620e+02   5.74520225e-02
5.0630e+02   5.73506179e-02
5.0640e+02   5.72490943e-02
5.0650e+02   5.71482187e-02
5.0660e+02   5.70473469e-02
5.0670e+02   5.69468240e-02
5.0680e+02   5.68466837e-02
5.0690e+02   5.67465118e-02
5.0700e+02   5.66469843e-02
5.0710e+02   5.65473274e-02
5.0720e+02   5.64481993e-02
5.0730e+02   5.63492151e-02
5.0740e+02   5.62503731e-02
5.0750e+02   5.61520468e-02
5.0760e+02   5.60535730e-02
5.0770e+02   5.59557169e-02
5.0780e+02   5.58577941e-02
5.0790e+02   5.57602137e-02
5.0800e+02   5.56629308e-02
5.0810e+02   5.55655970e-02
5.0820e+02   5.54688450e-02
5.0830e+02   5.53719034e-02
5.0840e+02   5.52754628e-02
5.0850e+02   5.51790729e-02
5.0860e+02   5.50828066e-02
5.0870e+02   5.49869665e-02
5.0880e+02   5.48909322e-02
5.0890e+02   5.47954594e-02
5.0900e+02   5.46998317e-02
5.0910e+02   5.46045181e-02
5.0920e+02   5.45093962e-02
5.0930e+02   5.44141875e-02
5.0940e+02   5.43194762e-02
5.0950e+02   5.42245013e-02
5.0960e+02   5.41299797e-02
5.0970e+02   5.40354012e-02
5.0980e+02   5.39409135e-02
5.0990e+02   5.38467464e-02
5.1000e+02   5.37523290e-02
5.1010e+02   5.36584014e-02
5.1020e+02   5.35642230e-02
5.1030e+02   5.34703194e-02
5.1040e+02   5.33764933e-02
5.1050e+02   5.32825396e-02
5.1060e+02   5.31889897e-02
5.1070e+02   5.30951016e-02
5.1080e+02   5.30016128e-02
5.1090e+02   5.29079599e-02
5.1100e+02   5.28143646e-02
5.1110e+02   5.27209833e-02
5.1120e+02   5.26273016e-02
5.1130e+02   5.25340380e-02
5.1140e+02   5.24404370e-02
5.1150e+02   5.23470758e-02
5.1160e+02   5.22536868e-02
5.1170e+02   5.21601409e-02
5.1180e+02   5.20669131e-02
5.1190e+02   5.19732894e-02
5.1200e+02   5.18800215e-02
5.1210e+02   5.17865001e-02
5.1220e+02   5.16930198e-02
5.1230e+02   5.15996637e-02
5.1240e+02   5.15059800e-02
5.1250e+02   5.14126599e-02
5.1260e+02   5.13189416e-02
5.1270e+02   5.12254497e-02
5.1280e+02   5.11318497e-02
5.1290e+02   5.10380911e-02
5.1300e+02   5.09445889e-02
5.1310e+02   5.08506651e-02
5.1320e+02   5.07570793e-02
5.1330e+02   5.06631832e-02
5.1340e+02   5.05693420e-02
5.1350e+02   5.04755660e-02
5.1360e+02   5.03814707e-02
5.1370e+02   5.02877142e-02
5.1380e+02   5.01935364e-02
5.1390e+02   5.00996036e-02
5.1400e+02   5.00055186e-02
5.1410e+02   4.99113098e-02
5.1420e+02   4.98173293e-02
5.1430e+02   4.97229414e-02
5.1440e+02   4.96289064e-02
5.1450e+02   4.95345442e-02
5.1460e+02   4.94402863e-02
5.1470e+02   4.93460705e-02
5.1480e+02   4.92515836e-02
5.1490e+02   4.91574437e-02
5.1500e+02   4.90628999e-02
5.1510e+02   4.89686533e-02
5.1520e+02   4.88742480e-02
5.1530e+02   4.87797904e-02
5.1540e+02   4.86855658e-02
5.1550e+02   4.85909871e-02
5.1560e+02   4.84968070e-02
5.1570e+02   4.84023196e-02
5.1580e+02   4.83080185e-02
5.1590e+02   4.82137689e-02
5.1600e+02   4.81193309e-02
5.1610e+02   4.80252763e-02
5.1620e+02   4.79308703e-02
5.1630e+02   4.78368406e-02
5.1640e+02   4.77426770e-02
5.1650e+02   4.76485618e-02
5.1660e+02   4.75547102e-02
5.1670e+02   4.74605884e-02
5.1680e+02   4.73669335e-02
5.1690e+02   4.72730206e-02
5.1700e+02   4.71793985e-02
5.1710e+02   4.70858617e-02
5.1720e+02   4.69922444e-02
5.1730e+02   4.68990662e-02
5.1740e+02   4.68056147e-02
5.1750e+02   4.67126364e-02
5.1760e+02   4.66195713e-02
5.1770e+02   4.65266748e-02
5.1780e+02   4.64340898e-02
5.1790e+02   4.63413401e-02
5.1800e+02   4.62491395e-02
5.1810e+02   4.61567505e-02
5.1820e+02   4.60647717e-02
5.1830e+02   4.59729278e-02
5.1840e+02   4.58811288e-02
5.1850e+02   4.57898363e-02
5.1860e+02   4.56983671e-02
5.1870e+02   4.56074787e-02
5.1880e+02   4.55165667e-02
5.1890e+02   4.54259564e-02
5.1900e+02   4.53357170e-02
5.1910e+02   4.52454343e-02
5.1920e+02   4.51557915e-02
5.1930e+02   4.50660458e-02
5.1940e+02   4.49768388e-02
5.1950e+02   4.48878291e-02
5.1960e+02   4.47990021e-02
5.1970e+02   4.47107572e-02
5.1980e+02   4.46224469e-02
5.1990e+02   4.45348319e-02
5.2000e+02   4.44472693e-02
5.2010e+02   4.43601507e-02
5.2020e+02   4.42734710e-02
5.2030e+02   4.41868813e-02
5.2040e+02   4.41010274e-02
5.2050e+02   4.40151682e-02
5.2060e+02   4.39299815e-02
5.2070e+02   4.38450623e-02
5.2080e+02   4.37604713e-02
5.2090e+02   4.36765411e-02
5.2100e+02   4.35926655e-02
5.2110e+02   4.35095998e-02
5.2120e+02   4.34266684e-02
5.2130e+02   4.33443240e-02
5.2140e+02   4.32624860e-02
5.2150e+02   4.31808733e-02
5.2160e+02   4.31000863e-02
5.2170e+02   4.30193912e-02
5.2180e+02   4.29394937e-02
5.2190e+02   4.28599277e-02
5.2200e+02   4.27808261e-02
5.2210e+02   4.27024499e-02
5.2220e+02   4.26242372e-02
5.2230e+02   4.25469285e-02
5.2240e+02   4.24698196e-02
5.2250e+02   4.23934166e-02
5.2260e+02   4.23175622e-02
5.2270e+02   4.22420420e-02
5.2280e+02   4.21674021e-02
5.2290e+02   4.20929206e-02
5.2300e+02   4.20193197e-02
5.2310e+02   4.19460742e-02
5.2320e+02   4.18733836e-02
5.2330e+02   4.18014312e-02
5.2340e+02   4.17297014e-02
5.2350e+02   4.16589081e-02
5.2360e+02   4.15883221e-02
5.2370e+02   4.15184935e-02
5.2380e+02   4.14491860e-02
5.2390e+02   4.13802499e-02
5.2400e+02   4.13121680e-02
5.2410e+02   4.12442329e-02
5.2420e+02   4.11771728e-02
5.2430e+02   4.11104045e-02
5.2440e+02   4.10441882e-02
5.2450e+02   4.09786246e-02
5.2460e+02   4.09132456e-02
5.2470e+02   4.08487287e-02
5.2480e+02   4.07843235e-02
5.2490e+02   4.07206160e-02
5.2500e+02   4.06572908e-02
5.2510e+02   4.05942618e-02
5.2520e+02   4.05319422e-02
5.2530e+02   4.04696440e-02
5.2540e+02   4.04080931e-02
5.2550e+02   4.03466533e-02
5.2560e+02   4.02856424e-02
5.2570e+02   4.02250772e-02
5.2580e+02   4.01645422e-02
5.2590e+02   4.01046726e-02
5.2600e+02   4.00447055e-02
5.2610e+02   3.99852582e-02
5.2620e+02   3.99259423e-02
5.2630e+02   3.98667383e-02
5.2640e+02   3.98079887e-02
5.2650e+02   3.97490361e-02
5.2660e+02   3.96906002e-02
5.2670e+02   3.96320034e-02
5.2680e+02   3.95736225e-02
5.2690e+02   3.95153964e-02
5.2700e+02   3.94569718e-02
5.2710e+02   3.93989418e-02
5.2720e+02   3.93405458e-02
5.2730e+02   3.92824334e-02
5.2740e+02   3.92241548e-02
5.2750e+02   3.91657648e-02
5.2760e+02   3.91075411e-02
5.2770e+02   3.90488709e-02
5.2780e+02   3.89904703e-02
5.2790e+02   3.89316358e-02
5.2800e+02   3.88728083e-02
5.2810e+02   3.88138593e-02
5.2820e+02   3.87545104e-02
5.2830e+02   3.86953165e-02
5.2840e+02   3.86355361e-02
5.2850e+02   3.85758540e-02
5.2860e+02   3.85157731e-02
5.2870e+02   3.84554312e-02
5.2880e+02   3.83950471e-02
5.2890e+02   3.83340681e-02
5.2900e+02   3.82732075e-02
5.2910e+02   3.82117516e-02
5.2920e+02   3.81502086e-02
5.2930e+02   3.80883916e-02
5.2940e+02   3.80261066e-02
5.2950e+02   3.79638715e-02
5.2960e+02   3.79009772e-02
5.2970e+02   3.78381425e-02
5.2980e+02   3.77748328e-02
5.2990e+02   3.77112717e-02
5.3000e+02   3.76476209e-02
5.3010e+02   3.75833961e-02
5.3020e+02   3.75193032e-02
5.3030e+02   3.74546270e-02
5.3040e+02   3.73899391e-02
5.3050e+02   3.73249967e-02
5.3060e+02   3.72596912e-02
5.3070e+02   3.71944978e-02
5.3080e+02   3.71287451e-02
5.3090e+02   3.70631762e-02
5.3100e+02   3.69972218e-02
5.3110e+02   3.69311848e-02
5.3120e+02   3.68651647e-02
5.3130e+02   3.67987449e-02
5.3140e+02   3.67326121e-02
5.3150e+02   3.66660508e-02
5.3160e+02   3.65996835e-02
5.3170e+02   3.65332074e-02
5.3180e+02   3.64665931e-02
5.3190e+02   3.64002609e-02
5.3200e+02   3.63335756e-02
5.3210e+02   3.62672890e-02
5.3220e+02   3.62007944e-02
5.3230e+02   3.61344621e-02
5.3240e+02   3.60683199e-02
5.3250e+02   3.60020139e-02
5.3260e+02   3.59361956e-02
5.3270e+02   3.58701475e-02
5.3280e+02   3.58045277e-02
5.3290e+02   3.57389675e-02
5.3300e+02   3.56735079e-02
5.3310e+02   3.56085017e-02
5.3320e+02   3.55433476e-02
5.3330e+02   3.54787904e-02
5.3340e+02   3.54141842e-02
5.3350e+02   3.53499548e-02
5.3360e+02   3.52860509e-02
5.3370e+02   3.52221777e-02
5.3380e+02   3.51589384e-02
5.3390e+02   3.50956143e-02
5.3400e+02   3.50328865e-02
5.3410e+02   3.49703191e-02
5.3420e+02   3.49080177e-02
5.3430e+02   3.48462597e-02
5.3440e+02   3.47844796e-02
5.3450e+02   3.47234040e-02
5.3460e+02   3.46623513e-02
5.3470e+02   3.46017958e-02
5.3480e+02   3.45416057e-02
5.3490e+02   3.44815460e-02
5.3500e+02   3.44221648e-02
5.3510e+02   3.43627482e-02
5.3520e+02   3.43039931e-02
5.3530e+02   3.42454010e-02
5.3540e+02   3.41871412e-02
5.3550e+02   3.41294139e-02
5.3560e+02   3.40716961e-02
5.3570e+02   3.40146905e-02
5.3580e+02   3.39576884e-02
5.3590e+02   3.39012099e-02
5.3600e+02   3.38450467e-02
5.3610e+02   3.37890281e-02
5.3620e+02   3.37336448e-02
5.3630e+02   3.36781980e-02
5.3640e+02   3.36233964e-02
5.3650e+02   3.35686877e-02
5.3660e+02   3.35143061e-02
5.3670e+02   3.34603771e-02
5.3680e+02   3.34064283e-02
5.3690e+02   3.33531359e-02
5.3700e+02   3.32997748e-02
5.3710e+02   3.32469094e-02
5.3720e+02   3.31942610e-02
5.3730e+02   3.31417288e-02
5.3740e+02   3.30897450e-02
5.3750e+02   3.30376364e-02
5.3760e+02   3.29861205e-02
5.3770e+02   3.29346000e-02
5.3780e+02   3.28833753e-02
5.3790e+02   3.28324993e-02
5.3800e+02   3.27815585e-02
5.3810e+02   3.27311984e-02
5.3820e+02   3.26806885e-02
5.3830e+02   3.26306343e-02
5.3840e+02   3.25806926e-02
5.3850e+02   3.25308357e-02
5.3860e+02   3.24814357e-02
5.3870e+02   3.24318542e-02
5.3880e+02   3.23828119e-02
5.3890e+02   3.23336753e-02
5.3900e+02   3.22848091e-02
5.3910e+02   3.22361953e-02
5.3920e+02   3.21874845e-02
5.3930e+02   3.21392871e-02
5.3940e+02   3.20908751e-02
5.3950e+02   3.20428904e-02
5.3960e+02   3.19949299e-02
5.3970e+02   3.19470398e-02
5.3980e+02   3.18995295e-02
5.3990e+02   3.18518020e-02
5.4000e+02   3.18045748e-02
5.4010e+02   3.17571847e-02
5.4020e+02   3.17100574e-02
5.4030e+02   3.16631045e-02
5.4040e+02   3.16160440e-02
5.4050e+02   3.15694453e-02
5.4060e+02   3.15225902e-02
5.4070e+02   3.14761503e-02
5.4080e+02   3.14296665e-02
5.4090e+02   3.13832581e-02
5.4100e+02   3.13371687e-02
5.4110e+02   3.12908478e-02
5.4120e+02   3.12450026e-02
5.4130e+02   3.11989462e-02
5.4140e+02   3.11531604e-02
5.4150e+02   3.11074873e-02
5.4160e+02   3.10617141e-02
5.4170e+02   3.10163633e-02
5.4180e+02   3.09707331e-02
5.4190e+02   3.09255172e-02
5.4200e+02   3.08802051e-02
5.4210e+02   3.08349869e-02
5.4220e+02   3.07900377e-02
5.4230e+02   3.07448585e-02
5.4240e+02   3.07001382e-02
5.4250e+02   3.06551730e-02
5.4260e+02   3.06104951e-02
5.4270e+02   3.05658783e-02
5.4280e+02   3.05211806e-02
5.4290e+02   3.04768718e-02
5.4300e+02   3.04322730e-02
5.4310e+02   3.03880926e-02
5.4320e+02   3.03437736e-02
5.4330e+02   3.02995741e-02
5.4340e+02   3.02555990e-02
5.4350e+02   3.02114049e-02
5.4360e+02   3.01676555e-02
5.4370e+02   3.01236366e-02
5.4380e+02   3.00799250e-02
5.4390e+02   3.00362284e-02
5.4400e+02   2.99924763e-02
5.4410e+02   2.99490812e-02
5.4420e+02   2.99053934e-02
5.4430e+02   2.98621287e-02
5.4440e+02   2.98186889e-02
5.4450e+02   2.97753970e-02
5.4460e+02   2.97322867e-02
5.4470e+02   2.96889744e-02
5.4480e+02   2.96460919e-02
5.4490e+02   2.96029212e-02
5.4500e+02   2.95600778e-02
5.4510e+02   2.95172065e-02
5.4520e+02   2.94743082e-02
5.4530e+02   2.94317344e-02
5.4540e+02   2.93888706e-02
5.4550e+02   2.93464327e-02
5.4560e+02   2.93037874e-02
5.4570e+02   2.92613192e-02
5.4580e+02   2.92189904e-02
5.4590e+02   2.91764803e-02
5.4600e+02   2.91343826e-02
5.4610e+02   2.90919831e-02
5.4620e+02   2.90499294e-02
5.4630e+02   2.90078068e-02
5.4640e+02   2.89656877e-02
5.4650e+02   2.89238590e-02
5.4660e+02   2.88817474e-02
5.4670e+02   2.88400620e-02
5.4680e+02   2.87981404e-02
5.4690e+02   2.87564245e-02
5.4700e+02   2.87148059e-02
5.4710e+02   2.86730300e-02
5.4720e+02   2.86316465e-02
5.4730e+02   2.85899518e-02
5.4740e+02   2.85486191e-02
5.4750e+02   2.85071788e-02
5.4760e+02   2.84657734e-02
5.4770e+02   2.84246229e-02
5.4780e+02   2.83832006e-02
5.4790e+02   2.83422015e-02
5.4800e+02   2.83009413e-02
5.4810e+02   2.82599144e-02
5.4820e+02   2.82189431e-02
5.4830e+02   2.81778410e-02
5.4840e+02   2.81371088e-02
5.4850e+02   2.80960601e-02
5.4860e+02   2.80553871e-02
5.4870e+02   2.80145702e-02
5.4880e+02   2.79738203e-02
5.4890e+02   2.79332885e-02
5.4900e+02   2.78924997e-02
5.4910e+02   2.78521281e-02
5.4920e+02   2.78114742e-02
5.4930e+02   2.77710801e-02
5.4940e+02   2.77307005e-02
5.4950e+02   2.76902189e-02
5.4960e+02   2.76500820e-02
5.4970e+02   2.76096278e-02
5.4980e+02   2.75695604e-02
5.4990e+02   2.75293152e-02
5.5000e+02   2.74891696e-02
