-1.5000e+02   1.65199420e-03
-1.4990e+02   1.65376209e-03
-1.4980e+02   1.65609738e-03
-1.4970e+02   1.65731095e-03
-1.4960e+02   1.65992248e-03
-1.4950e+02   1.66123546e-03
-1.4940e+02   1.66342276e-03
-1.4930e+02   1.66540054e-03
-1.4920e+02   1.66688052e-03
-1.4910e+02   1.66945006e-03
-1.4900e+02   1.67063353e-03
-1.4890e+02   1.67315269e-03
-1.4880e+02   1.67474666e-03
-1.4870e+02   1.67662732e-03
-1.4860e+02   1.67894818e-03
-1.4850e+02   1.68022842e-03
-1.4840e+02   1.68289316e-03
-1.4830e+02   1.68420196e-03
-1.4820e+02   1.68649888e-03
-1.4810e+02   1.68844597e-03
-1.4800e+02   1.69002604e-03
-1.4790e+02   1.69260881e-03
-1.4780e+02   1.69382619e-03
-1.4770e+02   1.69643062e-03
-1.4760e+02   1.69800013e-03
-1.4750e+02   1.69999639e-03
-1.4740e+02   1.70229921e-03
-1.4730e+02   1.70365428e-03
-1.4720e+02   1.70636635e-03
-1.4710e+02   1.70767778e-03
-1.4700e+02   1.71008310e-03
-1.4690e+02   1.71199956e-03
-1.4680e+02   1.71368562e-03
-1.4670e+02   1.71627610e-03
-1.4660e+02   1.71753594e-03
-1.4650e+02   1.72022114e-03
-1.4640e+02   1.72177030e-03
-1.4630e+02   1.72388436e-03
-1.4620e+02   1.72616609e-03
-1.4610e+02   1.72760401e-03
-1.4600e+02   1.73035741e-03
-1.4590e+02   1.73167881e-03
-1.4580e+02   1.73419072e-03
-1.4570e+02   1.73607734e-03
-1.4560e+02   1.73787480e-03
-1.4550e+02   1.74046775e-03
-1.4540e+02   1.74177875e-03
-1.4530e+02   1.74453984e-03
-1.4520e+02   1.74607351e-03
-1.4510e+02   1.74830687e-03
-1.4500e+02   1.75056509e-03
-1.4490e+02   1.75209365e-03
-1.4480e+02   1.75488235e-03
-1.4470e+02   1.75622156e-03
-1.4460e+02   1.75883759e-03
-1.4450e+02   1.76069597e-03
-1.4440e+02   1.76260970e-03
-1.4430e+02   1.76520025e-03
-1.4420e+02   1.76657124e-03
-1.4410e+02   1.76940295e-03
-1.4400e+02   1.77092669e-03
-1.4390e+02   1.77328019e-03
-1.4380e+02   1.77551316e-03
-1.4370e+02   1.77713987e-03
-1.4360e+02   1.77995786e-03
-1.4350e+02   1.78132315e-03
-1.4340e+02   1.78404027e-03
-1.4330e+02   1.78587278e-03
-1.4320e+02   1.78790707e-03
-1.4310e+02   1.79049078e-03
-1.4300e+02   1.79193062e-03
-1.4290e+02   1.79482740e-03
-1.4280e+02   1.79634746e-03
-1.4270e+02   1.79882126e-03
-1.4260e+02   1.80102793e-03
-1.4250e+02   1.80275996e-03
-1.4240e+02   1.80560135e-03
-1.4230e+02   1.80700135e-03
-1.4220e+02   1.80981597e-03
-1.4210e+02   1.81162580e-03
-1.4200e+02   1.81378431e-03
-1.4190e+02   1.81635724e-03
-1.4180e+02   1.81787477e-03
-1.4170e+02   1.82083085e-03
-1.4160e+02   1.82235412e-03
-1.4150e+02   1.82494771e-03
-1.4140e+02   1.82712780e-03
-1.4130e+02   1.82897188e-03
-1.4120e+02   1.83183096e-03
-1.4110e+02   1.83327465e-03
-1.4100e+02   1.83618268e-03
-1.4090e+02   1.83797378e-03
-1.4080e+02   1.84025955e-03
-1.4070e+02   1.84281830e-03
-1.4060e+02   1.84442227e-03
-1.4050e+02   1.84743170e-03
-1.4040e+02   1.84896569e-03
-1.4030e+02   1.85167787e-03
-1.4020e+02   1.85383189e-03
-1.4010e+02   1.85579431e-03
-1.4000e+02   1.85866562e-03
-1.3990e+02   1.86016223e-03
-1.3980e+02   1.86315910e-03
-1.3970e+02   1.86493624e-03
-1.3960e+02   1.86735161e-03
-1.3950e+02   1.86989343e-03
-1.3940e+02   1.87159241e-03
-1.3930e+02   1.87464916e-03
-1.3920e+02   1.87620193e-03
-1.3910e+02   1.87903089e-03
-1.3900e+02   1.88116014e-03
-1.3890e+02   1.88324668e-03
-1.3880e+02   1.88612510e-03
-1.3870e+02   1.88768402e-03
-1.3860e+02   1.89076477e-03
-1.3850e+02   1.89253349e-03
-1.3840e+02   1.89508013e-03
-1.3830e+02   1.89760292e-03
-1.3820e+02   1.89940526e-03
-1.3810e+02   1.90250328e-03
-1.3800e+02   1.90408343e-03
-1.3790e+02   1.90702669e-03
-1.3780e+02   1.90913333e-03
-1.3770e+02   1.91134920e-03
-1.3760e+02   1.91423001e-03
-1.3750e+02   1.91586077e-03
-1.3740e+02   1.91902009e-03
-1.3730e+02   1.92078666e-03
-1.3720e+02   1.92346555e-03
-1.3710e+02   1.92596793e-03
-1.3700e+02   1.92788168e-03
-1.3690e+02   1.93101501e-03
-1.3680e+02   1.93263157e-03
-1.3670e+02   1.93568609e-03
-1.3660e+02   1.93777309e-03
-1.3650e+02   1.94012290e-03
-1.3640e+02   1.94300186e-03
-1.3630e+02   1.94471403e-03
-1.3620e+02   1.94794635e-03
-1.3610e+02   1.94971777e-03
-1.3600e+02   1.95252918e-03
-1.3590e+02   1.95501057e-03
-1.3580e+02   1.95704341e-03
-1.3570e+02   1.96020620e-03
-1.3560e+02   1.96186861e-03
-1.3550e+02   1.96503080e-03
-1.3540e+02   1.96710200e-03
-1.3530e+02   1.96958972e-03
-1.3520e+02   1.97246315e-03
-1.3510e+02   1.97426626e-03
-1.3500e+02   1.97756577e-03
-1.3490e+02   1.97934973e-03
-1.3480e+02   1.98229325e-03
-1.3470e+02   1.98475386e-03
-1.3460e+02   1.98691305e-03
-1.3450e+02   1.99009970e-03
-1.3440e+02   1.99181773e-03
-1.3430e+02   1.99508349e-03
-1.3420e+02   1.99714356e-03
-1.3410e+02   1.99977251e-03
-1.3400e+02   2.00263733e-03
-1.3390e+02   2.00454082e-03
-1.3380e+02   2.00790159e-03
-1.3370e+02   2.00970643e-03
-1.3360e+02   2.01278097e-03
-1.3350e+02   2.01522186e-03
-1.3340e+02   2.01751419e-03
-1.3330e+02   2.02071937e-03
-1.3320e+02   2.02250307e-03
-1.3310e+02   2.02586784e-03
-1.3300e+02   2.02792231e-03
-1.3290e+02   2.03069510e-03
-1.3280e+02   2.03354892e-03
-1.3270e+02   2.03556207e-03
-1.3260e+02   2.03897809e-03
-1.3250e+02   2.04081275e-03
-1.3240e+02   2.04401656e-03
-1.3230e+02   2.04643966e-03
-1.3220e+02   2.04887137e-03
-1.3210e+02   2.05209017e-03
-1.3200e+02   2.05394978e-03
-1.3190e+02   2.05740860e-03
-1.3180e+02   2.05946382e-03
-1.3170e+02   2.06238237e-03
-1.3160e+02   2.06522353e-03
-1.3150e+02   2.06735536e-03
-1.3140e+02   2.07082068e-03
-1.3130e+02   2.07269462e-03
-1.3120e+02   2.07602534e-03
-1.3110e+02   2.07843347e-03
-1.3100e+02   2.08101024e-03
-1.3090e+02   2.08423819e-03
-1.3080e+02   2.08618407e-03
-1.3070e+02   2.08973167e-03
-1.3060e+02   2.09179477e-03
-1.3050e+02   2.09486029e-03
-1.3040e+02   2.09768793e-03
-1.3030e+02   2.09994716e-03
-1.3020e+02   2.10345590e-03
-1.3010e+02   2.10537911e-03
-1.3000e+02   2.10883376e-03
-1.2990e+02   2.11123065e-03
-1.2980e+02   2.11395753e-03
-1.2970e+02   2.11719070e-03
-1.2960e+02   2.11923328e-03
-1.2950e+02   2.12286412e-03
-1.2940e+02   2.12494302e-03
-1.2930e+02   2.12815601e-03
-1.2920e+02   2.13097009e-03
-1.2910e+02   2.13336508e-03
-1.2900e+02   2.13691157e-03
-1.2890e+02   2.13889442e-03
-1.2880e+02   2.14246949e-03
-1.2870e+02   2.14485979e-03
-1.2860e+02   2.14774118e-03
-1.2850e+02   2.15097626e-03
-1.2840e+02   2.15312593e-03
-1.2830e+02   2.15683428e-03
-1.2820e+02   2.15893763e-03
-1.2810e+02   2.16229789e-03
-1.2800e+02   2.16509926e-03
-1.2790e+02   2.16763793e-03
-1.2780e+02   2.17121675e-03
-1.2770e+02   2.17327001e-03
-1.2760e+02   2.17696149e-03
-1.2750e+02   2.17935074e-03
-1.2740e+02   2.18239036e-03
-1.2730e+02   2.18562472e-03
-1.2720e+02   2.18789178e-03
-1.2710e+02   2.19167183e-03
-1.2700e+02   2.19380896e-03
-1.2690e+02   2.19731561e-03
-1.2680e+02   2.20010604e-03
-1.2670e+02   2.20279581e-03
-1.2660e+02   2.20640193e-03
-1.2650e+02   2.20853663e-03
-1.2640e+02   2.21234007e-03
-1.2630e+02   2.21473473e-03
-1.2620e+02   2.21793561e-03
-1.2610e+02   2.22116735e-03
-1.2600e+02   2.22356194e-03
-1.2590e+02   2.22740784e-03
-1.2580e+02   2.22958873e-03
-1.2570e+02   2.23324023e-03
-1.2560e+02   2.23602244e-03
-1.2550e+02   2.23887019e-03
-1.2540e+02   2.24249899e-03
-1.2530e+02   2.24472641e-03
-1.2520e+02   2.24863699e-03
-1.2510e+02   2.25104439e-03
-1.2500e+02   2.25440883e-03
-1.2490e+02   2.25763688e-03
-1.2480e+02   2.26016889e-03
-1.2470e+02   2.26407486e-03
-1.2460e+02   2.26631009e-03
-1.2450e+02   2.27010428e-03
-1.2440e+02   2.27288193e-03
-1.2430e+02   2.27589397e-03
-1.2420e+02   2.27954138e-03
-1.2410e+02   2.28187291e-03
-1.2400e+02   2.28588551e-03
-1.2390e+02   2.28831384e-03
-1.2380e+02   2.29184345e-03
-1.2370e+02   2.29506760e-03
-1.2360e+02   2.29774662e-03
-1.2350e+02   2.30170703e-03
-1.2340e+02   2.30400769e-03
-1.2330e+02   2.30794182e-03
-1.2320e+02   2.31071958e-03
-1.2310e+02   2.31390158e-03
-1.2300e+02   2.31756413e-03
-1.2290e+02   2.32001125e-03
-1.2280e+02   2.32412050e-03
-1.2270e+02   2.32657881e-03
-1.2260e+02   2.33027446e-03
-1.2250e+02   2.33349543e-03
-1.2240e+02   2.33633066e-03
-1.2230e+02   2.34034014e-03
-1.2220e+02   2.34271780e-03
-1.2210e+02   2.34678858e-03
-1.2200e+02   2.34957209e-03
-1.2190e+02   2.35292906e-03
-1.2180e+02   2.35660396e-03
-1.2170e+02   2.35917816e-03
-1.2160e+02   2.36337856e-03
-1.2150e+02   2.36587668e-03
-1.2140e+02   2.36973854e-03
-1.2130e+02   2.37295800e-03
-1.2120e+02   2.37595824e-03
-1.2110e+02   2.38001173e-03
-1.2100e+02   2.38247835e-03
-1.2090e+02   2.38668202e-03
-1.2080e+02   2.38947792e-03
-1.2070e+02   2.39301418e-03
-1.2060e+02   2.39669942e-03
-1.2050e+02   2.39941208e-03
-1.2040e+02   2.40369808e-03
-1.2030e+02   2.40624657e-03
-1.2020e+02   2.41027416e-03
-1.2010e+02   2.41349478e-03
-1.2000e+02   2.41666831e-03
-1.1990e+02   2.42076119e-03
-1.1980e+02   2.42332908e-03
-1.1970e+02   2.42766146e-03
-1.1960e+02   2.43047736e-03
-1.1950e+02   2.43419654e-03
-1.1940e+02   2.43789093e-03
-1.1930e+02   2.44075328e-03
-1.1920e+02   2.44511935e-03
-1.1910e+02   2.44772951e-03
-1.1900e+02   2.45192166e-03
-1.1890e+02   2.45514716e-03
-1.1880e+02   2.45850173e-03
-1.1870e+02   2.46262991e-03
-1.1860e+02   2.46531159e-03
-1.1850e+02   2.46976816e-03
-1.1840e+02   2.47261266e-03
-1.1830e+02   2.47651765e-03
-1.1820e+02   2.48022092e-03
-1.1810e+02   2.48324398e-03
-1.1800e+02   2.48768470e-03
-1.1790e+02   2.49036846e-03
-1.1780e+02   2.49472340e-03
-1.1770e+02   2.49795856e-03
-1.1760e+02   2.50150133e-03
-1.1750e+02   2.50566132e-03
-1.1740e+02   2.50846953e-03
-1.1730e+02   2.51304549e-03
-1.1720e+02   2.51592811e-03
-1.1710e+02   2.52002112e-03
-1.1700e+02   2.52373394e-03
-1.1690e+02   2.52692843e-03
-1.1680e+02   2.53143861e-03
-1.1670e+02   2.53420848e-03
-1.1660e+02   2.53872390e-03
-1.1650e+02   2.54197457e-03
-1.1640e+02   2.54571207e-03
-1.1630e+02   2.54990107e-03
-1.1620e+02   2.55284864e-03
-1.1610e+02   2.55753902e-03
-1.1600e+02   2.56047020e-03
-1.1590e+02   2.56475271e-03
-1.1580e+02   2.56847679e-03
-1.1570e+02   2.57185307e-03
-1.1560e+02   2.57642784e-03
-1.1550e+02   2.57929687e-03
-1.1540e+02   2.58396991e-03
-1.1530e+02   2.58724303e-03
-1.1520e+02   2.59118115e-03
-1.1510e+02   2.59539716e-03
-1.1500e+02   2.59849693e-03
-1.1490e+02   2.60329667e-03
-1.1480e+02   2.60628773e-03
-1.1470e+02   2.61076054e-03
-1.1460e+02   2.61449865e-03
-1.1450e+02   2.61806665e-03
-1.1440e+02   2.62270155e-03
-1.1430e+02   2.62568325e-03
-1.1420e+02   2.63051063e-03
-1.1410e+02   2.63381423e-03
-1.1400e+02   2.63795816e-03
-1.1390e+02   2.64220003e-03
-1.1380e+02   2.64546482e-03
-1.1370e+02   2.65036885e-03
-1.1360e+02   2.65343195e-03
-1.1350e+02   2.65809518e-03
-1.1340e+02   2.66185121e-03
-1.1330e+02   2.66562040e-03
-1.1320e+02   2.67031151e-03
-1.1310e+02   2.67341974e-03
-1.1300e+02   2.67839780e-03
-1.1290e+02   2.68174099e-03
-1.1280e+02   2.68609525e-03
-1.1270e+02   2.69036279e-03
-1.1260e+02   2.69380527e-03
-1.1250e+02   2.69880863e-03
-1.1240e+02   2.70195671e-03
-1.1230e+02   2.70680988e-03
-1.1220e+02   2.71058887e-03
-1.1210e+02   2.71456817e-03
-1.1200e+02   2.71931216e-03
-1.1190e+02   2.72256114e-03
-1.1180e+02   2.72768592e-03
-1.1170e+02   2.73107888e-03
-1.1160e+02   2.73564728e-03
-1.1150e+02   2.73994130e-03
-1.1140e+02   2.74357398e-03
-1.1130e+02   2.74867189e-03
-1.1120e+02   2.75191863e-03
-1.1110e+02   2.75696066e-03
-1.1100e+02   2.76076883e-03
-1.1090e+02   2.76496662e-03
-1.1080e+02   2.76976088e-03
-1.1070e+02   2.77316503e-03
-1.1060e+02   2.77843236e-03
-1.1050e+02   2.78188635e-03
-1.1040e+02   2.78667200e-03
-1.1030e+02   2.79099442e-03
-1.1020e+02   2.79482951e-03
-1.1010e+02   2.80001754e-03
-1.1000e+02   2.80337727e-03
-1.0990e+02   2.80860657e-03
-1.0980e+02   2.81245133e-03
-1.0970e+02   2.81687538e-03
-1.0960e+02   2.82171813e-03
-1.0950e+02   2.82529204e-03
-1.0940e+02   2.83069764e-03
-1.0930e+02   2.83422491e-03
-1.0920e+02   2.83923025e-03
-1.0910e+02   2.84358413e-03
-1.0900e+02   2.84763355e-03
-1.0890e+02   2.85290764e-03
-1.0880e+02   2.85639533e-03
-1.0870e+02   2.86180982e-03
-1.0860e+02   2.86569983e-03
-1.0850e+02   2.87035726e-03
-1.0840e+02   2.87524763e-03
-1.0830e+02   2.87900598e-03
-1.0820e+02   2.88454555e-03
-1.0810e+02   2.88815936e-03
-1.0800e+02   2.89338617e-03
-1.0790e+02   2.89777577e-03
-1.0780e+02   2.90205105e-03
-1.0770e+02   2.90740770e-03
-1.0760e+02   2.91103885e-03
-1.0750e+02   2.91663608e-03
-1.0740e+02   2.92058119e-03
-1.0730e+02   2.92547850e-03
-1.0720e+02   2.93041660e-03
-1.0710e+02   2.93437407e-03
-1.0700e+02   2.94004340e-03
-1.0690e+02   2.94375797e-03
-1.0680e+02   2.94920741e-03
-1.0670e+02   2.95363827e-03
-1.0660e+02   2.95815049e-03
-1.0650e+02   2.96358682e-03
-1.0640e+02   2.96737741e-03
-1.0630e+02   2.97315461e-03
-1.0620e+02   2.97716592e-03
-1.0610e+02   2.98230894e-03
-1.0600e+02   2.98729597e-03
-1.0590e+02   2.99146721e-03
-1.0580e+02   2.99726229e-03
-1.0570e+02   3.00109272e-03
-1.0560e+02   3.00676538e-03
-1.0550e+02   3.01124433e-03
-1.0540e+02   3.01600410e-03
-1.0530e+02   3.02151800e-03
-1.0520e+02   3.02548439e-03
-1.0510e+02   3.03143858e-03
-1.0500e+02   3.03552841e-03
-1.0490e+02   3.04092231e-03
-1.0480e+02   3.04596067e-03
-1.0470e+02   3.05036017e-03
-1.0460e+02   3.05627730e-03
-1.0450e+02   3.06023957e-03
-1.0440e+02   3.06613550e-03
-1.0430e+02   3.07067073e-03
-1.0420e+02   3.07568814e-03
-1.0410e+02   3.08127834e-03
-1.0400e+02   3.08543725e-03
-1.0390e+02   3.09156533e-03
-1.0380e+02   3.09574717e-03
-1.0370e+02   3.10139650e-03
-1.0360e+02   3.10648983e-03
-1.0350e+02   3.11113190e-03
-1.0340e+02   3.11716783e-03
-1.0330e+02   3.12127870e-03
-1.0320e+02   3.12739751e-03
-1.0310e+02   3.13199856e-03
-1.0300e+02   3.13728315e-03
-1.0290e+02   3.14294937e-03
-1.0280e+02   3.14731776e-03
-1.0270e+02   3.15361662e-03
-1.0260e+02   3.15790518e-03
-1.0250e+02   3.16381384e-03
-1.0240e+02   3.16896711e-03
-1.0230e+02   3.17386580e-03
-1.0220e+02   3.18001783e-03
-1.0210e+02   3.18429481e-03
-1.0200e+02   3.19063573e-03
-1.0190e+02   3.19531355e-03
-1.0180e+02   3.20087430e-03
-1.0170e+02   3.20661733e-03
-1.0160e+02   3.21121234e-03
-1.0150e+02   3.21767897e-03
-1.0140e+02   3.22209009e-03
-1.0130e+02   3.22826143e-03
-1.0120e+02   3.23348099e-03
-1.0110e+02   3.23865008e-03
-1.0100e+02   3.24491617e-03
-1.0090e+02   3.24937745e-03
-1.0080e+02   3.25593941e-03
-1.0070e+02   3.26070636e-03
-1.0060e+02   3.26655167e-03
-1.0050e+02   3.27237349e-03
-1.0040e+02   3.27721240e-03
-1.0030e+02   3.28384400e-03
-1.0020e+02   3.28839465e-03
-1.0010e+02   3.29483146e-03
-1.0000e+02   3.30012515e-03
-9.9900e+01   3.30557802e-03
-9.9800e+01   3.31195698e-03
-9.9700e+01   3.31662136e-03
-9.9600e+01   3.32340309e-03
-9.9500e+01   3.32827295e-03
-9.9400e+01   3.33441065e-03
-9.9300e+01   3.34031452e-03
-9.9200e+01   3.34541466e-03
-9.9100e+01   3.35220879e-03
-9.9000e+01   3.35691702e-03
-9.8900e+01   3.36362160e-03
-9.8800e+01   3.36899877e-03
-9.8700e+01   3.37474845e-03
-9.8600e+01   3.38123999e-03
-9.8500e+01   3.38612683e-03
-9.8400e+01   3.39312697e-03
-9.8300e+01   3.39811495e-03
-9.8200e+01   3.40455230e-03
-9.8100e+01   3.41054289e-03
-9.8000e+01   3.41592156e-03
-9.7900e+01   3.42287626e-03
-9.7800e+01   3.42776117e-03
-9.7700e+01   3.43473542e-03
-9.7600e+01   3.44020698e-03
-9.7500e+01   3.44626607e-03
-9.7400e+01   3.45287099e-03
-9.7300e+01   3.45800011e-03
-9.7200e+01   3.46521734e-03
-9.7100e+01   3.47034006e-03
-9.7000e+01   3.47708378e-03
-9.6900e+01   3.48316723e-03
-9.6800e+01   3.48884169e-03
-9.6700e+01   3.49595563e-03
-9.6600e+01   3.50103728e-03
-9.6500e+01   3.50828279e-03
-9.6400e+01   3.51386126e-03
-9.6300e+01   3.52024192e-03
-9.6200e+01   3.52696222e-03
-9.6100e+01   3.53235388e-03
-9.6000e+01   3.53978701e-03
-9.5900e+01   3.54506251e-03
-9.5800e+01   3.55211883e-03
-9.5700e+01   3.55830286e-03
-9.5600e+01   3.56429023e-03
-9.5500e+01   3.57156284e-03
-9.5400e+01   3.57686227e-03
-9.5300e+01   3.58438036e-03
-9.5200e+01   3.59007992e-03
-9.5100e+01   3.59679389e-03
-9.5000e+01   3.60363287e-03
-9.4900e+01   3.60930769e-03
-9.4800e+01   3.61695582e-03
-9.4700e+01   3.62240354e-03
-9.4600e+01   3.62977823e-03
-9.4500e+01   3.63607223e-03
-9.4400e+01   3.64238950e-03
-9.4300e+01   3.64982110e-03
-9.4200e+01   3.65536023e-03
-9.4100e+01   3.66315210e-03
-9.4000e+01   3.66898862e-03
-9.3900e+01   3.67604718e-03
-9.3800e+01   3.68300962e-03
-9.3700e+01   3.68898852e-03
-9.3600e+01   3.69685118e-03
-9.3500e+01   3.70249192e-03
-9.3400e+01   3.71019037e-03
-9.3300e+01   3.71660548e-03
-9.3200e+01   3.72326943e-03
-9.3100e+01   3.73086143e-03
-9.3000e+01   3.73666302e-03
-9.2900e+01   3.74472986e-03
-9.2800e+01   3.75072090e-03
-9.2700e+01   3.75813493e-03
-9.2600e+01   3.76522717e-03
-9.2500e+01   3.77153131e-03
-9.2400e+01   3.77960862e-03
-9.2300e+01   3.78546454e-03
-9.2200e+01   3.79349184e-03
-9.2100e+01   3.80004103e-03
-9.2000e+01   3.80706823e-03
-9.1900e+01   3.81482324e-03
-9.1800e+01   3.82091083e-03
-9.1700e+01   3.82925396e-03
-9.1600e+01   3.83541883e-03
-9.1500e+01   3.84319881e-03
-9.1400e+01   3.85042891e-03
-9.1300e+01   3.85707966e-03
-9.1200e+01   3.86537247e-03
-9.1100e+01   3.87146705e-03
-9.1000e+01   3.87982806e-03
-9.0900e+01   3.88652618e-03
-9.0800e+01   3.89393300e-03
-9.0700e+01   3.90185502e-03
-9.0600e+01   3.90825289e-03
-9.0500e+01   3.91687388e-03
-9.0400e+01   3.92323363e-03
-9.0300e+01   3.93138971e-03
-9.0200e+01   3.93876754e-03
-9.0100e+01   3.94578643e-03
-9.0000e+01   3.95429650e-03
-8.9900e+01   3.96065453e-03
-8.9800e+01   3.96935401e-03
-8.9700e+01   3.97621790e-03
-8.9600e+01   3.98402047e-03
-8.9500e+01   3.99211501e-03
-8.9400e+01   3.99884815e-03
-8.9300e+01   4.00774900e-03
-8.9200e+01   4.01432642e-03
-8.9100e+01   4.02286847e-03
-8.9000e+01   4.03040586e-03
-8.8900e+01   4.03781454e-03
-8.8800e+01   4.04654473e-03
-8.8700e+01   4.05319225e-03
-8.8600e+01   4.06223497e-03
-8.8500e+01   4.06928350e-03
-8.8400e+01   4.07749775e-03
-8.8300e+01   4.08577202e-03
-8.8200e+01   4.09286607e-03
-8.8100e+01   4.10204935e-03
-8.8000e+01   4.10886903e-03
-8.7900e+01   4.11780670e-03
-8.7800e+01   4.12551755e-03
-8.7700e+01   4.13333781e-03
-8.7600e+01   4.14229221e-03
-8.7500e+01   4.14925652e-03
-8.7400e+01   4.15864741e-03
-8.7300e+01   4.16590154e-03
-8.7200e+01   4.17454322e-03
-8.7100e+01   4.18300629e-03
-8.7000e+01   4.19048750e-03
-8.6900e+01   4.19995655e-03
-8.6800e+01   4.20704484e-03
-8.6700e+01   4.21638770e-03
-8.6600e+01   4.22428807e-03
-8.6500e+01   4.23254179e-03
-8.6400e+01   4.24172598e-03
-8.6300e+01   4.24903556e-03
-8.6200e+01   4.25877987e-03
-8.6100e+01   4.26626270e-03
-8.6000e+01   4.27534746e-03
-8.5900e+01   4.28401041e-03
-8.5800e+01   4.29190563e-03
-8.5700e+01   4.30166474e-03
-8.5600e+01   4.30904978e-03
-8.5500e+01   4.31880738e-03
-8.5400e+01   4.32691565e-03
-8.5300e+01   4.33562482e-03
-8.5200e+01   4.34504601e-03
-8.5100e+01   4.35273057e-03
-8.5000e+01   4.36283400e-03
-8.4900e+01   4.37057086e-03
-8.4800e+01   4.38011425e-03
-8.4700e+01   4.38899037e-03
-8.4600e+01   4.39732701e-03
-8.4500e+01   4.40738165e-03
-8.4400e+01   4.41509334e-03
-8.4300e+01   4.42527539e-03
-8.4200e+01   4.43361235e-03
-8.4100e+01   4.44279909e-03
-8.4000e+01   4.45246635e-03
-8.3900e+01   4.46055675e-03
-8.3800e+01   4.47102568e-03
-8.3700e+01   4.47904415e-03
-8.3600e+01   4.48906177e-03
-8.3500e+01   4.49816668e-03
-8.3400e+01   4.50697273e-03
-8.3300e+01   4.51732972e-03
-8.3200e+01   4.52539978e-03
-8.3100e+01   4.53601628e-03
-8.3000e+01   4.54460522e-03
-8.2900e+01   4.55429185e-03
-8.2800e+01   4.56421631e-03
-8.2700e+01   4.57274457e-03
-8.2600e+01   4.58358625e-03
-8.2500e+01   4.59191623e-03
-8.2400e+01   4.60242380e-03
-8.2300e+01   4.61177566e-03
-8.2200e+01   4.62107968e-03
-8.2100e+01   4.63174746e-03
-8.2000e+01   4.64020940e-03
-8.1900e+01   4.65127079e-03
-8.1800e+01   4.66013767e-03
-8.1700e+01   4.67034671e-03
-8.1600e+01   4.68054177e-03
-8.1500e+01   4.68954109e-03
-8.1400e+01   4.70076387e-03
-8.1300e+01   4.70943761e-03
-8.1200e+01   4.72045111e-03
-8.1100e+01   4.73007076e-03
-8.1000e+01   4.73990193e-03
-8.0900e+01   4.75089077e-03
-8.0800e+01   4.75977994e-03
-8.0700e+01   4.77129733e-03
-8.0600e+01   4.78047082e-03
-8.0500e+01   4.79122514e-03
-8.0400e+01   4.80170669e-03
-8.0300e+01   4.81121144e-03
-8.0200e+01   4.82282499e-03
-8.0100e+01   4.83187720e-03
-8.0000e+01   4.84341300e-03
-7.9900e+01   4.85332417e-03
-7.9800e+01   4.86371230e-03
-7.9700e+01   4.87503457e-03
-7.9600e+01   4.88438815e-03
-7.9500e+01   4.89637352e-03
-7.9400e+01   4.90588519e-03
-7.9300e+01   4.91720804e-03
-7.9200e+01   4.92799472e-03
-7.9100e+01   4.93804047e-03
-7.9000e+01   4.95005605e-03
-7.8900e+01   4.95952391e-03
-7.8800e+01   4.97159897e-03
-7.8700e+01   4.98182844e-03
-7.8600e+01   4.99280405e-03
-7.8500e+01   5.00447450e-03
-7.8400e+01   5.01433155e-03
-7.8300e+01   5.02679800e-03
-7.8200e+01   5.03668238e-03
-7.8100e+01   5.04859758e-03
-7.8000e+01   5.05971099e-03
-7.7900e+01   5.07033454e-03
-7.7800e+01   5.08276529e-03
-7.7700e+01   5.09268855e-03
-7.7600e+01   5.10532061e-03
-7.7500e+01   5.11589841e-03
-7.7400e+01   5.12749281e-03
-7.7300e+01   5.13952880e-03
-7.7200e+01   5.14993034e-03
-7.7100e+01   5.16289232e-03
-7.7000e+01   5.17318708e-03
-7.6900e+01   5.18571913e-03
-7.6800e+01   5.19718408e-03
-7.6700e+01   5.20842357e-03
-7.6600e+01   5.22128479e-03
-7.6500e+01   5.23170583e-03
-7.6400e+01   5.24491365e-03
-7.6300e+01   5.25587322e-03
-7.6200e+01   5.26811866e-03
-7.6100e+01   5.28054051e-03
-7.6000e+01   5.29152952e-03
-7.5900e+01   5.30500317e-03
-7.5800e+01   5.31574921e-03
-7.5700e+01   5.32892350e-03
-7.5600e+01   5.34076831e-03
-7.5500e+01   5.35266324e-03
-7.5400e+01   5.36597272e-03
-7.5300e+01   5.37693668e-03
-7.5200e+01   5.39074028e-03
-7.5100e+01   5.40211872e-03
-7.5000e+01   5.41504846e-03
-7.4900e+01   5.42787976e-03
-7.4800e+01   5.43950131e-03
-7.4700e+01   5.45350474e-03
-7.4600e+01   5.46474636e-03
-7.4500e+01   5.47858940e-03
-7.4400e+01   5.49084610e-03
-7.4300e+01   5.50343750e-03
-7.4200e+01   5.51721587e-03
-7.4100e+01   5.52877072e-03
-7.4000e+01   5.54319170e-03
-7.3900e+01   5.55502996e-03
-7.3800e+01   5.56867851e-03
-7.3700e+01   5.58194641e-03
-7.3600e+01   5.59424776e-03
-7.3500e+01   5.60880145e-03
-7.3400e+01   5.62058649e-03
-7.3300e+01   5.63512614e-03
-7.3200e+01   5.64783083e-03
-7.3100e+01   5.66116136e-03
-7.3000e+01   5.67543246e-03
-7.2900e+01   5.68762913e-03
-7.2800e+01   5.70269099e-03
-7.2700e+01   5.71503411e-03
-7.2600e+01   5.72943742e-03
-7.2500e+01   5.74317302e-03
-7.2400e+01   5.75620375e-03
-7.2300e+01   5.77133086e-03
-7.2200e+01   5.78371093e-03
-7.2100e+01   5.79897669e-03
-7.2000e+01   5.81216981e-03
-7.1900e+01   5.82628398e-03
-7.1800e+01   5.84107524e-03
-7.1700e+01   5.85396781e-03
-7.1600e+01   5.86969632e-03
-7.1500e+01   5.88259367e-03
-7.1400e+01   5.89778936e-03
-7.1300e+01   5.91202810e-03
-7.1200e+01   5.92584027e-03
-7.1100e+01   5.94156712e-03
-7.1000e+01   5.95459773e-03
-7.0900e+01   5.97062111e-03
-7.0800e+01   5.98434779e-03
-7.0700e+01   5.99929213e-03
-7.0600e+01   6.01463504e-03
-7.0500e+01   6.02828089e-03
-7.0400e+01   6.04470449e-03
-7.0300e+01   6.05821005e-03
-7.0200e+01   6.07423774e-03
-7.0100e+01   6.08901977e-03
-7.0000e+01   6.10366813e-03
-6.9900e+01   6.12002465e-03
-6.9800e+01   6.13376549e-03
-6.9700e+01   6.15058036e-03
-6.9600e+01   6.16489075e-03
-6.9500e+01   6.18071412e-03
-6.9400e+01   6.19664466e-03
-6.9300e+01   6.21110470e-03
-6.9200e+01   6.22825499e-03
-6.9100e+01   6.24242764e-03
-6.9000e+01   6.25932929e-03
-6.8900e+01   6.27469992e-03
-6.8800e+01   6.29024216e-03
-6.8700e+01   6.30726236e-03
-6.8600e+01   6.32177753e-03
-6.8500e+01   6.33942059e-03
-6.8400e+01   6.35437027e-03
-6.8300e+01   6.37112414e-03
-6.8200e+01   6.38768331e-03
-6.8100e+01   6.40302221e-03
-6.8000e+01   6.42093444e-03
-6.7900e+01   6.43583830e-03
-6.7800e+01   6.45365861e-03
-6.7700e+01   6.46966880e-03
-6.7600e+01   6.48616582e-03
-6.7500e+01   6.50388838e-03
-6.7400e+01   6.51924673e-03
-6.7300e+01   6.53775799e-03
-6.7200e+01   6.55340836e-03
-6.7100e+01   6.57114721e-03
-6.7000e+01   6.58838155e-03
-6.6900e+01   6.60466810e-03
-6.6800e+01   6.62338174e-03
-6.6700e+01   6.63908655e-03
-6.6600e+01   6.65787342e-03
-6.6500e+01   6.67458026e-03
-6.6400e+01   6.69209657e-03
-6.6300e+01   6.71056542e-03
-6.6200e+01   6.72684086e-03
-6.6100e+01   6.74626418e-03
-6.6000e+01   6.76268297e-03
-6.5900e+01   6.78146470e-03
-6.5800e+01   6.79942692e-03
-6.5700e+01   6.81673436e-03
-6.5600e+01   6.83629372e-03
-6.5500e+01   6.85287524e-03
-6.5400e+01   6.87268033e-03
-6.5300e+01   6.89014764e-03
-6.5200e+01   6.90875175e-03
-6.5100e+01   6.92801674e-03
-6.5000e+01   6.94528865e-03
-6.4900e+01   6.96567243e-03
-6.4800e+01   6.98293418e-03
-6.4700e+01   7.00282063e-03
-6.4600e+01   7.02157026e-03
-6.4500e+01   7.03997669e-03
-6.4400e+01   7.06043167e-03
-6.4300e+01   7.07797218e-03
-6.4200e+01   7.09885149e-03
-6.4100e+01   7.11715044e-03
-6.4000e+01   7.13691536e-03
-6.3900e+01   7.15703299e-03
-6.3800e+01   7.17538672e-03
-6.3700e+01   7.19678456e-03
-6.3600e+01   7.21497121e-03
-6.3500e+01   7.23602877e-03
-6.3400e+01   7.25563287e-03
-6.3300e+01   7.27522182e-03
-6.3200e+01   7.29662863e-03
-6.3100e+01   7.31521746e-03
-6.3000e+01   7.33723210e-03
-6.2900e+01   7.35644186e-03
-6.2800e+01   7.37744570e-03
-6.2700e+01   7.39847994e-03
-6.2600e+01   7.41800733e-03
-6.2500e+01   7.44047887e-03
-6.2400e+01   7.45968042e-03
-6.2300e+01   7.48198071e-03
-6.2200e+01   7.50251470e-03
-6.2100e+01   7.52337566e-03
-6.2000e+01   7.54579774e-03
-6.1900e+01   7.56553192e-03
-6.1800e+01   7.58874885e-03
-6.1700e+01   7.60895741e-03
-6.1600e+01   7.63128407e-03
-6.1500e+01   7.65330725e-03
-6.1400e+01   7.67410729e-03
-6.1300e+01   7.69771911e-03
-6.1200e+01   7.71803433e-03
-6.1100e+01   7.74165503e-03
-6.1000e+01   7.76320357e-03
-6.0900e+01   7.78543273e-03
-6.0800e+01   7.80894173e-03
-6.0700e+01   7.82992668e-03
-6.0600e+01   7.85441969e-03
-6.0500e+01   7.87572471e-03
-6.0400e+01   7.89946465e-03
-6.0300e+01   7.92255852e-03
-6.0200e+01   7.94473808e-03
-6.0100e+01   7.96956475e-03
-6.0000e+01   7.99110204e-03
-5.9900e+01   8.01612779e-03
-5.9800e+01   8.03878579e-03
-5.9700e+01   8.06248685e-03
-5.9600e+01   8.08716372e-03
-5.9500e+01   8.10951411e-03
-5.9400e+01   8.13536489e-03
-5.9300e+01   8.15787466e-03
-5.9200e+01   8.18312588e-03
-5.9100e+01   8.20738267e-03
-5.9000e+01   8.23105742e-03
-5.8900e+01   8.25718264e-03
-5.8800e+01   8.28006099e-03
-5.8700e+01   8.30658451e-03
-5.8600e+01   8.33045823e-03
-5.8500e+01   8.35574341e-03
-5.8400e+01   8.38167962e-03
-5.8300e+01   8.40552037e-03
-5.8200e+01   8.43281966e-03
-5.8100e+01   8.45665425e-03
-5.8000e+01   8.48352338e-03
-5.7900e+01   8.50904713e-03
-5.7800e+01   8.53434252e-03
-5.7700e+01   8.56186048e-03
-5.7600e+01   8.58621058e-03
-5.7500e+01   8.61433387e-03
-5.7400e+01   8.63954225e-03
-5.7300e+01   8.66653337e-03
-5.7200e+01   8.69383239e-03
-5.7100e+01   8.71929974e-03
-5.7000e+01   8.74814880e-03
-5.6900e+01   8.77344129e-03
-5.6800e+01   8.80204486e-03
-5.6700e+01   8.82895284e-03
-5.6600e+01   8.85600535e-03
-5.6500e+01   8.88502225e-03
-5.6400e+01   8.91098775e-03
-5.6300e+01   8.94082357e-03
-5.6200e+01   8.96749965e-03
-5.6100e+01   8.99632950e-03
-5.6000e+01   9.02510832e-03
-5.5900e+01   9.05235121e-03
-5.5800e+01   9.08286339e-03
-5.5700e+01   9.10976134e-03
-5.5600e+01   9.14022731e-03
-5.5500e+01   9.16865166e-03
-5.5400e+01   9.19761021e-03
-5.5300e+01   9.22824595e-03
-5.5200e+01   9.25598496e-03
-5.5100e+01   9.28765851e-03
-5.5000e+01   9.31595109e-03
-5.4900e+01   9.34676500e-03
-5.4800e+01   9.37715598e-03
-5.4700e+01   9.40633758e-03
-5.4600e+01   9.43864016e-03
-5.4500e+01   9.46730732e-03
-5.4400e+01   9.49977679e-03
-5.4300e+01   9.52986640e-03
-5.4200e+01   9.56089403e-03
-5.4100e+01   9.59328423e-03
-5.4000e+01   9.62297104e-03
-5.3900e+01   9.65662188e-03
-5.3800e+01   9.68669744e-03
-5.3700e+01   9.71965510e-03
-5.3600e+01   9.75180808e-03
-5.3500e+01   9.78310761e-03
-5.3400e+01   9.81734392e-03
-5.3300e+01   9.84796216e-03
-5.3200e+01   9.88259143e-03
-5.3100e+01   9.91451410e-03
-5.3000e+01   9.94778990e-03
-5.2900e+01   9.98208818e-03
-5.2800e+01   1.00139153e-02
-5.2700e+01   1.00496996e-02
-5.2600e+01   1.00817445e-02
-5.2500e+01   1.01170222e-02
-5.2400e+01   1.01511068e-02
-5.2300e+01   1.01847217e-02
-5.2200e+01   1.02210536e-02
-5.2100e+01   1.02538252e-02
-5.2000e+01   1.02907881e-02
-5.1900e+01   1.03247331e-02
-5.1800e+01   1.03604545e-02
-5.1700e+01   1.03968351e-02
-5.1600e+01   1.04310156e-02
-5.1500e+01   1.04691089e-02
-5.1400e+01   1.05033320e-02
-5.1300e+01   1.05411249e-02
-5.1200e+01   1.05773335e-02
-5.1100e+01   1.06134819e-02
-5.1000e+01   1.06520926e-02
-5.0900e+01   1.06872428e-02
-5.0800e+01   1.07267338e-02
-5.0700e+01   1.07629144e-02
-5.0600e+01   1.08013002e-02
-5.0500e+01   1.08399610e-02
-5.0400e+01   1.08767314e-02
-5.0300e+01   1.09173313e-02
-5.0200e+01   1.09539669e-02
-5.0100e+01   1.09944925e-02
-5.0000e+01   1.10330432e-02
-4.9900e+01   1.10719669e-02
-4.9800e+01   1.11130644e-02
-4.9700e+01   1.11508448e-02
-4.9600e+01   1.11930817e-02
-4.9500e+01   1.12317392e-02
-4.9400e+01   1.12730323e-02
-4.9300e+01   1.13141984e-02
-4.9200e+01   1.13538217e-02
-4.9100e+01   1.13971521e-02
-4.9000e+01   1.14364633e-02
-4.8900e+01   1.14799646e-02
-4.8800e+01   1.15211053e-02
-4.8700e+01   1.15630733e-02
-4.8600e+01   1.16068942e-02
-4.8500e+01   1.16475860e-02
-4.8400e+01   1.16928145e-02
-4.8300e+01   1.17342215e-02
-4.8200e+01   1.17786931e-02
-4.8100e+01   1.18226212e-02
-4.8000e+01   1.18653912e-02
-4.7900e+01   1.19117059e-02
-4.7800e+01   1.19539890e-02
-4.7700e+01   1.20007389e-02
-4.7600e+01   1.20447512e-02
-4.7500e+01   1.20900641e-02
-4.7400e+01   1.21368781e-02
-4.7300e+01   1.21807969e-02
-4.7200e+01   1.22292948e-02
-4.7100e+01   1.22737601e-02
-4.7000e+01   1.23217143e-02
-4.6900e+01   1.23686971e-02
-4.6800e+01   1.24149426e-02
-4.6700e+01   1.24645308e-02
-4.6600e+01   1.25101202e-02
-4.6500e+01   1.25604263e-02
-4.6400e+01   1.26076311e-02
-4.6300e+01   1.26566260e-02
-4.6200e+01   1.27067414e-02
-4.6100e+01   1.27542422e-02
-4.6000e+01   1.28063248e-02
-4.5900e+01   1.28541991e-02
-4.5800e+01   1.29059781e-02
-4.5700e+01   1.29563505e-02
-4.5600e+01   1.30064414e-02
-4.5500e+01   1.30596332e-02
-4.5400e+01   1.31089068e-02
-4.5300e+01   1.31631177e-02
-4.5200e+01   1.32138813e-02
-4.5100e+01   1.32669376e-02
-4.5000e+01   1.33207077e-02
-4.4900e+01   1.33721910e-02
-4.4800e+01   1.34282180e-02
-4.4700e+01   1.34799001e-02
-4.4600e+01   1.35358909e-02
-4.4500e+01   1.35900367e-02
-4.4400e+01   1.36443900e-02
-4.4300e+01   1.37015639e-02
-4.4200e+01   1.37549506e-02
-4.4100e+01   1.38134626e-02
-4.4000e+01   1.38682040e-02
-4.3900e+01   1.39257508e-02
-4.3800e+01   1.39835816e-02
-4.3700e+01   1.40395009e-02
-4.3600e+01   1.40998837e-02
-4.3500e+01   1.41558285e-02
-4.3400e+01   1.42164709e-02
-4.3300e+01   1.42748310e-02
-4.3200e+01   1.43339194e-02
-4.3100e+01   1.43955103e-02
-4.3000e+01   1.44534979e-02
-4.2900e+01   1.45167640e-02
-4.2800e+01   1.45759636e-02
-4.2700e+01   1.46384885e-02
-4.2600e+01   1.47008475e-02
-4.2500e+01   1.47617185e-02
-4.2400e+01   1.48269299e-02
-4.2300e+01   1.48876576e-02
-4.2200e+01   1.49534534e-02
-4.2100e+01   1.50165357e-02
-4.2000e+01   1.50808970e-02
-4.1900e+01   1.51474067e-02
-4.1800e+01   1.52105522e-02
-4.1700e+01   1.52790921e-02
-4.1600e+01   1.53433022e-02
-4.1500e+01   1.54113617e-02
-4.1400e+01   1.54787894e-02
-4.1300e+01   1.55452005e-02
-4.1200e+01   1.56157858e-02
-4.1100e+01   1.56818935e-02
-4.1000e+01   1.57534180e-02
-4.0900e+01   1.58218093e-02
-4.0800e+01   1.58920582e-02
-4.0700e+01   1.59640675e-02
-4.0600e+01   1.60330093e-02
-4.0500e+01   1.61074222e-02
-4.0400e+01   1.61772800e-02
-4.0300e+01   1.62515123e-02
-4.0200e+01   1.63246350e-02
-4.0100e+01   1.63972609e-02
-4.0000e+01   1.64738516e-02
-3.9900e+01   1.65460269e-02
-3.9800e+01   1.66239433e-02
-3.9700e+01   1.66983234e-02
-3.9600e+01   1.67751660e-02
-3.9500e+01   1.68533497e-02
-3.9400e+01   1.69288226e-02
-3.9300e+01   1.70098024e-02
-3.9200e+01   1.70860453e-02
-3.9100e+01   1.71671861e-02
-3.9000e+01   1.72467325e-02
-3.8900e+01   1.73263500e-02
-3.8800e+01   1.74096807e-02
-3.8700e+01   1.74887187e-02
-3.8600e+01   1.75737948e-02
-3.8500e+01   1.76549544e-02
-3.8400e+01   1.77392056e-02
-3.8300e+01   1.78243508e-02
-3.8200e+01   1.79072041e-02
-3.8100e+01   1.79955581e-02
-3.8000e+01   1.80790433e-02
-3.7900e+01   1.81679449e-02
-3.7800e+01   1.82547658e-02
-3.7700e+01   1.83422741e-02
-3.7600e+01   1.84332029e-02
-3.7500e+01   1.85200268e-02
-3.7400e+01   1.86131564e-02
-3.7300e+01   1.87020187e-02
-3.7200e+01   1.87946244e-02
-3.7100e+01   1.88876527e-02
-3.7000e+01   1.89788731e-02
-3.6900e+01   1.90755454e-02
-3.6800e+01   1.91672727e-02
-3.6700e+01   1.92649282e-02
-3.6600e+01   1.93600212e-02
-3.6500e+01   1.94564663e-02
-3.6400e+01   1.95560002e-02
-3.6300e+01   1.96516873e-02
-3.6200e+01   1.97539162e-02
-3.6100e+01   1.98515637e-02
-3.6000e+01   1.99536275e-02
-3.5900e+01   2.00556232e-02
-3.5800e+01   2.01563625e-02
-3.5700e+01   2.02624625e-02
-3.5600e+01   2.03636044e-02
-3.5500e+01   2.04711771e-02
-3.5400e+01   2.05757169e-02
-3.5300e+01   2.06823226e-02
-3.5200e+01   2.07916492e-02
-3.5100e+01   2.08974627e-02
-3.5000e+01   2.10100216e-02
-3.4900e+01   2.11177295e-02
-3.4800e+01   2.12305466e-02
-3.4700e+01   2.13427913e-02
-3.4600e+01   2.14544019e-02
-3.4500e+01   2.15712407e-02
-3.4400e+01   2.16831786e-02
-3.4300e+01   2.18020393e-02
-3.4200e+01   2.19174161e-02
-3.4100e+01   2.20356225e-02
-3.4000e+01   2.21561497e-02
-3.3900e+01   2.22735789e-02
-3.3800e+01   2.23979244e-02
-3.3700e+01   2.25172026e-02
-3.3600e+01   2.26423026e-02
-3.3500e+01   2.27663188e-02
-3.3400e+01   2.28903979e-02
-3.3300e+01   2.30195331e-02
-3.3200e+01   2.31439037e-02
-3.3100e+01   2.32756780e-02
-3.3000e+01   2.34035454e-02
-3.2900e+01   2.35350582e-02
-3.2800e+01   2.36684640e-02
-3.2700e+01   2.37992757e-02
-3.2600e+01   2.39371422e-02
-3.2500e+01   2.40697885e-02
-3.2400e+01   2.42089891e-02
-3.2300e+01   2.43465959e-02
-3.2200e+01   2.44850420e-02
-3.2100e+01   2.46283357e-02
-3.2000e+01   2.47670896e-02
-3.1900e+01   2.49137175e-02
-3.1800e+01   2.50560541e-02
-3.1700e+01   2.52029064e-02
-3.1600e+01   2.53512031e-02
-3.1500e+01   2.54975063e-02
-3.1400e+01   2.56509726e-02
-3.1300e+01   2.57991407e-02
-3.1200e+01   2.59546172e-02
-3.1100e+01   2.61080006e-02
-3.1000e+01   2.62630854e-02
-3.0900e+01   2.64227780e-02
-3.0800e+01   2.65782553e-02
-3.0700e+01   2.67420681e-02
-3.0600e+01   2.69012562e-02
-3.0500e+01   2.70658889e-02
-3.0400e+01   2.72315051e-02
-3.0300e+01   2.73958349e-02
-3.0200e+01   2.75674097e-02
-3.0100e+01   2.77336966e-02
-3.0000e+01   2.79080710e-02
-2.9900e+01   2.80798760e-02
-2.9800e+01   2.82543379e-02
-2.9700e+01   2.84331431e-02
-2.9600e+01   2.86081709e-02
-2.9500e+01   2.87919908e-02
-2.9400e+01   2.89709181e-02
-2.9300e+01   2.91562843e-02
-2.9200e+01   2.93421713e-02
-2.9100e+01   2.95275977e-02
-2.9000e+01   2.97203307e-02
-2.8900e+01   2.99078909e-02
-2.8800e+01   3.01043484e-02
-2.8700e+01   3.02977975e-02
-2.8600e+01   3.04949632e-02
-2.8500e+01   3.06961931e-02
-2.8400e+01   3.08942130e-02
-2.8300e+01   3.11014834e-02
-2.8200e+01   3.13036769e-02
-2.8100e+01   3.15133777e-02
-2.8000e+01   3.17231494e-02
-2.7900e+01   3.19334206e-02
-2.7800e+01   3.21510489e-02
-2.7700e+01   3.23637440e-02
-2.7600e+01   3.25861858e-02
-2.7500e+01   3.28052367e-02
-2.7400e+01   3.30291819e-02
-2.7300e+01   3.32569110e-02
-2.7200e+01   3.34821476e-02
-2.7100e+01   3.37171054e-02
-2.7000e+01   3.39469080e-02
-2.6900e+01   3.41853739e-02
-2.6800e+01   3.44234919e-02
-2.6700e+01   3.46632237e-02
-2.6600e+01   3.49103662e-02
-2.6500e+01   3.51529644e-02
-2.6400e+01   3.54062121e-02
-2.6300e+01   3.56557662e-02
-2.6200e+01   3.59115301e-02
-2.6100e+01   3.61708150e-02
-2.6000e+01   3.64285013e-02
-2.5900e+01   3.66964077e-02
-2.5800e+01   3.69592146e-02
-2.5700e+01   3.72319478e-02
-2.5600e+01   3.75039700e-02
-2.5500e+01   3.77789014e-02
-2.5400e+01   3.80613199e-02
-2.5300e+01   3.83397643e-02
-2.5200e+01   3.86298349e-02
-2.5100e+01   3.89160201e-02
-2.5000e+01   3.92098948e-02
-2.4900e+01   3.95070711e-02
-2.4800e+01   3.98037536e-02
-2.4700e+01   4.01112065e-02
-2.4600e+01   4.04137867e-02
-2.4500e+01   4.07276907e-02
-2.4400e+01   4.10406096e-02
-2.4300e+01   4.13579501e-02
-2.4200e+01   4.16829057e-02
-2.4100e+01   4.20046808e-02
-2.4000e+01   4.23391622e-02
-2.3900e+01   4.26697185e-02
-2.3800e+01   4.30096462e-02
-2.3700e+01   4.33527358e-02
-2.3600e+01   4.36966928e-02
-2.3500e+01   4.40520567e-02
-2.3400e+01   4.44029950e-02
-2.3300e+01   4.47668286e-02
-2.3200e+01   4.51295379e-02
-2.3100e+01   4.54984476e-02
-2.3000e+01   4.58751936e-02
-2.2900e+01   4.62498325e-02
-2.2800e+01   4.66384051e-02
-2.2700e+01   4.70232212e-02
-2.2600e+01   4.74193452e-02
-2.2500e+01   4.78186228e-02
-2.2400e+01   4.82204492e-02
-2.2300e+01   4.86344553e-02
-2.2200e+01   4.90447700e-02
-2.2100e+01   4.94697832e-02
-2.2000e+01   4.98937314e-02
-2.1900e+01   5.03259949e-02
-2.1800e+01   5.07664697e-02
-2.1700e+01   5.12062683e-02
-2.1600e+01   5.16614397e-02
-2.1500e+01   5.21133095e-02
-2.1400e+01   5.25787549e-02
-2.1300e+01   5.30475509e-02
-2.1200e+01   5.35209856e-02
-2.1100e+01   5.40075837e-02
-2.1000e+01   5.44916056e-02
-2.0900e+01   5.49924453e-02
-2.0800e+01   5.54925692e-02
-2.0700e+01   5.60035586e-02
-2.0600e+01   5.65233769e-02
-2.0500e+01   5.70444177e-02
-2.0400e+01   5.75825780e-02
-2.0300e+01   5.81182892e-02
-2.0200e+01   5.86702862e-02
-2.0100e+01   5.92261446e-02
-2.0000e+01   5.97892671e-02
-1.9900e+01   6.03668595e-02
-1.9800e+01   6.09435060e-02
-1.9700e+01   6.15395316e-02
-1.9600e+01   6.21356133e-02
-1.9500e+01   6.27456916e-02
-1.9400e+01   6.33655927e-02
-1.9300e+01   6.39892421e-02
-1.9200e+01   6.46322095e-02
-1.9100e+01   6.52741412e-02
-1.9000e+01   6.59356771e-02
-1.8900e+01   6.66020616e-02
-1.8800e+01   6.72790583e-02
-1.8700e+01   6.79723237e-02
-1.8600e+01   6.86669864e-02
-1.8500e+01   6.93842222e-02
-1.8400e+01   7.01029084e-02
-1.8300e+01   7.08395205e-02
-1.8200e+01   7.15875295e-02
-1.8100e+01   7.23426771e-02
-1.8000e+01   7.31200157e-02
-1.7900e+01   7.38985375e-02
-1.7800e+01   7.47008433e-02
-1.7700e+01   7.55097101e-02
-1.7600e+01   7.63335424e-02
-1.7500e+01   7.71761984e-02
-1.7400e+01   7.80236076e-02
-1.7300e+01   7.88977120e-02
-1.7200e+01   7.97755904e-02
-1.7100e+01   8.06764568e-02
-1.7000e+01   8.15911930e-02
-1.6900e+01   8.25176874e-02
-1.6800e+01   8.34702693e-02
-1.6700e+01   8.44274390e-02
-1.6600e+01   8.54138286e-02
-1.6500e+01   8.64096089e-02
-1.6400e+01   8.74261531e-02
-1.6300e+01   8.84652519e-02
-1.6200e+01   8.95139419e-02
-1.6100e+01   9.05948466e-02
-1.6000e+01   9.16832652e-02
-1.5900e+01   9.28013952e-02
-1.5800e+01   9.39372804e-02
-1.5700e+01   9.50913491e-02
-1.5600e+01   9.62769896e-02
-1.5500e+01   9.74724155e-02
-1.5400e+01   9.87043899e-02
-1.5300e+01   9.99503383e-02
-1.5200e+01   1.01225001e-01
-1.5100e+01   1.02527813e-01
-1.5000e+01   1.03847294e-01
-1.4900e+01   1.05206677e-01
-1.4800e+01   1.06579527e-01
-1.4700e+01   1.07991338e-01
-1.4600e+01   1.09427054e-01
-1.4500e+01   1.10890130e-01
-1.4400e+01   1.12392791e-01
-1.4300e+01   1.13913234e-01
-1.4200e+01   1.15480505e-01
-1.4100e+01   1.17069157e-01
-1.4000e+01   1.18697803e-01
-1.3900e+01   1.20363222e-01
-1.3800e+01   1.22055901e-01
-1.3700e+01   1.23799643e-01
-1.3600e+01   1.25566377e-01
-1.3500e+01   1.27385313e-01
-1.3400e+01   1.29238032e-01
-1.3300e+01   1.31131651e-01
-1.3200e+01   1.33077024e-01
-1.3100e+01   1.35052711e-01
-1.3000e+01   1.37090291e-01
-1.2900e+01   1.39161348e-01
-1.2800e+01   1.41289049e-01
-1.2700e+01   1.43467232e-01
-1.2600e+01   1.45689010e-01
-1.2500e+01   1.47978792e-01
-1.2400e+01   1.50307069e-01
-1.2300e+01   1.52707378e-01
-1.2200e+01   1.55157709e-01
-1.2100e+01   1.57669718e-01
-1.2000e+01   1.60252743e-01
-1.1900e+01   1.62886280e-01
-1.1800e+01   1.65604878e-01
-1.1700e+01   1.68377157e-01
-1.1600e+01   1.71231822e-01
-1.1500e+01   1.74159553e-01
-1.1400e+01   1.77157058e-01
-1.1300e+01   1.80249570e-01
-1.1200e+01   1.83406551e-01
-1.1100e+01   1.86666821e-01
-1.1000e+01   1.90004678e-01
-1.0900e+01   1.93437635e-01
-1.0800e+01   1.96973554e-01
-1.0700e+01   2.00593818e-01
-1.0600e+01   2.04336762e-01
-1.0500e+01   2.08168301e-01
-1.0400e+01   2.12124230e-01
-1.0300e+01   2.16192092e-01
-1.0200e+01   2.20373756e-01
-1.0100e+01   2.24695918e-01
-1.0000e+01   2.29127893e-01
-9.9000e+00   2.33715439e-01
-9.8000e+00   2.38429441e-01
-9.7000e+00   2.43295443e-01
-9.6000e+00   2.48320383e-01
-9.5000e+00   2.53489286e-01
-9.4000e+00   2.58845933e-01
-9.3000e+00   2.64354455e-01
-9.2000e+00   2.70060466e-01
-9.1000e+00   2.75949093e-01
-9.0000e+00   2.82030202e-01
-8.9000e+00   2.88333638e-01
-8.8000e+00   2.94830604e-01
-8.7000e+00   3.01577005e-01
-8.6000e+00   3.08541693e-01
-8.5000e+00   3.15762319e-01
-8.4000e+00   3.23246843e-01
-8.3000e+00   3.30987616e-01
-8.2000e+00   3.39037589e-01
-8.1000e+00   3.47361871e-01
-8.0000e+00   3.56021362e-01
-7.9000e+00   3.65001567e-01
-7.8000e+00   3.74326280e-01
-7.7000e+00   3.84033015e-01
-7.6000e+00   3.94100036e-01
-7.5000e+00   4.04600526e-01
-7.4000e+00   4.15506010e-01
-7.3000e+00   4.26875147e-01
-7.2000e+00   4.38723047e-01
-7.1000e+00   4.51058351e-01
-7.0000e+00   4.63952623e-01
-6.9000e+00   4.77380356e-01
-6.8000e+00   4.91430654e-01
-6.7000e+00   5.06098829e-01
-6.6000e+00   5.21437311e-01
-6.5000e+00   5.37504563e-01
-6.4000e+00   5.54300835e-01
-6.3000e+00   5.71935392e-01
-6.2000e+00   5.90398383e-01
-6.1000e+00   6.09792953e-01
-6.0000e+00   6.30161719e-01
-5.9000e+00   6.51555663e-01
-5.8000e+00   6.74093356e-01
-5.7000e+00   6.97787007e-01
-5.6000e+00   7.22791457e-01
-5.5000e+00   7.49145916e-01
-5.4000e+00   7.76976544e-01
-5.3000e+00   8.06408437e-01
-5.2000e+00   8.37515390e-01
-5.1000e+00   8.70504578e-01
-5.0000e+00   9.05446062e-01
-4.9000e+00   9.42566450e-01
-4.8000e+00   9.82015295e-01
-4.7000e+00   1.02398171e+00
-4.6000e+00   1.06873891e+00
-4.5000e+00   1.11645332e+00
-4.4000e+00   1.16748883e+00
-4.3000e+00   1.22207800e+00
-4.2000e+00   1.28060456e+00
-4.1000e+00   1.34346227e+00
-4.0000e+00   1.41103155e+00
-3.9000e+00   1.48389384e+00
-3.8000e+00   1.56250306e+00
-3.7000e+00   1.64758142e+00
-3.6000e+00   1.73979969e+00
-3.5000e+00   1.83998127e+00
-3.4000e+00   1.94913423e+00
-3.3000e+00   2.06825066e+00
-3.2000e+00   2.19872013e+00
-3.1000e+00   2.34190870e+00
-3.0000e+00   2.49960765e+00
-2.9000e+00   2.67383926e+00
-2.8000e+00   2.86693217e+00
-2.7000e+00   3.08184981e+00
-2.6000e+00   3.32184273e+00
-2.5000e+00   3.59113797e+00
-2.4000e+00   3.89460120e+00
-2.3000e+00   4.23829790e+00
-2.2000e+00   4.62975255e+00
-2.1000e+00   5.07807805e+00
-2.0000e+00   5.59508271e+00
-1.9000e+00   6.19532358e+00
-1.8000e+00   6.89784899e+00
-1.7000e+00   7.72723667e+00
-1.6000e+00   8.71587732e+00
-1.5000e+00   9.90752247e+00
-1.4000e+00   1.13614192e+01
-1.3000e+00   1.31608243e+01
-1.2000e+00   1.54240533e+01
-1.1000e+00   1.83250908e+01
-1.0000e+00   2.21274929e+01
-9.0000e-01   2.72452657e+01
-8.0000e-01   3.43601476e+01
-7.0000e-01   4.46548534e+01
-6.0000e-01   6.03281903e+01
-5.0000e-01   8.58310703e+01
-4.0000e-01   1.31243787e+02
-3.0000e-01   2.23077161e+02
-2.0000e-01   4.46097389e+02
-1.0000e-01   1.11515619e+03
0.0000e+00   2.23025092e+03
1.0000e-01   1.11516033e+03
2.0000e-01   4.46105682e+02
3.0000e-01   2.23089608e+02
4.0000e-01   1.31260396e+02
5.0000e-01   8.58518522e+01
6.0000e-01   6.03531596e+01
7.0000e-01   4.46840269e+01
8.0000e-01   3.43935450e+01
9.0000e-01   2.72829094e+01
1.0000e+00   2.21694081e+01
1.1000e+00   1.83713053e+01
1.2000e+00   1.54745979e+01
1.3000e+00   1.32157325e+01
1.4000e+00   1.14207269e+01
1.5000e+00   9.97126852e+00
1.6000e+00   8.78410315e+00
1.7000e+00   7.79998634e+00
1.8000e+00   6.97516919e+00
1.9000e+00   6.27726356e+00
2.0000e+00   5.68169428e+00
2.1000e+00   5.16941555e+00
2.2000e+00   4.72587283e+00
2.3000e+00   4.33926025e+00
2.4000e+00   4.00046735e+00
2.5000e+00   3.70197203e+00
2.6000e+00   3.43771118e+00
2.7000e+00   3.20282143e+00
2.8000e+00   2.99307801e+00
2.9000e+00   2.80523261e+00
3.0000e+00   2.63632398e+00
3.1000e+00   2.48402562e+00
3.2000e+00   2.34631734e+00
3.3000e+00   2.22140991e+00
3.4000e+00   2.10793924e+00
3.5000e+00   2.00451770e+00
3.6000e+00   1.91015511e+00
3.7000e+00   1.82384518e+00
3.8000e+00   1.74476631e+00
3.9000e+00   1.67224943e+00
4.0000e+00   1.60557397e+00
4.1000e+00   1.54428759e+00
4.2000e+00   1.48781037e+00
4.3000e+00   1.43576335e+00
4.4000e+00   1.38775415e+00
4.5000e+00   1.34340034e+00
4.6000e+00   1.30247062e+00
4.7000e+00   1.26460225e+00
4.8000e+00   1.22962991e+00
4.9000e+00   1.19728141e+00
5.0000e+00   1.16736857e+00
5.1000e+00   1.13974270e+00
5.2000e+00   1.11417798e+00
5.3000e+00   1.09060505e+00
5.4000e+00   1.06881735e+00
5.5000e+00   1.04874163e+00
5.6000e+00   1.03025323e+00
5.7000e+00   1.01322635e+00
5.8000e+00   9.97622079e-01
5.9000e+00   9.83285749e-01
6.0000e+00   9.70205251e-01
6.1000e+00   9.58262025e-01
6.2000e+00   9.47405006e-01
6.3000e+00   9.37591402e-01
6.4000e+00   9.28717804e-01
6.5000e+00   9.20793701e-01
6.6000e+00   9.13709376e-01
6.7000e+00   9.07464033e-01
6.8000e+00   9.01998567e-01
6.9000e+00   8.97259815e-01
7.0000e+00   8.93251633e-01
7.1000e+00   8.89883992e-01
7.2000e+00   8.87181383e-01
7.3000e+00   8.85071125e-01
7.4000e+00   8.83543372e-01
7.5000e+00   8.82581712e-01
7.6000e+00   8.82126092e-01
7.7000e+00   8.82203499e-01
7.8000e+00   8.82739171e-01
7.9000e+00   8.83753174e-01
8.0000e+00   8.85206235e-01
8.1000e+00   8.87072709e-01
8.2000e+00   8.89365153e-01
8.3000e+00   8.92020645e-01
8.4000e+00   8.95071966e-01
8.5000e+00   8.98463973e-01
8.6000e+00   9.02202039e-01
8.7000e+00   9.06275849e-01
8.8000e+00   9.10645320e-01
8.9000e+00   9.15339089e-01
9.0000e+00   9.20298668e-01
9.1000e+00   9.25550199e-01
9.2000e+00   9.31061111e-01
9.3000e+00   9.36818748e-01
9.4000e+00   9.42835125e-01
9.5000e+00   9.49061709e-01
9.6000e+00   9.55531395e-01
9.7000e+00   9.62197367e-01
9.8000e+00   9.69071516e-01
9.9000e+00   9.76143770e-01
1.0000e+01   9.83385402e-01
1.0100e+01   9.90822303e-01
1.0200e+01   9.98405451e-01
1.0300e+01   1.00616223e+00
1.0400e+01   1.01406261e+00
1.0500e+01   1.02210137e+00
1.0600e+01   1.03028757e+00
1.0700e+01   1.03858201e+00
1.0800e+01   1.04701535e+00
1.0900e+01   1.05554581e+00
1.1000e+01   1.06418858e+00
1.1100e+01   1.07293232e+00
1.1200e+01   1.08175607e+00
1.1300e+01   1.09068209e+00
1.1400e+01   1.09966810e+00
1.1500e+01   1.10874122e+00
1.1600e+01   1.11787278e+00
1.1700e+01   1.12706268e+00
1.1800e+01   1.13631687e+00
1.1900e+01   1.14560328e+00
1.2000e+01   1.15494999e+00
1.2100e+01   1.16431916e+00
1.2200e+01   1.17372805e+00
1.2300e+01   1.18316414e+00
1.2400e+01   1.19261260e+00
1.2500e+01   1.20209235e+00
1.2600e+01   1.21156682e+00
1.2700e+01   1.22106252e+00
1.2800e+01   1.23055214e+00
1.2900e+01   1.24003968e+00
1.3000e+01   1.24952855e+00
1.3100e+01   1.25899286e+00
1.3200e+01   1.26845838e+00
1.3300e+01   1.27789099e+00
1.3400e+01   1.28730966e+00
1.3500e+01   1.29670113e+00
1.3600e+01   1.30605601e+00
1.3700e+01   1.31539050e+00
1.3800e+01   1.32467328e+00
1.3900e+01   1.33393040e+00
1.4000e+01   1.34313614e+00
1.4100e+01   1.35229820e+00
1.4200e+01   1.36141809e+00
1.4300e+01   1.37047557e+00
1.4400e+01   1.37949459e+00
1.4500e+01   1.38844469e+00
1.4600e+01   1.39734640e+00
1.4700e+01   1.40618630e+00
1.4800e+01   1.41495986e+00
1.4900e+01   1.42368118e+00
1.5000e+01   1.43232390e+00
1.5100e+01   1.44091371e+00
1.5200e+01   1.44942676e+00
1.5300e+01   1.45787399e+00
1.5400e+01   1.46625556e+00
1.5500e+01   1.47455642e+00
1.5600e+01   1.48279896e+00
1.5700e+01   1.49095632e+00
1.5800e+01   1.49905031e+00
1.5900e+01   1.50706767e+00
1.6000e+01   1.51500819e+00
1.6100e+01   1.52288415e+00
1.6200e+01   1.53067380e+00
1.6300e+01   1.53840236e+00
1.6400e+01   1.54604783e+00
1.6500e+01   1.55362388e+00
1.6600e+01   1.56112954e+00
1.6700e+01   1.56855433e+00
1.6800e+01   1.57591906e+00
1.6900e+01   1.58320015e+00
1.7000e+01   1.59042026e+00
1.7100e+01   1.59756627e+00
1.7200e+01   1.60464159e+00
1.7300e+01   1.61165669e+00
1.7400e+01   1.61859378e+00
1.7500e+01   1.62547729e+00
1.7600e+01   1.63228681e+00
1.7700e+01   1.63903802e+00
1.7800e+01   1.64572872e+00
1.7900e+01   1.65235220e+00
1.8000e+01   1.65892743e+00
1.8100e+01   1.66543360e+00
1.8200e+01   1.67189353e+00
1.8300e+01   1.67829403e+00
1.8400e+01   1.68464123e+00
1.8500e+01   1.69094356e+00
1.8600e+01   1.69718648e+00
1.8700e+01   1.70339305e+00
1.8800e+01   1.70954403e+00
1.8900e+01   1.71565628e+00
1.9000e+01   1.72172608e+00
1.9100e+01   1.72774965e+00
1.9200e+01   1.73374371e+00
1.9300e+01   1.73968956e+00
1.9400e+01   1.74560951e+00
1.9500e+01   1.75148993e+00
1.9600e+01   1.75733880e+00
1.9700e+01   1.76316220e+00
1.9800e+01   1.76894806e+00
1.9900e+01   1.77471756e+00
2.0000e+01   1.78045219e+00
2.0100e+01   1.78616916e+00
2.0200e+01   1.79186302e+00
2.0300e+01   1.79753209e+00
2.0400e+01   1.80319048e+00
2.0500e+01   1.80882110e+00
2.0600e+01   1.81444512e+00
2.0700e+01   1.82004821e+00
2.0800e+01   1.82563949e+00
2.0900e+01   1.83122246e+00
2.1000e+01   1.83678696e+00
2.1100e+01   1.84235190e+00
2.1200e+01   1.84789922e+00
2.1300e+01   1.85344592e+00
2.1400e+01   1.85898471e+00
2.1500e+01   1.86451547e+00
2.1600e+01   1.87004955e+00
2.1700e+01   1.87557114e+00
2.1800e+01   1.88109995e+00
2.1900e+01   1.88662089e+00
2.2000e+01   1.89214377e+00
2.2100e+01   1.89766957e+00
2.2200e+01   1.90318974e+00
2.2300e+01   1.90872081e+00
2.2400e+01   1.91424512e+00
2.2500e+01   1.91977923e+00
2.2600e+01   1.92531415e+00
2.2700e+01   1.93085109e+00
2.2800e+01   1.93639875e+00
2.2900e+01   1.94194259e+00
2.3000e+01   1.94750079e+00
2.3100e+01   1.95305773e+00
2.3200e+01   1.95862379e+00
2.3300e+01   1.96419771e+00
2.3400e+01   1.96977250e+00
2.3500e+01   1.97536251e+00
2.3600e+01   1.98095073e+00
2.3700e+01   1.98655324e+00
2.3800e+01   1.99215977e+00
2.3900e+01   1.99777285e+00
2.4000e+01   2.00339890e+00
2.4100e+01   2.00902483e+00
2.4200e+01   2.01466745e+00
2.4300e+01   2.02031107e+00
2.4400e+01   2.02596666e+00
2.4500e+01   2.03163117e+00
2.4600e+01   2.03729938e+00
2.4700e+01   2.04298376e+00
2.4800e+01   2.04866827e+00
2.4900e+01   2.05436871e+00
2.5000e+01   2.06007401e+00
2.5100e+01   2.06578812e+00
2.5200e+01   2.07151563e+00
2.5300e+01   2.07724515e+00
2.5400e+01   2.08299240e+00
2.5500e+01   2.08874199e+00
2.5600e+01   2.09450563e+00
2.5700e+01   2.10027898e+00
2.5800e+01   2.10605868e+00
2.5900e+01   2.11185565e+00
2.6000e+01   2.11765517e+00
2.6100e+01   2.12347287e+00
2.6200e+01   2.12929726e+00
2.6300e+01   2.13513384e+00
2.6400e+01   2.14098565e+00
2.6500e+01   2.14684320e+00
2.6600e+01   2.15272124e+00
2.6700e+01   2.15860501e+00
2.6800e+01   2.16450693e+00
2.6900e+01   2.17042167e+00
2.7000e+01   2.17634776e+00
2.7100e+01   2.18229473e+00
2.7200e+01   2.18824929e+00
2.7300e+01   2.19422686e+00
2.7400e+01   2.20021578e+00
2.7500e+01   2.20622291e+00
2.7600e+01   2.21224994e+00
2.7700e+01   2.21828918e+00
2.7800e+01   2.22435438e+00
2.7900e+01   2.23043147e+00
2.8000e+01   2.23653337e+00
2.8100e+01   2.24265384e+00
2.8200e+01   2.24879309e+00
2.8300e+01   2.25495917e+00
2.8400e+01   2.26114013e+00
2.8500e+01   2.26735092e+00
2.8600e+01   2.27357970e+00
2.8700e+01   2.27983434e+00
2.8800e+01   2.28611510e+00
2.8900e+01   2.29241584e+00
2.9000e+01   2.29874903e+00
2.9100e+01   2.30510115e+00
2.9200e+01   2.31148521e+00
2.9300e+01   2.31789396e+00
2.9400e+01   2.32432886e+00
2.9500e+01   2.33079628e+00
2.9600e+01   2.33728531e+00
2.9700e+01   2.34381005e+00
2.9800e+01   2.35035827e+00
2.9900e+01   2.35693842e+00
3.0000e+01   2.36354910e+00
3.0100e+01   2.37018532e+00
3.0200e+01   2.37685796e+00
3.0300e+01   2.38355378e+00
3.0400e+01   2.39028543e+00
3.0500e+01   2.39704445e+00
3.0600e+01   2.40383311e+00
3.0700e+01   2.41065584e+00
3.0800e+01   2.41750248e+00
3.0900e+01   2.42438584e+00
3.1000e+01   2.43129318e+00
3.1100e+01   2.43823306e+00
3.1200e+01   2.44520227e+00
3.1300e+01   2.45219664e+00
3.1400e+01   2.45922515e+00
3.1500e+01   2.46627471e+00
3.1600e+01   2.47335723e+00
3.1700e+01   2.48046297e+00
3.1800e+01   2.48759471e+00
3.1900e+01   2.49475480e+00
3.2000e+01   2.50193366e+00
3.2100e+01   2.50914263e+00
3.2200e+01   2.51636842e+00
3.2300e+01   2.52361948e+00
3.2400e+01   2.53089082e+00
3.2500e+01   2.53817896e+00
3.2600e+01   2.54549097e+00
3.2700e+01   2.55281392e+00
3.2800e+01   2.56015893e+00
3.2900e+01   2.56751512e+00
3.3000e+01   2.57488570e+00
3.3100e+01   2.58227114e+00
3.3200e+01   2.58966254e+00
3.3300e+01   2.59706983e+00
3.3400e+01   2.60447947e+00
3.3500e+01   2.61189982e+00
3.3600e+01   2.61932447e+00
3.3700e+01   2.62675078e+00
3.3800e+01   2.63418419e+00
3.3900e+01   2.64161230e+00
3.4000e+01   2.64904559e+00
3.4100e+01   2.65647253e+00
3.4200e+01   2.66389705e+00
3.4300e+01   2.67131812e+00
3.4400e+01   2.67872795e+00
3.4500e+01   2.68613544e+00
3.4600e+01   2.69352730e+00
3.4700e+01   2.70091221e+00
3.4800e+01   2.70828286e+00
3.4900e+01   2.71563793e+00
3.5000e+01   2.72298173e+00
3.5100e+01   2.73030296e+00
3.5200e+01   2.73761193e+00
3.5300e+01   2.74489714e+00
3.5400e+01   2.75216363e+00
3.5500e+01   2.75940959e+00
3.5600e+01   2.76662885e+00
3.5700e+01   2.77382985e+00
3.5800e+01   2.78100025e+00
3.5900e+01   2.78814947e+00
3.6000e+01   2.79527009e+00
3.6100e+01   2.80236255e+00
3.6200e+01   2.80943069e+00
3.6300e+01   2.81646493e+00
3.6400e+01   2.82347590e+00
3.6500e+01   2.83045283e+00
3.6600e+01   2.83740233e+00
3.6700e+01   2.84432245e+00
3.6800e+01   2.85120917e+00
3.6900e+01   2.85807096e+00
3.7000e+01   2.86489703e+00
3.7100e+01   2.87169795e+00
3.7200e+01   2.87846676e+00
3.7300e+01   2.88520608e+00
3.7400e+01   2.89191972e+00
3.7500e+01   2.89860029e+00
3.7600e+01   2.90525907e+00
3.7700e+01   2.91188647e+00
3.7800e+01   2.91849093e+00
3.7900e+01   2.92507076e+00
3.8000e+01   2.93162433e+00
3.8100e+01   2.93816039e+00
3.8200e+01   2.94466998e+00
3.8300e+01   2.95116495e+00
3.8400e+01   2.95763904e+00
3.8500e+01   2.96409710e+00
3.8600e+01   2.97054308e+00
3.8700e+01   2.97697180e+00
3.8800e+01   2.98339518e+00
3.8900e+01   2.98980490e+00
3.9000e+01   2.99621108e+00
3.9100e+01   3.00261228e+00
3.9200e+01   3.00900912e+00
3.9300e+01   3.01541043e+00
3.9400e+01   3.02180903e+00
3.9500e+01   3.02821763e+00
3.9600e+01   3.03463060e+00
3.9700e+01   3.04105459e+00
3.9800e+01   3.04749341e+00
3.9900e+01   3.05394379e+00
4.0000e+01   3.06041777e+00
4.0100e+01   3.06690802e+00
4.0200e+01   3.07342576e+00
4.0300e+01   3.07996942e+00
4.0400e+01   3.08654129e+00
4.0500e+01   3.09314978e+00
4.0600e+01   3.09978891e+00
4.0700e+01   3.10647166e+00
4.0800e+01   3.11319245e+00
4.0900e+01   3.11995907e+00
4.1000e+01   3.12677457e+00
4.1100e+01   3.13363691e+00
4.1200e+01   3.14055757e+00
4.1300e+01   3.14752957e+00
4.1400e+01   3.15456443e+00
4.1500e+01   3.16165983e+00
4.1600e+01   3.16881898e+00
4.1700e+01   3.17604912e+00
4.1800e+01   3.18334483e+00
4.1900e+01   3.19071852e+00
4.2000e+01   3.19816406e+00
4.2100e+01   3.20568956e+00
4.2200e+01   3.21329667e+00
4.2300e+01   3.22098386e+00
4.2400e+01   3.22876130e+00
4.2500e+01   3.23662178e+00
4.2600e+01   3.24457636e+00
4.2700e+01   3.25262141e+00
4.2800e+01   3.26076034e+00
4.2900e+01   3.26899869e+00
4.3000e+01   3.27733101e+00
4.3100e+01   3.28576850e+00
4.3200e+01   3.29430407e+00
4.3300e+01   3.30294552e+00
4.3400e+01   3.31169271e+00
4.3500e+01   3.32054416e+00
4.3600e+01   3.32950829e+00
4.3700e+01   3.33857734e+00
4.3800e+01   3.34776150e+00
4.3900e+01   3.35705560e+00
4.4000e+01   3.36646295e+00
4.4100e+01   3.37598714e+00
4.4200e+01   3.38562254e+00
4.4300e+01   3.39537896e+00
4.4400e+01   3.40524830e+00
4.4500e+01   3.41523793e+00
4.4600e+01   3.42534593e+00
4.4700e+01   3.43557087e+00
4.4800e+01   3.44591947e+00
4.4900e+01   3.45638359e+00
4.5000e+01   3.46697259e+00
4.5100e+01   3.47768003e+00
4.5200e+01   3.48850931e+00
4.5300e+01   3.49946232e+00
4.5400e+01   3.51053362e+00
4.5500e+01   3.52173188e+00
4.5600e+01   3.53304849e+00
4.5700e+01   3.54449068e+00
4.5800e+01   3.55605530e+00
4.5900e+01   3.56774143e+00
4.6000e+01   3.57955458e+00
4.6100e+01   3.59148685e+00
4.6200e+01   3.60354726e+00
4.6300e+01   3.61572883e+00
4.6400e+01   3.62803557e+00
4.6500e+01   3.64046841e+00
4.6600e+01   3.65302278e+00
4.6700e+01   3.66570685e+00
4.6800e+01   3.67851231e+00
4.6900e+01   3.69144692e+00
4.7000e+01   3.70450713e+00
4.7100e+01   3.71769324e+00
4.7200e+01   3.73101036e+00
4.7300e+01   3.74445164e+00
4.7400e+01   3.75802649e+00
4.7500e+01   3.77172827e+00
4.7600e+01   3.78556234e+00
4.7700e+01   3.79952953e+00
4.7800e+01   3.81362692e+00
4.7900e+01   3.82786296e+00
4.8000e+01   3.84223049e+00
4.8100e+01   3.85673853e+00
4.8200e+01   3.87138394e+00
4.8300e+01   3.88616901e+00
4.8400e+01   3.90109917e+00
4.8500e+01   3.91616945e+00
4.8600e+01   3.93139026e+00
4.8700e+01   3.94675613e+00
4.8800e+01   3.96227436e+00
4.8900e+01   3.97794639e+00
4.9000e+01   3.99377163e+00
4.9100e+01   4.00975938e+00
4.9200e+01   4.02590432e+00
4.9300e+01   4.04221721e+00
4.9400e+01   4.05869599e+00
4.9500e+01   4.07534540e+00
4.9600e+01   4.09217170e+00
4.9700e+01   4.10917232e+00
4.9800e+01   4.12635908e+00
4.9900e+01   4.14372817e+00
5.0000e+01   4.16128918e+00
5.0100e+01   4.17904457e+00
5.0200e+01   4.19699644e+00
5.0300e+01   4.21515521e+00
5.0400e+01   4.23351778e+00
5.0500e+01   4.25209684e+00
5.0600e+01   4.27089172e+00
5.0700e+01   4.28990982e+00
5.0800e+01   4.30915844e+00
5.0900e+01   4.32863759e+00
5.1000e+01   4.34836062e+00
5.1100e+01   4.36832558e+00
5.1200e+01   4.38854441e+00
5.1300e+01   4.40902074e+00
5.1400e+01   4.42975938e+00
5.1500e+01   4.45077196e+00
5.1600e+01   4.47205767e+00
5.1700e+01   4.49363110e+00
5.1800e+01   4.51549306e+00
5.1900e+01   4.53765352e+00
5.2000e+01   4.56012084e+00
5.2100e+01   4.58289764e+00
5.2200e+01   4.60599866e+00
5.2300e+01   4.62942387e+00
5.2400e+01   4.65318739e+00
5.2500e+01   4.67729402e+00
5.2600e+01   4.70175120e+00
5.2700e+01   4.72657163e+00
5.2800e+01   4.75175678e+00
5.2900e+01   4.77732291e+00
5.3000e+01   4.80327231e+00
5.3100e+01   4.82961733e+00
5.3200e+01   4.85636729e+00
5.3300e+01   4.88352725e+00
5.3400e+01   4.91111318e+00
5.3500e+01   4.93912686e+00
5.3600e+01   4.96758434e+00
5.3700e+01   4.99649147e+00
5.3800e+01   5.02585808e+00
5.3900e+01   5.05569771e+00
5.4000e+01   5.08601392e+00
5.4100e+01   5.11682435e+00
5.4200e+01   5.14813254e+00
5.4300e+01   5.17995289e+00
5.4400e+01   5.21229537e+00
5.4500e+01   5.24516718e+00
5.4600e+01   5.27858510e+00
5.4700e+01   5.31255237e+00
5.4800e+01   5.34708649e+00
5.4900e+01   5.38219396e+00
5.5000e+01   5.41788643e+00
5.5100e+01   5.45417780e+00
5.5200e+01   5.49107314e+00
5.5300e+01   5.52859077e+00
5.5400e+01   5.56673492e+00
5.5500e+01   5.60552120e+00
5.5600e+01   5.64495956e+00
5.5700e+01   5.68505846e+00
5.5800e+01   5.72583458e+00
5.5900e+01   5.76729174e+00
5.6000e+01   5.80944781e+00
5.6100e+01   5.85230891e+00
5.6200e+01   5.89588739e+00
5.6300e+01   5.94019623e+00
5.6400e+01   5.98524079e+00
5.6500e+01   6.03103868e+00
5.6600e+01   6.07759342e+00
5.6700e+01   6.12492033e+00
5.6800e+01   6.17302773e+00
5.6900e+01   6.22192374e+00
5.7000e+01   6.27162313e+00
5.7100e+01   6.32212859e+00
5.7200e+01   6.37345637e+00
5.7300e+01   6.42561034e+00
5.7400e+01   6.47860141e+00
5.7500e+01   6.53243959e+00
5.7600e+01   6.58712835e+00
5.7700e+01   6.64268225e+00
5.7800e+01   6.69910185e+00
5.7900e+01   6.75639969e+00
5.8000e+01   6.81458005e+00
5.8100e+01   6.87364815e+00
5.8200e+01   6.93361425e+00
5.8300e+01   6.99447729e+00
5.8400e+01   7.05624915e+00
5.8500e+01   7.11892873e+00
5.8600e+01   7.18252272e+00
5.8700e+01   7.24703528e+00
5.8800e+01   7.31246518e+00
5.8900e+01   7.37882099e+00
5.9000e+01   7.44609748e+00
5.9100e+01   7.51430138e+00
5.9200e+01   7.58343008e+00
5.9300e+01   7.65348293e+00
5.9400e+01   7.72446274e+00
5.9500e+01   7.79636183e+00
5.9600e+01   7.86918476e+00
5.9700e+01   7.94292266e+00
5.9800e+01   8.01757510e+00
5.9900e+01   8.09313764e+00
6.0000e+01   8.16960164e+00
6.0100e+01   8.24696693e+00
6.0200e+01   8.32521994e+00
6.0300e+01   8.40435902e+00
6.0400e+01   8.48437224e+00
6.0500e+01   8.56525069e+00
6.0600e+01   8.64698746e+00
6.0700e+01   8.72956615e+00
6.0800e+01   8.81298184e+00
6.0900e+01   8.89721607e+00
6.1000e+01   8.98225940e+00
6.1100e+01   9.06809717e+00
6.1200e+01   9.15471175e+00
6.1300e+01   9.24209284e+00
6.1400e+01   9.33021734e+00
6.1500e+01   9.41907407e+00
6.1600e+01   9.50864090e+00
6.1700e+01   9.59889988e+00
6.1800e+01   9.68983377e+00
6.1900e+01   9.78141705e+00
6.2000e+01   9.87363503e+00
6.2100e+01   9.96645963e+00
6.2200e+01   1.00598725e+01
6.2300e+01   1.01538490e+01
6.2400e+01   1.02483630e+01
6.2500e+01   1.03433948e+01
6.2600e+01   1.04389125e+01
6.2700e+01   1.05348964e+01
6.2800e+01   1.06313155e+01
6.2900e+01   1.07281441e+01
6.3000e+01   1.08253561e+01
6.3100e+01   1.09229187e+01
6.3200e+01   1.10208093e+01
6.3300e+01   1.11189923e+01
6.3400e+01   1.12174425e+01
6.3500e+01   1.13161280e+01
6.3600e+01   1.14150166e+01
6.3700e+01   1.15140816e+01
6.3800e+01   1.16132855e+01
6.3900e+01   1.17126030e+01
6.4000e+01   1.18119972e+01
6.4100e+01   1.19114379e+01
6.4200e+01   1.20108938e+01
6.4300e+01   1.21103280e+01
6.4400e+01   1.22097137e+01
6.4500e+01   1.23090114e+01
6.4600e+01   1.24081930e+01
6.4700e+01   1.25072229e+01
6.4800e+01   1.26060670e+01
6.4900e+01   1.27046956e+01
6.5000e+01   1.28030697e+01
6.5100e+01   1.29011622e+01
6.5200e+01   1.29989349e+01
6.5300e+01   1.30963571e+01
6.5400e+01   1.31933965e+01
6.5500e+01   1.32900165e+01
6.5600e+01   1.33861902e+01
6.5700e+01   1.34818788e+01
6.5800e+01   1.35770554e+01
6.5900e+01   1.36716849e+01
6.6000e+01   1.37657357e+01
6.6100e+01   1.38591794e+01
6.6200e+01   1.39519798e+01
6.6300e+01   1.40441122e+01
6.6400e+01   1.41355411e+01
6.6500e+01   1.42262398e+01
6.6600e+01   1.43161788e+01
6.6700e+01   1.44053261e+01
6.6800e+01   1.44936586e+01
6.6900e+01   1.45811421e+01
6.7000e+01   1.46677547e+01
6.7100e+01   1.47534661e+01
6.7200e+01   1.48382506e+01
6.7300e+01   1.49220849e+01
6.7400e+01   1.50049391e+01
6.7500e+01   1.50867947e+01
6.7600e+01   1.51676223e+01
6.7700e+01   1.52474024e+01
6.7800e+01   1.53261118e+01
6.7900e+01   1.54037263e+01
6.8000e+01   1.54802297e+01
6.8100e+01   1.55555957e+01
6.8200e+01   1.56298102e+01
6.8300e+01   1.57028505e+01
6.8400e+01   1.57746996e+01
6.8500e+01   1.58453421e+01
6.8600e+01   1.59147569e+01
6.8700e+01   1.59829342e+01
6.8800e+01   1.60498532e+01
6.8900e+01   1.61155039e+01
6.9000e+01   1.61798715e+01
6.9100e+01   1.62429418e+01
6.9200e+01   1.63047073e+01
6.9300e+01   1.63651515e+01
6.9400e+01   1.64242699e+01
6.9500e+01   1.64820492e+01
6.9600e+01   1.65384825e+01
6.9700e+01   1.65935636e+01
6.9800e+01   1.66472819e+01
6.9900e+01   1.66996368e+01
7.0000e+01   1.67506178e+01
7.0100e+01   1.68002248e+01
7.0200e+01   1.68484525e+01
7.0300e+01   1.68952972e+01
7.0400e+01   1.69407607e+01
7.0500e+01   1.69848366e+01
7.0600e+01   1.70275302e+01
7.0700e+01   1.70688377e+01
7.0800e+01   1.71087622e+01
7.0900e+01   1.71473066e+01
7.1000e+01   1.71844701e+01
7.1100e+01   1.72202614e+01
7.1200e+01   1.72546788e+01
7.1300e+01   1.72877317e+01
7.1400e+01   1.73194233e+01
7.1500e+01   1.73497590e+01
7.1600e+01   1.73787487e+01
7.1700e+01   1.74063945e+01
7.1800e+01   1.74327100e+01
7.1900e+01   1.74576986e+01
7.2000e+01   1.74813719e+01
7.2100e+01   1.75037393e+01
7.2200e+01   1.75248077e+01
7.2300e+01   1.75445922e+01
7.2400e+01   1.75630978e+01
7.2500e+01   1.75803403e+01
7.2600e+01   1.75963281e+01
7.2700e+01   1.76110729e+01
7.2800e+01   1.76245892e+01
7.2900e+01   1.76368845e+01
7.3000e+01   1.76479765e+01
7.3100e+01   1.76578729e+01
7.3200e+01   1.76665892e+01
7.3300e+01   1.76741379e+01
7.3400e+01   1.76805293e+01
7.3500e+01   1.76857809e+01
7.3600e+01   1.76898999e+01
7.3700e+01   1.76929043e+01
7.3800e+01   1.76948035e+01
7.3900e+01   1.76956110e+01
7.4000e+01   1.76953414e+01
7.4100e+01   1.76940028e+01
7.4200e+01   1.76916129e+01
7.4300e+01   1.76881788e+01
7.4400e+01   1.76837157e+01
7.4500e+01   1.76782344e+01
7.4600e+01   1.76717442e+01
7.4700e+01   1.76642605e+01
7.4800e+01   1.76557886e+01
7.4900e+01   1.76463440e+01
7.5000e+01   1.76359333e+01
7.5100e+01   1.76245672e+01
7.5200e+01   1.76122566e+01
7.5300e+01   1.75990066e+01
7.5400e+01   1.75848309e+01
7.5500e+01   1.75697324e+01
7.5600e+01   1.75537227e+01
7.5700e+01   1.75368075e+01
7.5800e+01   1.75189924e+01
7.5900e+01   1.75002875e+01
7.6000e+01   1.74806937e+01
7.6100e+01   1.74602217e+01
7.6200e+01   1.74388729e+01
7.6300e+01   1.74166535e+01
7.6400e+01   1.73935691e+01
7.6500e+01   1.73696201e+01
7.6600e+01   1.73448151e+01
7.6700e+01   1.73191520e+01
7.6800e+01   1.72926379e+01
7.6900e+01   1.72652735e+01
7.7000e+01   1.72370601e+01
7.7100e+01   1.72080031e+01
7.7200e+01   1.71780992e+01
7.7300e+01   1.71473552e+01
7.7400e+01   1.71157680e+01
7.7500e+01   1.70833409e+01
7.7600e+01   1.70500752e+01
7.7700e+01   1.70159688e+01
7.7800e+01   1.69810269e+01
7.7900e+01   1.69452451e+01
7.8000e+01   1.69086280e+01
7.8100e+01   1.68711741e+01
7.8200e+01   1.68328835e+01
7.8300e+01   1.67937596e+01
7.8400e+01   1.67537985e+01
7.8500e+01   1.67130062e+01
7.8600e+01   1.66713792e+01
7.8700e+01   1.66289211e+01
7.8800e+01   1.65856332e+01
7.8900e+01   1.65415145e+01
7.9000e+01   1.64965712e+01
7.9100e+01   1.64508002e+01
7.9200e+01   1.64042084e+01
7.9300e+01   1.63567959e+01
7.9400e+01   1.63085660e+01
7.9500e+01   1.62595244e+01
7.9600e+01   1.62096707e+01
7.9700e+01   1.61590145e+01
7.9800e+01   1.61075557e+01
7.9900e+01   1.60553026e+01
8.0000e+01   1.60022604e+01
8.0100e+01   1.59484332e+01
8.0200e+01   1.58938318e+01
8.0300e+01   1.58384583e+01
8.0400e+01   1.57823252e+01
8.0500e+01   1.57254376e+01
8.0600e+01   1.56678051e+01
8.0700e+01   1.56094388e+01
8.0800e+01   1.55503447e+01
8.0900e+01   1.54905381e+01
8.1000e+01   1.54300253e+01
8.1100e+01   1.53688209e+01
8.1200e+01   1.53069360e+01
8.1300e+01   1.52443815e+01
8.1400e+01   1.51811740e+01
8.1500e+01   1.51173221e+01
8.1600e+01   1.50528446e+01
8.1700e+01   1.49877523e+01
8.1800e+01   1.49220613e+01
8.1900e+01   1.48557881e+01
8.2000e+01   1.47889447e+01
8.2100e+01   1.47215521e+01
8.2200e+01   1.46536216e+01
8.2300e+01   1.45851736e+01
8.2400e+01   1.45162234e+01
8.2500e+01   1.44467873e+01
8.2600e+01   1.43768860e+01
8.2700e+01   1.43065324e+01
8.2800e+01   1.42357492e+01
8.2900e+01   1.41645508e+01
8.3000e+01   1.40929567e+01
8.3100e+01   1.40209862e+01
8.3200e+01   1.39486543e+01
8.3300e+01   1.38759840e+01
8.3400e+01   1.38029885e+01
8.3500e+01   1.37296901e+01
8.3600e+01   1.36561052e+01
8.3700e+01   1.35822510e+01
8.3800e+01   1.35081487e+01
8.3900e+01   1.34338115e+01
8.4000e+01   1.33592620e+01
8.4100e+01   1.32845136e+01
8.4200e+01   1.32095857e+01
8.4300e+01   1.31344954e+01
8.4400e+01   1.30592569e+01
8.4500e+01   1.29838908e+01
8.4600e+01   1.29084084e+01
8.4700e+01   1.28328294e+01
8.4800e+01   1.27571668e+01
8.4900e+01   1.26814356e+01
8.5000e+01   1.26056528e+01
8.5100e+01   1.25298282e+01
8.5200e+01   1.24539804e+01
8.5300e+01   1.23781186e+01
8.5400e+01   1.23022579e+01
8.5500e+01   1.22264106e+01
8.5600e+01   1.21505863e+01
8.5700e+01   1.20748006e+01
8.5800e+01   1.19990595e+01
8.5900e+01   1.19233778e+01
8.6000e+01   1.18477629e+01
8.6100e+01   1.17722246e+01
8.6200e+01   1.16967739e+01
8.6300e+01   1.16214156e+01
8.6400e+01   1.15461625e+01
8.6500e+01   1.14710180e+01
8.6600e+01   1.13959920e+01
8.6700e+01   1.13210908e+01
8.6800e+01   1.12463189e+01
8.6900e+01   1.11716859e+01
8.7000e+01   1.10971929e+01
8.7100e+01   1.10228493e+01
8.7200e+01   1.09486570e+01
8.7300e+01   1.08746212e+01
8.7400e+01   1.08007477e+01
8.7500e+01   1.07270369e+01
8.7600e+01   1.06534967e+01
8.7700e+01   1.05801261e+01
8.7800e+01   1.05069313e+01
8.7900e+01   1.04339142e+01
8.8000e+01   1.03610759e+01
8.8100e+01   1.02884223e+01
8.8200e+01   1.02159513e+01
8.8300e+01   1.01436695e+01
8.8400e+01   1.00715757e+01
8.8500e+01   9.99967320e+00
8.8600e+01   9.92796507e+00
8.8700e+01   9.85645006e+00
8.8800e+01   9.78513450e+00
8.8900e+01   9.71401586e+00
8.9000e+01   9.64309952e+00
8.9100e+01   9.57238607e+00
8.9200e+01   9.50187675e+00
8.9300e+01   9.43157678e+00
8.9400e+01   9.36148419e+00
8.9500e+01   9.29160599e+00
8.9600e+01   9.22194128e+00
8.9700e+01   9.15249455e+00
8.9800e+01   9.08326945e+00
8.9900e+01   9.01426646e+00
9.0000e+01   8.94549318e+00
9.0100e+01   8.87694882e+00
9.0200e+01   8.80864094e+00
9.0300e+01   8.74057189e+00
9.0400e+01   8.67274570e+00
9.0500e+01   8.60516966e+00
9.0600e+01   8.53784474e+00
9.0700e+01   8.47078071e+00
9.0800e+01   8.40397941e+00
9.0900e+01   8.33744875e+00
9.1000e+01   8.27119509e+00
9.1100e+01   8.20522252e+00
9.1200e+01   8.13954172e+00
9.1300e+01   8.07415527e+00
9.1400e+01   8.00907432e+00
9.1500e+01   7.94430426e+00
9.1600e+01   7.87985298e+00
9.1700e+01   7.81573079e+00
9.1800e+01   7.75194226e+00
9.1900e+01   7.68850047e+00
9.2000e+01   7.62541034e+00
9.2100e+01   7.56268335e+00
9.2200e+01   7.50032851e+00
9.2300e+01   7.43835334e+00
9.2400e+01   7.37677112e+00
9.2500e+01   7.31558725e+00
9.2600e+01   7.25481565e+00
9.2700e+01   7.19446380e+00
9.2800e+01   7.13454231e+00
9.2900e+01   7.07506315e+00
9.3000e+01   7.01603310e+00
9.3100e+01   6.95746682e+00
9.3200e+01   6.89937058e+00
9.3300e+01   6.84175743e+00
9.3400e+01   6.78463698e+00
9.3500e+01   6.72801796e+00
9.3600e+01   6.67191386e+00
9.3700e+01   6.61633049e+00
9.3800e+01   6.56128190e+00
9.3900e+01   6.50677504e+00
9.4000e+01   6.45282043e+00
9.4100e+01   6.39942887e+00
9.4200e+01   6.34660640e+00
9.4300e+01   6.29436627e+00
9.4400e+01   6.24271308e+00
9.4500e+01   6.19165833e+00
9.4600e+01   6.14120912e+00
9.4700e+01   6.09137222e+00
9.4800e+01   6.04215819e+00
9.4900e+01   5.99357009e+00
9.5000e+01   5.94561892e+00
9.5100e+01   5.89830796e+00
9.5200e+01   5.85164455e+00
9.5300e+01   5.80563519e+00
9.5400e+01   5.76028222e+00
9.5500e+01   5.71559442e+00
9.5600e+01   5.67157188e+00
9.5700e+01   5.62822168e+00
9.5800e+01   5.58554566e+00
9.5900e+01   5.54354600e+00
9.6000e+01   5.50222771e+00
9.6100e+01   5.46158873e+00
9.6200e+01   5.42163459e+00
9.6300e+01   5.38236279e+00
9.6400e+01   5.34377533e+00
9.6500e+01   5.30587251e+00
9.6600e+01   5.26865118e+00
9.6700e+01   5.23211398e+00
9.6800e+01   5.19625504e+00
9.6900e+01   5.16107563e+00
9.7000e+01   5.12657121e+00
9.7100e+01   5.09273837e+00
9.7200e+01   5.05957573e+00
9.7300e+01   5.02707546e+00
9.7400e+01   4.99523714e+00
9.7500e+01   4.96405218e+00
9.7600e+01   4.93351714e+00
9.7700e+01   4.90362615e+00
9.7800e+01   4.87437083e+00
9.7900e+01   4.84574806e+00
9.8000e+01   4.81774663e+00
9.8100e+01   4.79036273e+00
9.8200e+01   4.76358642e+00
9.8300e+01   4.73740974e+00
9.8400e+01   4.71182622e+00
9.8500e+01   4.68682368e+00
9.8600e+01   4.66239732e+00
9.8700e+01   4.63853423e+00
9.8800e+01   4.61522734e+00
9.8900e+01   4.59246667e+00
9.9000e+01   4.57024074e+00
9.9100e+01   4.54854293e+00
9.9200e+01   4.52735907e+00
9.9300e+01   4.50668276e+00
9.9400e+01   4.48650122e+00
9.9500e+01   4.46680467e+00
9.9600e+01   4.44758423e+00
9.9700e+01   4.42882630e+00
9.9800e+01   4.41052449e+00
9.9900e+01   4.39266455e+00
1.0000e+02   4.37523877e+00
1.0010e+02   4.35823607e+00
1.0020e+02   4.34164490e+00
1.0030e+02   4.32545816e+00
1.0040e+02   4.30966186e+00
1.0050e+02   4.29424996e+00
1.0060e+02   4.27920994e+00
1.0070e+02   4.26453317e+00
1.0080e+02   4.25021133e+00
1.0090e+02   4.23623231e+00
1.0100e+02   4.22259100e+00
1.0110e+02   4.20927467e+00
1.0120e+02   4.19627766e+00
1.0130e+02   4.18359045e+00
1.0140e+02   4.17120406e+00
1.0150e+02   4.15911335e+00
1.0160e+02   4.14730692e+00
1.0170e+02   4.13578138e+00
1.0180e+02   4.12452668e+00
1.0190e+02   4.11353738e+00
1.0200e+02   4.10280772e+00
1.0210e+02   4.09232895e+00
1.0220e+02   4.08209890e+00
1.0230e+02   4.07210801e+00
1.0240e+02   4.06235411e+00
1.0250e+02   4.05283064e+00
1.0260e+02   4.04353237e+00
1.0270e+02   4.03445720e+00
1.0280e+02   4.02559736e+00
1.0290e+02   4.01695287e+00
1.0300e+02   4.00851690e+00
1.0310e+02   4.00028778e+00
1.0320e+02   3.99226275e+00
1.0330e+02   3.98443678e+00
1.0340e+02   3.97681084e+00
1.0350e+02   3.96937867e+00
1.0360e+02   3.96214151e+00
1.0370e+02   3.95509567e+00
1.0380e+02   3.94823942e+00
1.0390e+02   3.94157335e+00
1.0400e+02   3.93509284e+00
1.0410e+02   3.92880077e+00
1.0420e+02   3.92269289e+00
1.0430e+02   3.91677053e+00
1.0440e+02   3.91103308e+00
1.0450e+02   3.90547829e+00
1.0460e+02   3.90010923e+00
1.0470e+02   3.89492187e+00
1.0480e+02   3.88991966e+00
1.0490e+02   3.88510051e+00
1.0500e+02   3.88046484e+00
1.0510e+02   3.87601453e+00
1.0520e+02   3.87174666e+00
1.0530e+02   3.86766539e+00
1.0540e+02   3.86376749e+00
1.0550e+02   3.86005559e+00
1.0560e+02   3.85652953e+00
1.0570e+02   3.85318814e+00
1.0580e+02   3.85003472e+00
1.0590e+02   3.84706567e+00
1.0600e+02   3.84428472e+00
1.0610e+02   3.84168951e+00
1.0620e+02   3.83928068e+00
1.0630e+02   3.83705939e+00
1.0640e+02   3.83502250e+00
1.0650e+02   3.83317339e+00
1.0660e+02   3.83150794e+00
1.0670e+02   3.83002804e+00
1.0680e+02   3.82873203e+00
1.0690e+02   3.82761783e+00
1.0700e+02   3.82668701e+00
1.0710e+02   3.82593453e+00
1.0720e+02   3.82536251e+00
1.0730e+02   3.82496650e+00
1.0740e+02   3.82474557e+00
1.0750e+02   3.82469847e+00
1.0760e+02   3.82482022e+00
1.0770e+02   3.82511186e+00
1.0780e+02   3.82556689e+00
1.0790e+02   3.82618513e+00
1.0800e+02   3.82696216e+00
1.0810e+02   3.82789384e+00
1.0820e+02   3.82897901e+00
1.0830e+02   3.83021034e+00
1.0840e+02   3.83158752e+00
1.0850e+02   3.83310350e+00
1.0860e+02   3.83475531e+00
1.0870e+02   3.83653901e+00
1.0880e+02   3.83844769e+00
1.0890e+02   3.84048008e+00
1.0900e+02   3.84262761e+00
1.0910e+02   3.84488835e+00
1.0920e+02   3.84725578e+00
1.0930e+02   3.84972449e+00
1.0940e+02   3.85229149e+00
1.0950e+02   3.85494834e+00
1.0960e+02   3.85769363e+00
1.0970e+02   3.86051919e+00
1.0980e+02   3.86342168e+00
1.0990e+02   3.86639630e+00
1.1000e+02   3.86943623e+00
1.1010e+02   3.87253999e+00
1.1020e+02   3.87569927e+00
1.1030e+02   3.87891281e+00
1.1040e+02   3.88217452e+00
1.1050e+02   3.88548037e+00
1.1060e+02   3.88882833e+00
1.1070e+02   3.89221169e+00
1.1080e+02   3.89563081e+00
1.1090e+02   3.89907942e+00
1.1100e+02   3.90255677e+00
1.1110e+02   3.90606027e+00
1.1120e+02   3.90958622e+00
1.1130e+02   3.91313594e+00
1.1140e+02   3.91670441e+00
1.1150e+02   3.92029398e+00
1.1160e+02   3.92390190e+00
1.1170e+02   3.92752836e+00
1.1180e+02   3.93117497e+00
1.1190e+02   3.93483940e+00
1.1200e+02   3.93852625e+00
1.1210e+02   3.94223351e+00
1.1220e+02   3.94596522e+00
1.1230e+02   3.94972298e+00
1.1240e+02   3.95350809e+00
1.1250e+02   3.95732627e+00
1.1260e+02   3.96117728e+00
1.1270e+02   3.96506822e+00
1.1280e+02   3.96900074e+00
1.1290e+02   3.97297994e+00
1.1300e+02   3.97701163e+00
1.1310e+02   3.98109814e+00
1.1320e+02   3.98524826e+00
1.1330e+02   3.98946409e+00
1.1340e+02   3.99375390e+00
1.1350e+02   3.99812280e+00
1.1360e+02   4.00257605e+00
1.1370e+02   4.00712253e+00
1.1380e+02   4.01176530e+00
1.1390e+02   4.01651445e+00
1.1400e+02   4.02137408e+00
1.1410e+02   4.02635200e+00
1.1420e+02   4.03145575e+00
1.1430e+02   4.03668974e+00
1.1440e+02   4.04206407e+00
1.1450e+02   4.04758194e+00
1.1460e+02   4.05325263e+00
1.1470e+02   4.05908137e+00
1.1480e+02   4.06507389e+00
1.1490e+02   4.07123851e+00
1.1500e+02   4.07757782e+00
1.1510e+02   4.08410099e+00
1.1520e+02   4.09081055e+00
1.1530e+02   4.09771295e+00
1.1540e+02   4.10481332e+00
1.1550e+02   4.11211395e+00
1.1560e+02   4.11962202e+00
1.1570e+02   4.12733760e+00
1.1580e+02   4.13526674e+00
1.1590e+02   4.14341056e+00
1.1600e+02   4.15177108e+00
1.1610e+02   4.16035191e+00
1.1620e+02   4.16915116e+00
1.1630e+02   4.17817300e+00
1.1640e+02   4.18741458e+00
1.1650e+02   4.19687719e+00
1.1660e+02   4.20655987e+00
1.1670e+02   4.21645932e+00
1.1680e+02   4.22657642e+00
1.1690e+02   4.23690497e+00
1.1700e+02   4.24744471e+00
1.1710e+02   4.25818992e+00
1.1720e+02   4.26913626e+00
1.1730e+02   4.28028025e+00
1.1740e+02   4.29161335e+00
1.1750e+02   4.30313281e+00
1.1760e+02   4.31482872e+00
1.1770e+02   4.32669572e+00
1.1780e+02   4.33872565e+00
1.1790e+02   4.35090869e+00
1.1800e+02   4.36323872e+00
1.1810e+02   4.37570294e+00
1.1820e+02   4.38829467e+00
1.1830e+02   4.40100151e+00
1.1840e+02   4.41381323e+00
1.1850e+02   4.42671996e+00
1.1860e+02   4.43970755e+00
1.1870e+02   4.45276756e+00
1.1880e+02   4.46588461e+00
1.1890e+02   4.47904851e+00
1.1900e+02   4.49224592e+00
1.1910e+02   4.50546284e+00
1.1920e+02   4.51868874e+00
1.1930e+02   4.53190702e+00
1.1940e+02   4.54510759e+00
1.1950e+02   4.55827463e+00
1.1960e+02   4.57139546e+00
1.1970e+02   4.58445745e+00
1.1980e+02   4.59744469e+00
1.1990e+02   4.61034698e+00
1.2000e+02   4.62314764e+00
1.2010e+02   4.63583585e+00
1.2020e+02   4.64839752e+00
1.2030e+02   4.66081895e+00
1.2040e+02   4.67308968e+00
1.2050e+02   4.68519402e+00
1.2060e+02   4.69712306e+00
1.2070e+02   4.70886234e+00
1.2080e+02   4.72040140e+00
1.2090e+02   4.73172959e+00
1.2100e+02   4.74283391e+00
1.2110e+02   4.75370707e+00
1.2120e+02   4.76433571e+00
1.2130e+02   4.77471291e+00
1.2140e+02   4.78482829e+00
1.2150e+02   4.79467281e+00
1.2160e+02   4.80424036e+00
1.2170e+02   4.81352029e+00
1.2180e+02   4.82250887e+00
1.2190e+02   4.83119686e+00
1.2200e+02   4.83957974e+00
1.2210e+02   4.84765238e+00
1.2220e+02   4.85540812e+00
1.2230e+02   4.86284574e+00
1.2240e+02   4.86995830e+00
1.2250e+02   4.87674560e+00
1.2260e+02   4.88320368e+00
1.2270e+02   4.88933065e+00
1.2280e+02   4.89512705e+00
1.2290e+02   4.90058943e+00
1.2300e+02   4.90572116e+00
1.2310e+02   4.91052005e+00
1.2320e+02   4.91498908e+00
1.2330e+02   4.91913009e+00
1.2340e+02   4.92294405e+00
1.2350e+02   4.92643690e+00
1.2360e+02   4.92960910e+00
1.2370e+02   4.93246797e+00
1.2380e+02   4.93501665e+00
1.2390e+02   4.93726098e+00
1.2400e+02   4.93920852e+00
1.2410e+02   4.94086339e+00
1.2420e+02   4.94223621e+00
1.2430e+02   4.94333195e+00
1.2440e+02   4.94416108e+00
1.2450e+02   4.94473233e+00
1.2460e+02   4.94505412e+00
1.2470e+02   4.94513928e+00
1.2480e+02   4.94499538e+00
1.2490e+02   4.94463682e+00
1.2500e+02   4.94407341e+00
1.2510e+02   4.94331814e+00
1.2520e+02   4.94238506e+00
1.2530e+02   4.94128516e+00
1.2540e+02   4.94003560e+00
1.2550e+02   4.93864777e+00
1.2560e+02   4.93713876e+00
1.2570e+02   4.93552329e+00
1.2580e+02   4.93381628e+00
1.2590e+02   4.93203636e+00
1.2600e+02   4.93019713e+00
1.2610e+02   4.92831883e+00
1.2620e+02   4.92641668e+00
1.2630e+02   4.92450944e+00
1.2640e+02   4.92261611e+00
1.2650e+02   4.92075302e+00
1.2660e+02   4.91894210e+00
1.2670e+02   4.91719932e+00
1.2680e+02   4.91554644e+00
1.2690e+02   4.91400201e+00
1.2700e+02   4.91258520e+00
1.2710e+02   4.91131799e+00
1.2720e+02   4.91021740e+00
1.2730e+02   4.90930669e+00
1.2740e+02   4.90860355e+00
1.2750e+02   4.90812927e+00
1.2760e+02   4.90790442e+00
1.2770e+02   4.90794708e+00
1.2780e+02   4.90828006e+00
1.2790e+02   4.90891994e+00
1.2800e+02   4.90988874e+00
1.2810e+02   4.91120438e+00
1.2820e+02   4.91288543e+00
1.2830e+02   4.91495219e+00
1.2840e+02   4.91741985e+00
1.2850e+02   4.92030912e+00
1.2860e+02   4.92363435e+00
1.2870e+02   4.92741336e+00
1.2880e+02   4.93166199e+00
1.2890e+02   4.93639356e+00
1.2900e+02   4.94162502e+00
1.2910e+02   4.94736655e+00
1.2920e+02   4.95363330e+00
1.2930e+02   4.96043516e+00
1.2940e+02   4.96778257e+00
1.2950e+02   4.97568641e+00
1.2960e+02   4.98415222e+00
1.2970e+02   4.99319015e+00
1.2980e+02   5.00280320e+00
1.2990e+02   5.01299755e+00
1.3000e+02   5.02377616e+00
1.3010e+02   5.03513941e+00
1.3020e+02   5.04709024e+00
1.3030e+02   5.05962440e+00
1.3040e+02   5.07274214e+00
1.3050e+02   5.08643753e+00
1.3060e+02   5.10070523e+00
1.3070e+02   5.11553929e+00
1.3080e+02   5.13092846e+00
1.3090e+02   5.14686548e+00
1.3100e+02   5.16333556e+00
1.3110e+02   5.18032718e+00
1.3120e+02   5.19782483e+00
1.3130e+02   5.21581087e+00
1.3140e+02   5.23426966e+00
1.3150e+02   5.25317862e+00
1.3160e+02   5.27251974e+00
1.3170e+02   5.29226866e+00
1.3180e+02   5.31240237e+00
1.3190e+02   5.33289689e+00
1.3200e+02   5.35372385e+00
1.3210e+02   5.37485901e+00
1.3220e+02   5.39627114e+00
1.3230e+02   5.41793315e+00
1.3240e+02   5.43981415e+00
1.3250e+02   5.46188247e+00
1.3260e+02   5.48410871e+00
1.3270e+02   5.50645781e+00
1.3280e+02   5.52890018e+00
1.3290e+02   5.55140066e+00
1.3300e+02   5.57392702e+00
1.3310e+02   5.59644667e+00
1.3320e+02   5.61892430e+00
1.3330e+02   5.64132970e+00
1.3340e+02   5.66362699e+00
1.3350e+02   5.68578598e+00
1.3360e+02   5.70777360e+00
1.3370e+02   5.72955792e+00
1.3380e+02   5.75111014e+00
1.3390e+02   5.77239754e+00
1.3400e+02   5.79339418e+00
1.3410e+02   5.81406969e+00
1.3420e+02   5.83439849e+00
1.3430e+02   5.85435533e+00
1.3440e+02   5.87391417e+00
1.3450e+02   5.89305489e+00
1.3460e+02   5.91175304e+00
1.3470e+02   5.92999124e+00
1.3480e+02   5.94774984e+00
1.3490e+02   5.96501200e+00
1.3500e+02   5.98176436e+00
1.3510e+02   5.99799096e+00
1.3520e+02   6.01368325e+00
1.3530e+02   6.02882888e+00
1.3540e+02   6.04342127e+00
1.3550e+02   6.05745417e+00
1.3560e+02   6.07092157e+00
1.3570e+02   6.08382327e+00
1.3580e+02   6.09615521e+00
1.3590e+02   6.10792067e+00
1.3600e+02   6.11912032e+00
1.3610e+02   6.12975819e+00
1.3620e+02   6.13984106e+00
1.3630e+02   6.14937338e+00
1.3640e+02   6.15836651e+00
1.3650e+02   6.16682749e+00
1.3660e+02   6.17476906e+00
1.3670e+02   6.18220324e+00
1.3680e+02   6.18914219e+00
1.3690e+02   6.19560280e+00
1.3700e+02   6.20159757e+00
1.3710e+02   6.20714560e+00
1.3720e+02   6.21226225e+00
1.3730e+02   6.21696581e+00
1.3740e+02   6.22127589e+00
1.3750e+02   6.22520928e+00
1.3760e+02   6.22878842e+00
1.3770e+02   6.23203046e+00
1.3780e+02   6.23495752e+00
1.3790e+02   6.23758946e+00
1.3800e+02   6.23994591e+00
1.3810e+02   6.24204967e+00
1.3820e+02   6.24391847e+00
1.3830e+02   6.24557564e+00
1.3840e+02   6.24703953e+00
1.3850e+02   6.24833099e+00
1.3860e+02   6.24947068e+00
1.3870e+02   6.25047607e+00
1.3880e+02   6.25136917e+00
1.3890e+02   6.25216586e+00
1.3900e+02   6.25288653e+00
1.3910e+02   6.25354810e+00
1.3920e+02   6.25416714e+00
1.3930e+02   6.25476227e+00
1.3940e+02   6.25534675e+00
1.3950e+02   6.25593888e+00
1.3960e+02   6.25655124e+00
1.3970e+02   6.25719894e+00
1.3980e+02   6.25789598e+00
1.3990e+02   6.25865329e+00
1.4000e+02   6.25948573e+00
1.4010e+02   6.26040191e+00
1.4020e+02   6.26141490e+00
1.4030e+02   6.26253375e+00
1.4040e+02   6.26376758e+00
1.4050e+02   6.26512699e+00
1.4060e+02   6.26661754e+00
1.4070e+02   6.26824975e+00
1.4080e+02   6.27002830e+00
1.4090e+02   6.27196087e+00
1.4100e+02   6.27405363e+00
1.4110e+02   6.27631036e+00
1.4120e+02   6.27873855e+00
1.4130e+02   6.28133977e+00
1.4140e+02   6.28412042e+00
1.4150e+02   6.28708274e+00
1.4160e+02   6.29022983e+00
1.4170e+02   6.29356599e+00
1.4180e+02   6.29709120e+00
1.4190e+02   6.30081049e+00
1.4200e+02   6.30472326e+00
1.4210e+02   6.30883259e+00
1.4220e+02   6.31313981e+00
1.4230e+02   6.31764474e+00
1.4240e+02   6.32235077e+00
1.4250e+02   6.32725586e+00
1.4260e+02   6.33236323e+00
1.4270e+02   6.33767181e+00
1.4280e+02   6.34318223e+00
1.4290e+02   6.34889602e+00
1.4300e+02   6.35481107e+00
1.4310e+02   6.36093035e+00
1.4320e+02   6.36725135e+00
1.4330e+02   6.37377576e+00
1.4340e+02   6.38050321e+00
1.4350e+02   6.38743251e+00
1.4360e+02   6.39456577e+00
1.4370e+02   6.40190000e+00
1.4380e+02   6.40943763e+00
1.4390e+02   6.41717656e+00
1.4400e+02   6.42511698e+00
1.4410e+02   6.43325944e+00
1.4420e+02   6.44160138e+00
1.4430e+02   6.45014505e+00
1.4440e+02   6.45888720e+00
1.4450e+02   6.46782907e+00
1.4460e+02   6.47696931e+00
1.4470e+02   6.48630626e+00
1.4480e+02   6.49584103e+00
1.4490e+02   6.50556985e+00
1.4500e+02   6.51549426e+00
1.4510e+02   6.52561100e+00
1.4520e+02   6.53591940e+00
1.4530e+02   6.54641859e+00
1.4540e+02   6.55710494e+00
1.4550e+02   6.56797929e+00
1.4560e+02   6.57903692e+00
1.4570e+02   6.59027775e+00
1.4580e+02   6.60169859e+00
1.4590e+02   6.61329643e+00
1.4600e+02   6.62507045e+00
1.4610e+02   6.63701525e+00
1.4620e+02   6.64913060e+00
1.4630e+02   6.66141122e+00
1.4640e+02   6.67385485e+00
1.4650e+02   6.68645843e+00
1.4660e+02   6.69921665e+00
1.4670e+02   6.71212830e+00
1.4680e+02   6.72518669e+00
1.4690e+02   6.73838997e+00
1.4700e+02   6.75173274e+00
1.4710e+02   6.76521032e+00
1.4720e+02   6.77881970e+00
1.4730e+02   6.79255362e+00
1.4740e+02   6.80640991e+00
1.4750e+02   6.82038113e+00
1.4760e+02   6.83446321e+00
1.4770e+02   6.84865073e+00
1.4780e+02   6.86293650e+00
1.4790e+02   6.87731696e+00
1.4800e+02   6.89178310e+00
1.4810e+02   6.90633081e+00
1.4820e+02   6.92095192e+00
1.4830e+02   6.93563934e+00
1.4840e+02   6.95038697e+00
1.4850e+02   6.96518465e+00
1.4860e+02   6.98002693e+00
1.4870e+02   6.99490277e+00
1.4880e+02   7.00980459e+00
1.4890e+02   7.02472270e+00
1.4900e+02   7.03964585e+00
1.4910e+02   7.05456572e+00
1.4920e+02   7.06946845e+00
1.4930e+02   7.08434479e+00
1.4940e+02   7.09918081e+00
1.4950e+02   7.11396380e+00
1.4960e+02   7.12868122e+00
1.4970e+02   7.14331657e+00
1.4980e+02   7.15785752e+00
1.4990e+02   7.17228585e+00
1.5000e+02   7.18658681e+00
1.5010e+02   7.20074283e+00
1.5020e+02   7.21473511e+00
1.5030e+02   7.22854716e+00
1.5040e+02   7.24215707e+00
1.5050e+02   7.25554748e+00
1.5060e+02   7.26869602e+00
1.5070e+02   7.28158206e+00
1.5080e+02   7.29418465e+00
1.5090e+02   7.30647948e+00
1.5100e+02   7.31844637e+00
1.5110e+02   7.33005950e+00
1.5120e+02   7.34129709e+00
1.5130e+02   7.35213452e+00
1.5140e+02   7.36254690e+00
1.5150e+02   7.37251172e+00
1.5160e+02   7.38200193e+00
1.5170e+02   7.39099564e+00
1.5180e+02   7.39946643e+00
1.5190e+02   7.40739083e+00
1.5200e+02   7.41474534e+00
1.5210e+02   7.42150447e+00
1.5220e+02   7.42764742e+00
1.5230e+02   7.43314877e+00
1.5240e+02   7.43798835e+00
1.5250e+02   7.44214370e+00
1.5260e+02   7.44559365e+00
1.5270e+02   7.44831996e+00
1.5280e+02   7.45030118e+00
1.5290e+02   7.45152201e+00
1.5300e+02   7.45196344e+00
1.5310e+02   7.45161081e+00
1.5320e+02   7.45044991e+00
1.5330e+02   7.44846596e+00
1.5340e+02   7.44564945e+00
1.5350e+02   7.44198720e+00
1.5360e+02   7.43747227e+00
1.5370e+02   7.43209579e+00
1.5380e+02   7.42585137e+00
1.5390e+02   7.41873567e+00
1.5400e+02   7.41074308e+00
1.5410e+02   7.40187445e+00
1.5420e+02   7.39212722e+00
1.5430e+02   7.38150381e+00
1.5440e+02   7.37000687e+00
1.5450e+02   7.35763909e+00
1.5460e+02   7.34440818e+00
1.5470e+02   7.33031825e+00
1.5480e+02   7.31537968e+00
1.5490e+02   7.29960043e+00
1.5500e+02   7.28299111e+00
1.5510e+02   7.26556459e+00
1.5520e+02   7.24733143e+00
1.5530e+02   7.22830798e+00
1.5540e+02   7.20850659e+00
1.5550e+02   7.18794432e+00
1.5560e+02   7.16663728e+00
1.5570e+02   7.14460151e+00
1.5580e+02   7.12185684e+00
1.5590e+02   7.09841901e+00
1.5600e+02   7.07430926e+00
1.5610e+02   7.04954526e+00
1.5620e+02   7.02414701e+00
1.5630e+02   6.99813541e+00
1.5640e+02   6.97152860e+00
1.5650e+02   6.94434951e+00
1.5660e+02   6.91661617e+00
1.5670e+02   6.88835081e+00
1.5680e+02   6.85957353e+00
1.5690e+02   6.83030403e+00
1.5700e+02   6.80056473e+00
1.5710e+02   6.77037351e+00
1.5720e+02   6.73975310e+00
1.5730e+02   6.70872185e+00
1.5740e+02   6.67730032e+00
1.5750e+02   6.64550897e+00
1.5760e+02   6.61336551e+00
1.5770e+02   6.58089178e+00
1.5780e+02   6.54810439e+00
1.5790e+02   6.51502411e+00
1.5800e+02   6.48166886e+00
1.5810e+02   6.44805652e+00
1.5820e+02   6.41420705e+00
1.5830e+02   6.38013600e+00
1.5840e+02   6.34586367e+00
1.5850e+02   6.31140569e+00
1.5860e+02   6.27678027e+00
1.5870e+02   6.24200502e+00
1.5880e+02   6.20709523e+00
1.5890e+02   6.17207002e+00
1.5900e+02   6.13694340e+00
1.5910e+02   6.10173367e+00
1.5920e+02   6.06645595e+00
1.5930e+02   6.03112580e+00
1.5940e+02   5.99576038e+00
1.5950e+02   5.96037275e+00
1.5960e+02   5.92498059e+00
1.5970e+02   5.88959671e+00
1.5980e+02   5.85423684e+00
1.5990e+02   5.81891551e+00
1.6000e+02   5.78364538e+00
1.6010e+02   5.74844252e+00
1.6020e+02   5.71331793e+00
1.6030e+02   5.67828700e+00
1.6040e+02   5.64336154e+00
1.6050e+02   5.60855425e+00
1.6060e+02   5.57387902e+00
1.6070e+02   5.53934605e+00
1.6080e+02   5.50497022e+00
1.6090e+02   5.47076161e+00
1.6100e+02   5.43673386e+00
1.6110e+02   5.40289943e+00
1.6120e+02   5.36926990e+00
1.6130e+02   5.33586060e+00
1.6140e+02   5.30268280e+00
1.6150e+02   5.26975328e+00
1.6160e+02   5.23708614e+00
1.6170e+02   5.20469824e+00
1.6180e+02   5.17260881e+00
1.6190e+02   5.14083565e+00
1.6200e+02   5.10940316e+00
1.6210e+02   5.07833331e+00
1.6220e+02   5.04765457e+00
1.6230e+02   5.01739670e+00
1.6240e+02   4.98759233e+00
1.6250e+02   4.95828095e+00
1.6260e+02   4.92950194e+00
1.6270e+02   4.90130436e+00
1.6280e+02   4.87373862e+00
1.6290e+02   4.84686296e+00
1.6300e+02   4.82074227e+00
1.6310e+02   4.79544548e+00
1.6320e+02   4.77105305e+00
1.6330e+02   4.74764833e+00
1.6340e+02   4.72532678e+00
1.6350e+02   4.70419011e+00
1.6360e+02   4.68434870e+00
1.6370e+02   4.66592452e+00
1.6380e+02   4.64904464e+00
1.6390e+02   4.63385035e+00
1.6400e+02   4.62048819e+00
1.6410e+02   4.60911649e+00
1.6420e+02   4.59990255e+00
1.6430e+02   4.59302009e+00
1.6440e+02   4.58865507e+00
1.6450e+02   4.58699607e+00
1.6460e+02   4.58824248e+00
1.6470e+02   4.59259642e+00
1.6480e+02   4.60026444e+00
1.6490e+02   4.61145765e+00
1.6500e+02   4.62638401e+00
1.6510e+02   4.64525497e+00
1.6520e+02   4.66827415e+00
1.6530e+02   4.69564204e+00
1.6540e+02   4.72755002e+00
1.6550e+02   4.76417620e+00
1.6560e+02   4.80568800e+00
1.6570e+02   4.85223054e+00
1.6580e+02   4.90393251e+00
1.6590e+02   4.96089539e+00
1.6600e+02   5.02319386e+00
1.6610e+02   5.09087326e+00
1.6620e+02   5.16394112e+00
1.6630e+02   5.24237218e+00
1.6640e+02   5.32609633e+00
1.6650e+02   5.41500348e+00
1.6660e+02   5.50893699e+00
1.6670e+02   5.60769117e+00
1.6680e+02   5.71101453e+00
1.6690e+02   5.81860062e+00
1.6700e+02   5.93009650e+00
1.6710e+02   6.04509494e+00
1.6720e+02   6.16313953e+00
1.6730e+02   6.28372597e+00
1.6740e+02   6.40629957e+00
1.6750e+02   6.53026576e+00
1.6760e+02   6.65498435e+00
1.6770e+02   6.77978170e+00
1.6780e+02   6.90395056e+00
1.6790e+02   7.02675600e+00
1.6800e+02   7.14744541e+00
1.6810e+02   7.26524754e+00
1.6820e+02   7.37938851e+00
1.6830e+02   7.48909090e+00
1.6840e+02   7.59358670e+00
1.6850e+02   7.69212413e+00
1.6860e+02   7.78397186e+00
1.6870e+02   7.86843406e+00
1.6880e+02   7.94484910e+00
1.6890e+02   8.01260521e+00
1.6900e+02   8.07114185e+00
1.6910e+02   8.11995753e+00
1.6920e+02   8.15861880e+00
1.6930e+02   8.18675843e+00
1.6940e+02   8.20408855e+00
1.6950e+02   8.21039561e+00
1.6960e+02   8.20554881e+00
1.6970e+02   8.18949976e+00
1.6980e+02   8.16228031e+00
1.6990e+02   8.12400866e+00
1.7000e+02   8.07487916e+00
1.7010e+02   8.01516844e+00
1.7020e+02   7.94522582e+00
1.7030e+02   7.86547130e+00
1.7040e+02   7.77639282e+00
1.7050e+02   7.67853420e+00
1.7060e+02   7.57249736e+00
1.7070e+02   7.45892672e+00
1.7080e+02   7.33850836e+00
1.7090e+02   7.21195977e+00
1.7100e+02   7.08002018e+00
1.7110e+02   6.94344861e+00
1.7120e+02   6.80300769e+00
1.7130e+02   6.65946474e+00
1.7140e+02   6.51357762e+00
1.7150e+02   6.36609088e+00
1.7160e+02   6.21773059e+00
1.7170e+02   6.06919282e+00
1.7180e+02   5.92114642e+00
1.7190e+02   5.77421953e+00
1.7200e+02   5.62900244e+00
1.7210e+02   5.48604078e+00
1.7220e+02   5.34583181e+00
1.7230e+02   5.20882761e+00
1.7240e+02   5.07542580e+00
1.7250e+02   4.94597769e+00
1.7260e+02   4.82078104e+00
1.7270e+02   4.70008452e+00
1.7280e+02   4.58408947e+00
1.7290e+02   4.47294666e+00
1.7300e+02   4.36676627e+00
1.7310e+02   4.26561153e+00
1.7320e+02   4.16950894e+00
1.7330e+02   4.07844709e+00
1.7340e+02   3.99237968e+00
1.7350e+02   3.91123332e+00
1.7360e+02   3.83490325e+00
1.7370e+02   3.76326558e+00
1.7380e+02   3.69617288e+00
1.7390e+02   3.63346211e+00
1.7400e+02   3.57495740e+00
1.7410e+02   3.52046908e+00
1.7420e+02   3.46980376e+00
1.7430e+02   3.42275832e+00
1.7440e+02   3.37913011e+00
1.7450e+02   3.33871422e+00
1.7460e+02   3.30130619e+00
1.7470e+02   3.26670736e+00
1.7480e+02   3.23471930e+00
1.7490e+02   3.20515376e+00
1.7500e+02   3.17782567e+00
1.7510e+02   3.15255935e+00
1.7520e+02   3.12918790e+00
1.7530e+02   3.10755053e+00
1.7540e+02   3.08749963e+00
1.7550e+02   3.06889240e+00
1.7560e+02   3.05159900e+00
1.7570e+02   3.03549693e+00
1.7580e+02   3.02047247e+00
1.7590e+02   3.00642321e+00
1.7600e+02   2.99325131e+00
1.7610e+02   2.98087159e+00
1.7620e+02   2.96920285e+00
1.7630e+02   2.95817340e+00
1.7640e+02   2.94771854e+00
1.7650e+02   2.93777773e+00
1.7660e+02   2.92830031e+00
1.7670e+02   2.91923671e+00
1.7680e+02   2.91054630e+00
1.7690e+02   2.90219083e+00
1.7700e+02   2.89413639e+00
1.7710e+02   2.88635502e+00
1.7720e+02   2.87881847e+00
1.7730e+02   2.87150603e+00
1.7740e+02   2.86439584e+00
1.7750e+02   2.85747099e+00
1.7760e+02   2.85071646e+00
1.7770e+02   2.84411729e+00
1.7780e+02   2.83766389e+00
1.7790e+02   2.83134378e+00
1.7800e+02   2.82514986e+00
1.7810e+02   2.81907356e+00
1.7820e+02   2.81310789e+00
1.7830e+02   2.80724840e+00
1.7840e+02   2.80148797e+00
1.7850e+02   2.79582448e+00
1.7860e+02   2.79025226e+00
1.7870e+02   2.78476896e+00
1.7880e+02   2.77937186e+00
1.7890e+02   2.77405715e+00
1.7900e+02   2.76882465e+00
1.7910e+02   2.76367010e+00
1.7920e+02   2.75859370e+00
1.7930e+02   2.75359282e+00
1.7940e+02   2.74866602e+00
1.7950e+02   2.74381321e+00
1.7960e+02   2.73903128e+00
1.7970e+02   2.73432145e+00
1.7980e+02   2.72968080e+00
1.7990e+02   2.72510962e+00
1.8000e+02   2.72060700e+00
1.8010e+02   2.71617112e+00
1.8020e+02   2.71180315e+00
1.8030e+02   2.70750012e+00
1.8040e+02   2.70326339e+00
1.8050e+02   2.69909106e+00
1.8060e+02   2.69498267e+00
1.8070e+02   2.69093858e+00
1.8080e+02   2.68695636e+00
1.8090e+02   2.68303768e+00
1.8100e+02   2.67917991e+00
1.8110e+02   2.67538384e+00
1.8120e+02   2.67164866e+00
1.8130e+02   2.66797295e+00
1.8140e+02   2.66435795e+00
1.8150e+02   2.66080093e+00
1.8160e+02   2.65730344e+00
1.8170e+02   2.65386354e+00
1.8180e+02   2.65048111e+00
1.8190e+02   2.64715639e+00
1.8200e+02   2.64388716e+00
1.8210e+02   2.64067512e+00
1.8220e+02   2.63751763e+00
1.8230e+02   2.63441570e+00
1.8240e+02   2.63136832e+00
1.8250e+02   2.62837436e+00
1.8260e+02   2.62543493e+00
1.8270e+02   2.62254736e+00
1.8280e+02   2.61971331e+00
1.8290e+02   2.61693071e+00
1.8300e+02   2.61419966e+00
1.8310e+02   2.61152020e+00
1.8320e+02   2.60889031e+00
1.8330e+02   2.60631163e+00
1.8340e+02   2.60378149e+00
1.8350e+02   2.60130106e+00
1.8360e+02   2.59886915e+00
1.8370e+02   2.59648484e+00
1.8380e+02   2.59414909e+00
1.8390e+02   2.59185934e+00
1.8400e+02   2.58961729e+00
1.8410e+02   2.58742074e+00
1.8420e+02   2.58527001e+00
1.8430e+02   2.58316494e+00
1.8440e+02   2.58110370e+00
1.8450e+02   2.57908786e+00
1.8460e+02   2.57711475e+00
1.8470e+02   2.57518568e+00
1.8480e+02   2.57329927e+00
1.8490e+02   2.57145485e+00
1.8500e+02   2.56965321e+00
1.8510e+02   2.56789191e+00
1.8520e+02   2.56617267e+00
1.8530e+02   2.56449321e+00
1.8540e+02   2.56285407e+00
1.8550e+02   2.56125488e+00
1.8560e+02   2.55969402e+00
1.8570e+02   2.55817299e+00
1.8580e+02   2.55668912e+00
1.8590e+02   2.55524388e+00
1.8600e+02   2.55383572e+00
1.8610e+02   2.55246421e+00
1.8620e+02   2.55112998e+00
1.8630e+02   2.54983074e+00
1.8640e+02   2.54856822e+00
1.8650e+02   2.54734008e+00
1.8660e+02   2.54614706e+00
1.8670e+02   2.54498861e+00
1.8680e+02   2.54386336e+00
1.8690e+02   2.54277268e+00
1.8700e+02   2.54171398e+00
1.8710e+02   2.54068884e+00
1.8720e+02   2.53969558e+00
1.8730e+02   2.53873402e+00
1.8740e+02   2.53780462e+00
1.8750e+02   2.53690526e+00
1.8760e+02   2.53603768e+00
1.8770e+02   2.53519949e+00
1.8780e+02   2.53439164e+00
1.8790e+02   2.53361342e+00
1.8800e+02   2.53286367e+00
1.8810e+02   2.53214369e+00
1.8820e+02   2.53145096e+00
1.8830e+02   2.53078717e+00
1.8840e+02   2.53015051e+00
1.8850e+02   2.52954107e+00
1.8860e+02   2.52895913e+00
1.8870e+02   2.52840276e+00
1.8880e+02   2.52787371e+00
1.8890e+02   2.52736955e+00
1.8900e+02   2.52689144e+00
1.8910e+02   2.52643850e+00
1.8920e+02   2.52600983e+00
1.8930e+02   2.52560661e+00
1.8940e+02   2.52522644e+00
1.8950e+02   2.52487108e+00
1.8960e+02   2.52453863e+00
1.8970e+02   2.52422943e+00
1.8980e+02   2.52394360e+00
1.8990e+02   2.52367941e+00
1.9000e+02   2.52343858e+00
1.9010e+02   2.52321870e+00
1.9020e+02   2.52302111e+00
1.9030e+02   2.52284477e+00
1.9040e+02   2.52268904e+00
1.9050e+02   2.52255497e+00
1.9060e+02   2.52244030e+00
1.9070e+02   2.52234685e+00
1.9080e+02   2.52227266e+00
1.9090e+02   2.52221829e+00
1.9100e+02   2.52218371e+00
1.9110e+02   2.52216740e+00
1.9120e+02   2.52217104e+00
1.9130e+02   2.52219224e+00
1.9140e+02   2.52223252e+00
1.9150e+02   2.52229069e+00
1.9160e+02   2.52236636e+00
1.9170e+02   2.52246046e+00
1.9180e+02   2.52257086e+00
1.9190e+02   2.52269945e+00
1.9200e+02   2.52284419e+00
1.9210e+02   2.52300588e+00
1.9220e+02   2.52318431e+00
1.9230e+02   2.52337819e+00
1.9240e+02   2.52358915e+00
1.9250e+02   2.52381484e+00
1.9260e+02   2.52405692e+00
1.9270e+02   2.52431406e+00
1.9280e+02   2.52458613e+00
1.9290e+02   2.52487392e+00
1.9300e+02   2.52517545e+00
1.9310e+02   2.52549263e+00
1.9320e+02   2.52582338e+00
1.9330e+02   2.52616870e+00
1.9340e+02   2.52652822e+00
1.9350e+02   2.52690088e+00
1.9360e+02   2.52728822e+00
1.9370e+02   2.52768795e+00
1.9380e+02   2.52810185e+00
1.9390e+02   2.52852845e+00
1.9400e+02   2.52896789e+00
1.9410e+02   2.52942075e+00
1.9420e+02   2.52988526e+00
1.9430e+02   2.53036331e+00
1.9440e+02   2.53085277e+00
1.9450e+02   2.53135484e+00
1.9460e+02   2.53186898e+00
1.9470e+02   2.53239435e+00
1.9480e+02   2.53293235e+00
1.9490e+02   2.53348081e+00
1.9500e+02   2.53404156e+00
1.9510e+02   2.53461302e+00
1.9520e+02   2.53519554e+00
1.9530e+02   2.53578954e+00
1.9540e+02   2.53639340e+00
1.9550e+02   2.53700898e+00
1.9560e+02   2.53763412e+00
1.9570e+02   2.53827018e+00
1.9580e+02   2.53891643e+00
1.9590e+02   2.53957225e+00
1.9600e+02   2.54023891e+00
1.9610e+02   2.54091431e+00
1.9620e+02   2.54160032e+00
1.9630e+02   2.54229525e+00
1.9640e+02   2.54299964e+00
1.9650e+02   2.54371374e+00
1.9660e+02   2.54443606e+00
1.9670e+02   2.54516841e+00
1.9680e+02   2.54590861e+00
1.9690e+02   2.54665814e+00
1.9700e+02   2.54741607e+00
1.9710e+02   2.54818202e+00
1.9720e+02   2.54895706e+00
1.9730e+02   2.54973918e+00
1.9740e+02   2.55053028e+00
1.9750e+02   2.55132854e+00
1.9760e+02   2.55213469e+00
1.9770e+02   2.55294874e+00
1.9780e+02   2.55376941e+00
1.9790e+02   2.55459838e+00
1.9800e+02   2.55543345e+00
1.9810e+02   2.55627622e+00
1.9820e+02   2.55712557e+00
1.9830e+02   2.55798128e+00
1.9840e+02   2.55884429e+00
1.9850e+02   2.55971263e+00
1.9860e+02   2.56058822e+00
1.9870e+02   2.56146910e+00
1.9880e+02   2.56235619e+00
1.9890e+02   2.56324928e+00
1.9900e+02   2.56414724e+00
1.9910e+02   2.56505163e+00
1.9920e+02   2.56596027e+00
1.9930e+02   2.56687482e+00
1.9940e+02   2.56779397e+00
1.9950e+02   2.56871771e+00
1.9960e+02   2.56964676e+00
1.9970e+02   2.57057928e+00
1.9980e+02   2.57151714e+00
1.9990e+02   2.57245829e+00
2.0000e+02   2.57340380e+00
2.0010e+02   2.57435324e+00
2.0020e+02   2.57530567e+00
2.0030e+02   2.57626252e+00
2.0040e+02   2.57722161e+00
2.0050e+02   2.57818466e+00
2.0060e+02   2.57915021e+00
2.0070e+02   2.58011846e+00
2.0080e+02   2.58108989e+00
2.0090e+02   2.58206282e+00
2.0100e+02   2.58303905e+00
2.0110e+02   2.58401649e+00
2.0120e+02   2.58499634e+00
2.0130e+02   2.58597798e+00
2.0140e+02   2.58696065e+00
2.0150e+02   2.58794566e+00
2.0160e+02   2.58893086e+00
2.0170e+02   2.58991805e+00
2.0180e+02   2.59090563e+00
2.0190e+02   2.59189397e+00
2.0200e+02   2.59288341e+00
2.0210e+02   2.59387239e+00
2.0220e+02   2.59486268e+00
2.0230e+02   2.59585216e+00
2.0240e+02   2.59684217e+00
2.0250e+02   2.59783191e+00
2.0260e+02   2.59882086e+00
2.0270e+02   2.59981016e+00
2.0280e+02   2.60079780e+00
2.0290e+02   2.60178559e+00
2.0300e+02   2.60277185e+00
2.0310e+02   2.60375717e+00
2.0320e+02   2.60474169e+00
2.0330e+02   2.60572407e+00
2.0340e+02   2.60670603e+00
2.0350e+02   2.60768544e+00
2.0360e+02   2.60866380e+00
2.0370e+02   2.60964019e+00
2.0380e+02   2.61061429e+00
2.0390e+02   2.61158715e+00
2.0400e+02   2.61255685e+00
2.0410e+02   2.61352529e+00
2.0420e+02   2.61449072e+00
2.0430e+02   2.61545393e+00
2.0440e+02   2.61641494e+00
2.0450e+02   2.61737260e+00
2.0460e+02   2.61832860e+00
2.0470e+02   2.61928086e+00
2.0480e+02   2.62023102e+00
2.0490e+02   2.62117805e+00
2.0500e+02   2.62212188e+00
2.0510e+02   2.62306345e+00
2.0520e+02   2.62400099e+00
2.0530e+02   2.62493645e+00
2.0540e+02   2.62586805e+00
2.0550e+02   2.62679680e+00
2.0560e+02   2.62772259e+00
2.0570e+02   2.62864450e+00
2.0580e+02   2.62956416e+00
2.0590e+02   2.63047958e+00
2.0600e+02   2.63139255e+00
2.0610e+02   2.63230191e+00
2.0620e+02   2.63320787e+00
2.0630e+02   2.63411123e+00
2.0640e+02   2.63501042e+00
2.0650e+02   2.63590742e+00
2.0660e+02   2.63680040e+00
2.0670e+02   2.63769063e+00
2.0680e+02   2.63857783e+00
2.0690e+02   2.63946133e+00
2.0700e+02   2.64034268e+00
2.0710e+02   2.64122000e+00
2.0720e+02   2.64209518e+00
2.0730e+02   2.64296697e+00
2.0740e+02   2.64383582e+00
2.0750e+02   2.64470239e+00
2.0760e+02   2.64556529e+00
2.0770e+02   2.64642650e+00
2.0780e+02   2.64728420e+00
2.0790e+02   2.64813981e+00
2.0800e+02   2.64899291e+00
2.0810e+02   2.64984306e+00
2.0820e+02   2.65069172e+00
2.0830e+02   2.65153707e+00
2.0840e+02   2.65238108e+00
2.0850e+02   2.65322242e+00
2.0860e+02   2.65406173e+00
2.0870e+02   2.65489951e+00
2.0880e+02   2.65573453e+00
2.0890e+02   2.65656873e+00
2.0900e+02   2.65740026e+00
2.0910e+02   2.65823069e+00
2.0920e+02   2.65905942e+00
2.0930e+02   2.65988622e+00
2.0940e+02   2.66071238e+00
2.0950e+02   2.66153617e+00
2.0960e+02   2.66235958e+00
2.0970e+02   2.66318114e+00
2.0980e+02   2.66400169e+00
2.0990e+02   2.66482150e+00
2.1000e+02   2.66563950e+00
2.1010e+02   2.66645751e+00
2.1020e+02   2.66727367e+00
2.1030e+02   2.66808961e+00
2.1040e+02   2.66890455e+00
2.1050e+02   2.66971840e+00
2.1060e+02   2.67053227e+00
2.1070e+02   2.67134448e+00
2.1080e+02   2.67215699e+00
2.1090e+02   2.67296818e+00
2.1100e+02   2.67377901e+00
2.1110e+02   2.67458953e+00
2.1120e+02   2.67539876e+00
2.1130e+02   2.67620840e+00
2.1140e+02   2.67701650e+00
2.1150e+02   2.67782475e+00
2.1160e+02   2.67863213e+00
2.1170e+02   2.67943870e+00
2.1180e+02   2.68024531e+00
2.1190e+02   2.68105033e+00
2.1200e+02   2.68185564e+00
2.1210e+02   2.68265946e+00
2.1220e+02   2.68346284e+00
2.1230e+02   2.68426554e+00
2.1240e+02   2.68506671e+00
2.1250e+02   2.68586783e+00
2.1260e+02   2.68666692e+00
2.1270e+02   2.68746564e+00
2.1280e+02   2.68826275e+00
2.1290e+02   2.68905840e+00
2.1300e+02   2.68985319e+00
2.1310e+02   2.69064552e+00
2.1320e+02   2.69143715e+00
2.1330e+02   2.69222616e+00
2.1340e+02   2.69301363e+00
2.1350e+02   2.69379908e+00
2.1360e+02   2.69458173e+00
2.1370e+02   2.69536285e+00
2.1380e+02   2.69614040e+00
2.1390e+02   2.69691604e+00
2.1400e+02   2.69768827e+00
2.1410e+02   2.69845737e+00
2.1420e+02   2.69922365e+00
2.1430e+02   2.69998555e+00
2.1440e+02   2.70074472e+00
2.1450e+02   2.70149908e+00
2.1460e+02   2.70224979e+00
2.1470e+02   2.70299608e+00
2.1480e+02   2.70373729e+00
2.1490e+02   2.70447447e+00
2.1500e+02   2.70520556e+00
2.1510e+02   2.70593217e+00
2.1520e+02   2.70665262e+00
2.1530e+02   2.70736728e+00
2.1540e+02   2.70807621e+00
2.1550e+02   2.70877794e+00
2.1560e+02   2.70947396e+00
2.1570e+02   2.71016212e+00
2.1580e+02   2.71084363e+00
2.1590e+02   2.71151748e+00
2.1600e+02   2.71218315e+00
2.1610e+02   2.71284147e+00
2.1620e+02   2.71349042e+00
2.1630e+02   2.71413157e+00
2.1640e+02   2.71476309e+00
2.1650e+02   2.71538547e+00
2.1660e+02   2.71599854e+00
2.1670e+02   2.71660097e+00
2.1680e+02   2.71719410e+00
2.1690e+02   2.71777577e+00
2.1700e+02   2.71834723e+00
2.1710e+02   2.71890730e+00
2.1720e+02   2.71945562e+00
2.1730e+02   2.71999283e+00
2.1740e+02   2.72051700e+00
2.1750e+02   2.72102968e+00
2.1760e+02   2.72152893e+00
2.1770e+02   2.72201541e+00
2.1780e+02   2.72248875e+00
2.1790e+02   2.72294777e+00
2.1800e+02   2.72339375e+00
2.1810e+02   2.72382450e+00
2.1820e+02   2.72424140e+00
2.1830e+02   2.72464311e+00
2.1840e+02   2.72502946e+00
2.1850e+02   2.72540096e+00
2.1860e+02   2.72575580e+00
2.1870e+02   2.72609554e+00
2.1880e+02   2.72641820e+00
2.1890e+02   2.72672460e+00
2.1900e+02   2.72701424e+00
2.1910e+02   2.72728614e+00
2.1920e+02   2.72754150e+00
2.1930e+02   2.72777822e+00
2.1940e+02   2.72799777e+00
2.1950e+02   2.72819873e+00
2.1960e+02   2.72838118e+00
2.1970e+02   2.72854549e+00
2.1980e+02   2.72869003e+00
2.1990e+02   2.72881639e+00
2.2000e+02   2.72892259e+00
2.2010e+02   2.72900968e+00
2.2020e+02   2.72907702e+00
2.2030e+02   2.72912390e+00
2.2040e+02   2.72915145e+00
2.2050e+02   2.72915771e+00
2.2060e+02   2.72914428e+00
2.2070e+02   2.72910968e+00
2.2080e+02   2.72905426e+00
2.2090e+02   2.72897831e+00
2.2100e+02   2.72888041e+00
2.2110e+02   2.72876220e+00
2.2120e+02   2.72862176e+00
2.2130e+02   2.72846034e+00
2.2140e+02   2.72827726e+00
2.2150e+02   2.72807206e+00
2.2160e+02   2.72784586e+00
2.2170e+02   2.72759686e+00
2.2180e+02   2.72732679e+00
2.2190e+02   2.72703418e+00
2.2200e+02   2.72671965e+00
2.2210e+02   2.72638343e+00
2.2220e+02   2.72602437e+00
2.2230e+02   2.72564415e+00
2.2240e+02   2.72524094e+00
2.2250e+02   2.72481623e+00
2.2260e+02   2.72436928e+00
2.2270e+02   2.72389995e+00
2.2280e+02   2.72340932e+00
2.2290e+02   2.72289580e+00
2.2300e+02   2.72236127e+00
2.2310e+02   2.72180427e+00
2.2320e+02   2.72122571e+00
2.2330e+02   2.72062577e+00
2.2340e+02   2.72000359e+00
2.2350e+02   2.71936087e+00
2.2360e+02   2.71869591e+00
2.2370e+02   2.71801043e+00
2.2380e+02   2.71730366e+00
2.2390e+02   2.71657575e+00
2.2400e+02   2.71582777e+00
2.2410e+02   2.71505833e+00
2.2420e+02   2.71426943e+00
2.2430e+02   2.71345966e+00
2.2440e+02   2.71263019e+00
2.2450e+02   2.71178115e+00
2.2460e+02   2.71091195e+00
2.2470e+02   2.71002430e+00
2.2480e+02   2.70911665e+00
2.2490e+02   2.70819089e+00
2.2500e+02   2.70724620e+00
2.2510e+02   2.70628305e+00
2.2520e+02   2.70530241e+00
2.2530e+02   2.70430311e+00
2.2540e+02   2.70328724e+00
2.2550e+02   2.70225339e+00
2.2560e+02   2.70120299e+00
2.2570e+02   2.70013604e+00
2.2580e+02   2.69905221e+00
2.2590e+02   2.69795319e+00
2.2600e+02   2.69683751e+00
2.2610e+02   2.69570719e+00
2.2620e+02   2.69456136e+00
2.2630e+02   2.69340068e+00
2.2640e+02   2.69222604e+00
2.2650e+02   2.69103642e+00
2.2660e+02   2.68983390e+00
2.2670e+02   2.68861707e+00
2.2680e+02   2.68738750e+00
2.2690e+02   2.68614505e+00
2.2700e+02   2.68488958e+00
2.2710e+02   2.68362265e+00
2.2720e+02   2.68234286e+00
2.2730e+02   2.68105224e+00
2.2740e+02   2.67974980e+00
2.2750e+02   2.67843636e+00
2.2760e+02   2.67711260e+00
2.2770e+02   2.67577761e+00
2.2780e+02   2.67443336e+00
2.2790e+02   2.67307838e+00
2.2800e+02   2.67171428e+00
2.2810e+02   2.67034070e+00
2.2820e+02   2.66895762e+00
2.2830e+02   2.66756638e+00
2.2840e+02   2.66616555e+00
2.2850e+02   2.66475711e+00
2.2860e+02   2.66333986e+00
2.2870e+02   2.66191469e+00
2.2880e+02   2.66048198e+00
2.2890e+02   2.65904086e+00
2.2900e+02   2.65759310e+00
2.2910e+02   2.65613706e+00
2.2920e+02   2.65467436e+00
2.2930e+02   2.65320431e+00
2.2940e+02   2.65172691e+00
2.2950e+02   2.65024321e+00
2.2960e+02   2.64875171e+00
2.2970e+02   2.64725423e+00
2.2980e+02   2.64574929e+00
2.2990e+02   2.64423777e+00
2.3000e+02   2.64271969e+00
2.3010e+02   2.64119415e+00
2.3020e+02   2.63966264e+00
2.3030e+02   2.63812334e+00
2.3040e+02   2.63657774e+00
2.3050e+02   2.63502481e+00
2.3060e+02   2.63346453e+00
2.3070e+02   2.63189759e+00
2.3080e+02   2.63032236e+00
2.3090e+02   2.62874045e+00
2.3100e+02   2.62715010e+00
2.3110e+02   2.62555211e+00
2.3120e+02   2.62394611e+00
2.3130e+02   2.62233116e+00
2.3140e+02   2.62070843e+00
2.3150e+02   2.61907589e+00
2.3160e+02   2.61743490e+00
2.3170e+02   2.61578408e+00
2.3180e+02   2.61412337e+00
2.3190e+02   2.61245307e+00
2.3200e+02   2.61077148e+00
2.3210e+02   2.60907995e+00
2.3220e+02   2.60737648e+00
2.3230e+02   2.60566179e+00
2.3240e+02   2.60393515e+00
2.3250e+02   2.60219559e+00
2.3260e+02   2.60044396e+00
2.3270e+02   2.59867812e+00
2.3280e+02   2.59689927e+00
2.3290e+02   2.59510574e+00
2.3300e+02   2.59329746e+00
2.3310e+02   2.59147443e+00
2.3320e+02   2.58963487e+00
2.3330e+02   2.58777998e+00
2.3340e+02   2.58590754e+00
2.3350e+02   2.58401827e+00
2.3360e+02   2.58211115e+00
2.3370e+02   2.58018522e+00
2.3380e+02   2.57824112e+00
2.3390e+02   2.57627664e+00
2.3400e+02   2.57429292e+00
2.3410e+02   2.57228809e+00
2.3420e+02   2.57026215e+00
2.3430e+02   2.56821485e+00
2.3440e+02   2.56614449e+00
2.3450e+02   2.56405214e+00
2.3460e+02   2.56193549e+00
2.3470e+02   2.55979535e+00
2.3480e+02   2.55763049e+00
2.3490e+02   2.55544012e+00
2.3500e+02   2.55322470e+00
2.3510e+02   2.55098210e+00
2.3520e+02   2.54871348e+00
2.3530e+02   2.54641687e+00
2.3540e+02   2.54409246e+00
2.3550e+02   2.54173984e+00
2.3560e+02   2.53935752e+00
2.3570e+02   2.53694652e+00
2.3580e+02   2.53450460e+00
2.3590e+02   2.53203271e+00
2.3600e+02   2.52952953e+00
2.3610e+02   2.52699455e+00
2.3620e+02   2.52442817e+00
2.3630e+02   2.52182842e+00
2.3640e+02   2.51919660e+00
2.3650e+02   2.51653075e+00
2.3660e+02   2.51383135e+00
2.3670e+02   2.51109793e+00
2.3680e+02   2.50832930e+00
2.3690e+02   2.50552653e+00
2.3700e+02   2.50268755e+00
2.3710e+02   2.49981353e+00
2.3720e+02   2.49690320e+00
2.3730e+02   2.49395637e+00
2.3740e+02   2.49097349e+00
2.3750e+02   2.48795286e+00
2.3760e+02   2.48489594e+00
2.3770e+02   2.48180093e+00
2.3780e+02   2.47866862e+00
2.3790e+02   2.47549860e+00
2.3800e+02   2.47229004e+00
2.3810e+02   2.46904412e+00
2.3820e+02   2.46575901e+00
2.3830e+02   2.46243618e+00
2.3840e+02   2.45907445e+00
2.3850e+02   2.45567402e+00
2.3860e+02   2.45223542e+00
2.3870e+02   2.44875731e+00
2.3880e+02   2.44524134e+00
2.3890e+02   2.44168589e+00
2.3900e+02   2.43809214e+00
2.3910e+02   2.43445974e+00
2.3920e+02   2.43078827e+00
2.3930e+02   2.42707905e+00
2.3940e+02   2.42333052e+00
2.3950e+02   2.41954445e+00
2.3960e+02   2.41571977e+00
2.3970e+02   2.41185711e+00
2.3980e+02   2.40795706e+00
2.3990e+02   2.40401865e+00
2.4000e+02   2.40004372e+00
2.4010e+02   2.39603086e+00
2.4020e+02   2.39198157e+00
2.4030e+02   2.38789561e+00
2.4040e+02   2.38377293e+00
2.4050e+02   2.37961494e+00
2.4060e+02   2.37542038e+00
2.4070e+02   2.37119125e+00
2.4080e+02   2.36692660e+00
2.4090e+02   2.36262742e+00
2.4100e+02   2.35829434e+00
2.4110e+02   2.35392671e+00
2.4120e+02   2.34952651e+00
2.4130e+02   2.34509249e+00
2.4140e+02   2.34062645e+00
2.4150e+02   2.33612814e+00
2.4160e+02   2.33159787e+00
2.4170e+02   2.32703707e+00
2.4180e+02   2.32244470e+00
2.4190e+02   2.31782294e+00
2.4200e+02   2.31317087e+00
2.4210e+02   2.30848977e+00
2.4220e+02   2.30378022e+00
2.4230e+02   2.29904185e+00
2.4240e+02   2.29427665e+00
2.4250e+02   2.28948349e+00
2.4260e+02   2.28466433e+00
2.4270e+02   2.27981888e+00
2.4280e+02   2.27494769e+00
2.4290e+02   2.27005211e+00
2.4300e+02   2.26513127e+00
2.4310e+02   2.26018738e+00
2.4320e+02   2.25521949e+00
2.4330e+02   2.25022907e+00
2.4340e+02   2.24521657e+00
2.4350e+02   2.24018177e+00
2.4360e+02   2.23512661e+00
2.4370e+02   2.23004996e+00
2.4380e+02   2.22495387e+00
2.4390e+02   2.21983790e+00
2.4400e+02   2.21470276e+00
2.4410e+02   2.20954962e+00
2.4420e+02   2.20437768e+00
2.4430e+02   2.19918909e+00
2.4440e+02   2.19398283e+00
2.4450e+02   2.18876043e+00
2.4460e+02   2.18352212e+00
2.4470e+02   2.17826781e+00
2.4480e+02   2.17299925e+00
2.4490e+02   2.16771527e+00
2.4500e+02   2.16241792e+00
2.4510e+02   2.15710656e+00
2.4520e+02   2.15178197e+00
2.4530e+02   2.14644510e+00
2.4540e+02   2.14109517e+00
2.4550e+02   2.13573422e+00
2.4560e+02   2.13036107e+00
2.4570e+02   2.12497729e+00
2.4580e+02   2.11958286e+00
2.4590e+02   2.11417775e+00
2.4600e+02   2.10876351e+00
2.4610e+02   2.10333893e+00
2.4620e+02   2.09790597e+00
2.4630e+02   2.09246381e+00
2.4640e+02   2.08701329e+00
2.4650e+02   2.08155511e+00
2.4660e+02   2.07608851e+00
2.4670e+02   2.07061539e+00
2.4680e+02   2.06513447e+00
2.4690e+02   2.05964732e+00
2.4700e+02   2.05415370e+00
2.4710e+02   2.04865366e+00
2.4720e+02   2.04314853e+00
2.4730e+02   2.03763710e+00
2.4740e+02   2.03212130e+00
2.4750e+02   2.02660012e+00
2.4760e+02   2.02107450e+00
2.4770e+02   2.01554492e+00
2.4780e+02   2.01001071e+00
2.4790e+02   2.00447364e+00
2.4800e+02   1.99893238e+00
2.4810e+02   1.99338856e+00
2.4820e+02   1.98784174e+00
2.4830e+02   1.98229212e+00
2.4840e+02   1.97674088e+00
2.4850e+02   1.97118685e+00
2.4860e+02   1.96563196e+00
2.4870e+02   1.96007509e+00
2.4880e+02   1.95451734e+00
2.4890e+02   1.94895902e+00
2.4900e+02   1.94339959e+00
2.4910e+02   1.93784078e+00
2.4920e+02   1.93228125e+00
2.4930e+02   1.92672275e+00
2.4940e+02   1.92116471e+00
2.4950e+02   1.91560751e+00
2.4960e+02   1.91005223e+00
2.4970e+02   1.90449781e+00
2.4980e+02   1.89894622e+00
2.4990e+02   1.89339631e+00
2.5000e+02   1.88784934e+00
2.5010e+02   1.88230550e+00
2.5020e+02   1.87676448e+00
2.5030e+02   1.87122792e+00
2.5040e+02   1.86569458e+00
2.5050e+02   1.86016629e+00
2.5060e+02   1.85464243e+00
2.5070e+02   1.84912359e+00
2.5080e+02   1.84361074e+00
2.5090e+02   1.83810299e+00
2.5100e+02   1.83260232e+00
2.5110e+02   1.82710757e+00
2.5120e+02   1.82162019e+00
2.5130e+02   1.81614026e+00
2.5140e+02   1.81066765e+00
2.5150e+02   1.80520395e+00
2.5160e+02   1.79974798e+00
2.5170e+02   1.79430167e+00
2.5180e+02   1.78886433e+00
2.5190e+02   1.78343672e+00
2.5200e+02   1.77801968e+00
2.5210e+02   1.77261247e+00
2.5220e+02   1.76721703e+00
2.5230e+02   1.76183221e+00
2.5240e+02   1.75645956e+00
2.5250e+02   1.75109902e+00
2.5260e+02   1.74575061e+00
2.5270e+02   1.74041581e+00
2.5280e+02   1.73509348e+00
2.5290e+02   1.72978558e+00
2.5300e+02   1.72449127e+00
2.5310e+02   1.71921146e+00
2.5320e+02   1.71394680e+00
2.5330e+02   1.70869663e+00
2.5340e+02   1.70346282e+00
2.5350e+02   1.69824412e+00
2.5360e+02   1.69304215e+00
2.5370e+02   1.68785663e+00
2.5380e+02   1.68268770e+00
2.5390e+02   1.67753664e+00
2.5400e+02   1.67240229e+00
2.5410e+02   1.66728656e+00
2.5420e+02   1.66218844e+00
2.5430e+02   1.65710891e+00
2.5440e+02   1.65204837e+00
2.5450e+02   1.64700618e+00
2.5460e+02   1.64198406e+00
2.5470e+02   1.63698066e+00
2.5480e+02   1.63199756e+00
2.5490e+02   1.62703426e+00
2.5500e+02   1.62209092e+00
2.5510e+02   1.61716860e+00
2.5520e+02   1.61226610e+00
2.5530e+02   1.60738520e+00
2.5540e+02   1.60252472e+00
2.5550e+02   1.59768562e+00
2.5560e+02   1.59286806e+00
2.5570e+02   1.58807141e+00
2.5580e+02   1.58329718e+00
2.5590e+02   1.57854390e+00
2.5600e+02   1.57381313e+00
2.5610e+02   1.56910409e+00
2.5620e+02   1.56441700e+00
2.5630e+02   1.55975265e+00
2.5640e+02   1.55510982e+00
2.5650e+02   1.55049018e+00
2.5660e+02   1.54589234e+00
2.5670e+02   1.54131732e+00
2.5680e+02   1.53676499e+00
2.5690e+02   1.53223478e+00
2.5700e+02   1.52772800e+00
2.5710e+02   1.52324311e+00
2.5720e+02   1.51878163e+00
2.5730e+02   1.51434258e+00
2.5740e+02   1.50992626e+00
2.5750e+02   1.50553323e+00
2.5760e+02   1.50116230e+00
2.5770e+02   1.49681503e+00
2.5780e+02   1.49248995e+00
2.5790e+02   1.48818811e+00
2.5800e+02   1.48390918e+00
2.5810e+02   1.47965272e+00
2.5820e+02   1.47541985e+00
2.5830e+02   1.47120908e+00
2.5840e+02   1.46702190e+00
2.5850e+02   1.46285723e+00
2.5860e+02   1.45871548e+00
2.5870e+02   1.45459705e+00
2.5880e+02   1.45050086e+00
2.5890e+02   1.44642842e+00
2.5900e+02   1.44237823e+00
2.5910e+02   1.43835146e+00
2.5920e+02   1.43434764e+00
2.5930e+02   1.43036649e+00
2.5940e+02   1.42640906e+00
2.5950e+02   1.42247392e+00
2.5960e+02   1.41856263e+00
2.5970e+02   1.41467404e+00
2.5980e+02   1.41080876e+00
2.5990e+02   1.40696706e+00
2.6000e+02   1.40314804e+00
2.6010e+02   1.39935322e+00
2.6020e+02   1.39558110e+00
2.6030e+02   1.39183303e+00
2.6040e+02   1.38810844e+00
2.6050e+02   1.38440727e+00
2.6060e+02   1.38073052e+00
2.6070e+02   1.37707686e+00
2.6080e+02   1.37344796e+00
2.6090e+02   1.36984263e+00
2.6100e+02   1.36626168e+00
2.6110e+02   1.36270532e+00
2.6120e+02   1.35917283e+00
2.6130e+02   1.35566572e+00
2.6140e+02   1.35218257e+00
2.6150e+02   1.34872484e+00
2.6160e+02   1.34529193e+00
2.6170e+02   1.34188397e+00
2.6180e+02   1.33850188e+00
2.6190e+02   1.33514449e+00
2.6200e+02   1.33181350e+00
2.6210e+02   1.32850771e+00
2.6220e+02   1.32522811e+00
2.6230e+02   1.32197479e+00
2.6240e+02   1.31874721e+00
2.6250e+02   1.31554684e+00
2.6260e+02   1.31237229e+00
2.6270e+02   1.30922513e+00
2.6280e+02   1.30610464e+00
2.6290e+02   1.30301114e+00
2.6300e+02   1.29994540e+00
2.6310e+02   1.29690637e+00
2.6320e+02   1.29389572e+00
2.6330e+02   1.29091219e+00
2.6340e+02   1.28795689e+00
2.6350e+02   1.28502974e+00
2.6360e+02   1.28213032e+00
2.6370e+02   1.27925997e+00
2.6380e+02   1.27641730e+00
2.6390e+02   1.27360391e+00
2.6400e+02   1.27081889e+00
2.6410e+02   1.26806268e+00
2.6420e+02   1.26533585e+00
2.6430e+02   1.26263737e+00
2.6440e+02   1.25996884e+00
2.6450e+02   1.25732886e+00
2.6460e+02   1.25471858e+00
2.6470e+02   1.25213767e+00
2.6480e+02   1.24958580e+00
2.6490e+02   1.24706409e+00
2.6500e+02   1.24457109e+00
2.6510e+02   1.24210833e+00
2.6520e+02   1.23967470e+00
2.6530e+02   1.23727065e+00
2.6540e+02   1.23489651e+00
2.6550e+02   1.23255122e+00
2.6560e+02   1.23023622e+00
2.6570e+02   1.22794994e+00
2.6580e+02   1.22569351e+00
2.6590e+02   1.22346632e+00
2.6600e+02   1.22126804e+00
2.6610e+02   1.21909955e+00
2.6620e+02   1.21695930e+00
2.6630e+02   1.21484871e+00
2.6640e+02   1.21276641e+00
2.6650e+02   1.21071288e+00
2.6660e+02   1.20868812e+00
2.6670e+02   1.20669107e+00
2.6680e+02   1.20472295e+00
2.6690e+02   1.20278203e+00
2.6700e+02   1.20086937e+00
2.6710e+02   1.19898410e+00
2.6720e+02   1.19712588e+00
2.6730e+02   1.19529533e+00
2.6740e+02   1.19349083e+00
2.6750e+02   1.19171365e+00
2.6760e+02   1.18996223e+00
2.6770e+02   1.18823703e+00
2.6780e+02   1.18653778e+00
2.6790e+02   1.18486342e+00
2.6800e+02   1.18321495e+00
2.6810e+02   1.18159056e+00
2.6820e+02   1.17999124e+00
2.6830e+02   1.17841588e+00
2.6840e+02   1.17686420e+00
2.6850e+02   1.17533656e+00
2.6860e+02   1.17383134e+00
2.6870e+02   1.17234970e+00
2.6880e+02   1.17088994e+00
2.6890e+02   1.16945253e+00
2.6900e+02   1.16803700e+00
2.6910e+02   1.16664235e+00
2.6920e+02   1.16526942e+00
2.6930e+02   1.16391634e+00
2.6940e+02   1.16258414e+00
2.6950e+02   1.16127151e+00
2.6960e+02   1.15997828e+00
2.6970e+02   1.15870464e+00
2.6980e+02   1.15744903e+00
2.6990e+02   1.15621256e+00
2.7000e+02   1.15499344e+00
2.7010e+02   1.15379227e+00
2.7020e+02   1.15260840e+00
2.7030e+02   1.15144096e+00
2.7040e+02   1.15029072e+00
2.7050e+02   1.14915583e+00
2.7060e+02   1.14803737e+00
2.7070e+02   1.14693396e+00
2.7080e+02   1.14584558e+00
2.7090e+02   1.14477231e+00
2.7100e+02   1.14371272e+00
2.7110e+02   1.14266793e+00
2.7120e+02   1.14163614e+00
2.7130e+02   1.14061810e+00
2.7140e+02   1.13961307e+00
2.7150e+02   1.13862039e+00
2.7160e+02   1.13764075e+00
2.7170e+02   1.13667242e+00
2.7180e+02   1.13571658e+00
2.7190e+02   1.13477180e+00
2.7200e+02   1.13383829e+00
2.7210e+02   1.13291604e+00
2.7220e+02   1.13200381e+00
2.7230e+02   1.13110274e+00
2.7240e+02   1.13021109e+00
2.7250e+02   1.12932979e+00
2.7260e+02   1.12845803e+00
2.7270e+02   1.12759537e+00
2.7280e+02   1.12674248e+00
2.7290e+02   1.12589778e+00
2.7300e+02   1.12506253e+00
2.7310e+02   1.12423530e+00
2.7320e+02   1.12341653e+00
2.7330e+02   1.12260613e+00
2.7340e+02   1.12180309e+00
2.7350e+02   1.12100854e+00
2.7360e+02   1.12022084e+00
2.7370e+02   1.11944106e+00
2.7380e+02   1.11866834e+00
2.7390e+02   1.11790248e+00
2.7400e+02   1.11714410e+00
2.7410e+02   1.11639176e+00
2.7420e+02   1.11564679e+00
2.7430e+02   1.11490778e+00
2.7440e+02   1.11417534e+00
2.7450e+02   1.11344932e+00
2.7460e+02   1.11272890e+00
2.7470e+02   1.11201520e+00
2.7480e+02   1.11130663e+00
2.7490e+02   1.11060440e+00
2.7500e+02   1.10990759e+00
2.7510e+02   1.10921619e+00
2.7520e+02   1.10853074e+00
2.7530e+02   1.10784993e+00
2.7540e+02   1.10717513e+00
2.7550e+02   1.10650491e+00
2.7560e+02   1.10584003e+00
2.7570e+02   1.10518024e+00
2.7580e+02   1.10452489e+00
2.7590e+02   1.10387505e+00
2.7600e+02   1.10322917e+00
2.7610e+02   1.10258855e+00
2.7620e+02   1.10195217e+00
2.7630e+02   1.10132019e+00
2.7640e+02   1.10069305e+00
2.7650e+02   1.10006954e+00
2.7660e+02   1.09945102e+00
2.7670e+02   1.09883602e+00
2.7680e+02   1.09822545e+00
2.7690e+02   1.09761892e+00
2.7700e+02   1.09701590e+00
2.7710e+02   1.09641741e+00
2.7720e+02   1.09582192e+00
2.7730e+02   1.09523079e+00
2.7740e+02   1.09464289e+00
2.7750e+02   1.09405855e+00
2.7760e+02   1.09347804e+00
2.7770e+02   1.09290028e+00
2.7780e+02   1.09232661e+00
2.7790e+02   1.09175551e+00
2.7800e+02   1.09118801e+00
2.7810e+02   1.09062356e+00
2.7820e+02   1.09006183e+00
2.7830e+02   1.08950368e+00
2.7840e+02   1.08894769e+00
2.7850e+02   1.08839522e+00
2.7860e+02   1.08784508e+00
2.7870e+02   1.08729773e+00
2.7880e+02   1.08675334e+00
2.7890e+02   1.08621093e+00
2.7900e+02   1.08567182e+00
2.7910e+02   1.08513449e+00
2.7920e+02   1.08460007e+00
2.7930e+02   1.08406792e+00
2.7940e+02   1.08353785e+00
2.7950e+02   1.08301067e+00
2.7960e+02   1.08248502e+00
2.7970e+02   1.08196232e+00
2.7980e+02   1.08144133e+00
2.7990e+02   1.08092268e+00
2.8000e+02   1.08040642e+00
2.8010e+02   1.07989177e+00
2.8020e+02   1.07937998e+00
2.8030e+02   1.07886961e+00
2.8040e+02   1.07836189e+00
2.8050e+02   1.07785612e+00
2.8060e+02   1.07735230e+00
2.8070e+02   1.07685115e+00
2.8080e+02   1.07635146e+00
2.8090e+02   1.07585471e+00
2.8100e+02   1.07535962e+00
2.8110e+02   1.07486703e+00
2.8120e+02   1.07437689e+00
2.8130e+02   1.07388860e+00
2.8140e+02   1.07340340e+00
2.8150e+02   1.07291992e+00
2.8160e+02   1.07243951e+00
2.8170e+02   1.07196140e+00
2.8180e+02   1.07148580e+00
2.8190e+02   1.07101337e+00
2.8200e+02   1.07054303e+00
2.8210e+02   1.07007627e+00
2.8220e+02   1.06961185e+00
2.8230e+02   1.06915074e+00
2.8240e+02   1.06869282e+00
2.8250e+02   1.06823765e+00
2.8260e+02   1.06778644e+00
2.8270e+02   1.06733785e+00
2.8280e+02   1.06689335e+00
2.8290e+02   1.06645207e+00
2.8300e+02   1.06601441e+00
2.8310e+02   1.06558089e+00
2.8320e+02   1.06515055e+00
2.8330e+02   1.06472488e+00
2.8340e+02   1.06430258e+00
2.8350e+02   1.06388476e+00
2.8360e+02   1.06347113e+00
2.8370e+02   1.06306139e+00
2.8380e+02   1.06265664e+00
2.8390e+02   1.06225557e+00
2.8400e+02   1.06185964e+00
2.8410e+02   1.06146786e+00
2.8420e+02   1.06108072e+00
2.8430e+02   1.06069858e+00
2.8440e+02   1.06032052e+00
2.8450e+02   1.05994793e+00
2.8460e+02   1.05957945e+00
2.8470e+02   1.05921617e+00
2.8480e+02   1.05885763e+00
2.8490e+02   1.05850358e+00
2.8500e+02   1.05815493e+00
2.8510e+02   1.05781033e+00
2.8520e+02   1.05747116e+00
2.8530e+02   1.05713625e+00
2.8540e+02   1.05680612e+00
2.8550e+02   1.05648086e+00
2.8560e+02   1.05615957e+00
2.8570e+02   1.05584347e+00
2.8580e+02   1.05553103e+00
2.8590e+02   1.05522334e+00
2.8600e+02   1.05491964e+00
2.8610e+02   1.05461972e+00
2.8620e+02   1.05432422e+00
2.8630e+02   1.05403172e+00
2.8640e+02   1.05374346e+00
2.8650e+02   1.05345808e+00
2.8660e+02   1.05317605e+00
2.8670e+02   1.05289719e+00
2.8680e+02   1.05262058e+00
2.8690e+02   1.05234721e+00
2.8700e+02   1.05207544e+00
2.8710e+02   1.05180625e+00
2.8720e+02   1.05153864e+00
2.8730e+02   1.05127240e+00
2.8740e+02   1.05100790e+00
2.8750e+02   1.05074365e+00
2.8760e+02   1.05048079e+00
2.8770e+02   1.05021773e+00
2.8780e+02   1.04995495e+00
2.8790e+02   1.04969200e+00
2.8800e+02   1.04942799e+00
2.8810e+02   1.04916370e+00
2.8820e+02   1.04889739e+00
2.8830e+02   1.04863001e+00
2.8840e+02   1.04836036e+00
2.8850e+02   1.04808827e+00
2.8860e+02   1.04781390e+00
2.8870e+02   1.04753578e+00
2.8880e+02   1.04725495e+00
2.8890e+02   1.04696971e+00
2.8900e+02   1.04668061e+00
2.8910e+02   1.04638701e+00
2.8920e+02   1.04608810e+00
2.8930e+02   1.04578455e+00
2.8940e+02   1.04547464e+00
2.8950e+02   1.04515935e+00
2.8960e+02   1.04483736e+00
2.8970e+02   1.04450864e+00
2.8980e+02   1.04417323e+00
2.8990e+02   1.04382980e+00
2.9000e+02   1.04347936e+00
2.9010e+02   1.04312024e+00
2.9020e+02   1.04275311e+00
2.9030e+02   1.04237728e+00
2.9040e+02   1.04199212e+00
2.9050e+02   1.04159829e+00
2.9060e+02   1.04119418e+00
2.9070e+02   1.04078089e+00
2.9080e+02   1.04035711e+00
2.9090e+02   1.03992306e+00
2.9100e+02   1.03947876e+00
2.9110e+02   1.03902308e+00
2.9120e+02   1.03855715e+00
2.9130e+02   1.03807938e+00
2.9140e+02   1.03759069e+00
2.9150e+02   1.03709041e+00
2.9160e+02   1.03657820e+00
2.9170e+02   1.03605479e+00
2.9180e+02   1.03551877e+00
2.9190e+02   1.03497144e+00
2.9200e+02   1.03441159e+00
2.9210e+02   1.03383975e+00
2.9220e+02   1.03325598e+00
2.9230e+02   1.03265949e+00
2.9240e+02   1.03205151e+00
2.9250e+02   1.03143067e+00
2.9260e+02   1.03079816e+00
2.9270e+02   1.03015338e+00
2.9280e+02   1.02949637e+00
2.9290e+02   1.02882793e+00
2.9300e+02   1.02814695e+00
2.9310e+02   1.02745493e+00
2.9320e+02   1.02675082e+00
2.9330e+02   1.02603549e+00
2.9340e+02   1.02530908e+00
2.9350e+02   1.02457112e+00
2.9360e+02   1.02382301e+00
2.9370e+02   1.02306359e+00
2.9380e+02   1.02229435e+00
2.9390e+02   1.02151478e+00
2.9400e+02   1.02072526e+00
2.9410e+02   1.01992669e+00
2.9420e+02   1.01911825e+00
2.9430e+02   1.01830163e+00
2.9440e+02   1.01747594e+00
2.9450e+02   1.01664234e+00
2.9460e+02   1.01580105e+00
2.9470e+02   1.01495192e+00
2.9480e+02   1.01409644e+00
2.9490e+02   1.01323367e+00
2.9500e+02   1.01236531e+00
2.9510e+02   1.01149092e+00
2.9520e+02   1.01061120e+00
2.9530e+02   1.00972706e+00
2.9540e+02   1.00883793e+00
2.9550e+02   1.00794563e+00
2.9560e+02   1.00704935e+00
2.9570e+02   1.00615049e+00
2.9580e+02   1.00524925e+00
2.9590e+02   1.00434573e+00
2.9600e+02   1.00344144e+00
2.9610e+02   1.00253556e+00
2.9620e+02   1.00162991e+00
2.9630e+02   1.00072404e+00
2.9640e+02   9.99818831e-01
2.9650e+02   9.98915130e-01
2.9660e+02   9.98012500e-01
2.9670e+02   9.97112765e-01
2.9680e+02   9.96215088e-01
2.9690e+02   9.95320989e-01
2.9700e+02   9.94430528e-01
2.9710e+02   9.93543928e-01
2.9720e+02   9.92662559e-01
2.9730e+02   9.91785602e-01
2.9740e+02   9.90914865e-01
2.9750e+02   9.90049735e-01
2.9760e+02   9.89191140e-01
2.9770e+02   9.88339699e-01
2.9780e+02   9.87494977e-01
2.9790e+02   9.86658625e-01
2.9800e+02   9.85829656e-01
2.9810e+02   9.85009524e-01
2.9820e+02   9.84198005e-01
2.9830e+02   9.83395282e-01
2.9840e+02   9.82602428e-01
2.9850e+02   9.81818482e-01
2.9860e+02   9.81045050e-01
2.9870e+02   9.80281215e-01
2.9880e+02   9.79527793e-01
2.9890e+02   9.78785015e-01
2.9900e+02   9.78052300e-01
2.9910e+02   9.77330964e-01
2.9920e+02   9.76619733e-01
2.9930e+02   9.75919839e-01
2.9940e+02   9.75230635e-01
2.9950e+02   9.74552130e-01
2.9960e+02   9.73884959e-01
2.9970e+02   9.73227903e-01
2.9980e+02   9.72582230e-01
2.9990e+02   9.71946621e-01
3.0000e+02   9.71321658e-01
3.0010e+02   9.70707087e-01
3.0020e+02   9.70102095e-01
3.0030e+02   9.69507565e-01
3.0040e+02   9.68921876e-01
3.0050e+02   9.68345958e-01
3.0060e+02   9.67778695e-01
3.0070e+02   9.67219872e-01
3.0080e+02   9.66669646e-01
3.0090e+02   9.66126525e-01
3.0100e+02   9.65591414e-01
3.0110e+02   9.65062597e-01
3.0120e+02   9.64540429e-01
3.0130e+02   9.64024193e-01
3.0140e+02   9.63512881e-01
3.0150e+02   9.63006980e-01
3.0160e+02   9.62504590e-01
3.0170e+02   9.62006398e-01
3.0180e+02   9.61510910e-01
3.0190e+02   9.61017779e-01
3.0200e+02   9.60526786e-01
3.0210e+02   9.60036294e-01
3.0220e+02   9.59546961e-01
3.0230e+02   9.59056831e-01
3.0240e+02   9.58566171e-01
3.0250e+02   9.58073966e-01
3.0260e+02   9.57579192e-01
3.0270e+02   9.57082110e-01
3.0280e+02   9.56580749e-01
3.0290e+02   9.56075738e-01
3.0300e+02   9.55565421e-01
3.0310e+02   9.55049532e-01
3.0320e+02   9.54527692e-01
3.0330e+02   9.53998357e-01
3.0340e+02   9.53462156e-01
3.0350e+02   9.52917142e-01
3.0360e+02   9.52363725e-01
3.0370e+02   9.51800839e-01
3.0380e+02   9.51227688e-01
3.0390e+02   9.50644545e-01
3.0400e+02   9.50049623e-01
3.0410e+02   9.49443723e-01
3.0420e+02   9.48825281e-01
3.0430e+02   9.48194345e-01
3.0440e+02   9.47550608e-01
3.0450e+02   9.46892860e-01
3.0460e+02   9.46221913e-01
3.0470e+02   9.45536061e-01
3.0480e+02   9.44836057e-01
3.0490e+02   9.44120998e-01
3.0500e+02   9.43390511e-01
3.0510e+02   9.42645061e-01
3.0520e+02   9.41883234e-01
3.0530e+02   9.41106160e-01
3.0540e+02   9.40312530e-01
3.0550e+02   9.39502846e-01
3.0560e+02   9.38677010e-01
3.0570e+02   9.37834268e-01
3.0580e+02   9.36975718e-01
3.0590e+02   9.36100001e-01
3.0600e+02   9.35208288e-01
3.0610e+02   9.34299911e-01
3.0620e+02   9.33374980e-01
3.0630e+02   9.32434190e-01
3.0640e+02   9.31476540e-01
3.0650e+02   9.30503493e-01
3.0660e+02   9.29514016e-01
3.0670e+02   9.28509045e-01
3.0680e+02   9.27488674e-01
3.0690e+02   9.26452579e-01
3.0700e+02   9.25402084e-01
3.0710e+02   9.24336141e-01
3.0720e+02   9.23256257e-01
3.0730e+02   9.22161931e-01
3.0740e+02   9.21053668e-01
3.0750e+02   9.19932290e-01
3.0760e+02   9.18797117e-01
3.0770e+02   9.17649818e-01
3.0780e+02   9.16489526e-01
3.0790e+02   9.15317481e-01
3.0800e+02   9.14133831e-01
3.0810e+02   9.12938553e-01
3.0820e+02   9.11733043e-01
3.0830e+02   9.10516426e-01
3.0840e+02   9.09290384e-01
3.0850e+02   9.08054439e-01
3.0860e+02   9.06809330e-01
3.0870e+02   9.05555847e-01
3.0880e+02   9.04293483e-01
3.0890e+02   9.03023943e-01
3.0900e+02   9.01746381e-01
3.0910e+02   9.00462174e-01
3.0920e+02   8.99171376e-01
3.0930e+02   8.97874114e-01
3.0940e+02   8.96571701e-01
3.0950e+02   8.95263300e-01
3.0960e+02   8.93950612e-01
3.0970e+02   8.92633054e-01
3.0980e+02   8.91311462e-01
3.0990e+02   8.89986465e-01
3.1000e+02   8.88657610e-01
3.1010e+02   8.87326509e-01
3.1020e+02   8.85992238e-01
3.1030e+02   8.84656193e-01
3.1040e+02   8.83318240e-01
3.1050e+02   8.81978562e-01
3.1060e+02   8.80638288e-01
3.1070e+02   8.79296554e-01
3.1080e+02   8.77954990e-01
3.1090e+02   8.76612846e-01
3.1100e+02   8.75270989e-01
3.1110e+02   8.73929821e-01
3.1120e+02   8.72588905e-01
3.1130e+02   8.71249698e-01
3.1140e+02   8.69911171e-01
3.1150e+02   8.68574694e-01
3.1160e+02   8.67239917e-01
3.1170e+02   8.65907055e-01
3.1180e+02   8.64577030e-01
3.1190e+02   8.63248941e-01
3.1200e+02   8.61924322e-01
3.1210e+02   8.60602264e-01
3.1220e+02   8.59283647e-01
3.1230e+02   8.57968652e-01
3.1240e+02   8.56656862e-01
3.1250e+02   8.55349575e-01
3.1260e+02   8.54045674e-01
3.1270e+02   8.52746503e-01
3.1280e+02   8.51451516e-01
3.1290e+02   8.50160972e-01
3.1300e+02   8.48875592e-01
3.1310e+02   8.47594466e-01
3.1320e+02   8.46319037e-01
3.1330e+02   8.45048261e-01
3.1340e+02   8.43783047e-01
3.1350e+02   8.42523370e-01
3.1360e+02   8.41268856e-01
3.1370e+02   8.40020648e-01
3.1380e+02   8.38777578e-01
3.1390e+02   8.37540962e-01
3.1400e+02   8.36310081e-01
3.1410e+02   8.35085253e-01
3.1420e+02   8.33867004e-01
3.1430e+02   8.32654439e-01
3.1440e+02   8.31448906e-01
3.1450e+02   8.30249248e-01
3.1460e+02   8.29056402e-01
3.1470e+02   8.27870143e-01
3.1480e+02   8.26690152e-01
3.1490e+02   8.25517411e-01
3.1500e+02   8.24350709e-01
3.1510e+02   8.23191324e-01
3.1520e+02   8.22038371e-01
3.1530e+02   8.20892216e-01
3.1540e+02   8.19753183e-01
3.1550e+02   8.18620390e-01
3.1560e+02   8.17495070e-01
3.1570e+02   8.16375954e-01
3.1580e+02   8.15263980e-01
3.1590e+02   8.14158717e-01
3.1600e+02   8.13059882e-01
3.1610e+02   8.11968270e-01
3.1620e+02   8.10882618e-01
3.1630e+02   8.09804134e-01
3.1640e+02   8.08731750e-01
3.1650e+02   8.07665852e-01
3.1660e+02   8.06606536e-01
3.1670e+02   8.05552911e-01
3.1680e+02   8.04506054e-01
3.1690e+02   8.03464567e-01
3.1700e+02   8.02429351e-01
3.1710e+02   8.01399739e-01
3.1720e+02   8.00375454e-01
3.1730e+02   7.99357065e-01
3.1740e+02   7.98343234e-01
3.1750e+02   7.97335052e-01
3.1760e+02   7.96331246e-01
3.1770e+02   7.95332182e-01
3.1780e+02   7.94337691e-01
3.1790e+02   7.93346850e-01
3.1800e+02   7.92360535e-01
3.1810e+02   7.91377198e-01
3.1820e+02   7.90397664e-01
3.1830e+02   7.89421003e-01
3.1840e+02   7.88446918e-01
3.1850e+02   7.87475717e-01
3.1860e+02   7.86505976e-01
3.1870e+02   7.85538631e-01
3.1880e+02   7.84572196e-01
3.1890e+02   7.83606994e-01
3.1900e+02   7.82642576e-01
3.1910e+02   7.81677982e-01
3.1920e+02   7.80713869e-01
3.1930e+02   7.79748550e-01
3.1940e+02   7.78782758e-01
3.1950e+02   7.77815318e-01
3.1960e+02   7.76845918e-01
3.1970e+02   7.75874615e-01
3.1980e+02   7.74899929e-01
3.1990e+02   7.73922653e-01
3.2000e+02   7.72941131e-01
3.2010e+02   7.71955669e-01
3.2020e+02   7.70965585e-01
3.2030e+02   7.69969933e-01
3.2040e+02   7.68969195e-01
3.2050e+02   7.67961618e-01
3.2060e+02   7.66947899e-01
3.2070e+02   7.65926698e-01
3.2080e+02   7.64897766e-01
3.2090e+02   7.63860991e-01
3.2100e+02   7.62814936e-01
3.2110e+02   7.61760339e-01
3.2120e+02   7.60695488e-01
3.2130e+02   7.59620777e-01
3.2140e+02   7.58535403e-01
3.2150e+02   7.57438563e-01
3.2160e+02   7.56330678e-01
3.2170e+02   7.55210074e-01
3.2180e+02   7.54077532e-01
3.2190e+02   7.52931695e-01
3.2200e+02   7.51772516e-01
3.2210e+02   7.50599855e-01
3.2220e+02   7.49412476e-01
3.2230e+02   7.48211197e-01
3.2240e+02   7.46994417e-01
3.2250e+02   7.45762756e-01
3.2260e+02   7.44515452e-01
3.2270e+02   7.43251995e-01
3.2280e+02   7.41972893e-01
3.2290e+02   7.40676706e-01
3.2300e+02   7.39364443e-01
3.2310e+02   7.38034880e-01
3.2320e+02   7.36688313e-01
3.2330e+02   7.35324709e-01
3.2340e+02   7.33943176e-01
3.2350e+02   7.32544732e-01
3.2360e+02   7.31128020e-01
3.2370e+02   7.29693998e-01
3.2380e+02   7.28242061e-01
3.2390e+02   7.26772100e-01
3.2400e+02   7.25284796e-01
3.2410e+02   7.23779054e-01
3.2420e+02   7.22256173e-01
3.2430e+02   7.20715151e-01
3.2440e+02   7.19156686e-01
3.2450e+02   7.17580909e-01
3.2460e+02   7.15987328e-01
3.2470e+02   7.14377188e-01
3.2480e+02   7.12749421e-01
3.2490e+02   7.11105332e-01
3.2500e+02   7.09444490e-01
3.2510e+02   7.07767193e-01
3.2520e+02   7.06074284e-01
3.2530e+02   7.04365003e-01
3.2540e+02   7.02640908e-01
3.2550e+02   7.00901199e-01
3.2560e+02   6.99146927e-01
3.2570e+02   6.97378343e-01
3.2580e+02   6.95595303e-01
3.2590e+02   6.93799209e-01
3.2600e+02   6.91989223e-01
3.2610e+02   6.90166913e-01
3.2620e+02   6.88331949e-01
3.2630e+02   6.86484946e-01
3.2640e+02   6.84626816e-01
3.2650e+02   6.82757050e-01
3.2660e+02   6.80877352e-01
3.2670e+02   6.78987032e-01
3.2680e+02   6.77087386e-01
3.2690e+02   6.75178677e-01
3.2700e+02   6.73261008e-01
3.2710e+02   6.71335818e-01
3.2720e+02   6.69402404e-01
3.2730e+02   6.67462473e-01
3.2740e+02   6.65515700e-01
3.2750e+02   6.63562904e-01
3.2760e+02   6.61604959e-01
3.2770e+02   6.59641513e-01
3.2780e+02   6.57674305e-01
3.2790e+02   6.55702672e-01
3.2800e+02   6.53728051e-01
3.2810e+02   6.51750636e-01
3.2820e+02   6.49770696e-01
3.2830e+02   6.47789620e-01
3.2840e+02   6.45806782e-01
3.2850e+02   6.43823953e-01
3.2860e+02   6.41840760e-01
3.2870e+02   6.39858176e-01
3.2880e+02   6.37876987e-01
3.2890e+02   6.35896972e-01
3.2900e+02   6.33919866e-01
3.2910e+02   6.31945026e-01
3.2920e+02   6.29974012e-01
3.2930e+02   6.28006950e-01
3.2940e+02   6.26044284e-01
3.2950e+02   6.24087366e-01
3.2960e+02   6.22135684e-01
3.2970e+02   6.20191095e-01
3.2980e+02   6.18253235e-01
3.2990e+02   6.16323280e-01
3.3000e+02   6.14401991e-01
3.3010e+02   6.12489361e-01
3.3020e+02   6.10587189e-01
3.3030e+02   6.08694956e-01
3.3040e+02   6.06814431e-01
3.3050e+02   6.04945785e-01
3.3060e+02   6.03089752e-01
3.3070e+02   6.01247756e-01
3.3080e+02   5.99419532e-01
3.3090e+02   5.97607142e-01
3.3100e+02   5.95810369e-01
3.3110e+02   5.94030718e-01
3.3120e+02   5.92269061e-01
3.3130e+02   5.90525737e-01
3.3140e+02   5.88802729e-01
3.3150e+02   5.87099778e-01
3.3160e+02   5.85418968e-01
3.3170e+02   5.83760630e-01
3.3180e+02   5.82125883e-01
3.3190e+02   5.80516302e-01
3.3200e+02   5.78931950e-01
3.3210e+02   5.77375129e-01
3.3220e+02   5.75845814e-01
3.3230e+02   5.74345838e-01
3.3240e+02   5.72876165e-01
3.3250e+02   5.71437438e-01
3.3260e+02   5.70031739e-01
3.3270e+02   5.68658966e-01
3.3280e+02   5.67321361e-01
3.3290e+02   5.66019234e-01
3.3300e+02   5.64753860e-01
3.3310e+02   5.63526691e-01
3.3320e+02   5.62337810e-01
3.3330e+02   5.61189385e-01
3.3340e+02   5.60081181e-01
3.3350e+02   5.59014892e-01
3.3360e+02   5.57991061e-01
3.3370e+02   5.57010081e-01
3.3380e+02   5.56073507e-01
3.3390e+02   5.55180742e-01
3.3400e+02   5.54333461e-01
3.3410e+02   5.53531199e-01
3.3420e+02   5.52774575e-01
3.3430e+02   5.52064062e-01
3.3440e+02   5.51398878e-01
3.3450e+02   5.50780115e-01
3.3460e+02   5.50206377e-01
3.3470e+02   5.49678216e-01
3.3480e+02   5.49194749e-01
3.3490e+02   5.48755085e-01
3.3500e+02   5.48359205e-01
3.3510e+02   5.48004987e-01
3.3520e+02   5.47692486e-01
3.3530e+02   5.47419447e-01
3.3540e+02   5.47184825e-01
3.3550e+02   5.46987137e-01
3.3560e+02   5.46823809e-01
3.3570e+02   5.46693961e-01
3.3580e+02   5.46594220e-01
3.3590e+02   5.46523228e-01
3.3600e+02   5.46477995e-01
3.3610e+02   5.46455757e-01
3.3620e+02   5.46454413e-01
3.3630e+02   5.46469931e-01
3.3640e+02   5.46500454e-01
3.3650e+02   5.46541785e-01
3.3660e+02   5.46591179e-01
3.3670e+02   5.46645298e-01
3.3680e+02   5.46700027e-01
3.3690e+02   5.46752889e-01
3.3700e+02   5.46799082e-01
3.3710e+02   5.46836015e-01
3.3720e+02   5.46859440e-01
3.3730e+02   5.46865709e-01
3.3740e+02   5.46851777e-01
3.3750e+02   5.46813008e-01
3.3760e+02   5.46747056e-01
3.3770e+02   5.46649373e-01
3.3780e+02   5.46517217e-01
3.3790e+02   5.46347234e-01
3.3800e+02   5.46135724e-01
3.3810e+02   5.45880663e-01
3.3820e+02   5.45577985e-01
3.3830e+02   5.45226090e-01
3.3840e+02   5.44821776e-01
3.3850e+02   5.44362866e-01
3.3860e+02   5.43847757e-01
3.3870e+02   5.43273628e-01
3.3880e+02   5.42640048e-01
3.3890e+02   5.41944530e-01
3.3900e+02   5.41186697e-01
3.3910e+02   5.40365503e-01
3.3920e+02   5.39479925e-01
3.3930e+02   5.38530553e-01
3.3940e+02   5.37516144e-01
3.3950e+02   5.36438034e-01
3.3960e+02   5.35295901e-01
3.3970e+02   5.34090719e-01
3.3980e+02   5.32823841e-01
3.3990e+02   5.31495621e-01
3.4000e+02   5.30108703e-01
3.4010e+02   5.28663646e-01
3.4020e+02   5.27163208e-01
3.4030e+02   5.25609226e-01
3.4040e+02   5.24003718e-01
3.4050e+02   5.22350034e-01
3.4060e+02   5.20649695e-01
3.4070e+02   5.18906687e-01
3.4080e+02   5.17123091e-01
3.4090e+02   5.15302331e-01
3.4100e+02   5.13447823e-01
3.4110e+02   5.11562018e-01
3.4120e+02   5.09649350e-01
3.4130e+02   5.07711995e-01
3.4140e+02   5.05754237e-01
3.4150e+02   5.03779046e-01
3.4160e+02   5.01789601e-01
3.4170e+02   4.99789999e-01
3.4180e+02   4.97782436e-01
3.4190e+02   4.95771344e-01
3.4200e+02   4.93758956e-01
3.4210e+02   4.91748833e-01
3.4220e+02   4.89744109e-01
3.4230e+02   4.87746976e-01
3.4240e+02   4.85761288e-01
3.4250e+02   4.83788508e-01
3.4260e+02   4.81832123e-01
3.4270e+02   4.79893981e-01
3.4280e+02   4.77976226e-01
3.4290e+02   4.76081574e-01
3.4300e+02   4.74210879e-01
3.4310e+02   4.72367077e-01
3.4320e+02   4.70550747e-01
3.4330e+02   4.68763891e-01
3.4340e+02   4.67007791e-01
3.4350e+02   4.65282960e-01
3.4360e+02   4.63591377e-01
3.4370e+02   4.61932657e-01
3.4380e+02   4.60308491e-01
3.4390e+02   4.58718765e-01
3.4400e+02   4.57163893e-01
3.4410e+02   4.55644656e-01
3.4420e+02   4.54160172e-01
3.4430e+02   4.52711612e-01
3.4440e+02   4.51297791e-01
3.4450e+02   4.49919150e-01
3.4460e+02   4.48575259e-01
3.4470e+02   4.47265213e-01
3.4480e+02   4.45989467e-01
3.4490e+02   4.44746273e-01
3.4500e+02   4.43536076e-01
3.4510e+02   4.42357457e-01
3.4520e+02   4.41209822e-01
3.4530e+02   4.40092808e-01
3.4540e+02   4.39004656e-01
3.4550e+02   4.37945659e-01
3.4560e+02   4.36913815e-01
3.4570e+02   4.35908969e-01
3.4580e+02   4.34929973e-01
3.4590e+02   4.33975509e-01
3.4600e+02   4.33045514e-01
3.4610e+02   4.32137898e-01
3.4620e+02   4.31252848e-01
3.4630e+02   4.30388634e-01
3.4640e+02   4.29544619e-01
3.4650e+02   4.28720229e-01
3.4660e+02   4.27913747e-01
3.4670e+02   4.27125450e-01
3.4680e+02   4.26353367e-01
3.4690e+02   4.25597532e-01
3.4700e+02   4.24856829e-01
3.4710e+02   4.24130237e-01
3.4720e+02   4.23417825e-01
3.4730e+02   4.22717776e-01
3.4740e+02   4.22030572e-01
3.4750e+02   4.21354691e-01
3.4760e+02   4.20689912e-01
3.4770e+02   4.20035865e-01
3.4780e+02   4.19391250e-01
3.4790e+02   4.18756643e-01
3.4800e+02   4.18130394e-01
3.4810e+02   4.17512956e-01
3.4820e+02   4.16903452e-01
3.4830e+02   4.16301319e-01
3.4840e+02   4.15706873e-01
3.4850e+02   4.15118680e-01
3.4860e+02   4.14537563e-01
3.4870e+02   4.13962254e-01
3.4880e+02   4.13392951e-01
3.4890e+02   4.12829470e-01
3.4900e+02   4.12270900e-01
3.4910e+02   4.11718048e-01
3.4920e+02   4.11169525e-01
3.4930e+02   4.10626110e-01
3.4940e+02   4.10087065e-01
3.4950e+02   4.09552179e-01
3.4960e+02   4.09021892e-01
3.4970e+02   4.08495036e-01
3.4980e+02   4.07972633e-01
3.4990e+02   4.07453543e-01
3.5000e+02   4.06938240e-01
3.5010e+02   4.06426587e-01
3.5020e+02   4.05917930e-01
3.5030e+02   4.05413156e-01
3.5040e+02   4.04911016e-01
3.5050e+02   4.04412463e-01
3.5060e+02   4.03916777e-01
3.5070e+02   4.03423970e-01
3.5080e+02   4.02934474e-01
3.5090e+02   4.02447277e-01
3.5100e+02   4.01963474e-01
3.5110e+02   4.01481952e-01
3.5120e+02   4.01003350e-01
3.5130e+02   4.00527478e-01
3.5140e+02   4.00053846e-01
3.5150e+02   3.99583325e-01
3.5160e+02   3.99114729e-01
3.5170e+02   3.98649097e-01
3.5180e+02   3.98185661e-01
3.5190e+02   3.97724580e-01
3.5200e+02   3.97266212e-01
3.5210e+02   3.96809647e-01
3.5220e+02   3.96355987e-01
3.5230e+02   3.95904105e-01
3.5240e+02   3.95454746e-01
3.5250e+02   3.95007628e-01
3.5260e+02   3.94562388e-01
3.5270e+02   3.94119834e-01
3.5280e+02   3.93678819e-01
3.5290e+02   3.93240429e-01
3.5300e+02   3.92803822e-01
3.5310e+02   3.92369281e-01
3.5320e+02   3.91937059e-01
3.5330e+02   3.91506337e-01
3.5340e+02   3.91078193e-01
3.5350e+02   3.90651478e-01
3.5360e+02   3.90227023e-01
3.5370e+02   3.89804441e-01
3.5380e+02   3.89383484e-01
3.5390e+02   3.88964880e-01
3.5400e+02   3.88547523e-01
3.5410e+02   3.88132524e-01
3.5420e+02   3.87718968e-01
3.5430e+02   3.87307249e-01
3.5440e+02   3.86897510e-01
3.5450e+02   3.86489024e-01
3.5460e+02   3.86082829e-01
3.5470e+02   3.85677761e-01
3.5480e+02   3.85274723e-01
3.5490e+02   3.84873224e-01
3.5500e+02   3.84473134e-01
3.5510e+02   3.84075088e-01
3.5520e+02   3.83678028e-01
3.5530e+02   3.83283077e-01
3.5540e+02   3.82889259e-01
3.5550e+02   3.82497070e-01
3.5560e+02   3.82106542e-01
3.5570e+02   3.81717043e-01
3.5580e+02   3.81329562e-01
3.5590e+02   3.80942931e-01
3.5600e+02   3.80558114e-01
3.5610e+02   3.80174523e-01
3.5620e+02   3.79792142e-01
3.5630e+02   3.79411509e-01
3.5640e+02   3.79031627e-01
3.5650e+02   3.78653617e-01
3.5660e+02   3.78276450e-01
3.5670e+02   3.77900721e-01
3.5680e+02   3.77526348e-01
3.5690e+02   3.77152805e-01
3.5700e+02   3.76781017e-01
3.5710e+02   3.76409827e-01
3.5720e+02   3.76040250e-01
3.5730e+02   3.75671605e-01
3.5740e+02   3.75303992e-01
3.5750e+02   3.74937848e-01
3.5760e+02   3.74572242e-01
3.5770e+02   3.74208287e-01
3.5780e+02   3.73844909e-01
3.5790e+02   3.73482796e-01
3.5800e+02   3.73121756e-01
3.5810e+02   3.72761369e-01
3.5820e+02   3.72402492e-01
3.5830e+02   3.72043988e-01
3.5840e+02   3.71686912e-01
3.5850e+02   3.71330501e-01
3.5860e+02   3.70974966e-01
3.5870e+02   3.70620639e-01
3.5880e+02   3.70266668e-01
3.5890e+02   3.69914143e-01
3.5900e+02   3.69561958e-01
3.5910e+02   3.69210886e-01
3.5920e+02   3.68860628e-01
3.5930e+02   3.68510874e-01
3.5940e+02   3.68162404e-01
3.5950e+02   3.67814113e-01
3.5960e+02   3.67467086e-01
3.5970e+02   3.67120483e-01
3.5980e+02   3.66774627e-01
3.5990e+02   3.66429741e-01
3.6000e+02   3.66085059e-01
3.6010e+02   3.65741637e-01
3.6020e+02   3.65398351e-01
3.6030e+02   3.65056049e-01
3.6040e+02   3.64714328e-01
3.6050e+02   3.64372991e-01
3.6060e+02   3.64032733e-01
3.6070e+02   3.63692492e-01
3.6080e+02   3.63353373e-01
3.6090e+02   3.63014467e-01
3.6100e+02   3.62676204e-01
3.6110e+02   3.62338698e-01
3.6120e+02   3.62001274e-01
3.6130e+02   3.61664947e-01
3.6140e+02   3.61328582e-01
3.6150e+02   3.60993095e-01
3.6160e+02   3.60657983e-01
3.6170e+02   3.60323163e-01
3.6180e+02   3.59989240e-01
3.6190e+02   3.59655203e-01
3.6200e+02   3.59322166e-01
3.6210e+02   3.58989160e-01
3.6220e+02   3.58656718e-01
3.6230e+02   3.58324843e-01
3.6240e+02   3.57992958e-01
3.6250e+02   3.57662025e-01
3.6260e+02   3.57330911e-01
3.6270e+02   3.57000589e-01
3.6280e+02   3.56670461e-01
3.6290e+02   3.56340559e-01
3.6300e+02   3.56011391e-01
3.6310e+02   3.55682006e-01
3.6320e+02   3.55353516e-01
3.6330e+02   3.55024903e-01
3.6340e+02   3.54696794e-01
3.6350e+02   3.54369083e-01
3.6360e+02   3.54041296e-01
3.6370e+02   3.53714330e-01
3.6380e+02   3.53387066e-01
3.6390e+02   3.53060525e-01
3.6400e+02   3.52734018e-01
3.6410e+02   3.52407691e-01
3.6420e+02   3.52081950e-01
3.6430e+02   3.51755914e-01
3.6440e+02   3.51430679e-01
3.6450e+02   3.51105189e-01
3.6460e+02   3.50780158e-01
3.6470e+02   3.50455372e-01
3.6480e+02   3.50130461e-01
3.6490e+02   3.49806254e-01
3.6500e+02   3.49481651e-01
3.6510e+02   3.49157710e-01
3.6520e+02   3.48833661e-01
3.6530e+02   3.48509761e-01
3.6540e+02   3.48186306e-01
3.6550e+02   3.47862497e-01
3.6560e+02   3.47539402e-01
3.6570e+02   3.47215936e-01
3.6580e+02   3.46892892e-01
3.6590e+02   3.46569949e-01
3.6600e+02   3.46246848e-01
3.6610e+02   3.45924334e-01
3.6620e+02   3.45601344e-01
3.6630e+02   3.45278959e-01
3.6640e+02   3.44956335e-01
3.6650e+02   3.44633833e-01
3.6660e+02   3.44311644e-01
3.6670e+02   3.43989051e-01
3.6680e+02   3.43667086e-01
3.6690e+02   3.43344644e-01
3.6700e+02   3.43022591e-01
3.6710e+02   3.42700500e-01
3.6720e+02   3.42378224e-01
3.6730e+02   3.42056420e-01
3.6740e+02   3.41734068e-01
3.6750e+02   3.41412261e-01
3.6760e+02   3.41090092e-01
3.6770e+02   3.40768022e-01
3.6780e+02   3.40446132e-01
3.6790e+02   3.40123794e-01
3.6800e+02   3.39801995e-01
3.6810e+02   3.39479622e-01
3.6820e+02   3.39157600e-01
3.6830e+02   3.38835406e-01
3.6840e+02   3.38513002e-01
3.6850e+02   3.38190953e-01
3.6860e+02   3.37868288e-01
3.6870e+02   3.37546107e-01
3.6880e+02   3.37223444e-01
3.6890e+02   3.36900855e-01
3.6900e+02   3.36578313e-01
3.6910e+02   3.36255285e-01
3.6920e+02   3.35932701e-01
3.6930e+02   3.35609451e-01
3.6940e+02   3.35286512e-01
3.6950e+02   3.34963269e-01
3.6960e+02   3.34639793e-01
3.6970e+02   3.34316551e-01
3.6980e+02   3.33992634e-01
3.6990e+02   3.33669132e-01
3.7000e+02   3.33345034e-01
3.7010e+02   3.33020987e-01
3.7020e+02   3.32696852e-01
3.7030e+02   3.32372199e-01
3.7040e+02   3.32047892e-01
3.7050e+02   3.31722835e-01
3.7060e+02   3.31398048e-01
3.7070e+02   3.31072828e-01
3.7080e+02   3.30747356e-01
3.7090e+02   3.30421997e-01
3.7100e+02   3.30095913e-01
3.7110e+02   3.29770175e-01
3.7120e+02   3.29443736e-01
3.7130e+02   3.29117325e-01
3.7140e+02   3.28790697e-01
3.7150e+02   3.28463528e-01
3.7160e+02   3.28136608e-01
3.7170e+02   3.27808866e-01
3.7180e+02   3.27481353e-01
3.7190e+02   3.27153291e-01
3.7200e+02   3.26824965e-01
3.7210e+02   3.26496636e-01
3.7220e+02   3.26167546e-01
3.7230e+02   3.25838735e-01
3.7240e+02   3.25509133e-01
3.7250e+02   3.25179544e-01
3.7260e+02   3.24849621e-01
3.7270e+02   3.24519146e-01
3.7280e+02   3.24188829e-01
3.7290e+02   3.23857637e-01
3.7300e+02   3.23526642e-01
3.7310e+02   3.23194995e-01
3.7320e+02   3.22863087e-01
3.7330e+02   3.22531072e-01
3.7340e+02   3.22198277e-01
3.7350e+02   3.21865706e-01
3.7360e+02   3.21532273e-01
3.7370e+02   3.21198851e-01
3.7380e+02   3.20864993e-01
3.7390e+02   3.20530593e-01
3.7400e+02   3.20196273e-01
3.7410e+02   3.19861047e-01
3.7420e+02   3.19525999e-01
3.7430e+02   3.19190218e-01
3.7440e+02   3.18854197e-01
3.7450e+02   3.18517981e-01
3.7460e+02   3.18180992e-01
3.7470e+02   3.17844183e-01
3.7480e+02   3.17506468e-01
3.7490e+02   3.17168778e-01
3.7500e+02   3.16830574e-01
3.7510e+02   3.16491858e-01
3.7520e+02   3.16153162e-01
3.7530e+02   3.15813555e-01
3.7540e+02   3.15474121e-01
3.7550e+02   3.15133902e-01
3.7560e+02   3.14793481e-01
3.7570e+02   3.14452800e-01
3.7580e+02   3.14111377e-01
3.7590e+02   3.13770108e-01
3.7600e+02   3.13427915e-01
3.7610e+02   3.13085780e-01
3.7620e+02   3.12743075e-01
3.7630e+02   3.12399912e-01
3.7640e+02   3.12056726e-01
3.7650e+02   3.11712651e-01
3.7660e+02   3.11368763e-01
3.7670e+02   3.11024061e-01
3.7680e+02   3.10679216e-01
3.7690e+02   3.10334064e-01
3.7700e+02   3.09988225e-01
3.7710e+02   3.09642531e-01
3.7720e+02   3.09295921e-01
3.7730e+02   3.08949417e-01
3.7740e+02   3.08602308e-01
3.7750e+02   3.08254816e-01
3.7760e+02   3.07907273e-01
3.7770e+02   3.07558889e-01
3.7780e+02   3.07210715e-01
3.7790e+02   3.06861721e-01
3.7800e+02   3.06512658e-01
3.7810e+02   3.06163259e-01
3.7820e+02   3.05813247e-01
3.7830e+02   3.05463380e-01
3.7840e+02   3.05112627e-01
3.7850e+02   3.04762035e-01
3.7860e+02   3.04410823e-01
3.7870e+02   3.04059315e-01
3.7880e+02   3.03707739e-01
3.7890e+02   3.03355385e-01
3.7900e+02   3.03003272e-01
3.7910e+02   3.02650348e-01
3.7920e+02   3.02297436e-01
3.7930e+02   3.01944167e-01
3.7940e+02   3.01590372e-01
3.7950e+02   3.01236726e-01
3.7960e+02   3.00882235e-01
3.7970e+02   3.00527965e-01
3.7980e+02   3.00173066e-01
3.7990e+02   2.99817963e-01
3.8000e+02   2.99462777e-01
3.8010e+02   2.99106884e-01
3.8020e+02   2.98751261e-01
3.8030e+02   2.98394843e-01
3.8040e+02   2.98038516e-01
3.8050e+02   2.97681814e-01
3.8060e+02   2.97324673e-01
3.8070e+02   2.96967681e-01
3.8080e+02   2.96609888e-01
3.8090e+02   2.96252368e-01
3.8100e+02   2.95894213e-01
3.8110e+02   2.95535939e-01
3.8120e+02   2.95177564e-01
3.8130e+02   2.94818550e-01
3.8140e+02   2.94459823e-01
3.8150e+02   2.94100317e-01
3.8160e+02   2.93740970e-01
3.8170e+02   2.93381223e-01
3.8180e+02   2.93021118e-01
3.8190e+02   2.92661147e-01
3.8200e+02   2.92300418e-01
3.8210e+02   2.91939997e-01
3.8220e+02   2.91578927e-01
3.8230e+02   2.91217813e-01
3.8240e+02   2.90856563e-01
3.8250e+02   2.90494736e-01
3.8260e+02   2.90133196e-01
3.8270e+02   2.89770884e-01
3.8280e+02   2.89408781e-01
3.8290e+02   2.89046241e-01
3.8300e+02   2.88683410e-01
3.8310e+02   2.88320681e-01
3.8320e+02   2.87957226e-01
3.8330e+02   2.87594093e-01
3.8340e+02   2.87230286e-01
3.8350e+02   2.86866490e-01
3.8360e+02   2.86502509e-01
3.8370e+02   2.86137998e-01
3.8380e+02   2.85773751e-01
3.8390e+02   2.85408729e-01
3.8400e+02   2.85043945e-01
3.8410e+02   2.84678671e-01
3.8420e+02   2.84313157e-01
3.8430e+02   2.83947692e-01
3.8440e+02   2.83581520e-01
3.8450e+02   2.83215663e-01
3.8460e+02   2.82849093e-01
3.8470e+02   2.82482570e-01
3.8480e+02   2.82115794e-01
3.8490e+02   2.81748522e-01
3.8500e+02   2.81381469e-01
3.8510e+02   2.81013626e-01
3.8520e+02   2.80646027e-01
3.8530e+02   2.80277874e-01
3.8540e+02   2.79909514e-01
3.8550e+02   2.79541132e-01
3.8560e+02   2.79172050e-01
3.8570e+02   2.78803253e-01
3.8580e+02   2.78433696e-01
3.8590e+02   2.78064204e-01
3.8600e+02   2.77694376e-01
3.8610e+02   2.77324073e-01
3.8620e+02   2.76953928e-01
3.8630e+02   2.76582969e-01
3.8640e+02   2.76212243e-01
3.8650e+02   2.75840888e-01
3.8660e+02   2.75469346e-01
3.8670e+02   2.75097698e-01
3.8680e+02   2.74725351e-01
3.8690e+02   2.74353244e-01
3.8700e+02   2.73980324e-01
3.8710e+02   2.73607472e-01
3.8720e+02   2.73234195e-01
3.8730e+02   2.72860459e-01
3.8740e+02   2.72486805e-01
3.8750e+02   2.72112313e-01
3.8760e+02   2.71738031e-01
3.8770e+02   2.71363043e-01
3.8780e+02   2.70987883e-01
3.8790e+02   2.70612526e-01
3.8800e+02   2.70236471e-01
3.8810e+02   2.69860602e-01
3.8820e+02   2.69483870e-01
3.8830e+02   2.69107205e-01
3.8840e+02   2.68730026e-01
3.8850e+02   2.68352404e-01
3.8860e+02   2.67974787e-01
3.8870e+02   2.67596312e-01
3.8880e+02   2.67218022e-01
3.8890e+02   2.66838956e-01
3.8900e+02   2.66459734e-01
3.8910e+02   2.66080228e-01
3.8920e+02   2.65700032e-01
3.8930e+02   2.65319972e-01
3.8940e+02   2.64939008e-01
3.8950e+02   2.64558115e-01
3.8960e+02   2.64176629e-01
3.8970e+02   2.63794725e-01
3.8980e+02   2.63412755e-01
3.8990e+02   2.63029925e-01
3.9000e+02   2.62647259e-01
3.9010e+02   2.62263764e-01
3.9020e+02   2.61880139e-01
3.9030e+02   2.61496156e-01
3.9040e+02   2.61111511e-01
3.9050e+02   2.60726958e-01
3.9060e+02   2.60341485e-01
3.9070e+02   2.59956097e-01
3.9080e+02   2.59570057e-01
3.9090e+02   2.59183643e-01
3.9100e+02   2.58797108e-01
3.9110e+02   2.58409733e-01
3.9120e+02   2.58022518e-01
3.9130e+02   2.57634445e-01
3.9140e+02   2.57246289e-01
3.9150e+02   2.56857722e-01
3.9160e+02   2.56468544e-01
3.9170e+02   2.56079436e-01
3.9180e+02   2.55689420e-01
3.9190e+02   2.55299524e-01
3.9200e+02   2.54908944e-01
3.9210e+02   2.54518058e-01
3.9220e+02   2.54127021e-01
3.9230e+02   2.53735197e-01
3.9240e+02   2.53343547e-01
3.9250e+02   2.52951046e-01
3.9260e+02   2.52558530e-01
3.9270e+02   2.52165582e-01
3.9280e+02   2.51772105e-01
3.9290e+02   2.51378700e-01
3.9300e+02   2.50984433e-01
3.9310e+02   2.50590344e-01
3.9320e+02   2.50195575e-01
3.9330e+02   2.49800598e-01
3.9340e+02   2.49405467e-01
3.9350e+02   2.49009636e-01
3.9360e+02   2.48614021e-01
3.9370e+02   2.48217595e-01
3.9380e+02   2.47821252e-01
3.9390e+02   2.47424485e-01
3.9400e+02   2.47027305e-01
3.9410e+02   2.46630224e-01
3.9420e+02   2.46232366e-01
3.9430e+02   2.45834769e-01
3.9440e+02   2.45436528e-01
3.9450e+02   2.45038207e-01
3.9460e+02   2.44639757e-01
3.9470e+02   2.44240728e-01
3.9480e+02   2.43841981e-01
3.9490e+02   2.43442497e-01
3.9500e+02   2.43043218e-01
3.9510e+02   2.42643554e-01
3.9520e+02   2.42243621e-01
3.9530e+02   2.41843840e-01
3.9540e+02   2.41443395e-01
3.9550e+02   2.41043317e-01
3.9560e+02   2.40642661e-01
3.9570e+02   2.40242074e-01
3.9580e+02   2.39841408e-01
3.9590e+02   2.39440308e-01
3.9600e+02   2.39039576e-01
3.9610e+02   2.38638207e-01
3.9620e+02   2.38237181e-01
3.9630e+02   2.37835833e-01
3.9640e+02   2.37434378e-01
3.9650e+02   2.37033142e-01
3.9660e+02   2.36631379e-01
3.9670e+02   2.36230097e-01
3.9680e+02   2.35828324e-01
3.9690e+02   2.35426780e-01
3.9700e+02   2.35025220e-01
3.9710e+02   2.34623387e-01
3.9720e+02   2.34222011e-01
3.9730e+02   2.33820114e-01
3.9740e+02   2.33418703e-01
3.9750e+02   2.33017040e-01
3.9760e+02   2.32615439e-01
3.9770e+02   2.32214127e-01
3.9780e+02   2.31812430e-01
3.9790e+02   2.31411328e-01
3.9800e+02   2.31009825e-01
3.9810e+02   2.30608709e-01
3.9820e+02   2.30207638e-01
3.9830e+02   2.29806453e-01
3.9840e+02   2.29405806e-01
3.9850e+02   2.29004755e-01
3.9860e+02   2.28604319e-01
3.9870e+02   2.28203697e-01
3.9880e+02   2.27803296e-01
3.9890e+02   2.27403239e-01
3.9900e+02   2.27002935e-01
3.9910e+02   2.26603319e-01
3.9920e+02   2.26203383e-01
3.9930e+02   2.25803974e-01
3.9940e+02   2.25404654e-01
3.9950e+02   2.25005364e-01
3.9960e+02   2.24606670e-01
3.9970e+02   2.24207672e-01
3.9980e+02   2.23809394e-01
3.9990e+02   2.23410976e-01
4.0000e+02   2.23012915e-01
4.0010e+02   2.22615228e-01
4.0020e+02   2.22217408e-01
4.0030e+02   2.21820340e-01
4.0040e+02   2.21423011e-01
4.0050e+02   2.21026317e-01
4.0060e+02   2.20629729e-01
4.0070e+02   2.20233288e-01
4.0080e+02   2.19837467e-01
4.0090e+02   2.19441418e-01
4.0100e+02   2.19046157e-01
4.0110e+02   2.18650776e-01
4.0120e+02   2.18255852e-01
4.0130e+02   2.17861300e-01
4.0140e+02   2.17466701e-01
4.0150e+02   2.17072878e-01
4.0160e+02   2.16678827e-01
4.0170e+02   2.16285481e-01
4.0180e+02   2.15892226e-01
4.0190e+02   2.15499203e-01
4.0200e+02   2.15106787e-01
4.0210e+02   2.14714189e-01
4.0220e+02   2.14322410e-01
4.0230e+02   2.13930501e-01
4.0240e+02   2.13539114e-01
4.0250e+02   2.13148064e-01
4.0260e+02   2.12757023e-01
4.0270e+02   2.12366747e-01
4.0280e+02   2.11976246e-01
4.0290e+02   2.11586486e-01
4.0300e+02   2.11196775e-01
4.0310e+02   2.10807348e-01
4.0320e+02   2.10418485e-01
4.0330e+02   2.10029461e-01
4.0340e+02   2.09641253e-01
4.0350e+02   2.09252882e-01
4.0360e+02   2.08865070e-01
4.0370e+02   2.08477532e-01
4.0380e+02   2.08090037e-01
4.0390e+02   2.07703267e-01
4.0400e+02   2.07316260e-01
4.0410e+02   2.06930001e-01
4.0420e+02   2.06543730e-01
4.0430e+02   2.06157778e-01
4.0440e+02   2.05772322e-01
4.0450e+02   2.05386715e-01
4.0460e+02   2.05001898e-01
4.0470e+02   2.04616873e-01
4.0480e+02   2.04232428e-01
4.0490e+02   2.03848182e-01
4.0500e+02   2.03464004e-01
4.0510e+02   2.03080494e-01
4.0520e+02   2.02696730e-01
4.0530e+02   2.02313710e-01
4.0540e+02   2.01930613e-01
4.0550e+02   2.01547862e-01
4.0560e+02   2.01165535e-01
4.0570e+02   2.00783067e-01
4.0580e+02   2.00401355e-01
4.0590e+02   2.00019398e-01
4.0600e+02   1.99638037e-01
4.0610e+02   1.99256803e-01
4.0620e+02   1.98875665e-01
4.0630e+02   1.98495142e-01
4.0640e+02   1.98114359e-01
4.0650e+02   1.97734316e-01
4.0660e+02   1.97354144e-01
4.0670e+02   1.96974354e-01
4.0680e+02   1.96594923e-01
4.0690e+02   1.96215378e-01
4.0700e+02   1.95836565e-01
4.0710e+02   1.95457485e-01
4.0720e+02   1.95079030e-01
4.0730e+02   1.94700648e-01
4.0740e+02   1.94322410e-01
4.0750e+02   1.93944747e-01
4.0760e+02   1.93566842e-01
4.0770e+02   1.93189689e-01
4.0780e+02   1.92812379e-01
4.0790e+02   1.92435505e-01
4.0800e+02   1.92058951e-01
4.0810e+02   1.91682333e-01
4.0820e+02   1.91306442e-01
4.0830e+02   1.90930294e-01
4.0840e+02   1.90554821e-01
4.0850e+02   1.90179394e-01
4.0860e+02   1.89804186e-01
4.0870e+02   1.89429537e-01
4.0880e+02   1.89054694e-01
4.0890e+02   1.88680640e-01
4.0900e+02   1.88306432e-01
4.0910e+02   1.87932743e-01
4.0920e+02   1.87559360e-01
4.0930e+02   1.87185996e-01
4.0940e+02   1.86813380e-01
4.0950e+02   1.86440549e-01
4.0960e+02   1.86068467e-01
4.0970e+02   1.85696438e-01
4.0980e+02   1.85324730e-01
4.0990e+02   1.84953593e-01
4.1000e+02   1.84582345e-01
4.1010e+02   1.84211943e-01
4.1020e+02   1.83841426e-01
4.1030e+02   1.83471534e-01
4.1040e+02   1.83101962e-01
4.1050e+02   1.82732525e-01
4.1060e+02   1.82363875e-01
4.1070e+02   1.81995087e-01
4.1080e+02   1.81627145e-01
4.1090e+02   1.81259288e-01
4.1100e+02   1.80891882e-01
4.1110e+02   1.80525078e-01
4.1120e+02   1.80158275e-01
4.1130e+02   1.79792396e-01
4.1140e+02   1.79426464e-01
4.1150e+02   1.79061284e-01
4.1160e+02   1.78696460e-01
4.1170e+02   1.78331907e-01
4.1180e+02   1.77968198e-01
4.1190e+02   1.77604450e-01
4.1200e+02   1.77241657e-01
4.1210e+02   1.76879002e-01
4.1220e+02   1.76516942e-01
4.1230e+02   1.76155530e-01
4.1240e+02   1.75794247e-01
4.1250e+02   1.75433973e-01
4.1260e+02   1.75073727e-01
4.1270e+02   1.74714367e-01
4.1280e+02   1.74355410e-01
4.1290e+02   1.73996869e-01
4.1300e+02   1.73639236e-01
4.1310e+02   1.73281673e-01
4.1320e+02   1.72925175e-01
4.1330e+02   1.72568878e-01
4.1340e+02   1.72213322e-01
4.1350e+02   1.71858461e-01
4.1360e+02   1.71503865e-01
4.1370e+02   1.71150358e-01
4.1380e+02   1.70796965e-01
4.1390e+02   1.70444587e-01
4.1400e+02   1.70092660e-01
4.1410e+02   1.69741293e-01
4.1420e+02   1.69390889e-01
4.1430e+02   1.69040666e-01
4.1440e+02   1.68691609e-01
4.1450e+02   1.68342814e-01
4.1460e+02   1.67994896e-01
4.1470e+02   1.67647714e-01
4.1480e+02   1.67300925e-01
4.1490e+02   1.66955293e-01
4.1500e+02   1.66609858e-01
4.1510e+02   1.66265552e-01
4.1520e+02   1.65921737e-01
4.1530e+02   1.65578616e-01
4.1540e+02   1.65236497e-01
4.1550e+02   1.64894664e-01
4.1560e+02   1.64554079e-01
4.1570e+02   1.64213808e-01
4.1580e+02   1.63874536e-01
4.1590e+02   1.63536026e-01
4.1600e+02   1.63198028e-01
4.1610e+02   1.62861235e-01
4.1620e+02   1.62524712e-01
4.1630e+02   1.62189414e-01
4.1640e+02   1.61854633e-01
4.1650e+02   1.61520666e-01
4.1660e+02   1.61187725e-01
4.1670e+02   1.60855163e-01
4.1680e+02   1.60523910e-01
4.1690e+02   1.60193013e-01
4.1700e+02   1.59863221e-01
4.1710e+02   1.59534200e-01
4.1720e+02   1.59205798e-01
4.1730e+02   1.58878631e-01
4.1740e+02   1.58551797e-01
4.1750e+02   1.58226266e-01
4.1760e+02   1.57901267e-01
4.1770e+02   1.57577187e-01
4.1780e+02   1.57254139e-01
4.1790e+02   1.56931554e-01
4.1800e+02   1.56610325e-01
4.1810e+02   1.56289483e-01
4.1820e+02   1.55969834e-01
4.1830e+02   1.55650957e-01
4.1840e+02   1.55332795e-01
4.1850e+02   1.55015882e-01
4.1860e+02   1.54699358e-01
4.1870e+02   1.54384198e-01
4.1880e+02   1.54069579e-01
4.1890e+02   1.53755972e-01
4.1900e+02   1.53443393e-01
4.1910e+02   1.53131355e-01
4.1920e+02   1.52820701e-01
4.1930e+02   1.52510463e-01
4.1940e+02   1.52201495e-01
4.1950e+02   1.51893291e-01
4.1960e+02   1.51585889e-01
4.1970e+02   1.51279739e-01
4.1980e+02   1.50974031e-01
4.1990e+02   1.50669736e-01
4.2000e+02   1.50365985e-01
4.2010e+02   1.50063330e-01
4.2020e+02   1.49761690e-01
4.2030e+02   1.49460664e-01
4.2040e+02   1.49161041e-01
4.2050e+02   1.48861858e-01
4.2060e+02   1.48564011e-01
4.2070e+02   1.48266914e-01
4.2080e+02   1.47970700e-01
4.2090e+02   1.47675731e-01
4.2100e+02   1.47381253e-01
4.2110e+02   1.47088225e-01
4.2120e+02   1.46795741e-01
4.2130e+02   1.46504427e-01
4.2140e+02   1.46214105e-01
4.2150e+02   1.45924466e-01
4.2160e+02   1.45636234e-01
4.2170e+02   1.45348465e-01
4.2180e+02   1.45062083e-01
4.2190e+02   1.44776431e-01
4.2200e+02   1.44491734e-01
4.2210e+02   1.44208262e-01
4.2220e+02   1.43925326e-01
4.2230e+02   1.43643860e-01
4.2240e+02   1.43362931e-01
4.2250e+02   1.43083232e-01
4.2260e+02   1.42804494e-01
4.2270e+02   1.42526496e-01
4.2280e+02   1.42249894e-01
4.2290e+02   1.41973770e-01
4.2300e+02   1.41699067e-01
4.2310e+02   1.41425062e-01
4.2320e+02   1.41152072e-01
4.2330e+02   1.40880270e-01
4.2340e+02   1.40609038e-01
4.2350e+02   1.40339277e-01
4.2360e+02   1.40070036e-01
4.2370e+02   1.39802068e-01
4.2380e+02   1.39535011e-01
4.2390e+02   1.39268741e-01
4.2400e+02   1.39003833e-01
4.2410e+02   1.38739406e-01
4.2420e+02   1.38476415e-01
4.2430e+02   1.38214075e-01
4.2440e+02   1.37952792e-01
4.2450e+02   1.37692640e-01
4.2460e+02   1.37433079e-01
4.2470e+02   1.37174967e-01
4.2480e+02   1.36917345e-01
4.2490e+02   1.36661018e-01
4.2500e+02   1.36405536e-01
4.2510e+02   1.36150869e-01
4.2520e+02   1.35897511e-01
4.2530e+02   1.35644624e-01
4.2540e+02   1.35393162e-01
4.2550e+02   1.35142294e-01
4.2560e+02   1.34892503e-01
4.2570e+02   1.34643769e-01
4.2580e+02   1.34395633e-01
4.2590e+02   1.34148903e-01
4.2600e+02   1.33902621e-01
4.2610e+02   1.33657635e-01
4.2620e+02   1.33413414e-01
4.2630e+02   1.33170022e-01
4.2640e+02   1.32927868e-01
4.2650e+02   1.32686163e-01
4.2660e+02   1.32445857e-01
4.2670e+02   1.32206074e-01
4.2680e+02   1.31967377e-01
4.2690e+02   1.31729647e-01
4.2700e+02   1.31492515e-01
4.2710e+02   1.31256729e-01
4.2720e+02   1.31021342e-01
4.2730e+02   1.30787240e-01
4.2740e+02   1.30553816e-01
4.2750e+02   1.30321227e-01
4.2760e+02   1.30089793e-01
4.2770e+02   1.29858786e-01
4.2780e+02   1.29629138e-01
4.2790e+02   1.29399942e-01
4.2800e+02   1.29171832e-01
4.2810e+02   1.28944597e-01
4.2820e+02   1.28717957e-01
4.2830e+02   1.28492599e-01
4.2840e+02   1.28267594e-01
4.2850e+02   1.28043858e-01
4.2860e+02   1.27820713e-01
4.2870e+02   1.27598411e-01
4.2880e+02   1.27377179e-01
4.2890e+02   1.27156359e-01
4.2900e+02   1.26936857e-01
4.2910e+02   1.26717743e-01
4.2920e+02   1.26499717e-01
4.2930e+02   1.26282480e-01
4.2940e+02   1.26065843e-01
4.2950e+02   1.25850423e-01
4.2960e+02   1.25635325e-01
4.2970e+02   1.25421480e-01
4.2980e+02   1.25208153e-01
4.2990e+02   1.24995683e-01
4.3000e+02   1.24784207e-01
4.3010e+02   1.24573139e-01
4.3020e+02   1.24363353e-01
4.3030e+02   1.24153906e-01
4.3040e+02   1.23945558e-01
4.3050e+02   1.23737922e-01
4.3060e+02   1.23530904e-01
4.3070e+02   1.23325048e-01
4.3080e+02   1.23119496e-01
4.3090e+02   1.22915191e-01
4.3100e+02   1.22711343e-01
4.3110e+02   1.22508379e-01
4.3120e+02   1.22306340e-01
4.3130e+02   1.22104723e-01
4.3140e+02   1.21904358e-01
4.3150e+02   1.21704299e-01
4.3160e+02   1.21505357e-01
4.3170e+02   1.21307062e-01
4.3180e+02   1.21109417e-01
4.3190e+02   1.20912883e-01
4.3200e+02   1.20716652e-01
4.3210e+02   1.20521665e-01
4.3220e+02   1.20327088e-01
4.3230e+02   1.20133428e-01
4.3240e+02   1.19940633e-01
4.3250e+02   1.19748283e-01
4.3260e+02   1.19557157e-01
4.3270e+02   1.19366316e-01
4.3280e+02   1.19176612e-01
4.3290e+02   1.18987497e-01
4.3300e+02   1.18799069e-01
4.3310e+02   1.18611702e-01
4.3320e+02   1.18424643e-01
4.3330e+02   1.18238823e-01
4.3340e+02   1.18053371e-01
4.3350e+02   1.17868868e-01
4.3360e+02   1.17685169e-01
4.3370e+02   1.17501940e-01
4.3380e+02   1.17319901e-01
4.3390e+02   1.17138128e-01
4.3400e+02   1.16957503e-01
4.3410e+02   1.16777409e-01
4.3420e+02   1.16598031e-01
4.3430e+02   1.16419657e-01
4.3440e+02   1.16241594e-01
4.3450e+02   1.16064752e-01
4.3460e+02   1.15888231e-01
4.3470e+02   1.15712678e-01
4.3480e+02   1.15537859e-01
4.3490e+02   1.15363525e-01
4.3500e+02   1.15190333e-01
4.3510e+02   1.15017378e-01
4.3520e+02   1.14845567e-01
4.3530e+02   1.14674214e-01
4.3540e+02   1.14503594e-01
4.3550e+02   1.14333902e-01
4.3560e+02   1.14164510e-01
4.3570e+02   1.13996302e-01
4.3580e+02   1.13828354e-01
4.3590e+02   1.13661375e-01
4.3600e+02   1.13495039e-01
4.3610e+02   1.13329189e-01
4.3620e+02   1.13164407e-01
4.3630e+02   1.12999820e-01
4.3640e+02   1.12836349e-01
4.3650e+02   1.12673245e-01
4.3660e+02   1.12510871e-01
4.3670e+02   1.12349325e-01
4.3680e+02   1.12188054e-01
4.3690e+02   1.12027901e-01
4.3700e+02   1.11867932e-01
4.3710e+02   1.11708908e-01
4.3720e+02   1.11550416e-01
4.3730e+02   1.11392392e-01
4.3740e+02   1.11235338e-01
4.3750e+02   1.11078421e-01
4.3760e+02   1.10922564e-01
4.3770e+02   1.10766969e-01
4.3780e+02   1.10612077e-01
4.3790e+02   1.10457895e-01
4.3800e+02   1.10303944e-01
4.3810e+02   1.10151024e-01
4.3820e+02   1.09998196e-01
4.3830e+02   1.09846268e-01
4.3840e+02   1.09694746e-01
4.3850e+02   1.09543655e-01
4.3860e+02   1.09393417e-01
4.3870e+02   1.09243246e-01
4.3880e+02   1.09094060e-01
4.3890e+02   1.08945019e-01
4.3900e+02   1.08796640e-01
4.3910e+02   1.08648835e-01
4.3920e+02   1.08501210e-01
4.3930e+02   1.08354511e-01
4.3940e+02   1.08207806e-01
4.3950e+02   1.08061941e-01
4.3960e+02   1.07916347e-01
4.3970e+02   1.07771142e-01
4.3980e+02   1.07626660e-01
4.3990e+02   1.07482171e-01
4.4000e+02   1.07338583e-01
4.4010e+02   1.07195019e-01
4.4020e+02   1.07052069e-01
4.4030e+02   1.06909554e-01
4.4040e+02   1.06767167e-01
4.4050e+02   1.06625593e-01
4.4060e+02   1.06483920e-01
4.4070e+02   1.06343023e-01
4.4080e+02   1.06202263e-01
4.4090e+02   1.06061849e-01
4.4100e+02   1.05922029e-01
4.4110e+02   1.05782136e-01
4.4120e+02   1.05643057e-01
4.4130e+02   1.05503890e-01
4.4140e+02   1.05365291e-01
4.4150e+02   1.05226994e-01
4.4160e+02   1.05088781e-01
4.4170e+02   1.04951272e-01
4.4180e+02   1.04813582e-01
4.4190e+02   1.04676607e-01
4.4200e+02   1.04539648e-01
4.4210e+02   1.04403003e-01
4.4220e+02   1.04266830e-01
4.4230e+02   1.04130532e-01
4.4240e+02   1.03994967e-01
4.4250e+02   1.03859218e-01
4.4260e+02   1.03724002e-01
4.4270e+02   1.03588966e-01
4.4280e+02   1.03453986e-01
4.4290e+02   1.03319611e-01
4.4300e+02   1.03184991e-01
4.4310e+02   1.03051037e-01
4.4320e+02   1.02916994e-01
4.4330e+02   1.02783246e-01
4.4340e+02   1.02649861e-01
4.4350e+02   1.02516320e-01
4.4360e+02   1.02383441e-01
4.4370e+02   1.02250302e-01
4.4380e+02   1.02117673e-01
4.4390e+02   1.01985121e-01
4.4400e+02   1.01852614e-01
4.4410e+02   1.01720625e-01
4.4420e+02   1.01588348e-01
4.4430e+02   1.01456699e-01
4.4440e+02   1.01324876e-01
4.4450e+02   1.01193345e-01
4.4460e+02   1.01062084e-01
4.4470e+02   1.00930653e-01
4.4480e+02   1.00799826e-01
4.4490e+02   1.00668685e-01
4.4500e+02   1.00538043e-01
4.4510e+02   1.00407392e-01
4.4520e+02   1.00276792e-01
4.4530e+02   1.00146635e-01
4.4540e+02   1.00016169e-01
4.4550e+02   9.98863021e-02
4.4560e+02   9.97561967e-02
4.4570e+02   9.96263929e-02
4.4580e+02   9.94967795e-02
4.4590e+02   9.93670019e-02
4.4600e+02   9.92377804e-02
4.4610e+02   9.91082086e-02
4.4620e+02   9.89791363e-02
4.4630e+02   9.88499839e-02
4.4640e+02   9.87209038e-02
4.4650e+02   9.85922038e-02
4.4660e+02   9.84631900e-02
4.4670e+02   9.83347564e-02
4.4680e+02   9.82060357e-02
4.4690e+02   9.80776381e-02
4.4700e+02   9.79493640e-02
4.4710e+02   9.78209462e-02
4.4720e+02   9.76930449e-02
4.4730e+02   9.75647746e-02
4.4740e+02   9.74370123e-02
4.4750e+02   9.73091138e-02
4.4760e+02   9.71813203e-02
4.4770e+02   9.70538532e-02
4.4780e+02   9.69260836e-02
4.4790e+02   9.67988821e-02
4.4800e+02   9.66713605e-02
4.4810e+02   9.65441923e-02
4.4820e+02   9.64170919e-02
4.4830e+02   9.62898817e-02
4.4840e+02   9.61631553e-02
4.4850e+02   9.60360568e-02
4.4860e+02   9.59094816e-02
4.4870e+02   9.57827269e-02
4.4880e+02   9.56561206e-02
4.4890e+02   9.55297951e-02
4.4900e+02   9.54031927e-02
4.4910e+02   9.52771521e-02
4.4920e+02   9.51507727e-02
4.4930e+02   9.50247844e-02
4.4940e+02   9.48988187e-02
4.4950e+02   9.47727889e-02
4.4960e+02   9.46472162e-02
4.4970e+02   9.45212825e-02
4.4980e+02   9.43958926e-02
4.4990e+02   9.42702925e-02
4.5000e+02   9.41448923e-02
4.5010e+02   9.40197351e-02
4.5020e+02   9.38943392e-02
4.5030e+02   9.37695027e-02
4.5040e+02   9.36443218e-02
4.5050e+02   9.35195750e-02
4.5060e+02   9.33948149e-02
4.5070e+02   9.32700455e-02
4.5080e+02   9.31457109e-02
4.5090e+02   9.30210384e-02
4.5100e+02   9.28969327e-02
4.5110e+02   9.27725963e-02
4.5120e+02   9.26485168e-02
4.5130e+02   9.25246472e-02
4.5140e+02   9.24005861e-02
4.5150e+02   9.22770833e-02
4.5160e+02   9.21532399e-02
4.5170e+02   9.20298747e-02
4.5180e+02   9.19064659e-02
4.5190e+02   9.17831072e-02
4.5200e+02   9.16601612e-02
4.5210e+02   9.15369075e-02
4.5220e+02   9.14142412e-02
4.5230e+02   9.12913289e-02
4.5240e+02   9.11687296e-02
4.5250e+02   9.10463072e-02
4.5260e+02   9.09237432e-02
4.5270e+02   9.08017311e-02
4.5280e+02   9.06793856e-02
4.5290e+02   9.05575566e-02
4.5300e+02   9.04356527e-02
4.5310e+02   9.03138555e-02
4.5320e+02   9.01924421e-02
4.5330e+02   9.00707505e-02
4.5340e+02   8.99496569e-02
4.5350e+02   8.98282994e-02
4.5360e+02   8.97073024e-02
4.5370e+02   8.95864412e-02
4.5380e+02   8.94654822e-02
4.5390e+02   8.93450558e-02
4.5400e+02   8.92242978e-02
4.5410e+02   8.91040801e-02
4.5420e+02   8.89837474e-02
4.5430e+02   8.88635659e-02
4.5440e+02   8.87437245e-02
4.5450e+02   8.86236250e-02
4.5460e+02   8.85041155e-02
4.5470e+02   8.83843137e-02
4.5480e+02   8.82649019e-02
4.5490e+02   8.81455694e-02
4.5500e+02   8.80261688e-02
4.5510e+02   8.79072603e-02
4.5520e+02   8.77880093e-02
4.5530e+02   8.76693003e-02
4.5540e+02   8.75504203e-02
4.5550e+02   8.74317168e-02
4.5560e+02   8.73132884e-02
4.5570e+02   8.71946063e-02
4.5580e+02   8.70764815e-02
4.5590e+02   8.69580203e-02
4.5600e+02   8.68399554e-02
4.5610e+02   8.67218932e-02
4.5620e+02   8.66037735e-02
4.5630e+02   8.64860813e-02
4.5640e+02   8.63680192e-02
4.5650e+02   8.62504757e-02
4.5660e+02   8.61326873e-02
4.5670e+02   8.60150792e-02
4.5680e+02   8.58976593e-02
4.5690e+02   8.57799730e-02
4.5700e+02   8.56627870e-02
4.5710e+02   8.55452050e-02
4.5720e+02   8.54280032e-02
4.5730e+02   8.53107097e-02
4.5740e+02   8.51933520e-02
4.5750e+02   8.50763359e-02
4.5760e+02   8.49589097e-02
4.5770e+02   8.48419574e-02
4.5780e+02   8.47246737e-02
4.5790e+02   8.46075573e-02
4.5800e+02   8.44905266e-02
4.5810e+02   8.43732063e-02
4.5820e+02   8.42563119e-02
4.5830e+02   8.41389544e-02
4.5840e+02   8.40219465e-02
4.5850e+02   8.39047438e-02
4.5860e+02   8.37874621e-02
4.5870e+02   8.36704253e-02
4.5880e+02   8.35529354e-02
4.5890e+02   8.34358645e-02
4.5900e+02   8.33183746e-02
4.5910e+02   8.32010339e-02
4.5920e+02   8.30836737e-02
4.5930e+02   8.29660021e-02
4.5940e+02   8.28486784e-02
4.5950e+02   8.27308305e-02
4.5960e+02   8.26133004e-02
4.5970e+02   8.24954789e-02
4.5980e+02   8.23775690e-02
4.5990e+02   8.22598115e-02
4.6000e+02   8.21415702e-02
4.6010e+02   8.20236976e-02
4.6020e+02   8.19053330e-02
4.6030e+02   8.17871094e-02
4.6040e+02   8.16687740e-02
4.6050e+02   8.15501227e-02
4.6060e+02   8.14317528e-02
4.6070e+02   8.13128195e-02
4.6080e+02   8.11941867e-02
4.6090e+02   8.10751876e-02
4.6100e+02   8.09561115e-02
4.6110e+02   8.08371152e-02
4.6120e+02   8.07176311e-02
4.6130e+02   8.05984853e-02
4.6140e+02   8.04788040e-02
4.6150e+02   8.03592790e-02
4.6160e+02   8.02395780e-02
4.6170e+02   8.01195866e-02
4.6180e+02   7.99998360e-02
4.6190e+02   7.98795172e-02
4.6200e+02   7.97595086e-02
4.6210e+02   7.96390933e-02
4.6220e+02   7.95186445e-02
4.6230e+02   7.93982343e-02
4.6240e+02   7.92773699e-02
4.6250e+02   7.91568433e-02
4.6260e+02   7.90357768e-02
4.6270e+02   7.89149147e-02
4.6280e+02   7.87938489e-02
4.6290e+02   7.86725561e-02
4.6300e+02   7.85514964e-02
4.6310e+02   7.84299050e-02
4.6320e+02   7.83086660e-02
4.6330e+02   7.81870200e-02
4.6340e+02   7.80654199e-02
4.6350e+02   7.79438529e-02
4.6360e+02   7.78219055e-02
4.6370e+02   7.77003278e-02
4.6380e+02   7.75782466e-02
4.6390e+02   7.74564508e-02
4.6400e+02   7.73344607e-02
4.6410e+02   7.72123433e-02
4.6420e+02   7.70904832e-02
4.6430e+02   7.69681665e-02
4.6440e+02   7.68462737e-02
4.6450e+02   7.67240100e-02
4.6460e+02   7.66019022e-02
4.6470e+02   7.64798526e-02
4.6480e+02   7.63575298e-02
4.6490e+02   7.62356336e-02
4.6500e+02   7.61133035e-02
4.6510e+02   7.59913635e-02
4.6520e+02   7.58692667e-02
4.6530e+02   7.57471678e-02
4.6540e+02   7.56253713e-02
4.6550e+02   7.55032201e-02
4.6560e+02   7.53815806e-02
4.6570e+02   7.52596295e-02
4.6580e+02   7.51379608e-02
4.6590e+02   7.50163915e-02
4.6600e+02   7.48946736e-02
4.6610e+02   7.47734489e-02
4.6620e+02   7.46518757e-02
4.6630e+02   7.45308038e-02
4.6640e+02   7.44096226e-02
4.6650e+02   7.42885715e-02
4.6660e+02   7.41678702e-02
4.6670e+02   7.40469226e-02
4.6680e+02   7.39265712e-02
4.6690e+02   7.38059705e-02
4.6700e+02   7.36857735e-02
4.6710e+02   7.35657125e-02
4.6720e+02   7.34456230e-02
4.6730e+02   7.33260807e-02
4.6740e+02   7.32062696e-02
4.6750e+02   7.30870543e-02
4.6760e+02   7.29677655e-02
4.6770e+02   7.28487221e-02
4.6780e+02   7.27300558e-02
4.6790e+02   7.26112353e-02
4.6800e+02   7.24930690e-02
4.6810e+02   7.23746960e-02
4.6820e+02   7.22568196e-02
4.6830e+02   7.21390889e-02
4.6840e+02   7.20214226e-02
4.6850e+02   7.19043231e-02
4.6860e+02   7.17870063e-02
4.6870e+02   7.16703417e-02
4.6880e+02   7.15536065e-02
4.6890e+02   7.14371944e-02
4.6900e+02   7.13211467e-02
4.6910e+02   7.12050004e-02
4.6920e+02   7.10895209e-02
4.6930e+02   7.09738393e-02
4.6940e+02   7.08587011e-02
4.6950e+02   7.07436749e-02
4.6960e+02   7.06287620e-02
4.6970e+02   7.05143861e-02
4.6980e+02   7.03998021e-02
4.6990e+02   7.02858749e-02
4.7000e+02   7.01718354e-02
4.7010e+02   7.00581469e-02
4.7020e+02   6.99447604e-02
4.7030e+02   6.98312853e-02
4.7040e+02   6.97184363e-02
4.7050e+02   6.96053451e-02
4.7060e+02   6.94927919e-02
4.7070e+02   6.93802698e-02
4.7080e+02   6.92678626e-02
4.7090e+02   6.91559119e-02
4.7100e+02   6.90437192e-02
4.7110e+02   6.89321373e-02
4.7120e+02   6.88203587e-02
4.7130e+02   6.87089130e-02
4.7140e+02   6.85976622e-02
4.7150e+02   6.84862928e-02
4.7160e+02   6.83754633e-02
4.7170e+02   6.82643159e-02
4.7180e+02   6.81536588e-02
4.7190e+02   6.80429167e-02
4.7200e+02   6.79322558e-02
4.7210e+02   6.78219347e-02
4.7220e+02   6.77113098e-02
4.7230e+02   6.76012146e-02
4.7240e+02   6.74908142e-02
4.7250e+02   6.73807002e-02
4.7260e+02   6.72706498e-02
4.7270e+02   6.71604312e-02
4.7280e+02   6.70506425e-02
4.7290e+02   6.69404469e-02
4.7300e+02   6.68306750e-02
4.7310e+02   6.67206909e-02
4.7320e+02   6.66107438e-02
4.7330e+02   6.65010092e-02
4.7340e+02   6.63909067e-02
4.7350e+02   6.62812451e-02
4.7360e+02   6.61711722e-02
4.7370e+02   6.60613381e-02
4.7380e+02   6.59514398e-02
4.7390e+02   6.58413317e-02
4.7400e+02   6.57315479e-02
4.7410e+02   6.56212832e-02
4.7420e+02   6.55113842e-02
4.7430e+02   6.54011632e-02
4.7440e+02   6.52909518e-02
4.7450e+02   6.51808426e-02
4.7460e+02   6.50703264e-02
4.7470e+02   6.49601810e-02
4.7480e+02   6.48495473e-02
4.7490e+02   6.47391290e-02
4.7500e+02   6.46285481e-02
4.7510e+02   6.45177475e-02
4.7520e+02   6.44071942e-02
4.7530e+02   6.42961237e-02
4.7540e+02   6.41853914e-02
4.7550e+02   6.40742663e-02
4.7560e+02   6.39631597e-02
4.7570e+02   6.38520822e-02
4.7580e+02   6.37406010e-02
4.7590e+02   6.36294564e-02
4.7600e+02   6.35177919e-02
4.7610e+02   6.34063579e-02
4.7620e+02   6.32947064e-02
4.7630e+02   6.31828691e-02
4.7640e+02   6.30712420e-02
4.7650e+02   6.29591090e-02
4.7660e+02   6.28473260e-02
4.7670e+02   6.27351262e-02
4.7680e+02   6.26229959e-02
4.7690e+02   6.25108642e-02
4.7700e+02   6.23983779e-02
4.7710e+02   6.22862328e-02
4.7720e+02   6.21735829e-02
4.7730e+02   6.20612171e-02
4.7740e+02   6.19486214e-02
4.7750e+02   6.18359154e-02
4.7760e+02   6.17234196e-02
4.7770e+02   6.16104723e-02
4.7780e+02   6.14979206e-02
4.7790e+02   6.13849688e-02
4.7800e+02   6.12721720e-02
4.7810e+02   6.11593776e-02
4.7820e+02   6.10463149e-02
4.7830e+02   6.09336267e-02
4.7840e+02   6.08204846e-02
4.7850e+02   6.07077073e-02
4.7860e+02   6.05947189e-02
4.7870e+02   6.04817239e-02
4.7880e+02   6.03689632e-02
4.7890e+02   6.02558346e-02
4.7900e+02   6.01431668e-02
4.7910e+02   6.00301418e-02
4.7920e+02   5.99173766e-02
4.7930e+02   5.98046376e-02
4.7940e+02   5.96917371e-02
4.7950e+02   5.95792576e-02
4.7960e+02   5.94663958e-02
4.7970e+02   5.93539899e-02
4.7980e+02   5.92414071e-02
4.7990e+02   5.91289332e-02
4.8000e+02   5.90167262e-02
4.8010e+02   5.89042481e-02
4.8020e+02   5.87922997e-02
4.8030e+02   5.86800480e-02
4.8040e+02   5.85681641e-02
4.8050e+02   5.84563350e-02
4.8060e+02   5.83444566e-02
4.8070e+02   5.82330450e-02
4.8080e+02   5.81213279e-02
4.8090e+02   5.80101545e-02
4.8100e+02   5.78988405e-02
4.8110e+02   5.77877487e-02
4.8120e+02   5.76769526e-02
4.8130e+02   5.75659821e-02
4.8140e+02   5.74556019e-02
4.8150e+02   5.73449714e-02
4.8160e+02   5.72348084e-02
4.8170e+02   5.71247233e-02
4.8180e+02   5.70146955e-02
4.8190e+02   5.69051691e-02
4.8200e+02   5.67954102e-02
4.8210e+02   5.66862697e-02
4.8220e+02   5.65770183e-02
4.8230e+02   5.64680915e-02
4.8240e+02   5.63594774e-02
4.8250e+02   5.62507780e-02
4.8260e+02   5.61427136e-02
4.8270e+02   5.60344443e-02
4.8280e+02   5.59267269e-02
4.8290e+02   5.58190990e-02
4.8300e+02   5.57116230e-02
4.8310e+02   5.56046666e-02
4.8320e+02   5.54975412e-02
4.8330e+02   5.53910904e-02
4.8340e+02   5.52845475e-02
4.8350e+02   5.51784155e-02
4.8360e+02   5.50725972e-02
4.8370e+02   5.49667702e-02
4.8380e+02   5.48616035e-02
4.8390e+02   5.47562657e-02
4.8400e+02   5.46515445e-02
4.8410e+02   5.45469097e-02
4.8420e+02   5.44425053e-02
4.8430e+02   5.43386191e-02
4.8440e+02   5.42346142e-02
4.8450e+02   5.41313184e-02
4.8460e+02   5.40279347e-02
4.8470e+02   5.39250285e-02
4.8480e+02   5.38224185e-02
4.8490e+02   5.37198601e-02
4.8500e+02   5.36179645e-02
4.8510e+02   5.35159166e-02
4.8520e+02   5.34145271e-02
4.8530e+02   5.33132031e-02
4.8540e+02   5.32121680e-02
4.8550e+02   5.31116271e-02
4.8560e+02   5.30110008e-02
4.8570e+02   5.29110928e-02
4.8580e+02   5.28110838e-02
4.8590e+02   5.27115949e-02
4.8600e+02   5.26123627e-02
4.8610e+02   5.25132224e-02
4.8620e+02   5.24147211e-02
4.8630e+02   5.23160681e-02
4.8640e+02   5.22180881e-02
4.8650e+02   5.21201315e-02
4.8660e+02   5.20224985e-02
4.8670e+02   5.19253099e-02
4.8680e+02   5.18280486e-02
4.8690e+02   5.17314859e-02
4.8700e+02   5.16347882e-02
4.8710e+02   5.15386260e-02
4.8720e+02   5.14426563e-02
4.8730e+02   5.13467953e-02
4.8740e+02   5.12515206e-02
4.8750e+02   5.11560732e-02
4.8760e+02   5.10612839e-02
4.8770e+02   5.09664529e-02
4.8780e+02   5.08719537e-02
4.8790e+02   5.07778217e-02
4.8800e+02   5.06836070e-02
4.8810e+02   5.05900414e-02
4.8820e+02   5.04962851e-02
4.8830e+02   5.04030511e-02
4.8840e+02   5.03099210e-02
4.8850e+02   5.02168923e-02
4.8860e+02   5.01243691e-02
4.8870e+02   5.00316318e-02
4.8880e+02   4.99395091e-02
4.8890e+02   4.98472586e-02
4.8900e+02   4.97553233e-02
4.8910e+02   4.96636538e-02
4.8920e+02   4.95718720e-02
4.8930e+02   4.94806636e-02
4.8940e+02   4.93891917e-02
4.8950e+02   4.92982050e-02
4.8960e+02   4.92072148e-02
4.8970e+02   4.91163002e-02
4.8980e+02   4.90257892e-02
4.8990e+02   4.89350091e-02
4.9000e+02   4.88447793e-02
4.9010e+02   4.87543231e-02
4.9020e+02   4.86641495e-02
4.9030e+02   4.85741259e-02
4.9040e+02   4.84839508e-02
4.9050e+02   4.83942579e-02
4.9060e+02   4.83042227e-02
4.9070e+02   4.82146233e-02
4.9080e+02   4.81249071e-02
4.9090e+02   4.80352350e-02
4.9100e+02   4.79458568e-02
4.9110e+02   4.78561549e-02
4.9120e+02   4.77669323e-02
4.9130e+02   4.76773876e-02
4.9140e+02   4.75880915e-02
4.9150e+02   4.74988314e-02
4.9160e+02   4.74093864e-02
4.9170e+02   4.73203338e-02
4.9180e+02   4.72308708e-02
4.9190e+02   4.71417986e-02
4.9200e+02   4.70525078e-02
4.9210e+02   4.69632405e-02
4.9220e+02   4.68741680e-02
4.9230e+02   4.67847346e-02
4.9240e+02   4.66957208e-02
4.9250e+02   4.66063097e-02
4.9260e+02   4.65171291e-02
4.9270e+02   4.64278905e-02
4.9280e+02   4.63384564e-02
4.9290e+02   4.62493436e-02
4.9300e+02   4.61597804e-02
4.9310e+02   4.60705838e-02
4.9320e+02   4.59810955e-02
4.9330e+02   4.58916369e-02
4.9340e+02   4.58023005e-02
4.9350e+02   4.57125989e-02
4.9360e+02   4.56232835e-02
4.9370e+02   4.55335307e-02
4.9380e+02   4.54440200e-02
4.9390e+02   4.53543911e-02
4.9400e+02   4.52645914e-02
4.9410e+02   4.51750733e-02
4.9420e+02   4.50851039e-02
4.9430e+02   4.49955089e-02
4.9440e+02   4.49055880e-02
4.9450e+02   4.48157390e-02
4.9460e+02   4.47259753e-02
4.9470e+02   4.46358826e-02
4.9480e+02   4.45461760e-02
4.9490e+02   4.44560339e-02
4.9500e+02   4.43661807e-02
4.9510e+02   4.42761877e-02
4.9520e+02   4.41860879e-02
4.9530e+02   4.40962646e-02
4.9540e+02   4.40060311e-02
4.9550e+02   4.39162130e-02
4.9560e+02   4.38260751e-02
4.9570e+02   4.37360870e-02
4.9580e+02   4.36461829e-02
4.9590e+02   4.35560251e-02
4.9600e+02   4.34662851e-02
4.9610e+02   4.33761508e-02
4.9620e+02   4.32863835e-02
4.9630e+02   4.31964905e-02
4.9640e+02   4.31065889e-02
4.9650e+02   4.30169890e-02
4.9660e+02   4.29270561e-02
4.9670e+02   4.28376071e-02
4.9680e+02   4.27478786e-02
4.9690e+02   4.26584064e-02
4.9700e+02   4.25690458e-02
4.9710e+02   4.24795381e-02
4.9720e+02   4.23905040e-02
4.9730e+02   4.23011483e-02
4.9740e+02   4.22122607e-02
4.9750e+02   4.21232893e-02
4.9760e+02   4.20344329e-02
4.9770e+02   4.19459254e-02
4.9780e+02   4.18571895e-02
4.9790e+02   4.17690249e-02
4.9800e+02   4.16806469e-02
4.9810e+02   4.15926514e-02
4.9820e+02   4.15048161e-02
4.9830e+02   4.14169627e-02
4.9840e+02   4.13296547e-02
4.9850e+02   4.12421214e-02
4.9860e+02   4.11551722e-02
4.9870e+02   4.10682011e-02
4.9880e+02   4.09814859e-02
4.9890e+02   4.08951817e-02
4.9900e+02   4.08087739e-02
4.9910e+02   4.07230361e-02
4.9920e+02   4.06371702e-02
4.9930e+02   4.05518252e-02
4.9940e+02   4.04667037e-02
4.9950e+02   4.03817086e-02
4.9960e+02   4.02973404e-02
4.9970e+02   4.02128598e-02
4.9980e+02   4.01290876e-02
4.9990e+02   4.00453692e-02
5.0000e+02   3.99620578e-02
5.0010e+02   3.98792281e-02
5.0020e+02   3.97964318e-02
5.0030e+02   3.97144089e-02
5.0040e+02   3.96323546e-02
5.0050e+02   3.95509640e-02
5.0060e+02   3.94698664e-02
5.0070e+02   3.93890459e-02
5.0080e+02   3.93089344e-02
5.0090e+02   3.92288297e-02
5.0100e+02   3.91495548e-02
5.0110e+02   3.90704121e-02
5.0120e+02   3.89918245e-02
5.0130e+02   3.89137845e-02
5.0140e+02   3.88359128e-02
5.0150e+02   3.87589066e-02
5.0160e+02   3.86819606e-02
5.0170e+02   3.86058067e-02
5.0180e+02   3.85300031e-02
5.0190e+02   3.84546123e-02
5.0200e+02   3.83799913e-02
5.0210e+02   3.83054793e-02
5.0220e+02   3.82318904e-02
5.0230e+02   3.81584882e-02
5.0240e+02   3.80857584e-02
5.0250e+02   3.80136083e-02
5.0260e+02   3.79417279e-02
5.0270e+02   3.78707615e-02
5.0280e+02   3.77999083e-02
5.0290e+02   3.77299256e-02
5.0300e+02   3.76603019e-02
5.0310e+02   3.75911735e-02
5.0320e+02   3.75228153e-02
5.0330e+02   3.74546110e-02
5.0340e+02   3.73873538e-02
5.0350e+02   3.73202725e-02
5.0360e+02   3.72539061e-02
5.0370e+02   3.71880748e-02
5.0380e+02   3.71225370e-02
5.0390e+02   3.70578741e-02
5.0400e+02   3.69932941e-02
5.0410e+02   3.69295691e-02
5.0420e+02   3.68661196e-02
5.0430e+02   3.68031511e-02
5.0440e+02   3.67408512e-02
5.0450e+02   3.66786510e-02
5.0460e+02   3.66173128e-02
5.0470e+02   3.65560357e-02
5.0480e+02   3.64954050e-02
5.0490e+02   3.64351539e-02
5.0500e+02   3.63751096e-02
5.0510e+02   3.63157848e-02
5.0520e+02   3.62564030e-02
5.0530e+02   3.61977430e-02
5.0540e+02   3.61391635e-02
5.0550e+02   3.60809373e-02
5.0560e+02   3.60231642e-02
5.0570e+02   3.59653293e-02
5.0580e+02   3.59081583e-02
5.0590e+02   3.58508312e-02
5.0600e+02   3.57939758e-02
5.0610e+02   3.57372447e-02
5.0620e+02   3.56805392e-02
5.0630e+02   3.56243019e-02
5.0640e+02   3.55677842e-02
5.0650e+02   3.55117688e-02
5.0660e+02   3.54555647e-02
5.0670e+02   3.53995145e-02
5.0680e+02   3.53436359e-02
5.0690e+02   3.52874795e-02
5.0700e+02   3.52317342e-02
5.0710e+02   3.51755763e-02
5.0720e+02   3.51196775e-02
5.0730e+02   3.50636213e-02
5.0740e+02   3.50073917e-02
5.0750e+02   3.49513657e-02
5.0760e+02   3.48948385e-02
5.0770e+02   3.48385973e-02
5.0780e+02   3.47819174e-02
5.0790e+02   3.47252164e-02
5.0800e+02   3.46684389e-02
5.0810e+02   3.46112138e-02
5.0820e+02   3.45541958e-02
5.0830e+02   3.44965739e-02
5.0840e+02   3.44390658e-02
5.0850e+02   3.43811985e-02
5.0860e+02   3.43230467e-02
5.0870e+02   3.42649263e-02
5.0880e+02   3.42061904e-02
5.0890e+02   3.41476305e-02
5.0900e+02   3.40885022e-02
5.0910e+02   3.40292999e-02
5.0920e+02   3.39699020e-02
5.0930e+02   3.39100249e-02
5.0940e+02   3.38502870e-02
5.0950e+02   3.37899033e-02
5.0960e+02   3.37296332e-02
5.0970e+02   3.36689558e-02
5.0980e+02   3.36080381e-02
5.0990e+02   3.35471340e-02
5.1000e+02   3.34856622e-02
5.1010e+02   3.34244114e-02
5.1020e+02   3.33626248e-02
5.1030e+02   3.33008684e-02
5.1040e+02   3.32389547e-02
5.1050e+02   3.31766879e-02
5.1060e+02   3.31146425e-02
5.1070e+02   3.30520636e-02
5.1080e+02   3.29897415e-02
5.1090e+02   3.29271088e-02
5.1100e+02   3.28644179e-02
5.1110e+02   3.28018534e-02
5.1120e+02   3.27388995e-02
5.1130e+02   3.26763282e-02
5.1140e+02   3.26133720e-02
5.1150e+02   3.25506552e-02
5.1160e+02   3.24879195e-02
5.1170e+02   3.24250515e-02
5.1180e+02   3.23625679e-02
5.1190e+02   3.22997439e-02
5.1200e+02   3.22373845e-02
5.1210e+02   3.21748732e-02
5.1220e+02   3.21125368e-02
5.1230e+02   3.20504810e-02
5.1240e+02   3.19882518e-02
5.1250e+02   3.19265885e-02
5.1260e+02   3.18647121e-02
5.1270e+02   3.18032911e-02
5.1280e+02   3.17419912e-02
5.1290e+02   3.16807739e-02
5.1300e+02   3.16200863e-02
5.1310e+02   3.15592329e-02
5.1320e+02   3.14990187e-02
5.1330e+02   3.14387776e-02
5.1340e+02   3.13789008e-02
5.1350e+02   3.13194079e-02
5.1360e+02   3.12599058e-02
5.1370e+02   3.12010884e-02
5.1380e+02   3.11421684e-02
5.1390e+02   3.10838466e-02
5.1400e+02   3.10257126e-02
5.1410e+02   3.09677994e-02
5.1420e+02   3.09104770e-02
5.1430e+02   3.08530832e-02
5.1440e+02   3.07964126e-02
5.1450e+02   3.07397546e-02
5.1460e+02   3.06835589e-02
5.1470e+02   3.06277588e-02
5.1480e+02   3.05720242e-02
5.1490e+02   3.05169974e-02
5.1500e+02   3.04618901e-02
5.1510e+02   3.04074293e-02
5.1520e+02   3.03531336e-02
5.1530e+02   3.02991079e-02
5.1540e+02   3.02456432e-02
5.1550e+02   3.01921191e-02
5.1560e+02   3.01393137e-02
5.1570e+02   3.00864814e-02
5.1580e+02   3.00341286e-02
5.1590e+02   2.99821053e-02
5.1600e+02   2.99301510e-02
5.1610e+02   2.98788527e-02
5.1620e+02   2.98274325e-02
5.1630e+02   2.97766395e-02
5.1640e+02   2.97259296e-02
5.1650e+02   2.96754819e-02
5.1660e+02   2.96255092e-02
5.1670e+02   2.95754425e-02
5.1680e+02   2.95260391e-02
5.1690e+02   2.94765298e-02
5.1700e+02   2.94274756e-02
5.1710e+02   2.93786489e-02
5.1720e+02   2.93298642e-02
5.1730e+02   2.92816513e-02
5.1740e+02   2.92332535e-02
5.1750e+02   2.91854375e-02
5.1760e+02   2.91376055e-02
5.1770e+02   2.90900115e-02
5.1780e+02   2.90427915e-02
5.1790e+02   2.89954357e-02
5.1800e+02   2.89486762e-02
5.1810e+02   2.89017302e-02
5.1820e+02   2.88552098e-02
5.1830e+02   2.88088147e-02
5.1840e+02   2.87624381e-02
5.1850e+02   2.87165492e-02
5.1860e+02   2.86704220e-02
5.1870e+02   2.86248347e-02
5.1880e+02   2.85791436e-02
5.1890e+02   2.85336758e-02
5.1900e+02   2.84884909e-02
5.1910e+02   2.84431442e-02
5.1920e+02   2.83983366e-02
5.1930e+02   2.83532801e-02
5.1940e+02   2.83086325e-02
5.1950e+02   2.82640248e-02
5.1960e+02   2.82194298e-02
5.1970e+02   2.81752526e-02
5.1980e+02   2.81308049e-02
5.1990e+02   2.80868690e-02
5.2000e+02   2.80427618e-02
5.2010e+02   2.79988805e-02
5.2020e+02   2.79552079e-02
5.2030e+02   2.79113682e-02
5.2040e+02   2.78680240e-02
5.2050e+02   2.78243901e-02
5.2060e+02   2.77811630e-02
5.2070e+02   2.77379084e-02
5.2080e+02   2.76946787e-02
5.2090e+02   2.76518103e-02
5.2100e+02   2.76086592e-02
5.2110e+02   2.75660035e-02
5.2120e+02   2.75231274e-02
5.2130e+02   2.74804930e-02
5.2140e+02   2.74380064e-02
5.2150e+02   2.73953640e-02
5.2160e+02   2.73531832e-02
5.2170e+02   2.73106885e-02
5.2180e+02   2.72686075e-02
5.2190e+02   2.72264451e-02
5.2200e+02   2.71843314e-02
5.2210e+02   2.71425309e-02
5.2220e+02   2.71004495e-02
5.2230e+02   2.70588530e-02
5.2240e+02   2.70169993e-02
5.2250e+02   2.69754106e-02
5.2260e+02   2.69339168e-02
5.2270e+02   2.68922887e-02
5.2280e+02   2.68510921e-02
5.2290e+02   2.68095687e-02
5.2300e+02   2.67684693e-02
5.2310e+02   2.67272427e-02
5.2320e+02   2.66860948e-02
5.2330e+02   2.66452157e-02
5.2340e+02   2.66040662e-02
5.2350e+02   2.65633920e-02
5.2360e+02   2.65224321e-02
5.2370e+02   2.64817627e-02
5.2380e+02   2.64411396e-02
5.2390e+02   2.64004095e-02
5.2400e+02   2.63600809e-02
5.2410e+02   2.63194200e-02
5.2420e+02   2.62791932e-02
5.2430e+02   2.62387984e-02
5.2440e+02   2.61985150e-02
5.2450e+02   2.61584566e-02
5.2460e+02   2.61181442e-02
5.2470e+02   2.60782958e-02
5.2480e+02   2.60381389e-02
5.2490e+02   2.59982978e-02
5.2500e+02   2.59584565e-02
5.2510e+02   2.59185390e-02
5.2520e+02   2.58789916e-02
5.2530e+02   2.58391118e-02
5.2540e+02   2.57996739e-02
5.2550e+02   2.57600311e-02
5.2560e+02   2.57205331e-02
5.2570e+02   2.56812162e-02
5.2580e+02   2.56416658e-02
5.2590e+02   2.56025653e-02
5.2600e+02   2.55631385e-02
5.2610e+02   2.55240510e-02
5.2620e+02   2.54849188e-02
5.2630e+02   2.54457432e-02
5.2640e+02   2.54069042e-02
5.2650e+02   2.53677376e-02
5.2660e+02   2.53290176e-02
5.2670e+02   2.52900595e-02
5.2680e+02   2.52512792e-02
5.2690e+02   2.52126359e-02
5.2700e+02   2.51737833e-02
5.2710e+02   2.51353632e-02
5.2720e+02   2.50966036e-02
5.2730e+02   2.50582047e-02
5.2740e+02   2.50197184e-02
5.2750e+02   2.49812230e-02
5.2760e+02   2.49430288e-02
5.2770e+02   2.49045161e-02
5.2780e+02   2.48664516e-02
5.2790e+02   2.48281194e-02
5.2800e+02   2.47899973e-02
5.2810e+02   2.47519682e-02
5.2820e+02   2.47137569e-02
5.2830e+02   2.46759580e-02
5.2840e+02   2.46378107e-02
5.2850e+02   2.46000431e-02
5.2860e+02   2.45621475e-02
5.2870e+02   2.45242782e-02
5.2880e+02   2.44866730e-02
5.2890e+02   2.44487628e-02
5.2900e+02   2.44112989e-02
5.2910e+02   2.43735416e-02
5.2920e+02   2.43360258e-02
5.2930e+02   2.42985591e-02
5.2940e+02   2.42609404e-02
5.2950e+02   2.42237108e-02
5.2960e+02   2.41861287e-02
5.2970e+02   2.41489425e-02
5.2980e+02   2.41115903e-02
5.2990e+02   2.40743005e-02
5.3000e+02   2.40372363e-02
5.3010e+02   2.39998845e-02
5.3020e+02   2.39629740e-02
5.3030e+02   2.39257484e-02
5.3040e+02   2.38887942e-02
5.3050e+02   2.38518461e-02
5.3060e+02   2.38147785e-02
5.3070e+02   2.37780741e-02
5.3080e+02   2.37410177e-02
5.3090e+02   2.37043704e-02
5.3100e+02   2.36675219e-02
5.3110e+02   2.36307723e-02
5.3120e+02   2.35942088e-02
5.3130e+02   2.35573788e-02
5.3140e+02   2.35209817e-02
5.3150e+02   2.34842523e-02
5.3160e+02   2.34478221e-02
5.3170e+02   2.34113564e-02
5.3180e+02   2.33748055e-02
5.3190e+02   2.33385897e-02
5.3200e+02   2.33020267e-02
5.3210e+02   2.32658828e-02
5.3220e+02   2.32295058e-02
5.3230e+02   2.31932639e-02
5.3240e+02   2.31571678e-02
5.3250e+02   2.31208300e-02
5.3260e+02   2.30849134e-02
5.3270e+02   2.30486514e-02
5.3280e+02   2.30127145e-02
5.3290e+02   2.29767016e-02
5.3300e+02   2.29406398e-02
5.3310e+02   2.29048823e-02
5.3320e+02   2.28687869e-02
5.3330e+02   2.28331173e-02
5.3340e+02   2.27971861e-02
5.3350e+02   2.27614254e-02
5.3360e+02   2.27257699e-02
5.3370e+02   2.26899006e-02
5.3380e+02   2.26544374e-02
5.3390e+02   2.26186201e-02
5.3400e+02   2.25831512e-02
5.3410e+02   2.25475678e-02
5.3420e+02   2.25119726e-02
5.3430e+02   2.24766490e-02
5.3440e+02   2.24410008e-02
5.3450e+02   2.24057817e-02
5.3460e+02   2.23702757e-02
5.3470e+02   2.23349747e-02
5.3480e+02   2.22997382e-02
5.3490e+02   2.22643185e-02
5.3500e+02   2.22292865e-02
5.3510e+02   2.21938960e-02
5.3520e+02   2.21588743e-02
5.3530e+02   2.21237014e-02
5.3540e+02   2.20885547e-02
5.3550e+02   2.20536449e-02
5.3560e+02   2.20184276e-02
5.3570e+02   2.19836390e-02
5.3580e+02   2.19485420e-02
5.3590e+02   2.19136828e-02
5.3600e+02   2.18788474e-02
5.3610e+02   2.18438618e-02
5.3620e+02   2.18092424e-02
5.3630e+02   2.17742642e-02
5.3640e+02   2.17396720e-02
5.3650e+02   2.17048942e-02
5.3660e+02   2.16701806e-02
5.3670e+02   2.16356677e-02
5.3680e+02   2.16008678e-02
5.3690e+02   2.15664926e-02
5.3700e+02   2.15317909e-02
5.3710e+02   2.14973581e-02
5.3720e+02   2.14629088e-02
5.3730e+02   2.14283441e-02
5.3740e+02   2.13941210e-02
5.3750e+02   2.13595429e-02
5.3760e+02   2.13253646e-02
5.3770e+02   2.12909688e-02
5.3780e+02   2.12566748e-02
5.3790e+02   2.12225438e-02
5.3800e+02   2.11881497e-02
5.3810e+02   2.11541725e-02
5.3820e+02   2.11198546e-02
5.3830e+02   2.10858341e-02
5.3840e+02   2.10517578e-02
5.3850e+02   2.10176022e-02
5.3860e+02   2.09837608e-02
5.3870e+02   2.09495721e-02
5.3880e+02   2.09157935e-02
5.3890e+02   2.08817681e-02
5.3900e+02   2.08478813e-02
5.3910e+02   2.08141190e-02
5.3920e+02   2.07801203e-02
5.3930e+02   2.07465269e-02
5.3940e+02   2.07125827e-02
5.3950e+02   2.06789616e-02
5.3960e+02   2.06452465e-02
5.3970e+02   2.06114893e-02
5.3980e+02   2.05780164e-02
5.3990e+02   2.05442076e-02
5.4000e+02   2.05108155e-02
5.4010e+02   2.04771503e-02
5.4020e+02   2.04436597e-02
5.4030e+02   2.04102540e-02
5.4040e+02   2.03766415e-02
5.4050e+02   2.03434192e-02
5.4060e+02   2.03098397e-02
5.4070e+02   2.02766063e-02
5.4080e+02   2.02432423e-02
5.4090e+02   2.02098739e-02
5.4100e+02   2.01767577e-02
5.4110e+02   2.01433208e-02
5.4120e+02   2.01103035e-02
5.4130e+02   2.00769902e-02
5.4140e+02   2.00438857e-02
5.4150e+02   2.00108267e-02
5.4160e+02   1.99775925e-02
5.4170e+02   1.99447303e-02
5.4180e+02   1.99115085e-02
5.4190e+02   1.98786528e-02
5.4200e+02   1.98456316e-02
5.4210e+02   1.98126444e-02
5.4220e+02   1.97798753e-02
5.4230e+02   1.97468043e-02
5.4240e+02   1.97141520e-02
5.4250e+02   1.96811843e-02
5.4260e+02   1.96484581e-02
5.4270e+02   1.96157382e-02
5.4280e+02   1.95828770e-02
5.4290e+02   1.95503661e-02
5.4300e+02   1.95174976e-02
5.4310e+02   1.94850119e-02
5.4320e+02   1.94523283e-02
5.4330e+02   1.94197169e-02
5.4340e+02   1.93872881e-02
5.4350e+02   1.93545798e-02
5.4360e+02   1.93222857e-02
5.4370e+02   1.92896606e-02
5.4380e+02   1.92573077e-02
5.4390e+02   1.92249223e-02
5.4400e+02   1.91924315e-02
5.4410e+02   1.91602668e-02
5.4420e+02   1.91277503e-02
5.4430e+02   1.90956301e-02
5.4440e+02   1.90632823e-02
5.4450e+02   1.90310447e-02
5.4460e+02   1.89989531e-02
5.4470e+02   1.89666075e-02
5.4480e+02   1.89346683e-02
5.4490e+02   1.89023864e-02
5.4500e+02   1.88704051e-02
5.4510e+02   1.88383538e-02
5.4520e+02   1.88062344e-02
5.4530e+02   1.87744143e-02
5.4540e+02   1.87422524e-02
5.4550e+02   1.87104969e-02
5.4560e+02   1.86784870e-02
5.4570e+02   1.86466248e-02
5.4580e+02   1.86148713e-02
5.4590e+02   1.85828924e-02
5.4600e+02   1.85513086e-02
5.4610e+02   1.85193745e-02
5.4620e+02   1.84877669e-02
5.4630e+02   1.84560534e-02
5.4640e+02   1.84243101e-02
5.4650e+02   1.83928371e-02
5.4660e+02   1.83610362e-02
5.4670e+02   1.83296484e-02
5.4680e+02   1.82979827e-02
5.4690e+02   1.82665010e-02
5.4700e+02   1.82350905e-02
5.4710e+02   1.82034859e-02
5.4720e+02   1.81722618e-02
5.4730e+02   1.81406839e-02
5.4740e+02   1.81094557e-02
5.4750e+02   1.80780874e-02
5.4760e+02   1.80467283e-02
5.4770e+02   1.80156085e-02
5.4780e+02   1.79841786e-02
5.4790e+02   1.79531649e-02
5.4800e+02   1.79218531e-02
5.4810e+02   1.78907602e-02
5.4820e+02   1.78597010e-02
5.4830e+02   1.78284813e-02
5.4840e+02   1.77976244e-02
5.4850e+02   1.77664142e-02
5.4860e+02   1.77355740e-02
5.4870e+02   1.77045613e-02
5.4880e+02   1.76735972e-02
5.4890e+02   1.76428397e-02
5.4900e+02   1.76117932e-02
5.4910e+02   1.75811624e-02
5.4920e+02   1.75502169e-02
5.4930e+02   1.75195234e-02
5.4940e+02   1.74888263e-02
5.4950e+02   1.74580042e-02
5.4960e+02   1.74275241e-02
5.4970e+02   1.73966951e-02
5.4980e+02   1.73662529e-02
5.4990e+02   1.73356084e-02
5.5000e+02   1.73050515e-02
