
     Program Wbse v. 2.0.1 starts on 26Jan2023 at 20:49:43 

     This program is part of the open-source West suite
     for massively parallel calculations of excited states in materials; please cite
         "M. Govoni et al., J. Chem. Theory Comput. 11, 2680 (2015);
          URL http://www.west-code.org", 
     in publications or presentations arising from this work.

     Based on the Quantum ESPRESSO v. 6.1 svn rev. 13369
       
     --------------------------------------------------------------------------------------------
     **MPI** Parallelization Status                                      
     --------------------------------------------------------------------------------------------
                   384                   1             1             4            96
     --------------------------------------------------------------------------------------------
                     N         =         I      X      P      X      B      X      Z
                     ^                   ^             ^             ^             ^
                     |                   |             |             |             |
                   #rnk                  |             |             |             |
                                      #image           |             |             |
                                                     #pool           |             |
                                                                   #bgrp           |
                                                                                 #R&G
     --------------------------------------------------------------------------------------------
     **OPENMP** Parallelization Status
     #thr/rnk               =            1
     --------------------------------------------------------------------------------------------
     #prc = (rnk) * (thr) =          384
     --------------------------------------------------------------------------------------------
       
     --------------------------------------------------------------------------------------------
     I/O Summary : input_west                                            
     --------------------------------------------------------------------------------------------
     qe_prefix               =          pwscf
     west_prefix             =           west
     outdir                  =             ./
     l_load_qbox_wfc         =              F
     qbox_ks_wfc_filename    =         qb.xml
     which_bse_method        =             FF
     --------------------------------------------------------------------------------------------
       
     --------------------------------------------------------------------------------------------
     I/O Summary : wbse_init                                             
     --------------------------------------------------------------------------------------------
     wbse_init_calculation   =              S
     n_pdep_eigen            =              1
     chi_kernel              =            CHI
     which_spin_channel      =              0
     l_use_localise_repr     =              F
     overlap_thr             =       0.000000
     l_use_bisection_thr     =              F
     qbox_bisec_wfc_filename =      qb.gs.xml
     --------------------------------------------------------------------------------------------
       
     --------------------------------------------------------------------------------------------
     I/O Summary : WBSE_control                                          
     --------------------------------------------------------------------------------------------
     wbse_diag_method        =          david
     wbse_calculation        =              S
     n_plep_eigen            =             10
     n_plep_times            =              2
     n_plep_maxiter          =          10000
     n_plep_read_from_file   =              0
     l_bse_calculation       =              F
     l_hybrid_calculation    =              F
     l_exx_fraction          =       0.180000
     l_h_ovlp_thr            =       0.000000
     l_h_loc                 =              F
     l_h_bis                 =              F
     l_h_qbox_bis_wfc_fname  =      qb.gs.xml
     if_random_init          =              F
     l_restart_step          =              0
     l_cg_diagonalization    =              F
     l_subspace              =              F
     n_trunc_bands           =              0
     l_sf_kernel             =              F
     l_alda0                 =              F
     sf_cut_1                =    1000.000000
     sf_cut_2                =    1000.000000
     l_tddft_force           =              T
     force_state             =              7
     snd_coeff               =       0.050000
     wbse_zv_alpha_mix       =       0.700000
     wbse_zv_nmix_wbse       =              4
     wbse_zv_scf_tr2         =       0.000000
     wbse_acc                =              3
     wbse_acc_eig            =              T
     wbse_acc_force          =              T
     wbse_acc_cg_thr         =       0.000000
     wbse_acc_dav_thr        =       0.000000
     force_n_trunc_bands     =              0
     poor_of_ram             =              T
     poor_of_ram_drho2       =              T
     debug_mode              =              F
     l_diag_term_only        =              F
     l_preconditioning       =              T
     l_pre_shift             =              F
     l_qp_correction         =              F
     spin_excitation         =        singlet
     trev_plep               =       0.000010
     trev_plep_rel           =       0.000001
     scissor_ope             =       0.000000
     eps_macro               =       1.000000
     --------------------------------------------------------------------------------------------

     Reading data from directory:
     ./pwscf.save

   Info: using nr1, nr2, nr3 values from input

   Info: using nr1, nr2, nr3 values from input

     IMPORTANT: XC functional enforced from input :
     Exchange-correlation      = PBE ( 1  4  3  4 0 0)
     Any further DFT definition will be discarded
     Please, verify this is what you really want

 
     Parallelization info
     --------------------
     sticks:   dense  smooth     PW     G-vecs:    dense   smooth      PW
     Min         225     225     56                25054    25054    3128
     Max         228     228     58                25066    25066    3142
     Sum       21701   21701   5417              2406107  2406107  300707
 
     Generating pointlists ...
     new r_m :   0.0350 (alat units)  1.1804 (a.u.) for type    1
     new r_m :   0.0455 (alat units)  1.5355 (a.u.) for type    2
       
     --------------------------------------------------------------------------------------------
     System Overview                                                     
     --------------------------------------------------------------------------------------------
     gamma_only           =              T
     ecutwfc [Ry]         =      60.000000
     omega [au^3]         =   3.831609E+04
     glob. #G             =         150354
     nbnd                 =           2016
     nkstot               =              2
     nspin                =              2
     nelec                =    3996.000000
     nelup                =    1999.000000
     neldw                =    1997.000000
     npol                 =              1
     lsda                 =              T
     noncolin             =              F
     lspinorb             =              F
     domag                =              F
     --------------------------------------------------------------------------------------------

     sFFT G-space:  1203054 G-vectors     R-space: ( 180, 180, 180)
     dFFT G-space:  1203054 G-vectors     R-space: ( 180, 180, 180)

     Cell [a.u.]          =      33.712714      0.000000      0.000000
                          =       0.000000     33.712714      0.000000
                          =       0.000000      0.000000     33.712714
      
     number of ks points=     2
                       cart. coord. in units 2pi/alat
        k(    1) = (   0.0000000   0.0000000   0.0000000), wk =   1.0000000
        k(    2) = (   0.0000000   0.0000000   0.0000000), wk =   1.0000000

                       cryst. coord.
        k(    1) = (   0.0000000   0.0000000   0.0000000), wk =   1.0000000
        k(    2) = (   0.0000000   0.0000000   0.0000000), wk =   1.0000000
 
     F. Gygi div      =   1.442761E-01
       
     --------------------------------------------------------------------------------------------
     Parallelization for nvecx                                           
     --------------------------------------------------------------------------------------------
     nglob                =             20
     nlevel               =              1
     Min nglob/nlevel     =             20
     Max nglob/nlevel     =             20
     --------------------------------------------------------------------------------------------
       
     --------------------------------------------------------------------------------------------
     Parallelization for band_group                                      
     --------------------------------------------------------------------------------------------
     nglob                =           1999
     nlevel               =              4
     Min nglob/nlevel     =            499
     Max nglob/nlevel     =            500
     --------------------------------------------------------------------------------------------

     [MEM] ----------------------------------------------------------
     [MEM] **Memory** analysis: QE
     [MEM] ----------------------------------------------------------
     [MEM] Allocated arrays           est. size (Mb)     dimensions
     [MEM] ----------------------------------------------------------
     [MEM] Kohn-Sham Wavefunctions      48.33 Mb     (   1571, 2016)
     [MEM] NL pseudopotentials         191.58 Mb     (   1571, 7992)
     [MEM] Each V/rho on FFT grid        0.99 Mb     (  64800)
     [MEM] Each G-vector array           0.10 Mb     (  12531)
     [MEM] G-vector shells               0.03 Mb     (   3392)
     [MEM] ----------------------------------------------------------
     [MEM] TOT                         241.02 Mb
     [MEM] ----------------------------------------------------------
     [MEM] 
     [MEM] ----------------------------------------------------------
     [MEM] **Memory** analysis: WBSE global
     [MEM] ----------------------------------------------------------
     [MEM] Allocated arrays           est. size (Mb)     dimensions
     [MEM] ----------------------------------------------------------
     [MEM] dvg_exc                     958.38 Mb     (   1571, 1999,   20)
     [MEM] dng_exc                     958.38 Mb     (   1571, 1999,   20)
     [MEM] hr_distr                      0.00 Mb     (     20,   20)
     [MEM] vr_distr                      0.00 Mb     (     20,   20)
     [MEM] ----------------------------------------------------------
     [MEM] TOT                        1916.77 Mb
     [MEM] ----------------------------------------------------------
     [MEM] 
     [MEM] ----------------------------------------------------------
     [MEM] **Memory** analysis: WBSE temporary
     [MEM] ----------------------------------------------------------
     [MEM] Allocated arrays           est. size (Mb)     dimensions
     [MEM] ----------------------------------------------------------
     [MEM] dvpsi                        47.92 Mb     (   1571, 1999)
     [MEM] dpsi                         47.92 Mb     (   1571, 1999)
     [MEM] ----------------------------------------------------------
     [MEM] Total estimate               95.84 Mb
     [MEM] ----------------------------------------------------------
     Lowest energy electron-hole pairs are used as initial vectors ...
     Calculating the electron-hole pairs for initiating trial vectors ...

              1        57         2      1997         1           0.048601225687
              2        49         2      1996         1           0.051078303761
              3        41         2      1995         1           0.051727132291
              4        58         2      1997         2           0.060794209681
              5        50         2      1996         2           0.063271287754
              6        42         2      1995         2           0.063920116285
              7        33         2      1994         1           0.076239253189
              8        25         2      1993         1           0.079535470583
              9        17         2      1992         1           0.081039676692
             10         9         2      1991         1           0.081847840215
             11         1         2      1990         1           0.081904822056
             12        34         2      1994         2           0.088432237182
             13        26         2      1993         2           0.091728454576
             14        18         2      1992         2           0.093232660685
             15        10         2      1991         2           0.094040824208
             16         2         2      1990         2           0.094097806049
             17        57         1      1999         1           0.283252651968
             18        58         1      1999         2           0.283321980461
             19        59         1      1999         3           0.283479346897
             20        60         1      1999         4           0.283519886454
             21        61         1      1999         5           0.283612261439
             22        62         1      1999         6           0.283919624713
             23        63         1      1999         7           0.288219536882
             24        64         1      1999         8           0.288222983709
             25        49         1      1998         1           0.292280443026
             26        50         1      1998         2           0.292349771520
             27        51         1      1998         3           0.292507137955
             28        52         1      1998         4           0.292547677513
             29        53         1      1998         5           0.292640052498
             30        54         1      1998         6           0.292947415771
             31        55         1      1998         7           0.297247327941
             32        56         1      1998         8           0.297250774768
             33        59         2      1997         3           0.310933802873
             34        41         1      1997         1           0.310960750898
             35        60         2      1997         4           0.311002292113
             36        42         1      1997         2           0.311030079392
             37        61         2      1997         5           0.311155266512
             38        62         2      1997         6           0.311180534681
             39        43         1      1997         3           0.311187445827
             40        44         1      1997         4           0.311227985385
     Finished calculating the cv couples.
     Finished setting initial vectors.

                       *----------*              *----------*               *----------*
     #     Iteration = | starting |   WBSE_dim = |       10 |   Diago_dim = |       10 |  x 1/2
                       *----------*              *----------*               *----------*

                       *----------*              *----------*               *----------*
     #     Iteration = | starting |   WBSE_dim = |       10 |   Diago_dim = |       10 |  x 2/2
                       *----------*              *----------*               *----------*
        
        0.04878959   0.05169928   0.05772092   0.06101484   0.06481025   0.07435760
        0.07860610   0.08098945   0.08225806   0.08589838
        
     --------------------------------------------------------------------------------------------
     Tot. elapsed time 02m-26.5s,  time spent in last iteration 02m-26.5s
     --------------------------------------------------------------------------------------------

                       *----------*              *----------*               *----------*
     #     Iteration = |        1 |   WBSE_dim = |       10 |   Diago_dim = |       20 |
                       *----------*              *----------*               *----------*
     Max diff =  0.734E-02
        
        0.04865129   0.05137312   0.05500496   0.06086770   0.06432035   0.06701981
        0.07720987   0.08077881   0.08199691   0.08236934
        
     --------------------------------------------------------------------------------------------
     Tot. elapsed time 04m-16.4s,  time spent in last iteration 01m-49.8s
     --------------------------------------------------------------------------------------------

       Refresh the basis set

                       *----------*              *----------*               *----------*
     #     Iteration = |        2 |   WBSE_dim = |       10 |   Diago_dim = |       20 |
                       *----------*              *----------*               *----------*
     Max diff =  0.644E-03
        
        0.04863652   0.05132489   0.05459156   0.06085082   0.06425335   0.06637552
        0.07702477   0.08071771   0.08196873   0.08198350
        
     --------------------------------------------------------------------------------------------
     Tot. elapsed time 06m-10.9s,  time spent in last iteration 01m-45.3s
     --------------------------------------------------------------------------------------------

       Refresh the basis set

                       *----------*              *----------*               *----------*
     #     Iteration = |        3 |   WBSE_dim = |       10 |   Diago_dim = |       20 |
                       *----------*              *----------*               *----------*
     Max diff =  0.212E-03
        
        0.04863187   0.05130768   0.05444577   0.06084523   0.06422968   0.06616360
        0.07695943   0.08068842   0.08185012   0.08195990
        
     --------------------------------------------------------------------------------------------
     Tot. elapsed time 08m-06.6s,  time spent in last iteration 01m-46.6s
     --------------------------------------------------------------------------------------------

       Refresh the basis set

                       *----------*              *----------*               *----------*
     #     Iteration = |        4 |   WBSE_dim = |       10 |   Diago_dim = |       20 |
                       *----------*              *----------*               *----------*
     Max diff =  0.109E-03
        
        0.04862965   0.05129965   0.05437025   0.06084250   0.06421861   0.06605433
        0.07692572   0.08067008   0.08177702   0.08195575
        
     --------------------------------------------------------------------------------------------
     Tot. elapsed time 10m-02.0s,  time spent in last iteration 01m-46.2s
     --------------------------------------------------------------------------------------------

       Refresh the basis set

                       *----------*              *----------*               *----------*
     #     Iteration = |        5 |   WBSE_dim = |       10 |   Diago_dim = |       20 |
                       *----------*              *----------*               *----------*
     Max diff =  0.647E-04
        
        0.04862850   0.05129543   0.05432586   0.06084102   0.06421276   0.06598967
        0.07690570   0.08065725   0.08172997   0.08195363
        
     --------------------------------------------------------------------------------------------
     Tot. elapsed time 11m-56.1s,  time spent in last iteration 01m-44.9s
     --------------------------------------------------------------------------------------------

       Refresh the basis set

                       *----------*              *----------*               *----------*
     #     Iteration = |        6 |   WBSE_dim = |       10 |   Diago_dim = |       20 |
                       *----------*              *----------*               *----------*
     Max diff =  0.435E-04
        
        0.04862786   0.05129302   0.05429644   0.06084016   0.06420938   0.06594621
        0.07689219   0.08064727   0.08169539   0.08195246
        
     --------------------------------------------------------------------------------------------
     Tot. elapsed time 13m-50.0s,  time spent in last iteration 01m-44.7s
     --------------------------------------------------------------------------------------------

       Refresh the basis set

                       *----------*              *----------*               *----------*
     #     Iteration = |        7 |   WBSE_dim = |       10 |   Diago_dim = |       20 |
                       *----------*              *----------*               *----------*
     Max diff =  0.318E-04
        
        0.04862749   0.05129155   0.05427528   0.06083962   0.06420729   0.06591444
        0.07688227   0.08063895   0.08166803   0.08195177
        
     --------------------------------------------------------------------------------------------
     Tot. elapsed time 15m-44.6s,  time spent in last iteration 01m-45.5s
     --------------------------------------------------------------------------------------------

       Refresh the basis set

                       *----------*              *----------*               *----------*
     #     Iteration = |        8 |   WBSE_dim = |       10 |   Diago_dim = |       20 |
                       *----------*              *----------*               *----------*
     Max diff =  0.246E-04
        
        0.04862726   0.05129060   0.05425916   0.06083927   0.06420593   0.06588988
        0.07687457   0.08063176   0.08164536   0.08195134
        
     --------------------------------------------------------------------------------------------
     Tot. elapsed time 17m-38.8s,  time spent in last iteration 01m-45.0s
     --------------------------------------------------------------------------------------------

       Refresh the basis set

                       *----------*              *----------*               *----------*
     #     Iteration = |        9 |   WBSE_dim = |       10 |   Diago_dim = |       20 |
                       *----------*              *----------*               *----------*
     Max diff =  0.202E-04
        
        0.04862711   0.05128995   0.05424605   0.06083902   0.06420499   0.06586963
        0.07686824   0.08062526   0.08162579   0.08195105
        
     --------------------------------------------------------------------------------------------
     Tot. elapsed time 19m-32.5s,  time spent in last iteration 01m-44.6s
     --------------------------------------------------------------------------------------------

       Refresh the basis set

                       *----------*              *----------*               *----------*
     #     Iteration = |       10 |   WBSE_dim = |       10 |   Diago_dim = |       20 |
                       *----------*              *----------*               *----------*
     Max diff =  0.172E-04
        
        0.04862701   0.05128949   0.05423519   0.06083884   0.06420431   0.06585268
        0.07686292   0.08061930   0.08160861   0.08195085
        
     --------------------------------------------------------------------------------------------
     Tot. elapsed time 21m-26.3s,  time spent in last iteration 01m-44.6s
     --------------------------------------------------------------------------------------------

       Refresh the basis set

                       *----------*              *----------*               *----------*
     #     Iteration = |       11 |   WBSE_dim = |       10 |   Diago_dim = |       20 |
                       *----------*              *----------*               *----------*
     Max diff =  0.154E-04
        
        0.04862695   0.05128914   0.05422565   0.06083870   0.06420379   0.06583767
        0.07685824   0.08061372   0.08159317   0.08195070
        
     --------------------------------------------------------------------------------------------
     Tot. elapsed time 23m-20.5s,  time spent in last iteration 01m-45.0s
     --------------------------------------------------------------------------------------------

       Refresh the basis set

                       *----------*              *----------*               *----------*
     #     Iteration = |       12 |   WBSE_dim = |       10 |   Diago_dim = |       20 |
                       *----------*              *----------*               *----------*
     Max diff =  0.139E-04
        
        0.04862690   0.05128887   0.05421715   0.06083859   0.06420337   0.06582422
        0.07685407   0.08060848   0.08157927   0.08195060
        
     --------------------------------------------------------------------------------------------
     Tot. elapsed time 25m-14.2s,  time spent in last iteration 01m-44.6s
     --------------------------------------------------------------------------------------------

       Refresh the basis set

                       *----------*              *----------*               *----------*
     #     Iteration = |       13 |   WBSE_dim = |        9 |   Diago_dim = |       19 |
                       *----------*              *----------*               *----------*
     Max diff =  0.127E-04
        
        0.04862690   0.05128865   0.05420935   0.06083850   0.06420304   0.06581183
        0.07685029   0.08060352   0.08156654   0.08195051
        
     --------------------------------------------------------------------------------------------
     Tot. elapsed time 27m-18.6s,  time spent in last iteration 01m-55.2s
     --------------------------------------------------------------------------------------------

       Refresh the basis set

                       *----------*              *----------*               *----------*
     #     Iteration = |       14 |   WBSE_dim = |        9 |   Diago_dim = |       19 |
                       *----------*              *----------*               *----------*
     Max diff =  0.116E-04
        
        0.04862690   0.05128846   0.05420214   0.06083842   0.06420275   0.06580033
        0.07684684   0.08059883   0.08155492   0.08195044
        
     --------------------------------------------------------------------------------------------
     Tot. elapsed time 29m-01.7s,  time spent in last iteration 01m-34.3s
     --------------------------------------------------------------------------------------------

       Refresh the basis set

                       *----------*              *----------*               *----------*
     #     Iteration = |       15 |   WBSE_dim = |        8 |   Diago_dim = |       18 |
                       *----------*              *----------*               *----------*
     Max diff =  0.108E-04
        
        0.04862690   0.05128830   0.05419541   0.06083835   0.06420250   0.06578954
        0.07684366   0.08059435   0.08154416   0.08195043
        
     --------------------------------------------------------------------------------------------
     Tot. elapsed time 30m-34.6s,  time spent in last iteration 01m-24.1s
     --------------------------------------------------------------------------------------------

       Refresh the basis set

                       *----------*              *----------*               *----------*
     #     Iteration = |       16 |   WBSE_dim = |        8 |   Diago_dim = |       18 |
                       *----------*              *----------*               *----------*
     Max diff =  0.102E-04
        
        0.04862690   0.05128816   0.05418909   0.06083829   0.06420228   0.06577937
        0.07684072   0.08059009   0.08153420   0.08195042
        
     --------------------------------------------------------------------------------------------
     Tot. elapsed time 32m-07.0s,  time spent in last iteration 01m-23.9s
     --------------------------------------------------------------------------------------------

       Refresh the basis set

                       *----------*              *----------*               *----------*
     #     Iteration = |       17 |   WBSE_dim = |        8 |   Diago_dim = |       18 |
                       *----------*              *----------*               *----------*
     Max diff =  0.963E-05
        
        0.04862690   0.05128804   0.05418312   0.06083823   0.06420209   0.06576975
        0.07683798   0.08058600   0.08152491   0.08195041
        
     --------------------------------------------------------------------------------------------
     Tot. elapsed time 33m-39.4s,  time spent in last iteration 01m-23.9s
     --------------------------------------------------------------------------------------------

       Refresh the basis set

                       *----------*              *----------*               *----------*
     #     Iteration = |       18 |   WBSE_dim = |        7 |   Diago_dim = |       17 |
                       *----------*              *----------*               *----------*
     Max diff =  0.914E-05
        
        0.04862690   0.05128792   0.05417748   0.06083819   0.06420191   0.06576061
        0.07683543   0.08058210   0.08151624   0.08195040
        
     --------------------------------------------------------------------------------------------
     Tot. elapsed time 35m-01.0s,  time spent in last iteration 01m-13.2s
     --------------------------------------------------------------------------------------------

       Refresh the basis set

                       *----------*              *----------*               *----------*
     #     Iteration = |       19 |   WBSE_dim = |        7 |   Diago_dim = |       17 |
                       *----------*              *----------*               *----------*
     Max diff =  0.870E-05
        
        0.04862690   0.05128782   0.05417213   0.06083815   0.06420174   0.06575191
        0.07683302   0.08057835   0.08150811   0.08195039
        
     --------------------------------------------------------------------------------------------
     Tot. elapsed time 36m-22.4s,  time spent in last iteration 01m-13.2s
     --------------------------------------------------------------------------------------------

       Refresh the basis set

                       *----------*              *----------*               *----------*
     #     Iteration = |       20 |   WBSE_dim = |        7 |   Diago_dim = |       17 |
                       *----------*              *----------*               *----------*
     Max diff =  0.830E-05
        
        0.04862690   0.05128773   0.05416704   0.06083812   0.06420159   0.06574361
        0.07683077   0.08057476   0.08150050   0.08195038
        
     --------------------------------------------------------------------------------------------
     Tot. elapsed time 37m-44.1s,  time spent in last iteration 01m-13.5s
     --------------------------------------------------------------------------------------------

       Refresh the basis set

                       *----------*              *----------*               *----------*
     #     Iteration = |       21 |   WBSE_dim = |        7 |   Diago_dim = |       17 |
                       *----------*              *----------*               *----------*
     Max diff =  0.793E-05
        
        0.04862690   0.05128764   0.05416219   0.06083809   0.06420145   0.06573568
        0.07682864   0.08057132   0.08149333   0.08195038
        
     --------------------------------------------------------------------------------------------
     Tot. elapsed time 39m-05.7s,  time spent in last iteration 01m-13.5s
     --------------------------------------------------------------------------------------------

       Refresh the basis set

                       *----------*              *----------*               *----------*
     #     Iteration = |       22 |   WBSE_dim = |        7 |   Diago_dim = |       17 |
                       *----------*              *----------*               *----------*
     Max diff =  0.759E-05
        
        0.04862690   0.05128756   0.05415757   0.06083805   0.06420131   0.06572809
        0.07682663   0.08056801   0.08148659   0.08195037
        
     --------------------------------------------------------------------------------------------
     Tot. elapsed time 40m-27.9s,  time spent in last iteration 01m-14.0s
     --------------------------------------------------------------------------------------------

       Refresh the basis set

                       *----------*              *----------*               *----------*
     #     Iteration = |       23 |   WBSE_dim = |        7 |   Diago_dim = |       17 |
                       *----------*              *----------*               *----------*
     Max diff =  0.727E-05
        
        0.04862690   0.05128748   0.05415315   0.06083802   0.06420119   0.06572081
        0.07682473   0.08056483   0.08148024   0.08195036
        
     --------------------------------------------------------------------------------------------
     Tot. elapsed time 41m-49.5s,  time spent in last iteration 01m-13.5s
     --------------------------------------------------------------------------------------------

       Refresh the basis set

                       *----------*              *----------*               *----------*
     #     Iteration = |       24 |   WBSE_dim = |        7 |   Diago_dim = |       17 |
                       *----------*              *----------*               *----------*
     Max diff =  0.698E-05
        
        0.04862690   0.05128741   0.05414893   0.06083799   0.06420107   0.06571383
        0.07682292   0.08056178   0.08147424   0.08195035
        
     --------------------------------------------------------------------------------------------
     Tot. elapsed time 43m-11.4s,  time spent in last iteration 01m-13.8s
     --------------------------------------------------------------------------------------------

       Refresh the basis set

                       *----------*              *----------*               *----------*
     #     Iteration = |       25 |   WBSE_dim = |        7 |   Diago_dim = |       17 |
                       *----------*              *----------*               *----------*
     Max diff =  0.670E-05
        
        0.04862690   0.05128735   0.05414490   0.06083797   0.06420095   0.06570713
        0.07682121   0.08055884   0.08146857   0.08195035
        
     --------------------------------------------------------------------------------------------
     Tot. elapsed time 44m-33.2s,  time spent in last iteration 01m-13.6s
     --------------------------------------------------------------------------------------------

       Refresh the basis set

                       *----------*              *----------*               *----------*
     #     Iteration = |       26 |   WBSE_dim = |        7 |   Diago_dim = |       17 |
                       *----------*              *----------*               *----------*
     Max diff =  0.644E-05
        
        0.04862690   0.05128728   0.05414103   0.06083794   0.06420084   0.06570070
        0.07681959   0.08055602   0.08146321   0.08195034
        
     --------------------------------------------------------------------------------------------
     Tot. elapsed time 45m-55.6s,  time spent in last iteration 01m-14.3s
     --------------------------------------------------------------------------------------------

       Refresh the basis set

                       *----------*              *----------*               *----------*
     #     Iteration = |       27 |   WBSE_dim = |        7 |   Diago_dim = |       17 |
                       *----------*              *----------*               *----------*
     Max diff =  0.619E-05
        
        0.04862690   0.05128722   0.05413732   0.06083791   0.06420074   0.06569450
        0.07681804   0.08055331   0.08145814   0.08195033
        
     --------------------------------------------------------------------------------------------
     Tot. elapsed time 47m-17.2s,  time spent in last iteration 01m-13.4s
     --------------------------------------------------------------------------------------------

       Refresh the basis set

                       *----------*              *----------*               *----------*
     #     Iteration = |       28 |   WBSE_dim = |        7 |   Diago_dim = |       17 |
                       *----------*              *----------*               *----------*
     Max diff =  0.596E-05
        
        0.04862690   0.05128717   0.05413377   0.06083789   0.06420064   0.06568854
        0.07681656   0.08055070   0.08145333   0.08195033
        
     --------------------------------------------------------------------------------------------
     Tot. elapsed time 48m-38.2s,  time spent in last iteration 01m-12.9s
     --------------------------------------------------------------------------------------------

       Refresh the basis set

                       *----------*              *----------*               *----------*
     #     Iteration = |       29 |   WBSE_dim = |        7 |   Diago_dim = |       17 |
                       *----------*              *----------*               *----------*
     Max diff =  0.574E-05
        
        0.04862690   0.05128711   0.05413036   0.06083786   0.06420055   0.06568280
        0.07681516   0.08054820   0.08144876   0.08195032
        
     --------------------------------------------------------------------------------------------
     Tot. elapsed time 50m-00.1s,  time spent in last iteration 01m-13.7s
     --------------------------------------------------------------------------------------------

       Refresh the basis set

                       *----------*              *----------*               *----------*
     #     Iteration = |       30 |   WBSE_dim = |        7 |   Diago_dim = |       17 |
                       *----------*              *----------*               *----------*
     Max diff =  0.553E-05
        
        0.04862690   0.05128706   0.05412709   0.06083784   0.06420046   0.06567727
        0.07681381   0.08054578   0.08144443   0.08195032
        
     --------------------------------------------------------------------------------------------
     Tot. elapsed time 51m-21.2s,  time spent in last iteration 01m-13.0s
     --------------------------------------------------------------------------------------------

       Refresh the basis set

                       *----------*              *----------*               *----------*
     #     Iteration = |       31 |   WBSE_dim = |        6 |   Diago_dim = |       16 |
                       *----------*              *----------*               *----------*
     Max diff =  0.533E-05
        
        0.04862690   0.05128701   0.05412394   0.06083782   0.06420037   0.06567194
        0.07681253   0.08054346   0.08144031   0.08195031
        
     --------------------------------------------------------------------------------------------
     Tot. elapsed time 52m-32.1s,  time spent in last iteration 01m-02.8s
     --------------------------------------------------------------------------------------------

       Refresh the basis set

                       *----------*              *----------*               *----------*
     #     Iteration = |       32 |   WBSE_dim = |        6 |   Diago_dim = |       16 |
                       *----------*              *----------*               *----------*
     Max diff =  0.514E-05
        
        0.04862690   0.05128697   0.05412092   0.06083780   0.06420028   0.06566680
        0.07681130   0.08054123   0.08143639   0.08195031
        
     --------------------------------------------------------------------------------------------
     Tot. elapsed time 53m-42.4s,  time spent in last iteration 01m-02.5s
     --------------------------------------------------------------------------------------------

       Refresh the basis set

                       *----------*              *----------*               *----------*
     #     Iteration = |       33 |   WBSE_dim = |        6 |   Diago_dim = |       16 |
                       *----------*              *----------*               *----------*
     Max diff =  0.496E-05
        
        0.04862690   0.05128692   0.05411802   0.06083778   0.06420020   0.06566183
        0.07681013   0.08053908   0.08143267   0.08195030
        
     --------------------------------------------------------------------------------------------
     Tot. elapsed time 54m-53.8s,  time spent in last iteration 01m-03.6s
     --------------------------------------------------------------------------------------------

       Refresh the basis set

                       *----------*              *----------*               *----------*
     #     Iteration = |       34 |   WBSE_dim = |        6 |   Diago_dim = |       16 |
                       *----------*              *----------*               *----------*
     Max diff =  0.479E-05
        
        0.04862690   0.05128688   0.05411523   0.06083776   0.06420013   0.06565704
        0.07680900   0.08053701   0.08142912   0.08195030
        
     --------------------------------------------------------------------------------------------
     Tot. elapsed time 56m-05.0s,  time spent in last iteration 01m-03.5s
     --------------------------------------------------------------------------------------------

       Refresh the basis set

                       *----------*              *----------*               *----------*
     #     Iteration = |       35 |   WBSE_dim = |        6 |   Diago_dim = |       16 |
                       *----------*              *----------*               *----------*
     Max diff =  0.463E-05
        
        0.04862690   0.05128684   0.05411254   0.06083774   0.06420005   0.06565241
        0.07680792   0.08053502   0.08142574   0.08195029
        
     --------------------------------------------------------------------------------------------
     Tot. elapsed time 57m-17.1s,  time spent in last iteration 01m-04.3s
     --------------------------------------------------------------------------------------------

       Refresh the basis set

                       *----------*              *----------*               *----------*
     #     Iteration = |       36 |   WBSE_dim = |        6 |   Diago_dim = |       16 |
                       *----------*              *----------*               *----------*
     Max diff =  0.447E-05
        
        0.04862690   0.05128681   0.05410996   0.06083772   0.06419998   0.06564794
        0.07680688   0.08053310   0.08142251   0.08195029
        
     --------------------------------------------------------------------------------------------
     Tot. elapsed time 58m-28.0s,  time spent in last iteration 01m-03.1s
     --------------------------------------------------------------------------------------------

       Refresh the basis set

                       *----------*              *----------*               *----------*
     #     Iteration = |       37 |   WBSE_dim = |        6 |   Diago_dim = |       16 |
                       *----------*              *----------*               *----------*
     Max diff =  0.432E-05
        
        0.04862690   0.05128677   0.05410747   0.06083770   0.06419991   0.06564362
        0.07680589   0.08053125   0.08141944   0.08195028
        
     --------------------------------------------------------------------------------------------
     Tot. elapsed time 59m-38.7s,  time spent in last iteration 01m-02.9s
     --------------------------------------------------------------------------------------------

       Refresh the basis set

                       *----------*              *----------*               *----------*
     #     Iteration = |       38 |   WBSE_dim = |        6 |   Diago_dim = |       16 |
                       *----------*              *----------*               *----------*
     Max diff =  0.418E-05
        
        0.04862690   0.05128673   0.05410508   0.06083769   0.06419984   0.06563944
        0.07680493   0.08052947   0.08141650   0.08195028
        
     --------------------------------------------------------------------------------------------
     Tot. elapsed time 01h-00m-50.0s,  time spent in last iteration 01m-03.6s
     --------------------------------------------------------------------------------------------

       Refresh the basis set

                       *----------*              *----------*               *----------*
     #     Iteration = |       39 |   WBSE_dim = |        6 |   Diago_dim = |       16 |
                       *----------*              *----------*               *----------*
     Max diff =  0.404E-05
        
        0.04862690   0.05128670   0.05410277   0.06083767   0.06419977   0.06563540
        0.07680401   0.08052776   0.08141370   0.08195028
        
     --------------------------------------------------------------------------------------------
     Tot. elapsed time 01h-02m-01.3s,  time spent in last iteration 01m-03.4s
     --------------------------------------------------------------------------------------------

       Refresh the basis set

                       *----------*              *----------*               *----------*
     #     Iteration = |       40 |   WBSE_dim = |        6 |   Diago_dim = |       16 |
                       *----------*              *----------*               *----------*
     Max diff =  0.391E-05
        
        0.04862690   0.05128667   0.05410055   0.06083766   0.06419971   0.06563150
        0.07680312   0.08052611   0.08141102   0.08195027
        
     --------------------------------------------------------------------------------------------
     Tot. elapsed time 01h-03m-11.9s,  time spent in last iteration 01m-02.9s
     --------------------------------------------------------------------------------------------

       Refresh the basis set

                       *----------*              *----------*               *----------*
     #     Iteration = |       41 |   WBSE_dim = |        5 |   Diago_dim = |       15 |
                       *----------*              *----------*               *----------*
     Max diff =  0.378E-05
        
        0.04862690   0.05128667   0.05409841   0.06083764   0.06419971   0.06562772
        0.07680227   0.08052452   0.08140846   0.08195027
        
     --------------------------------------------------------------------------------------------
     Tot. elapsed time 01h-04m-12.7s,  time spent in last iteration 53.0s
     --------------------------------------------------------------------------------------------

                       *----------*              *----------*               *----------*
     #     Iteration = |       42 |   WBSE_dim = |        5 |   Diago_dim = |       20 |
                       *----------*              *----------*               *----------*
     Max diff =  0.116E-03
        
        0.04862690   0.05128667   0.05404166   0.06083723   0.06419971   0.06551203
        0.07677999   0.08048311   0.08134533   0.08195016
        
     --------------------------------------------------------------------------------------------
     Tot. elapsed time 01h-05m-09.3s,  time spent in last iteration 56.5s
     --------------------------------------------------------------------------------------------

       Refresh the basis set

                       *----------*              *----------*               *----------*
     #     Iteration = |       43 |   WBSE_dim = |        7 |   Diago_dim = |       17 |
                       *----------*              *----------*               *----------*
     Max diff =  0.150E-05
        
        0.04862690   0.05128667   0.05404102   0.06083721   0.06419971   0.06551053
        0.07677952   0.08048217   0.08134395   0.08195010
        
     --------------------------------------------------------------------------------------------
     Tot. elapsed time 01h-06m-31.2s,  time spent in last iteration 01m-12.8s
     --------------------------------------------------------------------------------------------

       Refresh the basis set

                       *----------*              *----------*               *----------*
     #     Iteration = |       44 |   WBSE_dim = |        5 |   Diago_dim = |       15 |
                       *----------*              *----------*               *----------*
     Max diff =  0.123E-05
        
        0.04862690   0.05128667   0.05404050   0.06083720   0.06419971   0.06550930
        0.07677911   0.08048142   0.08134284   0.08195010
        
     --------------------------------------------------------------------------------------------
     Tot. elapsed time 01h-07m-32.0s,  time spent in last iteration 52.6s
     --------------------------------------------------------------------------------------------

                       *----------*              *----------*               *----------*
     #     Iteration = |       45 |   WBSE_dim = |        5 |   Diago_dim = |       20 |
                       *----------*              *----------*               *----------*
     Max diff =  0.692E-05
        
        0.04862690   0.05128667   0.05403770   0.06083719   0.06419971   0.06550238
        0.07677574   0.08047692   0.08133599   0.08195008
        
     --------------------------------------------------------------------------------------------
     Tot. elapsed time 01h-08m-28.0s,  time spent in last iteration 56.0s
     --------------------------------------------------------------------------------------------

       Refresh the basis set

                       *----------*              *----------*               *----------*
     #     Iteration = |       46 |   WBSE_dim = |        5 |   Diago_dim = |       15 |
                       *----------*              *----------*               *----------*
     Max diff =  0.694E-06
        
        0.04862690   0.05128667   0.05403753   0.06083718   0.06419971   0.06550179
        0.07677564   0.08047649   0.08133530   0.08195008
        
     --------------------------------------------------------------------------------------------
     Tot. elapsed time 01h-09m-29.9s,  time spent in last iteration 52.8s
     --------------------------------------------------------------------------------------------

                       *----------*              *----------*               *----------*
     #     Iteration = |       47 |   WBSE_dim = |        5 |   Diago_dim = |       20 |
                       *----------*              *----------*               *----------*
     Max diff =  0.821E-06
        
        0.04862690   0.05128667   0.05403735   0.06083718   0.06419971   0.06550143
        0.07677482   0.08047614   0.08133460   0.08195007
        
     --------------------------------------------------------------------------------------------
     Tot. elapsed time 01h-10m-25.5s,  time spent in last iteration 55.6s
     --------------------------------------------------------------------------------------------

       Refresh the basis set

                       *----------*              *----------*               *----------*
     #     Iteration = |       48 |   WBSE_dim = |        5 |   Diago_dim = |       15 |
                       *----------*              *----------*               *----------*
     Max diff =  0.374E-06
        
        0.04862690   0.05128667   0.05403725   0.06083718   0.06419971   0.06550120
        0.07677464   0.08047593   0.08133422   0.08195007
        
     --------------------------------------------------------------------------------------------
     Tot. elapsed time 01h-11m-26.8s,  time spent in last iteration 52.1s
     --------------------------------------------------------------------------------------------

                       *----------*              *----------*               *----------*
     #     Iteration = |       49 |   WBSE_dim = |        5 |   Diago_dim = |       20 |
                       *----------*              *----------*               *----------*
     Max diff =  0.348E-06
        
        0.04862690   0.05128667   0.05403717   0.06083718   0.06419971   0.06550093
        0.07677452   0.08047571   0.08133387   0.08195007
        
     --------------------------------------------------------------------------------------------
     Tot. elapsed time 01h-12m-22.7s,  time spent in last iteration 55.9s
     --------------------------------------------------------------------------------------------

       Refresh the basis set

                       *----------*              *----------*               *----------*
     #     Iteration = |       50 |   WBSE_dim = |        5 |   Diago_dim = |       15 |
                       *----------*              *----------*               *----------*
     Max diff =  0.276E-06
        
        0.04862690   0.05128667   0.05403711   0.06083718   0.06419971   0.06550073
        0.07677446   0.08047554   0.08133360   0.08195007
        
     --------------------------------------------------------------------------------------------
     Tot. elapsed time 01h-13m-24.2s,  time spent in last iteration 52.4s
     --------------------------------------------------------------------------------------------

                       *----------*              *----------*               *----------*
     #     Iteration = |       51 |   WBSE_dim = |        4 |   Diago_dim = |       19 |
                       *----------*              *----------*               *----------*
     Max diff =  0.272E-06
        
        0.04862690   0.05128667   0.05403705   0.06083718   0.06419971   0.06550058
        0.07677446   0.08047538   0.08133333   0.08195007
        
     --------------------------------------------------------------------------------------------
     Tot. elapsed time 01h-14m-09.4s,  time spent in last iteration 45.2s
     --------------------------------------------------------------------------------------------

       Refresh the basis set

                       *----------*              *----------*               *----------*
     #     Iteration = |       52 |   WBSE_dim = |        4 |   Diago_dim = |       14 |
                       *----------*              *----------*               *----------*
     Max diff =  0.235E-06
        
        0.04862690   0.05128667   0.05403700   0.06083718   0.06419971   0.06550045
        0.07677446   0.08047525   0.08133309   0.08195007
        
     --------------------------------------------------------------------------------------------
     Tot. elapsed time 01h-15m-00.8s,  time spent in last iteration 42.5s
     --------------------------------------------------------------------------------------------

                       *----------*              *----------*               *----------*
     #     Iteration = |       53 |   WBSE_dim = |        3 |   Diago_dim = |       17 |
                       *----------*              *----------*               *----------*
     Max diff =  0.226E-06
        
        0.04862690   0.05128667   0.05403696   0.06083718   0.06419971   0.06550032
        0.07677446   0.08047511   0.08133287   0.08195007
        
     --------------------------------------------------------------------------------------------
     Tot. elapsed time 01h-15m-35.5s,  time spent in last iteration 34.7s
     --------------------------------------------------------------------------------------------

                       *----------*              *----------*               *----------*
     #     Iteration = |       54 |   WBSE_dim = |        3 |   Diago_dim = |       20 |
                       *----------*              *----------*               *----------*
     Max diff =  0.183E-05
        
        0.04862690   0.05128667   0.05403680   0.06083717   0.06419971   0.06549968
        0.07677446   0.08047402   0.08133104   0.08195007
        
     --------------------------------------------------------------------------------------------
     Tot. elapsed time 01h-16m-10.4s,  time spent in last iteration 34.8s
     --------------------------------------------------------------------------------------------

       Refresh the basis set

                       *----------*              *----------*               *----------*
     #     Iteration = |       55 |   WBSE_dim = |        4 |   Diago_dim = |       14 |
                       *----------*              *----------*               *----------*
     Max diff =  0.998E-06
        
        0.04862690   0.05128667   0.05403673   0.06083717   0.06419971   0.06549936
        0.07677446   0.08047348   0.08133004   0.08195007
        
     --------------------------------------------------------------------------------------------
     Tot. elapsed time 01h-17m-01.8s,  time spent in last iteration 42.3s
     --------------------------------------------------------------------------------------------

                       *----------*              *----------*               *----------*
     #     Iteration = |       56 |   WBSE_dim = |        4 |   Diago_dim = |       18 |
                       *----------*              *----------*               *----------*
     Max diff =  0.181E-06
        
        0.04862690   0.05128667   0.05403667   0.06083717   0.06419971   0.06549927
        0.07677446   0.08047337   0.08132986   0.08195007
        
     --------------------------------------------------------------------------------------------
     Tot. elapsed time 01h-17m-46.5s,  time spent in last iteration 44.6s
     --------------------------------------------------------------------------------------------

       Refresh the basis set

                       *----------*              *----------*               *----------*
     #     Iteration = |       57 |   WBSE_dim = |        4 |   Diago_dim = |       14 |
                       *----------*              *----------*               *----------*
     Max diff =  0.999E-07
        
        0.04862690   0.05128667   0.05403664   0.06083717   0.06419971   0.06549922
        0.07677446   0.08047331   0.08132976   0.08195007
        
     --------------------------------------------------------------------------------------------
     Tot. elapsed time 01h-18m-37.8s,  time spent in last iteration 42.9s
     --------------------------------------------------------------------------------------------

                       *----------*              *----------*               *----------*
     #     Iteration = |       58 |   WBSE_dim = |        1 |   Diago_dim = |       15 |
                       *----------*              *----------*               *----------*
     Max diff =  0.312E-06
        
        0.04862690   0.05128667   0.05403664   0.06083717   0.06419971   0.06549922
        0.07677446   0.08047313   0.08132944   0.08195007
        
     --------------------------------------------------------------------------------------------
     Tot. elapsed time 01h-18m-51.0s,  time spent in last iteration 13.1s
     --------------------------------------------------------------------------------------------

                       *----------*              *----------*               *----------*
     #     Iteration = |       59 |   WBSE_dim = |        2 |   Diago_dim = |       17 |
                       *----------*              *----------*               *----------*
     Max diff =  0.160E-05
        
        0.04862690   0.05128667   0.05403664   0.06083717   0.06419971   0.06549922
        0.07677446   0.08047225   0.08132785   0.08195007
        
     --------------------------------------------------------------------------------------------
     Tot. elapsed time 01h-19m-14.8s,  time spent in last iteration 23.7s
     --------------------------------------------------------------------------------------------

                       *----------*              *----------*               *----------*
     #     Iteration = |       60 |   WBSE_dim = |        2 |   Diago_dim = |       19 |
                       *----------*              *----------*               *----------*
     Max diff =  0.159E-05
        
        0.04862690   0.05128667   0.05403664   0.06083717   0.06419971   0.06549922
        0.07677446   0.08047174   0.08132625   0.08195007
        
     --------------------------------------------------------------------------------------------
     Tot. elapsed time 01h-19m-39.2s,  time spent in last iteration 24.3s
     --------------------------------------------------------------------------------------------

       Refresh the basis set

                       *----------*              *----------*               *----------*
     #     Iteration = |       61 |   WBSE_dim = |        2 |   Diago_dim = |       12 |
                       *----------*              *----------*               *----------*
     Max diff =  0.775E-06
        
        0.04862690   0.05128667   0.05403664   0.06083717   0.06419971   0.06549922
        0.07677446   0.08047150   0.08132548   0.08195007
        
     --------------------------------------------------------------------------------------------
     Tot. elapsed time 01h-20m-10.4s,  time spent in last iteration 22.4s
     --------------------------------------------------------------------------------------------

                       *----------*              *----------*               *----------*
     #     Iteration = |       62 |   WBSE_dim = |        2 |   Diago_dim = |       14 |
                       *----------*              *----------*               *----------*
     Max diff =  0.681E-06
        
        0.04862690   0.05128667   0.05403664   0.06083717   0.06419971   0.06549922
        0.07677446   0.08047116   0.08132480   0.08195007
        
     --------------------------------------------------------------------------------------------
     Tot. elapsed time 01h-20m-34.0s,  time spent in last iteration 23.5s
     --------------------------------------------------------------------------------------------

                       *----------*              *----------*               *----------*
     #     Iteration = |       63 |   WBSE_dim = |        2 |   Diago_dim = |       16 |
                       *----------*              *----------*               *----------*
     Max diff =  0.438E-06
        
        0.04862690   0.05128667   0.05403664   0.06083717   0.06419971   0.06549922
        0.07677446   0.08047090   0.08132436   0.08195007
        
     --------------------------------------------------------------------------------------------
     Tot. elapsed time 01h-20m-57.7s,  time spent in last iteration 23.7s
     --------------------------------------------------------------------------------------------

                       *----------*              *----------*               *----------*
     #     Iteration = |       64 |   WBSE_dim = |        2 |   Diago_dim = |       18 |
                       *----------*              *----------*               *----------*
     Max diff =  0.196E-06
        
        0.04862690   0.05128667   0.05403664   0.06083717   0.06419971   0.06549922
        0.07677446   0.08047081   0.08132416   0.08195007
        
     --------------------------------------------------------------------------------------------
     Tot. elapsed time 01h-21m-21.6s,  time spent in last iteration 23.8s
     --------------------------------------------------------------------------------------------

                       *----------*              *----------*               *----------*
     #     Iteration = |       65 |   WBSE_dim = |        2 |   Diago_dim = |       20 |
                       *----------*              *----------*               *----------*
     Max diff =  0.159E-06
        
        0.04862690   0.05128667   0.05403664   0.06083717   0.06419971   0.06549922
        0.07677446   0.08047072   0.08132400   0.08195007
        
     --------------------------------------------------------------------------------------------
     Tot. elapsed time 01h-21m-46.0s,  time spent in last iteration 24.3s
     --------------------------------------------------------------------------------------------

       Refresh the basis set

                       *----------*              *----------*               *----------*
     #     Iteration = |       66 |   WBSE_dim = |        2 |   Diago_dim = |       12 |
                       *----------*              *----------*               *----------*
     Max diff =  0.866E-07
        
        0.04862690   0.05128667   0.05403664   0.06083717   0.06419971   0.06549922
        0.07677446   0.08047067   0.08132392   0.08195007
        
     --------------------------------------------------------------------------------------------
     Tot. elapsed time 01h-22m-17.6s,  time spent in last iteration 22.5s
     --------------------------------------------------------------------------------------------

                       *----------*              *----------*               *----------*
     #     Iteration = |       67 |   WBSE_dim = |        1 |   Diago_dim = |       13 |
                       *----------*              *----------*               *----------*
     Max diff =  0.100E-06
        
        0.04862690   0.05128667   0.05403664   0.06083717   0.06419971   0.06549922
        0.07677446   0.08047061   0.08132382   0.08195007
        
     --------------------------------------------------------------------------------------------
     Tot. elapsed time 01h-22m-30.5s,  time spent in last iteration 12.8s
     --------------------------------------------------------------------------------------------

                       *----------*              *----------*               *----------*
     #     Iteration = |       68 |   WBSE_dim = |        1 |   Diago_dim = |       14 |
                       *----------*              *----------*               *----------*
     Max diff =  0.171E-06
        
        0.04862690   0.05128667   0.05403664   0.06083717   0.06419971   0.06549922
        0.07677446   0.08047051   0.08132365   0.08195007
        
     --------------------------------------------------------------------------------------------
     Tot. elapsed time 01h-22m-43.8s,  time spent in last iteration 13.2s
     --------------------------------------------------------------------------------------------

                       *----------*              *----------*               *----------*
     #     Iteration = |       69 |   WBSE_dim = |        2 |   Diago_dim = |       16 |
                       *----------*              *----------*               *----------*
     Max diff =  0.222E-06
        
        0.04862690   0.05128667   0.05403664   0.06083717   0.06419971   0.06549922
        0.07677446   0.08047038   0.08132342   0.08195007
        
     --------------------------------------------------------------------------------------------
     Tot. elapsed time 01h-23m-07.6s,  time spent in last iteration 23.8s
     --------------------------------------------------------------------------------------------

                       *----------*              *----------*               *----------*
     #     Iteration = |       70 |   WBSE_dim = |        2 |   Diago_dim = |       18 |
                       *----------*              *----------*               *----------*
     Max diff =  0.192E-06
        
        0.04862690   0.05128667   0.05403664   0.06083717   0.06419971   0.06549922
        0.07677446   0.08047027   0.08132323   0.08195007
        
     --------------------------------------------------------------------------------------------
     Tot. elapsed time 01h-23m-31.8s,  time spent in last iteration 24.1s
     --------------------------------------------------------------------------------------------

                       *----------*              *----------*               *----------*
     #     Iteration = |       71 |   WBSE_dim = |        2 |   Diago_dim = |       20 |
                       *----------*              *----------*               *----------*
     Max diff =  0.351E-06
        
        0.04862690   0.05128667   0.05403664   0.06083717   0.06419971   0.06549922
        0.07677446   0.08047010   0.08132288   0.08195007
        
     --------------------------------------------------------------------------------------------
     Tot. elapsed time 01h-23m-56.5s,  time spent in last iteration 24.7s
     --------------------------------------------------------------------------------------------

       Refresh the basis set

                       *----------*              *----------*               *----------*
     #     Iteration = |       72 |   WBSE_dim = |        2 |   Diago_dim = |       12 |
                       *----------*              *----------*               *----------*
     Max diff =  0.262E-06
        
        0.04862690   0.05128667   0.05403664   0.06083717   0.06419971   0.06549922
        0.07677446   0.08046998   0.08132262   0.08195007
        
     --------------------------------------------------------------------------------------------
     Tot. elapsed time 01h-24m-28.2s,  time spent in last iteration 22.5s
     --------------------------------------------------------------------------------------------

                       *----------*              *----------*               *----------*
     #     Iteration = |       73 |   WBSE_dim = |        2 |   Diago_dim = |       14 |
                       *----------*              *----------*               *----------*
     Max diff =  0.147E-06
        
        0.04862690   0.05128667   0.05403664   0.06083717   0.06419971   0.06549922
        0.07677446   0.08046990   0.08132247   0.08195007
        
     --------------------------------------------------------------------------------------------
     Tot. elapsed time 01h-24m-51.8s,  time spent in last iteration 23.5s
     --------------------------------------------------------------------------------------------

                       *----------*              *----------*               *----------*
     #     Iteration = |       74 |   WBSE_dim = |        2 |   Diago_dim = |       16 |
                       *----------*              *----------*               *----------*
     Max diff =  0.153E-06
        
        0.04862690   0.05128667   0.05403664   0.06083717   0.06419971   0.06549922
        0.07677446   0.08046980   0.08132232   0.08195007
        
     --------------------------------------------------------------------------------------------
     Tot. elapsed time 01h-25m-15.3s,  time spent in last iteration 23.4s
     --------------------------------------------------------------------------------------------

                       *----------*              *----------*               *----------*
     #     Iteration = |       75 |   WBSE_dim = |        2 |   Diago_dim = |       18 |
                       *----------*              *----------*               *----------*
     Max diff =  0.109E-06
        
        0.04862690   0.05128667   0.05403664   0.06083717   0.06419971   0.06549922
        0.07677446   0.08046974   0.08132221   0.08195007
        
     --------------------------------------------------------------------------------------------
     Tot. elapsed time 01h-25m-39.7s,  time spent in last iteration 24.3s
     --------------------------------------------------------------------------------------------

                       *----------*              *----------*               *----------*
     #     Iteration = |       76 |   WBSE_dim = |        1 |   Diago_dim = |       19 |
                       *----------*              *----------*               *----------*
     Max diff =  0.758E-07
        
        0.04862690   0.05128667   0.05403664   0.06083717   0.06419971   0.06549922
        0.07677446   0.08046970   0.08132213   0.08195007
        
     --------------------------------------------------------------------------------------------
     Tot. elapsed time 01h-25m-53.0s,  time spent in last iteration 13.3s
     --------------------------------------------------------------------------------------------
      
     --------------------------------------------------------------------------------------------
     Database written in 06m-13.0s           
     In location : ./west.wbse.david.save
     --------------------------------------------------------------------------------------------
       
     --------------------------------------------------------------------------------------------
     Convergence achieved !!! in       76 steps                          
     --------------------------------------------------------------------------------------------
     --------------------------------------------------------------------------------------------
       
     --------------------------------------------------------------------------------------------
     Calculating TDDFT forces                                            
     --------------------------------------------------------------------------------------------
     --------------------------------------------------------------------------------------------
       
     --------------------------------------------------------------------------------------------
     Compute drho1                                                       
     --------------------------------------------------------------------------------------------
     Tot. elapsed time 01.2s,  time spent in last step 01.2s
       
     --------------------------------------------------------------------------------------------
     Compute forces of drho1                                             
     --------------------------------------------------------------------------------------------
       
     --------------------------------------------------------------------------------------------
     TDDFT Force : First Part                                            
     --------------------------------------------------------------------------------------------
     atom    1 type  1   force =     0.00178662    0.00198663    0.00178905
     atom    2 type  1   force =     0.00252604    0.00490361    0.00510543
     atom    3 type  1   force =     0.00510698    0.00490364    0.00253451
     atom    4 type  1   force =     0.00506789    0.00330663    0.00506637
     atom    5 type  1   force =     0.00806962    0.00714001    0.00806251
     atom    6 type  1   force =     0.00364317    0.00391521    0.00364630
     atom    7 type  1   force =     0.00663556    0.00710080    0.00781128
     atom    8 type  1   force =     0.00782175    0.00710418    0.00664068
     atom    9 type  1   force =     0.00263498    0.00329385    0.00505566
     atom   10 type  1   force =     0.00563637    0.00799719    0.00524035
     atom   11 type  1   force =     0.00663242    0.00615761   -0.00680883
     atom   12 type  1   force =     0.00421814    0.00235605   -0.00192331
     atom   13 type  1   force =     0.00506101    0.00329334    0.00264129
     atom   14 type  1   force =     0.00574505    0.00615089    0.00864944
     atom   15 type  1   force =    -0.00683421    0.00617257    0.00664294
     atom   16 type  1   force =    -0.00149785    0.00386547    0.00273173
     atom   17 type  1   force =     0.00272896    0.00448015    0.00273571
     atom   18 type  1   force =     0.00772441    0.00394748    0.00396495
     atom   19 type  1   force =     0.00521648   -0.00444299    0.00521196
     atom   20 type  1   force =     0.00165011   -0.00074148    0.00389047
     atom   21 type  1   force =     0.00503765    0.00429284    0.00008370
     atom   22 type  1   force =     0.00428378    0.00391928   -0.00357730
     atom   23 type  1   force =     0.01384339    0.01194062    0.00608036
     atom   24 type  1   force =     0.01716548    0.01530564    0.01353155
     atom   25 type  1   force =     0.01588273    0.00945775    0.01586140
     atom   26 type  1   force =     0.01154331    0.00296846    0.01011556
     atom   27 type  1   force =     0.00308387   -0.00210811    0.00308059
     atom   28 type  1   force =     0.00380772    0.00138524    0.00497236
     atom   29 type  1   force =     0.00631521    0.01368624    0.01346504
     atom   30 type  1   force =     0.01357493    0.01532073    0.01715909
     atom   31 type  1   force =     0.00013441    0.00484220    0.00429310
     atom   32 type  1   force =    -0.00359282    0.00393205    0.00429323
     atom   33 type  1   force =     0.00428803    0.00484183    0.00014828
     atom   34 type  1   force =     0.01346031    0.01364617    0.00628261
     atom   35 type  1   force =     0.00007029    0.00429740    0.00503679
     atom   36 type  1   force =     0.00611507    0.01196360    0.01388052
     atom   37 type  1   force =     0.00497360    0.00138470    0.00380829
     atom   38 type  1   force =     0.01011867    0.00296624    0.01152528
     atom   39 type  1   force =     0.00864615    0.00613262    0.00573228
     atom   40 type  1   force =     0.00272409    0.00386209   -0.00148516
     atom   41 type  1   force =     0.00389354   -0.00074616    0.00164651
     atom   42 type  1   force =     0.00396007    0.00394166    0.00771633
     atom   43 type  1   force =    -0.00193131    0.00236730    0.00421846
     atom   44 type  1   force =     0.00525886    0.00800855    0.00565966
     atom   45 type  1   force =     0.00881200    0.00889442    0.00944953
     atom   46 type  1   force =    -0.00386255    0.00224991    0.00321450
     atom   47 type  1   force =     0.00889645    0.00710725    0.00888996
     atom   48 type  1   force =     0.00178894   -0.00322023    0.00177870
     atom   49 type  1   force =     0.00709480    0.00711807   -0.00666093
     atom   50 type  1   force =     0.00669039    0.00669516    0.00623718
     atom   51 type  1   force =     0.00625110    0.00670469    0.00669919
     atom   52 type  1   force =    -0.00669491    0.00712289    0.00710098
     atom   53 type  1   force =     0.00657496   -0.00351633    0.00657628
     atom   54 type  1   force =     0.00588561    0.00487530    0.00588483
     atom   55 type  1   force =     0.00944944    0.00888782    0.00879442
     atom   56 type  1   force =     0.00320939    0.00223456   -0.00385623
     atom   57 type  1   force =     0.00501009    0.00464937    0.00159916
     atom   58 type  1   force =     0.00835079    0.00908820   -0.00234543
     atom   59 type  1   force =     0.01349758    0.01241279   -0.00775006
     atom   60 type  1   force =     0.00711010    0.00427412   -0.00669723
     atom   61 type  1   force =     0.00160866    0.00466819    0.00502439
     atom   62 type  1   force =    -0.00194235    0.00727562    0.01031374
     atom   63 type  1   force =    -0.00776119    0.01246236    0.01353449
     atom   64 type  1   force =    -0.00635610    0.00617000    0.00587993
     atom   65 type  1   force =     0.00331331    0.00065480    0.00330869
     atom   66 type  1   force =     0.00787367   -0.00283459    0.00361816
     atom   67 type  1   force =     0.00896388   -0.00662575    0.00895130
     atom   68 type  1   force =     0.00223189   -0.00542907    0.00542206
     atom   69 type  1   force =     0.00757540    0.00715050   -0.00857190
     atom   70 type  1   force =     0.00810164    0.00695297   -0.00658994
     atom   71 type  1   force =     0.01517676    0.01259358   -0.00597363
     atom   72 type  1   force =     0.02698224    0.02553786   -0.00104596
     atom   73 type  1   force =     0.01883307   -0.00300220    0.01881578
     atom   74 type  1   force =     0.01020392   -0.00557438    0.00848413
     atom   75 type  1   force =     0.00472457   -0.00532174    0.00471209
     atom   76 type  1   force =     0.00479585   -0.00581049    0.00625493
     atom   77 type  1   force =    -0.00626953    0.01404643    0.01354593
     atom   78 type  1   force =    -0.00102227    0.02562678    0.02705315
     atom   79 type  1   force =    -0.00831772    0.00751681    0.00816920
     atom   80 type  1   force =    -0.00660250    0.00698968    0.00812586
     atom   81 type  1   force =     0.00814369    0.00750236   -0.00828821
     atom   82 type  1   force =     0.01352004    0.01397497   -0.00626721
     atom   83 type  1   force =    -0.00859787    0.00718639    0.00758986
     atom   84 type  1   force =    -0.00598018    0.01263083    0.01523488
     atom   85 type  1   force =     0.00625489   -0.00581397    0.00478547
     atom   86 type  1   force =     0.00849757   -0.00557022    0.01019285
     atom   87 type  1   force =     0.01030045    0.00722503   -0.00194793
     atom   88 type  1   force =     0.00585806    0.00615118   -0.00634290
     atom   89 type  1   force =     0.00543236   -0.00543345    0.00221471
     atom   90 type  1   force =     0.00363086   -0.00283877    0.00785938
     atom   91 type  1   force =    -0.00670603    0.00431315    0.00711862
     atom   92 type  1   force =    -0.00233564    0.00911576    0.00838877
     atom   93 type  1   force =     0.00434057    0.01507509    0.01615489
     atom   94 type  1   force =    -0.00434776    0.00392254    0.00534619
     atom   95 type  1   force =     0.01179497    0.00059028    0.01178167
     atom   96 type  1   force =     0.00269210   -0.00427290    0.00267623
     atom   97 type  1   force =     0.01664409    0.01655645   -0.01471025
     atom   98 type  1   force =     0.01010396    0.00915720   -0.00026263
     atom   99 type  1   force =    -0.00025261    0.00919531    0.01013074
     atom  100 type  1   force =    -0.01476058    0.01660715    0.01669408
     atom  101 type  1   force =     0.01196232   -0.00993508    0.01196177
     atom  102 type  1   force =     0.00661136   -0.00113869    0.00660000
     atom  103 type  1   force =     0.01612116    0.01502794    0.00430265
     atom  104 type  1   force =     0.00533318    0.00389368   -0.00434778
     atom  105 type  1   force =     0.00522591    0.00722704    0.00811120
     atom  106 type  1   force =     0.00311820   -0.00098133    0.00384772
     atom  107 type  1   force =     0.01109446    0.00559549   -0.01208218
     atom  108 type  1   force =     0.00468550   -0.00397679   -0.00242166
     atom  109 type  1   force =     0.00867584    0.00678201    0.00866733
     atom  110 type  1   force =     0.00324749    0.00357142   -0.00224209
     atom  111 type  1   force =    -0.01117048    0.00993015    0.00404897
     atom  112 type  1   force =     0.00013162    0.00407570   -0.00365303
     atom  113 type  1   force =     0.00812696    0.00723436    0.00524263
     atom  114 type  1   force =    -0.00244271    0.00323243    0.00405256
     atom  115 type  1   force =     0.00629133   -0.00781059    0.00928453
     atom  116 type  1   force =    -0.00493523   -0.00125906    0.00511135
     atom  117 type  1   force =     0.00267777    0.00602374    0.00170639
     atom  118 type  1   force =    -0.00178897    0.00322000   -0.00177876
     atom  119 type  1   force =     0.02640609    0.03925944    0.01634038
     atom  120 type  1   force =     0.00103765    0.00750029    0.00601316
     atom  121 type  1   force =     0.00774913    0.00553324    0.00019447
     atom  122 type  1   force =     0.03233210    0.00614183    0.02456254
     atom  123 type  1   force =     0.00386261   -0.00225025   -0.00321457
     atom  124 type  1   force =     0.00636282    0.00219833    0.00336602
     atom  125 type  1   force =     0.01775278    0.02101710    0.03976186
     atom  126 type  1   force =     0.00675388    0.00277251    0.00815359
     atom  127 type  1   force =    -0.00002673    0.00225614    0.00587590
     atom  128 type  1   force =    -0.00320944   -0.00223489    0.00385626
     atom  129 type  1   force =     0.00588066    0.00226374   -0.00002153
     atom  130 type  1   force =     0.00815531    0.00276304    0.00674977
     atom  131 type  1   force =     0.03968749    0.02099211    0.01764409
     atom  132 type  1   force =     0.00168241    0.00601742    0.00266650
     atom  133 type  1   force =     0.00602594    0.00750616    0.00106556
     atom  134 type  1   force =     0.01646438    0.03933999    0.02636860
     atom  135 type  1   force =     0.00336977    0.00221704    0.00636453
     atom  136 type  1   force =     0.00017614    0.00552445    0.00774153
     atom  137 type  1   force =     0.02462421    0.00612703    0.03232613
     atom  138 type  1   force =    -0.00225793    0.00358078    0.00324167
     atom  139 type  1   force =    -0.00366316    0.00408067    0.00014361
     atom  140 type  1   force =     0.00405560    0.00991169   -0.01112369
     atom  141 type  1   force =     0.00929708   -0.00782112    0.00630904
     atom  142 type  1   force =     0.00511697   -0.00128630   -0.00493918
     atom  143 type  1   force =     0.00404828    0.00323903   -0.00242888
     atom  144 type  1   force =    -0.00240643   -0.00396274    0.00467492
     atom  145 type  1   force =    -0.01211862    0.00557108    0.01110037
     atom  146 type  1   force =     0.00384698   -0.00097928    0.00311323
     atom  147 type  1   force =     0.01048516    0.00660280    0.00845723
     atom  148 type  1   force =     0.00241311   -0.00464922    0.00537830
     atom  149 type  1   force =     0.00638035    0.00550943   -0.00318203
     atom  150 type  1   force =     0.01722909    0.02016400    0.01222585
     atom  151 type  1   force =    -0.00674392    0.00391778    0.00535804
     atom  152 type  1   force =    -0.00051338    0.00172365   -0.00050921
     atom  153 type  1   force =     0.01570732    0.00720930    0.01776532
     atom  154 type  1   force =    -0.00320489    0.00550499    0.00638216
     atom  155 type  1   force =    -0.00428379   -0.00391959    0.00357733
     atom  156 type  1   force =     0.00227670    0.00975397   -0.00852948
     atom  157 type  1   force =    -0.00305434    0.00461478    0.00191057
     atom  158 type  1   force =     0.01176435    0.01541544    0.01174002
     atom  159 type  1   force =     0.01039278    0.00382608   -0.01101014
     atom  160 type  1   force =     0.00301080    0.00091137    0.00005165
     atom  161 type  1   force =     0.00511343   -0.00346088    0.00533486
     atom  162 type  1   force =     0.00956908    0.00491843    0.02389332
     atom  163 type  1   force =     0.00532843   -0.00345852    0.00510494
     atom  164 type  1   force =    -0.00404278    0.00116662    0.00482998
     atom  165 type  1   force =     0.00680404    0.00522451   -0.00602721
     atom  166 type  1   force =     0.01043658   -0.00652644    0.00516676
     atom  167 type  1   force =     0.00473696    0.00598590   -0.00580690
     atom  168 type  1   force =     0.00804198    0.02743680    0.00799304
     atom  169 type  1   force =     0.00514912   -0.00649917    0.01043038
     atom  170 type  1   force =     0.01118653    0.00879175    0.01373428
     atom  171 type  1   force =    -0.00296706    0.00612435    0.00556742
     atom  172 type  1   force =    -0.00308389    0.00210785   -0.00308062
     atom  173 type  1   force =     0.00592303   -0.00084861    0.00592042
     atom  174 type  1   force =     0.00528966    0.00533948   -0.00610386
     atom  175 type  1   force =    -0.00122716   -0.00082089    0.00214987
     atom  176 type  1   force =    -0.00612654    0.00533950    0.00530518
     atom  177 type  1   force =     0.02041355    0.01428045    0.01209029
     atom  178 type  1   force =     0.00359292   -0.00393236   -0.00429326
     atom  179 type  1   force =     0.00895382    0.01295277    0.00893513
     atom  180 type  1   force =     0.00535740    0.00388718   -0.00672858
     atom  181 type  1   force =     0.01214389    0.01429953    0.02043882
     atom  182 type  1   force =     0.00537771   -0.00465651    0.00239806
     atom  183 type  1   force =     0.00063048    0.00310974    0.00063978
     atom  184 type  1   force =    -0.00857912    0.00975188    0.00226297
     atom  185 type  1   force =     0.02385412    0.00493337    0.00953541
     atom  186 type  1   force =     0.00453856   -0.00246905   -0.00025434
     atom  187 type  1   force =    -0.01103248    0.00379441    0.01038440
     atom  188 type  1   force =    -0.00024655   -0.00245809    0.00453709
     atom  189 type  1   force =     0.01371629    0.00878366    0.01115417
     atom  190 type  1   force =    -0.00583483    0.00600345    0.00473683
     atom  191 type  1   force =    -0.00605280    0.00521787    0.00681297
     atom  192 type  1   force =     0.00557130    0.00612049   -0.00294156
     atom  193 type  1   force =     0.00215412   -0.00082856   -0.00123066
     atom  194 type  1   force =     0.00591999   -0.00084599    0.00592099
     atom  195 type  1   force =     0.01776882    0.00720658    0.01567385
     atom  196 type  1   force =     0.01227660    0.02019272    0.01721443
     atom  197 type  1   force =     0.00848281    0.00660990    0.01051181
     atom  198 type  1   force =     0.00189550    0.00461154   -0.00303739
     atom  199 type  1   force =     0.00482822    0.00114369   -0.00403680
     atom  200 type  1   force =     0.00004853    0.00091758    0.00301240
     atom  201 type  1   force =     0.01123445    0.01043372    0.00265644
     atom  202 type  1   force =     0.00481953   -0.00126803   -0.00179587
     atom  203 type  1   force =     0.03108309    0.01207040   -0.01534169
     atom  204 type  1   force =     0.00859804   -0.00718681   -0.00758995
     atom  205 type  1   force =     0.00325113    0.01131354    0.01186134
     atom  206 type  1   force =    -0.00243908    0.00361408   -0.00065735
     atom  207 type  1   force =    -0.01712452    0.02830419    0.00927891
     atom  208 type  1   force =    -0.00625487    0.00581387   -0.00478557
     atom  209 type  1   force =     0.01065300    0.00088183    0.00677156
     atom  210 type  1   force =    -0.00272212   -0.00240073    0.00433211
     atom  211 type  1   force =     0.01240011   -0.01312237    0.02046825
     atom  212 type  1   force =    -0.00814370   -0.00750246    0.00828834
     atom  213 type  1   force =     0.00229317    0.01027845   -0.01225116
     atom  214 type  1   force =    -0.00241310    0.00464898   -0.00537824
     atom  215 type  1   force =     0.02391426    0.03906072   -0.01846011
     atom  216 type  1   force =     0.00420514    0.00906123   -0.00076560
     atom  217 type  1   force =     0.00902562   -0.00113614   -0.00037285
     atom  218 type  1   force =     0.02574369   -0.01299214    0.01993834
     atom  219 type  1   force =     0.00612662   -0.00533946   -0.00530520
     atom  220 type  1   force =     0.00921205   -0.00940342    0.00480001
     atom  221 type  1   force =    -0.01648714    0.02517137    0.04016048
     atom  222 type  1   force =     0.00032226    0.00369135    0.01027043
     atom  223 type  1   force =    -0.01282299    0.00445540    0.01318241
     atom  224 type  1   force =    -0.00535751   -0.00388765    0.00672865
     atom  225 type  1   force =     0.00674400   -0.00391818   -0.00535812
     atom  226 type  1   force =     0.01317163    0.00448212   -0.01279128
     atom  227 type  1   force =     0.01026921    0.00364238    0.00031801
     atom  228 type  1   force =     0.04001699    0.02512591   -0.01642951
     atom  229 type  1   force =    -0.00537766    0.00465627   -0.00239816
     atom  230 type  1   force =    -0.01228817    0.01032160    0.00229133
     atom  231 type  1   force =    -0.00075002    0.00907676    0.00424831
     atom  232 type  1   force =    -0.01849275    0.03921585    0.02397277
     atom  233 type  1   force =    -0.00528964   -0.00533939    0.00610392
     atom  234 type  1   force =     0.00477506   -0.00939792    0.00917972
     atom  235 type  1   force =    -0.00036680   -0.00114752    0.00901130
     atom  236 type  1   force =     0.01992398   -0.01301696    0.02573242
     atom  237 type  1   force =    -0.00067310    0.00360856   -0.00244616
     atom  238 type  1   force =     0.01186263    0.01126604    0.00323270
     atom  239 type  1   force =    -0.00479585    0.00581037   -0.00625489
     atom  240 type  1   force =     0.00927911    0.02818857   -0.01710257
     atom  241 type  1   force =     0.02050225   -0.01310045    0.01243245
     atom  242 type  1   force =     0.00831786   -0.00751697   -0.00816919
     atom  243 type  1   force =     0.00677160    0.00087520    0.01063623
     atom  244 type  1   force =     0.00434574   -0.00239387   -0.00272820
     atom  245 type  1   force =    -0.00757551   -0.00715096    0.00857203
     atom  246 type  1   force =    -0.01538585    0.01203777    0.03116490
     atom  247 type  1   force =    -0.00179569   -0.00124611    0.00481153
     atom  248 type  1   force =     0.00268147    0.01044942    0.01128227
     atom  249 type  1   force =     0.01607085    0.00764156   -0.00354001
     atom  250 type  1   force =     0.00500757   -0.00643011    0.00173029
     atom  251 type  1   force =     0.01407347    0.01068245   -0.01300912
     atom  252 type  1   force =     0.00829663   -0.00190083   -0.00505751
     atom  253 type  1   force =     0.00600506    0.03888546    0.01581931
     atom  254 type  1   force =    -0.00477502    0.00939768   -0.00917956
     atom  255 type  1   force =    -0.00760268    0.00892002    0.00952742
     atom  256 type  1   force =    -0.00453852    0.00246873    0.00025423
     atom  257 type  1   force =     0.01573772   -0.00590173    0.01746191
     atom  258 type  1   force =    -0.00485550    0.00097779    0.00835307
     atom  259 type  1   force =     0.00570283   -0.00857598    0.00504872
     atom  260 type  1   force =    -0.00680401   -0.00522427    0.00602734
     atom  261 type  1   force =     0.00632288    0.03020833   -0.02816306
     atom  262 type  1   force =    -0.00223191    0.00542901   -0.00542206
     atom  263 type  1   force =     0.01369530    0.02348828   -0.00031331
     atom  264 type  1   force =     0.00329361    0.00582584   -0.00371483
     atom  265 type  1   force =     0.01012394   -0.00539994   -0.01056273
     atom  266 type  1   force =     0.04950080   -0.00851645    0.02110769
     atom  267 type  1   force =     0.00366317   -0.00408083   -0.00014370
     atom  268 type  1   force =     0.00974258   -0.00935530    0.00897564
     atom  269 type  1   force =    -0.00830193    0.00549885    0.02774427
     atom  270 type  1   force =     0.00044403   -0.00483810    0.00772648
     atom  271 type  1   force =    -0.01762376    0.01080603    0.01437972
     atom  272 type  1   force =    -0.00692934    0.00244879    0.00807545
     atom  273 type  1   force =     0.00493524    0.00125866   -0.00511133
     atom  274 type  1   force =     0.01679511    0.01003957   -0.01188454
     atom  275 type  1   force =     0.01080268   -0.00757701   -0.00419626
     atom  276 type  1   force =     0.06427643    0.01034007    0.00410412
     atom  277 type  1   force =    -0.00656239    0.00713011    0.00445258
     atom  278 type  1   force =    -0.01714553    0.01407280    0.00878836
     atom  279 type  1   force =    -0.00171959    0.00642483   -0.00497908
     atom  280 type  1   force =    -0.01097285    0.02511656    0.00409736
     atom  281 type  1   force =    -0.00585811   -0.00615139    0.00634296
     atom  282 type  1   force =     0.01221848   -0.01991088    0.02565236
     atom  283 type  1   force =    -0.00026409   -0.00354220    0.00544560
     atom  284 type  1   force =     0.01317815   -0.00271692    0.01604312
     atom  285 type  1   force =    -0.00194318    0.00780427    0.00056968
     atom  286 type  1   force =     0.01935665    0.02606384   -0.00469703
     atom  287 type  1   force =    -0.00511339    0.00346049   -0.00533480
     atom  288 type  1   force =     0.00419781    0.00751718   -0.01078696
     atom  289 type  1   force =     0.00978269   -0.00921117    0.00934599
     atom  290 type  1   force =     0.00725527   -0.00531848   -0.00422118
     atom  291 type  1   force =     0.00970979   -0.00488326    0.00866892
     atom  292 type  1   force =     0.00742740    0.00059190   -0.00823944
     atom  293 type  1   force =    -0.00482819   -0.00114412    0.00403677
     atom  294 type  1   force =    -0.00724612    0.00924360    0.01099424
     atom  295 type  1   force =    -0.00229356   -0.01027917    0.01225154
     atom  296 type  1   force =     0.00833467    0.01271481    0.03792265
     atom  297 type  1   force =     0.02727058    0.01845169   -0.00434952
     atom  298 type  1   force =     0.00871468   -0.00154921    0.00235444
     atom  299 type  1   force =     0.01053711    0.00541603   -0.01009924
     atom  300 type  1   force =     0.00583503   -0.00600375   -0.00473694
     atom  301 type  1   force =    -0.00441840    0.01463449    0.00771336
     atom  302 type  1   force =    -0.00044416    0.00483745   -0.00772639
     atom  303 type  1   force =    -0.01330524    0.01306664    0.01000912
     atom  304 type  1   force =    -0.00522814    0.00647310    0.00020808
     atom  305 type  1   force =     0.01736421    0.00082993    0.03065629
     atom  306 type  1   force =    -0.01317154   -0.00448155    0.01279140
     atom  307 type  1   force =     0.00858029   -0.00672964    0.00449995
     atom  308 type  1   force =    -0.00189551   -0.00461165    0.00303740
     atom  309 type  1   force =     0.00897552    0.01475488   -0.01264046
     atom  310 type  1   force =     0.00240640    0.00396247   -0.00467487
     atom  311 type  1   force =     0.01243356    0.06488328   -0.00404137
     atom  312 type  1   force =    -0.00508189    0.00856683   -0.00571661
     atom  313 type  1   force =     0.00825464   -0.00056800   -0.00742502
     atom  314 type  1   force =     0.01916837   -0.00982947    0.00833261
     atom  315 type  1   force =     0.00685427   -0.00602754   -0.00061209
     atom  316 type  1   force =     0.01195099   -0.01126004    0.00979786
     atom  317 type  1   force =     0.00067545    0.01231673    0.02382656
     atom  318 type  1   force =    -0.00335951    0.00210334    0.00724398
     atom  319 type  1   force =    -0.02835416    0.01272969    0.03417573
     atom  320 type  1   force =    -0.00711017   -0.00427457    0.00669728
     atom  321 type  1   force =     0.00670610   -0.00431363   -0.00711870
     atom  322 type  1   force =     0.03412746    0.01279394   -0.02826373
     atom  323 type  1   force =     0.00723978    0.00206513   -0.00335865
     atom  324 type  1   force =     0.02374722    0.01230766    0.00065043
     atom  325 type  1   force =    -0.00468543    0.00397653    0.00242160
     atom  326 type  1   force =    -0.01266622    0.01483099    0.00898883
     atom  327 type  1   force =    -0.00570279    0.00857593   -0.00504874
     atom  328 type  1   force =    -0.00390061    0.06504698    0.01231764
     atom  329 type  1   force =    -0.00059066   -0.00602243    0.00684384
     atom  330 type  1   force =     0.00977363   -0.01125451    0.01194819
     atom  331 type  1   force =    -0.00742725   -0.00059131    0.00823952
     atom  332 type  1   force =     0.00831725   -0.00986211    0.01913796
     atom  333 type  1   force =    -0.00774608    0.00486358   -0.00045651
     atom  334 type  1   force =     0.00772296    0.01456650   -0.00443390
     atom  335 type  1   force =     0.00018318    0.00646065   -0.00523167
     atom  336 type  1   force =     0.00999328    0.01302052   -0.01326507
     atom  337 type  1   force =     0.00452303   -0.00672431    0.00857709
     atom  338 type  1   force =     0.00305436   -0.00461491   -0.00191061
     atom  339 type  1   force =     0.03064605    0.00085477    0.01732874
     atom  340 type  1   force =     0.01282329   -0.00445502   -0.01318257
     atom  341 type  1   force =    -0.00473712   -0.00598625    0.00580699
     atom  342 type  1   force =    -0.01012389    0.00540028    0.01056263
     atom  343 type  1   force =     0.00234962   -0.00151757    0.00870916
     atom  344 type  1   force =    -0.00433653    0.01849350    0.02736104
     atom  345 type  1   force =     0.03783455    0.01272656    0.00828004
     atom  346 type  1   force =     0.01228868   -0.01032237   -0.00229167
     atom  347 type  1   force =     0.01094839    0.00923188   -0.00723686
     atom  348 type  1   force =     0.00404278   -0.00116701   -0.00482996
     atom  349 type  1   force =    -0.00468029    0.02616887    0.01938677
     atom  350 type  1   force =     0.00058396    0.00780956   -0.00190701
     atom  351 type  1   force =    -0.01080248    0.00757608    0.00419598
     atom  352 type  1   force =    -0.00532841    0.00345811   -0.00510500
     atom  353 type  1   force =     0.00867006   -0.00489451    0.00969289
     atom  354 type  1   force =    -0.00825445    0.00056858    0.00742502
     atom  355 type  1   force =     0.00933762   -0.00921468    0.00977114
     atom  356 type  1   force =    -0.00419908   -0.00531967    0.00723504
     atom  357 type  1   force =     0.00877548    0.01404747   -0.01707689
     atom  358 type  1   force =     0.00442027    0.00711569   -0.00655301
     atom  359 type  1   force =     0.00412597    0.02502394   -0.01099173
     atom  360 type  1   force =    -0.00500732    0.00642977   -0.00173035
     atom  361 type  1   force =     0.00546158   -0.00353873   -0.00027720
     atom  362 type  1   force =     0.01604614   -0.00270530    0.01316174
     atom  363 type  1   force =     0.00635613   -0.00617024   -0.00588001
     atom  364 type  1   force =     0.02569733   -0.01991254    0.01229344
     atom  365 type  1   force =     0.00415007    0.01025021    0.06444524
     atom  366 type  1   force =    -0.00419809   -0.00751809    0.01078712
     atom  367 type  1   force =    -0.01192020    0.01004069    0.01684864
     atom  368 type  1   force =    -0.00511692    0.00128592    0.00493916
     atom  369 type  1   force =     0.00807152    0.00239515   -0.00692502
     atom  370 type  1   force =     0.01435714    0.01081743   -0.01756051
     atom  371 type  1   force =     0.00774634   -0.00486418    0.00045642
     atom  372 type  1   force =     0.02768195    0.00554250   -0.00828822
     atom  373 type  1   force =    -0.00543235    0.00543339   -0.00221482
     atom  374 type  1   force =    -0.02825474    0.03030156    0.00633296
     atom  375 type  1   force =    -0.00371218    0.00584595    0.00331877
     atom  376 type  1   force =    -0.00027654    0.02357033    0.01368730
     atom  377 type  1   force =    -0.00013168   -0.00407586    0.00365303
     atom  378 type  1   force =     0.00896310   -0.00936511    0.00971985
     atom  379 type  1   force =    -0.01053691   -0.00541550    0.01009921
     atom  380 type  1   force =     0.02113240   -0.00861035    0.04950624
     atom  381 type  1   force =    -0.00921155    0.00940306   -0.00479986
     atom  382 type  1   force =     0.01586711    0.03880770    0.00592564
     atom  383 type  1   force =     0.00024648    0.00245780   -0.00453704
     atom  384 type  1   force =     0.00951901    0.00885138   -0.00759874
     atom  385 type  1   force =     0.00508232   -0.00856695    0.00571674
     atom  386 type  1   force =     0.00605301   -0.00521771   -0.00681297
     atom  387 type  1   force =     0.01747654   -0.00589789    0.01572672
     atom  388 type  1   force =     0.00836404    0.00099698   -0.00485100
     atom  389 type  1   force =    -0.00505531   -0.00185382    0.00828891
     atom  390 type  1   force =    -0.01305294    0.01068996    0.01410809
     atom  391 type  1   force =     0.00171948   -0.00642519    0.00497908
     atom  392 type  1   force =    -0.00353559    0.00763342    0.01612229
     atom  393 type  1   force =     0.01545538    0.00117195    0.00368588
     atom  394 type  1   force =     0.00857984   -0.00975204   -0.00226312
     atom  395 type  1   force =     0.03327932   -0.00919716   -0.01481079
     atom  396 type  1   force =     0.01762422   -0.01080583   -0.01437999
     atom  397 type  1   force =     0.00192541    0.01701001    0.00189862
     atom  398 type  1   force =    -0.00514909    0.00649831   -0.01043021
     atom  399 type  1   force =    -0.01770931    0.02457583   -0.01141847
     atom  400 type  1   force =    -0.01195072    0.01125972   -0.00979755
     atom  401 type  1   force =     0.00369373    0.00115313    0.01547146
     atom  402 type  1   force =    -0.01039279   -0.00382539    0.01101030
     atom  403 type  1   force =    -0.00313924   -0.01640693    0.02990137
     atom  404 type  1   force =    -0.00877605   -0.01404761    0.01707746
     atom  405 type  1   force =    -0.00629124    0.00781017   -0.00928442
     atom  406 type  1   force =    -0.00945678    0.00853198   -0.00946627
     atom  407 type  1   force =    -0.01340753    0.04728867   -0.02448827
     atom  408 type  1   force =    -0.01817756    0.01499128   -0.00500949
     atom  409 type  1   force =     0.01947510   -0.00034573   -0.02285130
     atom  410 type  1   force =     0.04800818   -0.02113847    0.00399635
     atom  411 type  1   force =     0.01347608   -0.00984369   -0.00910156
     atom  412 type  1   force =     0.01117098   -0.00993052   -0.00404927
     atom  413 type  1   force =    -0.01628647   -0.00908393    0.05652958
     atom  414 type  1   force =     0.00263409   -0.01786137    0.01835122
     atom  415 type  1   force =    -0.01109445   -0.00559501    0.01208235
     atom  416 type  1   force =    -0.00909690   -0.00984855    0.01342251
     atom  417 type  1   force =     0.01211894   -0.00557074   -0.01110042
     atom  418 type  1   force =     0.01840032   -0.01791348    0.00268416
     atom  419 type  1   force =     0.05653823   -0.00889483   -0.01624888
     atom  420 type  1   force =    -0.00929683    0.00782065   -0.00630886
     atom  421 type  1   force =    -0.00497824    0.01497956   -0.01812175
     atom  422 type  1   force =    -0.02443103    0.04738487   -0.01355110
     atom  423 type  1   force =    -0.00405591   -0.00991201    0.01112406
     atom  424 type  1   force =    -0.02285514   -0.00042780    0.01943739
     atom  425 type  1   force =     0.00395059   -0.02123357    0.04790358
     atom  426 type  1   force =    -0.01043633    0.00652551   -0.00516659
     atom  427 type  1   force =    -0.00977345    0.01125427   -0.01194798
     atom  428 type  1   force =    -0.01135020    0.02453845   -0.01772806
     atom  429 type  1   force =     0.02999849   -0.01637338   -0.00311770
     atom  430 type  1   force =     0.01714610   -0.01407313   -0.00878885
     atom  431 type  1   force =     0.01103307   -0.00379386   -0.01038450
     atom  432 type  1   force =    -0.01435739   -0.01081701    0.01756090
     atom  433 type  1   force =    -0.01482575   -0.00928742    0.03321963
     atom  434 type  1   force =    -0.00227696   -0.00975401    0.00852976
     atom  435 type  1   force =     0.01562475   -0.00559369   -0.00344372
     atom  436 type  1   force =     0.01040275   -0.00961519    0.00296996
     atom  437 type  1   force =     0.02285540    0.00042890   -0.01943747
     atom  438 type  1   force =    -0.00105638    0.04200358   -0.01154068
     atom  439 type  1   force =    -0.01100429    0.01187247   -0.00069103
     atom  440 type  1   force =    -0.00657491    0.00351593   -0.00657623
     atom  441 type  1   force =     0.00843411   -0.01073059    0.03679531
     atom  442 type  1   force =    -0.01947488    0.00034690    0.02285120
     atom  443 type  1   force =    -0.00752145   -0.00847190    0.01144224
     atom  444 type  1   force =    -0.01433163    0.02043414   -0.02000533
     atom  445 type  1   force =    -0.00933754    0.00921472   -0.00977112
     atom  446 type  1   force =    -0.00428077    0.02911543   -0.00433620
     atom  447 type  1   force =     0.03080218   -0.01392844   -0.02145084
     atom  448 type  1   force =     0.00683437   -0.00617284   -0.00664299
     atom  449 type  1   force =     0.01676885   -0.01273737    0.00089386
     atom  450 type  1   force =    -0.00702940   -0.00997854    0.02271036
     atom  451 type  1   force =     0.00087013   -0.01275004    0.01670631
     atom  452 type  1   force =    -0.00999366   -0.01302099    0.01326539
     atom  453 type  1   force =     0.02142574   -0.00257160   -0.01333637
     atom  454 type  1   force =     0.02970315   -0.02177896   -0.00912226
     atom  455 type  1   force =    -0.00486096    0.01584981   -0.01431943
     atom  456 type  1   force =    -0.01123500    0.01785069   -0.01126856
     atom  457 type  1   force =    -0.00912376   -0.02176441    0.02959020
     atom  458 type  1   force =     0.00111148   -0.00398274    0.02838181
     atom  459 type  1   force =    -0.01839938    0.01791235   -0.00268390
     atom  460 type  1   force =    -0.00920664    0.00718105   -0.00921824
     atom  461 type  1   force =     0.01817862   -0.01499174    0.00500979
     atom  462 type  1   force =     0.01581842    0.00112137   -0.00937189
     atom  463 type  1   force =    -0.00709491   -0.00711812    0.00666114
     atom  464 type  1   force =    -0.00938785    0.00108226    0.01583267
     atom  465 type  1   force =     0.04485622    0.00087086   -0.00479700
     atom  466 type  1   force =     0.01148936   -0.00845220   -0.00751343
     atom  467 type  1   force =    -0.00690671    0.01347261   -0.00693111
     atom  468 type  1   force =    -0.00067147    0.01181343   -0.01100848
     atom  469 type  1   force =    -0.00480804    0.00076745    0.04491172
     atom  470 type  1   force =     0.00295047   -0.00963544    0.01035769
     atom  471 type  1   force =    -0.00521647    0.00444279   -0.00521197
     atom  472 type  1   force =    -0.02000034    0.02044691   -0.01438683
     atom  473 type  1   force =     0.02276464   -0.00993100   -0.00701572
     atom  474 type  1   force =     0.01305299   -0.01068995   -0.01410818
     atom  475 type  1   force =    -0.02143156   -0.01398507    0.03070153
     atom  476 type  1   force =    -0.01407359   -0.01068230    0.01300929
     atom  477 type  1   force =     0.02837449   -0.00392278    0.00111608
     atom  478 type  1   force =    -0.01432477    0.01590161   -0.00489905
     atom  479 type  1   force =    -0.01335447   -0.00263337    0.02141502
     atom  480 type  1   force =    -0.00263390    0.01786050   -0.01835035
     atom  481 type  1   force =     0.00669525   -0.00712303   -0.00710107
     atom  482 type  1   force =     0.00497834   -0.01497964    0.01812245
     atom  483 type  1   force =     0.03682864   -0.01065310    0.00845562
     atom  484 type  1   force =    -0.01147457    0.04209271   -0.00113825
     atom  485 type  1   force =    -0.00345828   -0.00563285    0.01560003
     atom  486 type  1   force =    -0.00978255    0.00921115   -0.00934581
     atom  487 type  1   force =     0.01330543   -0.01306719   -0.01000943
     atom  488 type  1   force =    -0.00663249   -0.00615780    0.00680894
     atom  489 type  1   force =     0.02001764    0.01654413    0.01997989
     atom  490 type  1   force =    -0.00723978   -0.00206570    0.00335852
     atom  491 type  1   force =     0.00026413    0.00354252   -0.00544557
     atom  492 type  1   force =     0.00371211   -0.00584632   -0.00331889
     atom  493 type  1   force =     0.00426967    0.00814467    0.00352689
     atom  494 type  1   force =    -0.00178664   -0.00198693   -0.00178909
     atom  495 type  1   force =     0.00960142    0.00487570    0.00548419
     atom  496 type  1   force =     0.00128336    0.00350440    0.00861132
     atom  497 type  1   force =     0.00862790    0.00351873    0.00129835
     atom  498 type  1   force =     0.00549128    0.00489938    0.00959747
     atom  499 type  1   force =     0.00348807    0.00813182    0.00424853
     atom  500 type  1   force =    -0.00329360   -0.00582619    0.00371480
     atom  501 type  1   force =    -0.00546154    0.00353903    0.00027712
     atom  502 type  1   force =     0.00335932   -0.00210398   -0.00724404
     atom  503 type  1   force =     0.04848609    0.02015381    0.03348866
     atom  504 type  1   force =    -0.00810169   -0.00695338    0.00658998
     atom  505 type  1   force =    -0.00070761    0.00410438   -0.00069419
     atom  506 type  1   force =     0.00345804    0.00563363   -0.01559987
     atom  507 type  1   force =    -0.00215412    0.00082825    0.00123059
     atom  508 type  1   force =     0.00920682   -0.00718210    0.00921850
     atom  509 type  1   force =     0.00752119    0.00847232   -0.01144190
     atom  510 type  1   force =     0.00690678   -0.01347478    0.00693150
     atom  511 type  1   force =    -0.00237977   -0.00111808    0.00448683
     atom  512 type  1   force =    -0.00472458    0.00532182   -0.00471215
     atom  513 type  1   force =     0.03337854    0.04880994    0.03323500
     atom  514 type  1   force =     0.00660254   -0.00699010   -0.00812594
     atom  515 type  1   force =     0.00051335   -0.00172393    0.00050915
     atom  516 type  1   force =    -0.01562254    0.00559396    0.00344358
     atom  517 type  1   force =    -0.01148851    0.00845237    0.00751322
     atom  518 type  1   force =     0.00449006   -0.00113612   -0.00238438
     atom  519 type  1   force =     0.03363395    0.02015543    0.04848869
     atom  520 type  1   force =     0.00122712    0.00082059   -0.00214991
     atom  521 type  1   force =     0.04116184    0.03839486    0.01475185
     atom  522 type  1   force =    -0.00636283   -0.00219895   -0.00336611
     atom  523 type  1   force =    -0.00014495    0.00582075   -0.00805254
     atom  524 type  1   force =     0.00626928   -0.01404744   -0.01354632
     atom  525 type  1   force =     0.01490063    0.03850810    0.04124279
     atom  526 type  1   force =    -0.00267798   -0.00602416   -0.00170652
     atom  527 type  1   force =    -0.00834014   -0.00426385    0.00567097
     atom  528 type  1   force =    -0.01020391    0.00557482   -0.00848423
     atom  529 type  1   force =     0.03096021    0.00032691    0.03092821
     atom  530 type  1   force =     0.00002691   -0.00225572   -0.00587592
     atom  531 type  1   force =     0.00568710   -0.00791412   -0.00656722
     atom  532 type  1   force =    -0.01517676   -0.01259376    0.00597355
     atom  533 type  1   force =     0.00313890    0.01640772   -0.02990047
     atom  534 type  1   force =    -0.00263507   -0.00329420   -0.00505569
     atom  535 type  1   force =     0.00833996    0.00426252   -0.00567104
     atom  536 type  1   force =     0.00617785    0.00430680   -0.00099230
     atom  537 type  1   force =     0.00507507   -0.00180687    0.00303130
     atom  538 type  1   force =     0.00014591   -0.00582044    0.00805264
     atom  539 type  1   force =    -0.00272891   -0.00448009   -0.00273572
     atom  540 type  1   force =     0.01771007   -0.02457755    0.01141928
     atom  541 type  1   force =    -0.00568717    0.00791428    0.00656715
     atom  542 type  1   force =    -0.00103272    0.00577722    0.00474469
     atom  543 type  1   force =    -0.03327783    0.00919797    0.01481015
     atom  544 type  1   force =    -0.00506107   -0.00329376   -0.00264144
     atom  545 type  1   force =     0.01482544    0.00928881   -0.03321913
     atom  546 type  1   force =     0.00475192    0.00574360   -0.00104173
     atom  547 type  1   force =     0.00652302    0.00790907   -0.00568857
     atom  548 type  1   force =    -0.02999672    0.01637337    0.00311736
     atom  549 type  1   force =    -0.00098439    0.00430494    0.00620666
     atom  550 type  1   force =    -0.00566827    0.00433063    0.00833980
     atom  551 type  1   force =     0.01135071   -0.02453987    0.01772896
     atom  552 type  1   force =     0.00303637   -0.00180585    0.00507002
     atom  553 type  1   force =     0.00805779   -0.00582192    0.00012165
     atom  554 type  1   force =    -0.00168229   -0.00601774   -0.00266662
     atom  555 type  1   force =    -0.00849733    0.00557056   -0.01019272
     atom  556 type  1   force =     0.00566807   -0.00433193   -0.00833993
     atom  557 type  1   force =    -0.00652213   -0.00790883    0.00568853
     atom  558 type  1   force =     0.00597998   -0.01263122   -0.01523511
     atom  559 type  1   force =    -0.00588063   -0.00226329    0.00002151
     atom  560 type  1   force =    -0.01352041   -0.01397590    0.00626707
     atom  561 type  1   force =    -0.00805778    0.00582229   -0.00012171
     atom  562 type  1   force =    -0.00336994   -0.00221774   -0.00636465
     atom  563 type  1   force =     0.07320842    0.03283067   -0.01495770
     atom  564 type  1   force =    -0.01010401   -0.00915770    0.00026244
     atom  565 type  1   force =     0.00059078    0.00602249   -0.00684380
     atom  566 type  1   force =     0.06414753    0.09196216    0.10490544
     atom  567 type  1   force =    -0.00897598   -0.01475592    0.01264072
     atom  568 type  1   force =    -0.00685423    0.00602759    0.00061196
     atom  569 type  1   force =     0.04679610   -0.01730140    0.03180683
     atom  570 type  1   force =    -0.00095290    0.00055714   -0.00094805
     atom  571 type  1   force =    -0.01679499   -0.01003928    0.01188454
     atom  572 type  1   force =     0.00908818    0.02516471   -0.07637697
     atom  573 type  1   force =    -0.00165015    0.00074117   -0.00389045
     atom  574 type  1   force =     0.01100443   -0.01187415    0.00069108
     atom  575 type  1   force =     0.00353532   -0.00763294   -0.01612232
     atom  576 type  1   force =    -0.00272410   -0.00386226    0.00148518
     atom  577 type  1   force =     0.02301241   -0.02390860    0.02305640
     atom  578 type  1   force =    -0.00867017    0.00489511   -0.00969307
     atom  579 type  1   force =     0.00067131   -0.01181517    0.01100876
     atom  580 type  1   force =    -0.00449004    0.00113574    0.00238427
     atom  581 type  1   force =     0.02466169    0.02838988   -0.03879704
     atom  582 type  1   force =     0.00441819   -0.01463627   -0.00771369
     atom  583 type  1   force =    -0.00295056    0.00963579   -0.01035755
     atom  584 type  1   force =    -0.00772344   -0.01456829    0.00443400
     atom  585 type  1   force =     0.03044678   -0.06136129    0.03062692
     atom  586 type  1   force =     0.00938771   -0.00108153   -0.01583273
     atom  587 type  1   force =    -0.00184138   -0.00141321    0.00059318
     atom  588 type  1   force =    -0.00974224    0.00935533   -0.00897541
     atom  589 type  1   force =    -0.00442016   -0.00711582    0.00655309
     atom  590 type  1   force =    -0.00661136    0.00113914   -0.00660011
     atom  591 type  1   force =    -0.00807152   -0.00239582    0.00692497
     atom  592 type  1   force =    -0.00896301    0.00936530   -0.00971986
     atom  593 type  1   force =     0.03062339    0.07013522   -0.01859412
     atom  594 type  1   force =     0.01266635   -0.01483197   -0.00898925
     atom  595 type  1   force =    -0.01857017    0.07042924    0.03064344
     atom  596 type  1   force =     0.00025226   -0.00919601   -0.01013104
     atom  597 type  1   force =     0.08394246   -0.00486489    0.08379169
     atom  598 type  1   force =     0.01192017   -0.01004061   -0.01684867
     atom  599 type  1   force =     0.00193132   -0.00236761   -0.00421847
     atom  600 type  1   force =    -0.00970825    0.00488355   -0.00866856
     atom  601 type  1   force =    -0.01606934   -0.00764088    0.00353978
     atom  602 type  1   force =     0.00070762   -0.00410432    0.00069419
     atom  603 type  1   force =    -0.07654504    0.02492395    0.00902863
     atom  604 type  1   force =    -0.00421814   -0.00235638    0.00192329
     atom  605 type  1   force =    -0.01040130    0.00961516   -0.00296981
     atom  606 type  1   force =    -0.03895922    0.02840691    0.02472212
     atom  607 type  1   force =    -0.01581718   -0.00112069    0.00937160
     atom  608 type  1   force =     0.00692929   -0.00244942   -0.00807549
     atom  609 type  1   force =     0.00656246   -0.00713025   -0.00445259
     atom  610 type  1   force =     0.00059338   -0.00142304   -0.00184644
     atom  611 type  1   force =     0.10479825    0.09171241    0.06341439
     atom  612 type  1   force =    -0.01497542    0.03282361    0.07346226
     atom  613 type  1   force =     0.03178075   -0.01734355    0.04675713
     atom  614 type  1   force =     0.00237972    0.00111774   -0.00448682
     atom  615 type  1   force =     0.00149788   -0.00386565   -0.00273174
     atom  616 type  1   force =    -0.00389351    0.00074584   -0.00164658
     atom  617 type  1   force =     0.02650253    0.02699007   -0.02155806
     atom  618 type  1   force =    -0.00380777   -0.00138562   -0.00497237
     atom  619 type  1   force =    -0.00409807    0.00708644    0.00089787
     atom  620 type  1   force =     0.01097283   -0.02511886   -0.00409763
     atom  621 type  1   force =    -0.02162672    0.02705546    0.02657267
     atom  622 type  1   force =    -0.00503769   -0.00429317   -0.00008374
     atom  623 type  1   force =     0.00303131   -0.00385171    0.00811572
     atom  624 type  1   force =    -0.00831729    0.00986287   -0.01913780
     atom  625 type  1   force =     0.02059374   -0.01511982    0.02059898
     atom  626 type  1   force =    -0.00013428   -0.00484230   -0.00429312
     atom  627 type  1   force =     0.00666479    0.00170003   -0.00683202
     atom  628 type  1   force =    -0.02768038   -0.00554155    0.00828763
     atom  629 type  1   force =     0.02824221    0.07905461   -0.06449663
     atom  630 type  1   force =    -0.00501008   -0.00464981   -0.00159925
     atom  631 type  1   force =     0.00505520    0.00185314   -0.00828892
     atom  632 type  1   force =     0.00675591    0.00341437   -0.00915611
     atom  633 type  1   force =     0.00378638   -0.00885392    0.00107106
     atom  634 type  1   force =    -0.00018308   -0.00646084    0.00523171
     atom  635 type  1   force =    -0.00331331   -0.00065439   -0.00330875
     atom  636 type  1   force =     0.05897616   -0.03782122    0.03652829
     atom  637 type  1   force =    -0.00725516    0.00531857    0.00422111
     atom  638 type  1   force =    -0.01013529    0.00311095    0.00226680
     atom  639 type  1   force =    -0.05928265    0.04413582    0.08145814
     atom  640 type  1   force =    -0.00160884   -0.00466874   -0.00502453
     atom  641 type  1   force =     0.08123288    0.04422762   -0.05898948
     atom  642 type  1   force =     0.00227005    0.00305012   -0.01013316
     atom  643 type  1   force =     0.00419916    0.00531981   -0.00723494
     atom  644 type  1   force =    -0.06472693    0.07930690    0.02833750
     atom  645 type  1   force =    -0.00917099    0.00339884    0.00677631
     atom  646 type  1   force =    -0.00829658    0.00190025    0.00505744
     atom  647 type  1   force =     0.03633804   -0.03788502    0.05895289
     atom  648 type  1   force =     0.00111158   -0.00884116    0.00379883
     atom  649 type  1   force =     0.00522812   -0.00647330   -0.00020820
     atom  650 type  1   force =    -0.00007024   -0.00429769   -0.00503681
     atom  651 type  1   force =    -0.01916664    0.00982959   -0.00833218
     atom  652 type  1   force =     0.00810961   -0.00388116    0.00304023
     atom  653 type  1   force =    -0.00683407    0.00167648    0.00665308
     atom  654 type  1   force =     0.00830150   -0.00549804   -0.02774438
     atom  655 type  1   force =    -0.00428803   -0.00484191   -0.00014826
     atom  656 type  1   force =    -0.00412652   -0.02502645    0.01099210
     atom  657 type  1   force =     0.00091230    0.00710455   -0.00406654
     atom  658 type  1   force =    -0.00497361   -0.00138513   -0.00380838
     atom  659 type  1   force =     0.02143120    0.01398618   -0.03070103
     atom  660 type  1   force =    -0.00669052   -0.00669561   -0.00623730
     atom  661 type  1   force =    -0.00111075    0.00884118   -0.00379878
     atom  662 type  1   force =    -0.06974890    0.04062958    0.03165060
     atom  663 type  1   force =     0.00486115   -0.01585118    0.01431995
     atom  664 type  1   force =    -0.00378646    0.00885398   -0.00107105
     atom  665 type  1   force =     0.02000100   -0.02044742    0.01438756
     atom  666 type  1   force =    -0.00091075   -0.00395543   -0.00092133
     atom  667 type  1   force =    -0.02142486    0.00257221    0.01333601
     atom  668 type  1   force =     0.12081394    0.14070193   -0.05869451
     atom  669 type  1   force =    -0.00311825    0.00098092   -0.00384774
     atom  670 type  1   force =     0.00760264   -0.00892095   -0.00952769
     atom  671 type  1   force =     0.00233536   -0.00911617   -0.00838895
     atom  672 type  1   force =    -0.00404823   -0.00323870    0.00242893
     atom  673 type  1   force =     0.04718207   -0.01094549    0.04717126
     atom  674 type  1   force =    -0.00787369    0.00283502   -0.00361837
     atom  675 type  1   force =    -0.00951929   -0.00885227    0.00759878
     atom  676 type  1   force =    -0.00059356    0.00142252    0.00184631
     atom  677 type  1   force =     0.07016125    0.06893989   -0.00896825
     atom  678 type  1   force =     0.00194211   -0.00727646   -0.01031395
     atom  679 type  1   force =    -0.00858023    0.00672987   -0.00450006
     atom  680 type  1   force =    -0.01030058   -0.00722575    0.00194786
     atom  681 type  1   force =     0.10883079   -0.05566757    0.10911200
     atom  682 type  1   force =     0.00724596   -0.00924362   -0.01099431
     atom  683 type  1   force =    -0.00026329   -0.00127427   -0.00415018
     atom  684 type  1   force =    -0.01676758    0.01273717   -0.00089387
     atom  685 type  1   force =    -0.00675514   -0.00341392    0.00915606
     atom  686 type  1   force =    -0.00588558   -0.00487509   -0.00588489
     atom  687 type  1   force =    -0.00227028   -0.00305143    0.01013318
     atom  688 type  1   force =    -0.00087027    0.01275030   -0.01670576
     atom  689 type  1   force =     0.00912304    0.02176468   -0.02958899
     atom  690 type  1   force =     0.01432523   -0.01590307    0.00489939
     atom  691 type  1   force =    -0.02970180    0.02177851    0.00912138
     atom  692 type  1   force =    -0.00625131   -0.00670522   -0.00669942
     atom  693 type  1   force =     0.03899449   -0.04219279    0.03910024
     atom  694 type  1   force =     0.01335438    0.00263425   -0.02141499
     atom  695 type  1   force =     0.00225797   -0.00358111   -0.00324178
     atom  696 type  1   force =    -0.00363076    0.00283916   -0.00785939
     atom  697 type  1   force =    -0.00835071   -0.00908849    0.00234529
     atom  698 type  1   force =     0.00095293   -0.00055670    0.00094807
     atom  699 type  1   force =    -0.05871287    0.14078194    0.12117102
     atom  700 type  1   force =    -0.00324765   -0.00357183    0.00224201
     atom  701 type  1   force =    -0.00452269    0.00672447   -0.00857694
     atom  702 type  1   force =    -0.00893486    0.06919681    0.07040392
     atom  703 type  1   force =    -0.01094815   -0.00923171    0.00723674
     atom  704 type  1   force =     0.01013532   -0.00311213   -0.00226688
     atom  705 type  1   force =     0.00917100   -0.00339837   -0.00677636
     atom  706 type  1   force =    -0.00415144   -0.00126770   -0.00026735
     atom  707 type  1   force =     0.03162767    0.04071337   -0.06944633
     atom  708 type  1   force =    -0.03080124    0.01392875    0.02145017
     atom  709 type  1   force =     0.01433208   -0.02043439    0.02000600
     atom  710 type  1   force =     0.00184139    0.00141278   -0.00059330
     atom  711 type  1   force =     0.00244283   -0.00323214   -0.00405257
     atom  712 type  1   force =    -0.00384704    0.00097883   -0.00311336
     atom  713 type  1   force =     0.00909659    0.00984872   -0.01342212
     atom  714 type  1   force =    -0.00301079   -0.00091173   -0.00005171
     atom  715 type  1   force =    -0.00535700    0.00532756    0.00854023
     atom  716 type  1   force =     0.01123541   -0.01785236    0.01126922
     atom  717 type  1   force =    -0.01347552    0.00984361    0.00910126
     atom  718 type  1   force =    -0.00063049   -0.00311000   -0.00063983
     atom  719 type  1   force =     0.00938656   -0.00170146    0.00669937
     atom  720 type  1   force =     0.00702907    0.00997935   -0.02270984
     atom  721 type  1   force =     0.00945697   -0.00853247    0.00946651
     atom  722 type  1   force =    -0.00004857   -0.00091791   -0.00301240
     atom  723 type  1   force =     0.00495600    0.00852042   -0.00393201
     atom  724 type  1   force =    -0.02276303    0.00993111    0.00701525
     atom  725 type  1   force =     0.04766646    0.10247695    0.04723298
     atom  726 type  1   force =    -0.00533326   -0.00389409    0.00434775
     atom  727 type  1   force =     0.00415137    0.00126725    0.00026719
     atom  728 type  1   force =     0.00272217    0.00240109   -0.00433203
     atom  729 type  1   force =     0.00243895   -0.00361452    0.00065723
     atom  730 type  1   force =     0.00026323    0.00127391    0.00415014
     atom  731 type  1   force =    -0.00269211    0.00427302   -0.00267626
     atom  732 type  1   force =     0.09423946    0.01822520    0.05643220
     atom  733 type  1   force =     0.00091080    0.00395558    0.00092135
     atom  734 type  1   force =    -0.00481950    0.00126756    0.00179575
     atom  735 type  1   force =     0.05676071    0.01812610    0.09433188
     atom  736 type  1   force =     0.00434768   -0.00392300   -0.00534632
     atom  737 type  1   force =     0.00179550    0.00124557   -0.00481160
     atom  738 type  1   force =    -0.00434562    0.00239421    0.00272817
     atom  739 type  1   force =     0.00067315   -0.00360895    0.00244608
     atom  740 type  1   force =     0.00669394   -0.00168636    0.00938742
     atom  741 type  1   force =    -0.00397185    0.00850941    0.00494179
     atom  742 type  1   force =     0.00855024    0.00534752   -0.00533234
     atom  743 type  1   force =    -0.00364320   -0.00391552   -0.00364635
     atom  744 type  1   force =     0.03566346    0.02704657    0.03556853
     atom  745 type  1   force =     0.08588751   -0.00142618    0.02453725
     atom  746 type  1   force =    -0.01384342   -0.01194080   -0.00608047
     atom  747 type  1   force =    -0.00128241   -0.00350395   -0.00861129
     atom  748 type  1   force =     0.01648647   -0.02517150   -0.04016158
     atom  749 type  1   force =     0.00678617    0.09487518    0.00649882
     atom  750 type  1   force =    -0.00631564   -0.01368725   -0.01346553
     atom  751 type  1   force =    -0.00960163   -0.00487727   -0.00548419
     atom  752 type  1   force =    -0.02574324    0.01299271   -0.01993778
     atom  753 type  1   force =     0.02462621   -0.00162323    0.08598660
     atom  754 type  1   force =    -0.01154349   -0.00296798   -0.01011576
     atom  755 type  1   force =    -0.00426996   -0.00814440   -0.00352698
     atom  756 type  1   force =    -0.02391625   -0.03906247    0.01846047
     atom  757 type  1   force =    -0.01240003    0.01312297   -0.02046803
     atom  758 type  1   force =    -0.00867608   -0.00678290   -0.00866751
     atom  759 type  1   force =    -0.00303141    0.00384979   -0.00811556
     atom  760 type  1   force =    -0.03682587    0.01065333   -0.00845511
     atom  761 type  1   force =     0.00480736   -0.00076607   -0.04491178
     atom  762 type  1   force =     0.00410003   -0.00708626   -0.00089782
     atom  763 type  1   force =    -0.00522574   -0.00722698   -0.00811131
     atom  764 type  1   force =     0.01712467   -0.02830598   -0.00927978
     atom  765 type  1   force =    -0.00666495   -0.00169935    0.00683216
     atom  766 type  1   force =     0.00105610   -0.04200769    0.01154132
     atom  767 type  1   force =    -0.03108286   -0.01206917    0.01534123
     atom  768 type  1   force =    -0.00812718   -0.00723429   -0.00524274
     atom  769 type  1   force =     0.01538533   -0.01203710   -0.03116518
     atom  770 type  1   force =     0.01147459   -0.04209647    0.00113827
     atom  771 type  1   force =     0.00683582   -0.00167607   -0.00665317
     atom  772 type  1   force =    -0.02050145    0.01310058   -0.01243191
     atom  773 type  1   force =    -0.00843432    0.01073189   -0.03679499
     atom  774 type  1   force =    -0.00810966    0.00387928   -0.00304003
     atom  775 type  1   force =    -0.00928023   -0.02819055    0.01710330
     atom  776 type  1   force =    -0.04485349   -0.00086959    0.00479633
     atom  777 type  1   force =    -0.00091251   -0.00710407    0.00406660
     atom  778 type  1   force =    -0.01346072   -0.01364696   -0.00628281
     atom  779 type  1   force =    -0.01992400    0.01301781   -0.02573214
     atom  780 type  1   force =    -0.00549149   -0.00490095   -0.00959757
     atom  781 type  1   force =    -0.00348707   -0.00813160   -0.00424857
     atom  782 type  1   force =     0.01849243   -0.03921798   -0.02397437
     atom  783 type  1   force =    -0.01011851   -0.00296577   -0.01152531
     atom  784 type  1   force =    -0.04001756   -0.02512530    0.01642904
     atom  785 type  1   force =    -0.00862806   -0.00351811   -0.00129839
     atom  786 type  1   force =    -0.00611544   -0.01196392   -0.01388084
     atom  787 type  1   force =     0.07654895   -0.02492224   -0.00902904
     atom  788 type  1   force =    -0.02374636   -0.01230703   -0.00065064
     atom  789 type  1   force =     0.00036731    0.00114801   -0.00901127
     atom  790 type  1   force =    -0.04642074    0.11414187   -0.08743856
     atom  791 type  1   force =    -0.01369614   -0.02349009    0.00031312
     atom  792 type  1   force =    -0.01196223    0.00993530   -0.01196165
     atom  793 type  1   force =     0.05215313   -0.05993520    0.11228053
     atom  794 type  1   force =    -0.00902559    0.00113667    0.00037274
     atom  795 type  1   force =    -0.02466303   -0.02838903    0.03879800
     atom  796 type  1   force =    -0.03178087    0.01734513   -0.04675657
     atom  797 type  1   force =    -0.00591997    0.00084548   -0.00592101
     atom  798 type  1   force =    -0.00192576   -0.01701245   -0.00189857
     atom  799 type  1   force =     0.01497334   -0.03282278   -0.07346466
     atom  800 type  1   force =    -0.00252601   -0.00490382   -0.00510548
     atom  801 type  1   force =     0.04222852   -0.04754054    0.01135054
     atom  802 type  1   force =    -0.00848319   -0.00660945   -0.01051209
     atom  803 type  1   force =     0.01114856   -0.04742971    0.04212467
     atom  804 type  1   force =    -0.00557143   -0.00612069    0.00294166
     atom  805 type  1   force =     0.04089586    0.00281177   -0.05691271
     atom  806 type  1   force =     0.01857019   -0.07043442   -0.03064725
     atom  807 type  1   force =    -0.01566918    0.03150503   -0.04707173
     atom  808 type  1   force =    -0.00895425   -0.01295430   -0.00893537
     atom  809 type  1   force =    -0.03062688   -0.07013892    0.01859477
     atom  810 type  1   force =    -0.00369399   -0.00115229   -0.01547161
     atom  811 type  1   force =    -0.01026927   -0.00364345   -0.00031809
     atom  812 type  1   force =    -0.02301196    0.02390875   -0.02305564
     atom  813 type  1   force =    -0.00420469   -0.00906133    0.00076554
     atom  814 type  1   force =    -0.01604501    0.00270594   -0.01316127
     atom  815 type  1   force =    -0.01664453   -0.01655673    0.01471046
     atom  816 type  1   force =    -0.01317835    0.00271771   -0.01604320
     atom  817 type  1   force =     0.12858203   -0.03407165   -0.07044396
     atom  818 type  1   force =     0.03896043   -0.02840701   -0.02472376
     atom  819 type  1   force =    -0.03044476    0.06135809   -0.03062402
     atom  820 type  1   force =     0.00027608   -0.02357224   -0.01368801
     atom  821 type  1   force =    -0.07078353   -0.03516587    0.12862412
     atom  822 type  1   force =    -0.00067593   -0.01231643   -0.02382670
     atom  823 type  1   force =    -0.00506796   -0.00330704   -0.00506645
     atom  824 type  1   force =    -0.04679547    0.01730260   -0.03180589
     atom  825 type  1   force =    -0.01048434   -0.00660238   -0.00845718
     atom  826 type  1   force =     0.00320514   -0.00550496   -0.00638219
     atom  827 type  1   force =    -0.07320830   -0.03282808    0.01495636
     atom  828 type  1   force =    -0.00638039   -0.00550933    0.00318216
     atom  829 type  1   force =    -0.01545276   -0.00117144   -0.00368569
     atom  830 type  1   force =    -0.04717737    0.03149067   -0.01575519
     atom  831 type  1   force =    -0.05690854    0.00252126    0.04077709
     atom  832 type  1   force =    -0.00032252   -0.00369250   -0.01027054
     atom  833 type  1   force =     0.01476060   -0.01660756   -0.01669442
     atom  834 type  1   force =     0.00074981   -0.00907694   -0.00424841
     atom  835 type  1   force =     0.11241997   -0.05973083    0.05226209
     atom  836 type  1   force =    -0.08758236    0.11433144   -0.04740440
     atom  837 type  1   force =    -0.00908864   -0.02516137    0.07637878
     atom  838 type  1   force =    -0.00592304    0.00084812   -0.00592039
     atom  839 type  1   force =     0.00296731   -0.00612456   -0.00556749
     atom  840 type  1   force =    -0.00510703   -0.00490385   -0.00253457
     atom  841 type  1   force =     0.05690879   -0.00251778   -0.04077782
     atom  842 type  1   force =    -0.00663557   -0.00710091   -0.00781139
     atom  843 type  1   force =    -0.00617563   -0.00430636    0.00099234
     atom  844 type  1   force =     0.06473011   -0.07931064   -0.02834201
     atom  845 type  1   force =    -0.04222573    0.04753802   -0.01134847
     atom  846 type  1   force =    -0.00806985   -0.00714056   -0.00806271
     atom  847 type  1   force =     0.00103248   -0.00577935   -0.00474467
     atom  848 type  1   force =    -0.03633721    0.03788708   -0.05895145
     atom  849 type  1   force =     0.01566993   -0.03150397    0.04707367
     atom  850 type  1   force =    -0.00782193   -0.00710431   -0.00664084
     atom  851 type  1   force =    -0.00507522    0.00180760   -0.00303128
     atom  852 type  1   force =    -0.08123506   -0.04422475    0.05898962
     atom  853 type  1   force =    -0.03899338    0.04219331   -0.03909847
     atom  854 type  1   force =    -0.01186300   -0.01126725   -0.00323275
     atom  855 type  1   force =    -0.00234974    0.00151674   -0.00870915
     atom  856 type  1   force =    -0.01747610    0.00589841   -0.01572636
     atom  857 type  1   force =     0.00433575   -0.01849364   -0.02736149
     atom  858 type  1   force =     0.00194360   -0.00780449   -0.00056975
     atom  859 type  1   force =    -0.00677096   -0.00087469   -0.01063612
     atom  860 type  1   force =     0.06975304   -0.04062998   -0.03165290
     atom  861 type  1   force =    -0.00836397   -0.00099645    0.00485103
     atom  862 type  1   force =    -0.01935774   -0.02606519    0.00469709
     atom  863 type  1   force =    -0.03162934   -0.04071103    0.06944885
     atom  864 type  1   force =    -0.00268182   -0.01044946   -0.01128249
     atom  865 type  1   force =    -0.01123392   -0.01043358   -0.00265652
     atom  866 type  1   force =     0.00467993   -0.02617029   -0.01938767
     atom  867 type  1   force =     0.00485586   -0.00097732   -0.00835306
     atom  868 type  1   force =    -0.00325142   -0.01131482   -0.01186169
     atom  869 type  1   force =    -0.01573786    0.00590244   -0.01746194
     atom  870 type  1   force =    -0.00871459    0.00154839   -0.00235446
     atom  871 type  1   force =    -0.01065316   -0.00088126   -0.00677187
     atom  872 type  1   force =    -0.02727071   -0.01845149    0.00434893
     atom  873 type  1   force =    -0.00058417   -0.00780981    0.00190706
     atom  874 type  1   force =    -0.01114708    0.04742856   -0.04212197
     atom  875 type  1   force =    -0.05897473    0.03782253   -0.03652612
     atom  876 type  1   force =    -0.00475214   -0.00574586    0.00104185
     atom  877 type  1   force =    -0.00303422    0.00180624   -0.00506983
     atom  878 type  1   force =     0.05928355   -0.04413520   -0.08146271
     atom  879 type  1   force =     0.04717964   -0.03149051    0.01575664
     atom  880 type  1   force =    -0.02824662   -0.07905555    0.06449950
     atom  881 type  1   force =     0.00098420   -0.00430431   -0.00620661
     atom  882 type  1   force =    -0.04089571   -0.00280823    0.05691177
     atom  883 type  1   force =     0.02835456   -0.01272906   -0.03417668
     atom  884 type  1   force =    -0.01371609   -0.00878334   -0.01115422
     atom  885 type  1   force =     0.02443208   -0.04738836    0.01355269
     atom  886 type  1   force =    -0.00815538   -0.00276387   -0.00674979
     atom  887 type  1   force =     0.00428071   -0.02911868    0.00433659
     atom  888 type  1   force =    -0.01221813    0.01991125   -0.02565166
     atom  889 type  1   force =     0.01340874   -0.04729190    0.02448989
     atom  890 type  1   force =    -0.00774923   -0.00553296   -0.00019441
     atom  891 type  1   force =    -0.00956952   -0.00491761   -0.02389351
     atom  892 type  1   force =    -0.11241598    0.05973481   -0.05225669
     atom  893 type  1   force =    -0.00938651    0.00170039   -0.00669926
     atom  894 type  1   force =    -0.00896388    0.00662604   -0.00895137
     atom  895 type  1   force =     0.00397259   -0.00850943   -0.00494189
     atom  896 type  1   force =    -0.00395994   -0.00394136   -0.00771641
     atom  897 type  1   force =     0.12050963   -0.03128642    0.01102791
     atom  898 type  1   force =    -0.00772448   -0.00394713   -0.00396506
     atom  899 type  1   force =    -0.02650345   -0.02699012    0.02155835
     atom  900 type  1   force =    -0.12858124    0.03408282    0.07044696
     atom  901 type  1   force =    -0.00563633   -0.00799745   -0.00524045
     atom  902 type  1   force =     0.00535772   -0.00532726   -0.00854035
     atom  903 type  1   force =    -0.02059350    0.01512028   -0.02059852
     atom  904 type  1   force =    -0.00864627   -0.00613328   -0.00573236
     atom  905 type  1   force =    -0.00855038   -0.00534703    0.00533255
     atom  906 type  1   force =    -0.01349783   -0.01241323    0.00775004
     atom  907 type  1   force =    -0.00395071    0.02123538   -0.04790244
     atom  908 type  1   force =    -0.00804276   -0.02743922   -0.00799348
     atom  909 type  1   force =     0.01628587    0.00908613   -0.05652939
     atom  910 type  1   force =     0.02825597   -0.03030316   -0.00633422
     atom  911 type  1   force =    -0.00632432   -0.03020936    0.02816460
     atom  912 type  1   force =    -0.00111177    0.00398389   -0.02838167
     atom  913 type  1   force =    -0.00103739   -0.00750038   -0.00601326
     atom  914 type  1   force =    -0.02385228   -0.00493247   -0.00953504
     atom  915 type  1   force =    -0.02569625    0.01991230   -0.01229266
     atom  916 type  1   force =    -0.01176495   -0.01541662   -0.01174046
     atom  917 type  1   force =    -0.00602615   -0.00750625   -0.00106554
     atom  918 type  1   force =    -0.03412793   -0.01279276    0.02826399
     atom  919 type  1   force =    -0.03415057    0.12170026   -0.03464155
     atom  920 type  1   force =    -0.00669395    0.00168525   -0.00938733
     atom  921 type  1   force =     0.02162674   -0.02705604   -0.02657368
     atom  922 type  1   force =     0.08758891   -0.11433383    0.04741632
     atom  923 type  1   force =     0.04642801   -0.11414094    0.08744564
     atom  924 type  1   force =    -0.00495627   -0.00852030    0.00393222
     atom  925 type  1   force =     0.00776099   -0.01246285   -0.01353469
     atom  926 type  1   force =    -0.00574524   -0.00615166   -0.00864965
     atom  927 type  1   force =    -0.00525911   -0.00800889   -0.00565984
     atom  928 type  1   force =    -0.04800531    0.02113887   -0.00399617
     atom  929 type  1   force =    -0.02837138    0.00392322   -0.00111615
     atom  930 type  1   force =    -0.05653602    0.00889608    0.01624779
     atom  931 type  1   force =    -0.00017579   -0.00552424   -0.00774158
     atom  932 type  1   force =    -0.00675398   -0.00277337   -0.00815366
     atom  933 type  1   force =    -0.01118693   -0.00879152   -0.01373457
     atom  934 type  1   force =    -0.05215135    0.05994078   -0.11227702
     atom  935 type  1   force =     0.07078729    0.03517887   -0.12862687
     atom  936 type  1   force =     0.01099664   -0.03180351    0.12052634
     atom  937 type  1   force =    -0.02640774   -0.03926074   -0.01634121
     atom  938 type  1   force =    -0.03233195   -0.00614068   -0.02456226
     atom  939 type  1   force =    -0.01775352   -0.02101677   -0.03976230
     atom  940 type  1   force =    -0.01736479   -0.00082901   -0.03065649
     atom  941 type  1   force =    -0.02001834   -0.01654407   -0.01998034
     atom  942 type  1   force =    -0.00600588   -0.03888790   -0.01582035
     atom  943 type  1   force =    -0.03783324   -0.01272549   -0.00828013
     atom  944 type  1   force =    -0.00833537   -0.01271419   -0.03792300
     atom  945 type  1   force =    -0.01586845   -0.03881020   -0.00592608
     atom  946 type  1   force =    -0.03064454   -0.00085394   -0.01732808
     atom  947 type  1   force =    -0.03968763   -0.02099136   -0.01764413
     atom  948 type  1   force =    -0.02462491   -0.00612606   -0.03232640
     atom  949 type  1   force =    -0.01646571   -0.03934151   -0.02637003
     atom  950 type  1   force =     0.05871326   -0.14078369   -0.12117107
     atom  951 type  1   force =    -0.07016509   -0.06893929    0.00896643
     atom  952 type  1   force =    -0.01883310    0.00300293   -0.01881566
     atom  953 type  1   force =    -0.03363514   -0.02015454   -0.04848946
     atom  954 type  1   force =    -0.00881232   -0.00889485   -0.00944985
     atom  955 type  1   force =    -0.00678803   -0.09488201   -0.00649962
     atom  956 type  1   force =    -0.02462713    0.00162518   -0.08598648
     atom  957 type  1   force =    -0.03338084   -0.04881075   -0.03323660
     atom  958 type  1   force =    -0.02698306   -0.02553840    0.00104541
     atom  959 type  1   force =    -0.04718287    0.01094746   -0.04717145
     atom  960 type  1   force =    -0.10883047    0.05567658   -0.10910877
     atom  961 type  1   force =     0.00893191   -0.06919844   -0.07040929
     atom  962 type  1   force =    -0.00889657   -0.00710720   -0.00889010
     atom  963 type  1   force =    -0.04848745   -0.02015263   -0.03348914
     atom  964 type  1   force =    -0.08588565    0.00142824   -0.02453654
     atom  965 type  1   force =     0.00102141   -0.02562763   -0.02705408
     atom  966 type  1   force =    -0.12081339   -0.14069877    0.05869966
     atom  967 type  1   force =    -0.00944969   -0.00888821   -0.00879462
     atom  968 type  1   force =    -0.01099718    0.03180972   -0.12052555
     atom  969 type  1   force =    -0.01357559   -0.01532119   -0.01715970
     atom  970 type  1   force =    -0.06427441   -0.01033812   -0.00410459
     atom  971 type  1   force =    -0.04767027   -0.10247935   -0.04723574
     atom  972 type  1   force =    -0.12050630    0.03129124   -0.01102644
     atom  973 type  1   force =    -0.01588293   -0.00945742   -0.01586149
     atom  974 type  1   force =     0.00389958   -0.06505188   -0.01231899
     atom  975 type  1   force =    -0.05676321   -0.01812401   -0.09433437
     atom  976 type  1   force =     0.03415302   -0.12170673    0.03464550
     atom  977 type  1   force =    -0.01716600   -0.01530594   -0.01353187
     atom  978 type  1   force =    -0.02113286    0.00861202   -0.04950585
     atom  979 type  1   force =    -0.09424241   -0.01822242   -0.05643299
     atom  980 type  1   force =    -0.08394596    0.00486903   -0.08379360
     atom  981 type  1   force =    -0.04116345   -0.03839489   -0.01475220
     atom  982 type  1   force =    -0.00434094   -0.01507582   -0.01615541
     atom  983 type  1   force =    -0.01776886   -0.00720610   -0.01567391
     atom  984 type  1   force =    -0.01214445   -0.01429959   -0.02043926
     atom  985 type  1   force =    -0.01612144   -0.01502841   -0.00430278
     atom  986 type  1   force =    -0.03096064   -0.00032569   -0.03092821
     atom  987 type  1   force =    -0.06415323   -0.09196595   -0.10491070
     atom  988 type  1   force =    -0.01179509   -0.00058977   -0.01178186
     atom  989 type  1   force =    -0.01722990   -0.02016494   -0.01222626
     atom  990 type  1   force =    -0.10480407   -0.09171445   -0.06341514
     atom  991 type  1   force =    -0.01490181   -0.03850877   -0.04124453
     atom  992 type  1   force =    -0.01227730   -0.02019373   -0.01721513
     atom  993 type  1   force =    -0.01570781   -0.00720889   -0.01776570
     atom  994 type  1   force =    -0.02041375   -0.01428036   -0.01209047
     atom  995 type  1   force =    -0.01243544   -0.06488789    0.00404107
     atom  996 type  1   force =    -0.04949869    0.00851755   -0.02110673
     atom  997 type  1   force =    -0.00415123   -0.01024880   -0.06444559
     atom  998 type  1   force =    -0.03566484   -0.02704601   -0.03556940
     atom  999 type  2   force =     0.00000389    0.00000796    0.00001105
        
     Tot. elapsed time 04m-23.9s,  time spent in last step 04m-22.6s
       
     --------------------------------------------------------------------------------------------
     Compute < dvg | dvg >                                               
     --------------------------------------------------------------------------------------------
     Tot. elapsed time 04m-33.7s,  time spent in last step 09.7s
       
     --------------------------------------------------------------------------------------------
     Compute drho2                                                       
     --------------------------------------------------------------------------------------------
     Tot. elapsed time 01h-00m-08.1s,  time spent in last step 55m-34.4s
       
     --------------------------------------------------------------------------------------------
     Compute forces of drho2                                             
     --------------------------------------------------------------------------------------------
       
     --------------------------------------------------------------------------------------------
     TDDFT Force : Second Part                                           
     --------------------------------------------------------------------------------------------
     atom    1 type  1   force =    -0.00047424   -0.00389388   -0.00050775
     atom    2 type  1   force =    -0.00046180   -0.00152311    0.00304097
     atom    3 type  1   force =     0.00305679   -0.00155836   -0.00046114
     atom    4 type  1   force =     0.00058068   -0.00177647    0.00053640
     atom    5 type  1   force =    -0.00219840    0.00094852   -0.00217356
     atom    6 type  1   force =    -0.00343144   -0.00054646   -0.00336529
     atom    7 type  1   force =    -0.00228607   -0.00065705   -0.00074036
     atom    8 type  1   force =    -0.00078019   -0.00066929   -0.00222261
     atom    9 type  1   force =    -0.00267433   -0.00149238    0.00277451
     atom   10 type  1   force =    -0.00353881   -0.00166976    0.00182932
     atom   11 type  1   force =     0.00168835   -0.00260531   -0.00075527
     atom   12 type  1   force =     0.00084656   -0.00260929   -0.00165361
     atom   13 type  1   force =     0.00281489   -0.00156249   -0.00270905
     atom   14 type  1   force =     0.00372468   -0.00001795   -0.00345849
     atom   15 type  1   force =    -0.00076976   -0.00253693    0.00170099
     atom   16 type  1   force =     0.00014855   -0.00420647    0.00260984
     atom   17 type  1   force =     0.00196448   -0.00065091    0.00199715
     atom   18 type  1   force =    -0.00182726   -0.00278201   -0.00357071
     atom   19 type  1   force =    -0.00266219    0.00152720   -0.00270669
     atom   20 type  1   force =    -0.00244374   -0.00143300   -0.00117527
     atom   21 type  1   force =    -0.00007537   -0.00097512   -0.00476954
     atom   22 type  1   force =     0.00070436   -0.00263261   -0.00402344
     atom   23 type  1   force =    -0.00435900   -0.00452680    0.00069905
     atom   24 type  1   force =    -0.00428200   -0.00520387   -0.00150325
     atom   25 type  1   force =    -0.00512583   -0.00687759   -0.00513300
     atom   26 type  1   force =    -0.00362928   -0.00527519   -0.00871187
     atom   27 type  1   force =    -0.00190074    0.00033204   -0.00193347
     atom   28 type  1   force =    -0.00584328   -0.00070956   -0.00205244
     atom   29 type  1   force =     0.00080944   -0.00239156   -0.00331052
     atom   30 type  1   force =    -0.00143841   -0.00518445   -0.00426980
     atom   31 type  1   force =    -0.00293408    0.00006874   -0.00050983
     atom   32 type  1   force =    -0.00407339   -0.00259109    0.00071560
     atom   33 type  1   force =    -0.00060457    0.00004381   -0.00286385
     atom   34 type  1   force =    -0.00331208   -0.00245709    0.00073682
     atom   35 type  1   force =    -0.00480571   -0.00090142   -0.00002125
     atom   36 type  1   force =     0.00077476   -0.00450808   -0.00426184
     atom   37 type  1   force =    -0.00208106   -0.00073663   -0.00583123
     atom   38 type  1   force =    -0.00874796   -0.00527801   -0.00364834
     atom   39 type  1   force =    -0.00347952   -0.00001940    0.00366576
     atom   40 type  1   force =     0.00259846   -0.00424023    0.00015712
     atom   41 type  1   force =    -0.00112139   -0.00146411   -0.00250405
     atom   42 type  1   force =    -0.00362985   -0.00281760   -0.00179705
     atom   43 type  1   force =    -0.00163117   -0.00253013    0.00081867
     atom   44 type  1   force =     0.00192112   -0.00168383   -0.00347912
     atom   45 type  1   force =     0.00117971   -0.00103689   -0.00229332
     atom   46 type  1   force =    -0.00072902   -0.00180162    0.00058984
     atom   47 type  1   force =    -0.00193347   -0.00230407   -0.00190173
     atom   48 type  1   force =    -0.00008695    0.00363086   -0.00011474
     atom   49 type  1   force =     0.00016371   -0.00176011   -0.00201201
     atom   50 type  1   force =    -0.00365769   -0.00035757   -0.00006367
     atom   51 type  1   force =    -0.00006332   -0.00038230   -0.00363163
     atom   52 type  1   force =    -0.00203349   -0.00169519    0.00022082
     atom   53 type  1   force =    -0.00451981    0.00013007   -0.00452507
     atom   54 type  1   force =    -0.00133949   -0.00136334   -0.00127931
     atom   55 type  1   force =    -0.00232672   -0.00103627    0.00114362
     atom   56 type  1   force =     0.00060166   -0.00182114   -0.00068323
     atom   57 type  1   force =    -0.00293530   -0.00114981    0.00186992
     atom   58 type  1   force =    -0.00086274   -0.00142749    0.00090857
     atom   59 type  1   force =    -0.00195300   -0.00145516    0.00223661
     atom   60 type  1   force =    -0.00046913   -0.00025977    0.00099294
     atom   61 type  1   force =     0.00194106   -0.00114844   -0.00290751
     atom   62 type  1   force =     0.00235604   -0.00076625   -0.00325413
     atom   63 type  1   force =     0.00220863   -0.00147571   -0.00195938
     atom   64 type  1   force =     0.00013857   -0.00249291    0.00130037
     atom   65 type  1   force =    -0.00294466   -0.00308649   -0.00291745
     atom   66 type  1   force =     0.00012422   -0.00209000   -0.00399580
     atom   67 type  1   force =     0.00001737    0.00548357    0.00002728
     atom   68 type  1   force =    -0.00172831    0.00527603    0.00204501
     atom   69 type  1   force =     0.00002170   -0.00189581   -0.00014863
     atom   70 type  1   force =     0.00007969   -0.00268445    0.00045928
     atom   71 type  1   force =    -0.00197630   -0.00324854    0.00199786
     atom   72 type  1   force =    -0.00822344   -0.00618463    0.00314294
     atom   73 type  1   force =    -0.01051360    0.00234380   -0.01048341
     atom   74 type  1   force =    -0.00361394    0.00571648   -0.00878230
     atom   75 type  1   force =    -0.00329453    0.00724617   -0.00333223
     atom   76 type  1   force =    -0.00274468    0.00374098   -0.00062589
     atom   77 type  1   force =     0.00304614   -0.00356490   -0.00411643
     atom   78 type  1   force =     0.00316288   -0.00616099   -0.00816086
     atom   79 type  1   force =    -0.00250156   -0.00225107    0.00169070
     atom   80 type  1   force =     0.00039090   -0.00263709    0.00009138
     atom   81 type  1   force =     0.00166651   -0.00226224   -0.00247375
     atom   82 type  1   force =    -0.00413224   -0.00365185    0.00307918
     atom   83 type  1   force =    -0.00020873   -0.00182953    0.00001356
     atom   84 type  1   force =     0.00197627   -0.00325358   -0.00190999
     atom   85 type  1   force =    -0.00060890    0.00376811   -0.00278764
     atom   86 type  1   force =    -0.00876268    0.00571116   -0.00359967
     atom   87 type  1   force =    -0.00324469   -0.00081227    0.00230918
     atom   88 type  1   force =     0.00127265   -0.00247037    0.00017807
     atom   89 type  1   force =     0.00205985    0.00528449   -0.00174709
     atom   90 type  1   force =    -0.00399038   -0.00211585    0.00015427
     atom   91 type  1   force =     0.00094447   -0.00021375   -0.00051272
     atom   92 type  1   force =     0.00097522   -0.00146786   -0.00081719
     atom   93 type  1   force =     0.00128438   -0.00293260   -0.00446784
     atom   94 type  1   force =     0.00021217   -0.00061311    0.00068571
     atom   95 type  1   force =    -0.00447441   -0.00648998   -0.00445495
     atom   96 type  1   force =     0.00042457    0.00071819    0.00040106
     atom   97 type  1   force =    -0.00299745   -0.00294326    0.00313722
     atom   98 type  1   force =    -0.00261477   -0.00338535    0.00107978
     atom   99 type  1   force =     0.00112706   -0.00332160   -0.00256127
     atom  100 type  1   force =     0.00309974   -0.00294466   -0.00298841
     atom  101 type  1   force =    -0.00294002    0.00808631   -0.00292929
     atom  102 type  1   force =    -0.00705462   -0.00202569   -0.00706682
     atom  103 type  1   force =    -0.00449870   -0.00294145    0.00118860
     atom  104 type  1   force =     0.00069427   -0.00062194    0.00020610
     atom  105 type  1   force =    -0.00356535   -0.00203589    0.00022384
     atom  106 type  1   force =    -0.00323509    0.00031833    0.00166109
     atom  107 type  1   force =     0.00148183   -0.00063736   -0.00064802
     atom  108 type  1   force =     0.00138143    0.00314514   -0.00184073
     atom  109 type  1   force =     0.00069260    0.00068757    0.00068211
     atom  110 type  1   force =     0.00064409   -0.00128966   -0.00151280
     atom  111 type  1   force =     0.00203881   -0.00288408   -0.00234954
     atom  112 type  1   force =     0.00160394   -0.00527690    0.00016358
     atom  113 type  1   force =     0.00025959   -0.00201581   -0.00349140
     atom  114 type  1   force =     0.00038140    0.00024404    0.00312414
     atom  115 type  1   force =     0.00026512    0.00169249   -0.00455431
     atom  116 type  1   force =    -0.00063148    0.00113788    0.00023711
     atom  117 type  1   force =     0.00001193   -0.00265518   -0.00157175
     atom  118 type  1   force =     0.00008701   -0.00362985    0.00011637
     atom  119 type  1   force =    -0.00796457   -0.00990246   -0.00234950
     atom  120 type  1   force =    -0.00200102   -0.00265702   -0.00044752
     atom  121 type  1   force =    -0.00041308   -0.00206270   -0.00203303
     atom  122 type  1   force =    -0.01527534   -0.00591424   -0.00485379
     atom  123 type  1   force =     0.00072894    0.00180273   -0.00058894
     atom  124 type  1   force =    -0.00459838    0.00031370    0.00122060
     atom  125 type  1   force =     0.00061779   -0.00783621   -0.01295032
     atom  126 type  1   force =    -0.00134599    0.00204358   -0.00484605
     atom  127 type  1   force =    -0.00222865   -0.00178946   -0.00055594
     atom  128 type  1   force =    -0.00060106    0.00182163    0.00068323
     atom  129 type  1   force =    -0.00058922   -0.00176484   -0.00219398
     atom  130 type  1   force =    -0.00483180    0.00203872   -0.00134448
     atom  131 type  1   force =    -0.01302844   -0.00779991    0.00058027
     atom  132 type  1   force =    -0.00160957   -0.00260276   -0.00002631
     atom  133 type  1   force =    -0.00044701   -0.00270876   -0.00193334
     atom  134 type  1   force =    -0.00226973   -0.00988031   -0.00799267
     atom  135 type  1   force =     0.00123566    0.00032508   -0.00462288
     atom  136 type  1   force =    -0.00210233   -0.00206286   -0.00037297
     atom  137 type  1   force =    -0.00485435   -0.00595717   -0.01522352
     atom  138 type  1   force =    -0.00150894   -0.00120104    0.00062588
     atom  139 type  1   force =     0.00011724   -0.00528352    0.00164904
     atom  140 type  1   force =    -0.00233801   -0.00296411    0.00205751
     atom  141 type  1   force =    -0.00450670    0.00166325    0.00029846
     atom  142 type  1   force =     0.00030704    0.00108454   -0.00060299
     atom  143 type  1   force =     0.00308842    0.00026323    0.00041644
     atom  144 type  1   force =    -0.00183143    0.00316121    0.00132446
     atom  145 type  1   force =    -0.00063407   -0.00068415    0.00150656
     atom  146 type  1   force =     0.00166140    0.00028467   -0.00328754
     atom  147 type  1   force =    -0.00497133   -0.00308345   -0.00011559
     atom  148 type  1   force =    -0.00322597    0.00214638   -0.00072962
     atom  149 type  1   force =     0.00336383   -0.00118992   -0.00130395
     atom  150 type  1   force =    -0.00434885   -0.00493446   -0.00130003
     atom  151 type  1   force =     0.00022851   -0.00057530   -0.00043355
     atom  152 type  1   force =    -0.00029944   -0.00289363   -0.00027516
     atom  153 type  1   force =    -0.00334452   -0.00784548   -0.00698677
     atom  154 type  1   force =    -0.00132892   -0.00117232    0.00337475
     atom  155 type  1   force =    -0.00070497    0.00263333    0.00402365
     atom  156 type  1   force =    -0.00168371   -0.00448000    0.00165077
     atom  157 type  1   force =    -0.00362101   -0.00263525    0.00007218
     atom  158 type  1   force =    -0.00128586   -0.00172958   -0.00133512
     atom  159 type  1   force =    -0.00066992   -0.00195497   -0.00115713
     atom  160 type  1   force =    -0.00090973   -0.00206586   -0.00357228
     atom  161 type  1   force =    -0.00654634    0.00061612    0.00016172
     atom  162 type  1   force =     0.00252303   -0.00268776   -0.01095153
     atom  163 type  1   force =     0.00014033    0.00061835   -0.00657877
     atom  164 type  1   force =    -0.00257519   -0.00102902    0.00068089
     atom  165 type  1   force =     0.00095044   -0.00004012   -0.00119770
     atom  166 type  1   force =    -0.00746238    0.00326602    0.00065937
     atom  167 type  1   force =    -0.00010717   -0.00188957   -0.00094454
     atom  168 type  1   force =    -0.00249685   -0.00666557   -0.00255879
     atom  169 type  1   force =     0.00064624    0.00330905   -0.00750614
     atom  170 type  1   force =    -0.00069790   -0.00543649   -0.00689366
     atom  171 type  1   force =    -0.00226569   -0.00200379    0.00227607
     atom  172 type  1   force =     0.00190075   -0.00033116    0.00193537
     atom  173 type  1   force =    -0.00244167   -0.00100255    0.00065823
     atom  174 type  1   force =     0.00489535   -0.00296035    0.00002497
     atom  175 type  1   force =    -0.00107302    0.00062031    0.00017277
     atom  176 type  1   force =     0.00000404   -0.00294750    0.00493733
     atom  177 type  1   force =    -0.00613999   -0.00580783   -0.00120984
     atom  178 type  1   force =     0.00407412    0.00259184   -0.00071490
     atom  179 type  1   force =    -0.00081567   -0.00071141   -0.00084079
     atom  180 type  1   force =    -0.00041819   -0.00069045    0.00024182
     atom  181 type  1   force =    -0.00113041   -0.00580525   -0.00610341
     atom  182 type  1   force =    -0.00071021    0.00214032   -0.00329329
     atom  183 type  1   force =    -0.00265987   -0.00328132   -0.00262406
     atom  184 type  1   force =     0.00158604   -0.00438792   -0.00171669
     atom  185 type  1   force =    -0.01102416   -0.00262040    0.00252903
     atom  186 type  1   force =     0.00022511    0.00042166   -0.00314583
     atom  187 type  1   force =    -0.00118454   -0.00199932   -0.00061966
     atom  188 type  1   force =    -0.00313101    0.00041470    0.00019763
     atom  189 type  1   force =    -0.00698338   -0.00544070   -0.00075229
     atom  190 type  1   force =    -0.00096147   -0.00178008   -0.00009967
     atom  191 type  1   force =    -0.00121573   -0.00005274    0.00103408
     atom  192 type  1   force =     0.00230070   -0.00208313   -0.00226090
     atom  193 type  1   force =     0.00020502    0.00060430   -0.00106452
     atom  194 type  1   force =     0.00069202   -0.00102177   -0.00249800
     atom  195 type  1   force =    -0.00700588   -0.00785495   -0.00336200
     atom  196 type  1   force =    -0.00122447   -0.00491663   -0.00436571
     atom  197 type  1   force =    -0.00008972   -0.00307885   -0.00490446
     atom  198 type  1   force =     0.00002626   -0.00264197   -0.00358141
     atom  199 type  1   force =     0.00070217   -0.00108012   -0.00253247
     atom  200 type  1   force =    -0.00358638   -0.00204848   -0.00092156
     atom  201 type  1   force =    -0.00265662   -0.00199995    0.00061951
     atom  202 type  1   force =    -0.00118732    0.00034146    0.00083012
     atom  203 type  1   force =    -0.00416645   -0.00217369    0.00336612
     atom  204 type  1   force =     0.00021062    0.00182986   -0.00001552
     atom  205 type  1   force =     0.00240693   -0.00077787   -0.00397383
     atom  206 type  1   force =    -0.00123782   -0.00132834    0.00265646
     atom  207 type  1   force =     0.00630971   -0.00623577   -0.00500492
     atom  208 type  1   force =     0.00060846   -0.00376730    0.00278980
     atom  209 type  1   force =    -0.00028453   -0.00357953   -0.00619589
     atom  210 type  1   force =    -0.00226415   -0.00198886   -0.00093999
     atom  211 type  1   force =     0.00308926    0.00653966   -0.00802037
     atom  212 type  1   force =    -0.00166698    0.00226272    0.00247344
     atom  213 type  1   force =    -0.00376036   -0.00294776    0.00432774
     atom  214 type  1   force =     0.00322748   -0.00214457    0.00073104
     atom  215 type  1   force =    -0.00988365   -0.00643351    0.00579660
     atom  216 type  1   force =    -0.00029505   -0.00403912    0.00008958
     atom  217 type  1   force =    -0.00093412   -0.00145891   -0.00838451
     atom  218 type  1   force =    -0.00919298    0.00941610   -0.00298322
     atom  219 type  1   force =    -0.00000477    0.00294675   -0.00493756
     atom  220 type  1   force =    -0.00594041    0.00239242    0.00176341
     atom  221 type  1   force =     0.00556864   -0.00374838   -0.00808407
     atom  222 type  1   force =     0.00199453    0.00001698   -0.00345193
     atom  223 type  1   force =     0.00060188   -0.00068527    0.00058850
     atom  224 type  1   force =     0.00041822    0.00069101   -0.00024217
     atom  225 type  1   force =    -0.00022723    0.00057589    0.00043219
     atom  226 type  1   force =     0.00053838   -0.00059504    0.00056202
     atom  227 type  1   force =    -0.00342085   -0.00009754    0.00197155
     atom  228 type  1   force =    -0.00811907   -0.00364687    0.00559794
     atom  229 type  1   force =     0.00071022   -0.00213964    0.00329474
     atom  230 type  1   force =     0.00431462   -0.00285501   -0.00378616
     atom  231 type  1   force =     0.00013786   -0.00406268   -0.00017751
     atom  232 type  1   force =     0.00577183   -0.00643608   -0.00987725
     atom  233 type  1   force =    -0.00489497    0.00295950   -0.00002445
     atom  234 type  1   force =     0.00170389    0.00244206   -0.00598611
     atom  235 type  1   force =    -0.00839731   -0.00148366   -0.00094292
     atom  236 type  1   force =    -0.00308412    0.00940665   -0.00915947
     atom  237 type  1   force =     0.00262216   -0.00132632   -0.00128487
     atom  238 type  1   force =    -0.00396967   -0.00083064    0.00235208
     atom  239 type  1   force =     0.00274571   -0.00374009    0.00062673
     atom  240 type  1   force =    -0.00495063   -0.00629032    0.00633709
     atom  241 type  1   force =    -0.00799251    0.00650781    0.00313995
     atom  242 type  1   force =     0.00250280    0.00225105   -0.00169150
     atom  243 type  1   force =    -0.00622260   -0.00361528   -0.00025016
     atom  244 type  1   force =    -0.00093822   -0.00195039   -0.00230429
     atom  245 type  1   force =    -0.00002195    0.00189640    0.00014808
     atom  246 type  1   force =     0.00337954   -0.00227600   -0.00414224
     atom  247 type  1   force =     0.00084437    0.00041253   -0.00119031
     atom  248 type  1   force =     0.00070081   -0.00203870   -0.00257763
     atom  249 type  1   force =    -0.00182060   -0.00136262    0.00158879
     atom  250 type  1   force =    -0.00260487    0.00304191    0.00121305
     atom  251 type  1   force =    -0.00009852   -0.00241703    0.00070439
     atom  252 type  1   force =    -0.00192543    0.00068512    0.00169233
     atom  253 type  1   force =    -0.00053974   -0.01001928   -0.00461182
     atom  254 type  1   force =    -0.00170458   -0.00244151    0.00598805
     atom  255 type  1   force =     0.00277839   -0.00092569   -0.00303920
     atom  256 type  1   force =    -0.00022552   -0.00042089    0.00314733
     atom  257 type  1   force =     0.00268952    0.00177355   -0.00573419
     atom  258 type  1   force =    -0.00282263   -0.00157935   -0.00120990
     atom  259 type  1   force =     0.00099107    0.00443444   -0.00419849
     atom  260 type  1   force =    -0.00095089    0.00004077    0.00119756
     atom  261 type  1   force =    -0.00661544   -0.00540815    0.00662702
     atom  262 type  1   force =     0.00172842   -0.00527473   -0.00204388
     atom  263 type  1   force =    -0.00551962   -0.00571220    0.00178516
     atom  264 type  1   force =     0.00076844   -0.00323502    0.00017066
     atom  265 type  1   force =     0.00032358    0.00137898   -0.00452501
     atom  266 type  1   force =    -0.01483978    0.00271003    0.00243290
     atom  267 type  1   force =    -0.00011752    0.00528383   -0.00164754
     atom  268 type  1   force =    -0.00488145    0.00539135    0.00002268
     atom  269 type  1   force =     0.00275038   -0.00186757   -0.00330514
     atom  270 type  1   force =     0.00228788    0.00195191   -0.00402666
     atom  271 type  1   force =     0.00115543   -0.00271992   -0.00161180
     atom  272 type  1   force =     0.00173718   -0.00147146   -0.00199506
     atom  273 type  1   force =     0.00063191   -0.00113654   -0.00023683
     atom  274 type  1   force =     0.00030991   -0.00199208    0.00034147
     atom  275 type  1   force =    -0.00363355    0.00157899    0.00280153
     atom  276 type  1   force =    -0.01319019   -0.00231020    0.00563855
     atom  277 type  1   force =    -0.00193725   -0.00359120    0.00291650
     atom  278 type  1   force =     0.00290274   -0.00358680   -0.00295016
     atom  279 type  1   force =    -0.00116557   -0.00309648    0.00266706
     atom  280 type  1   force =     0.00328865   -0.00650826   -0.00728203
     atom  281 type  1   force =    -0.00127161    0.00247015   -0.00017886
     atom  282 type  1   force =     0.00092266    0.00494914   -0.00852346
     atom  283 type  1   force =    -0.00740947    0.00120725   -0.00313150
     atom  284 type  1   force =    -0.00036241    0.00059033   -0.01258971
     atom  285 type  1   force =     0.00053503   -0.00221743   -0.00067596
     atom  286 type  1   force =    -0.00511759   -0.00516925    0.00268224
     atom  287 type  1   force =     0.00654851   -0.00061457   -0.00016055
     atom  288 type  1   force =    -0.00278558   -0.00169844    0.00368270
     atom  289 type  1   force =    -0.00430928    0.00535441   -0.00103379
     atom  290 type  1   force =     0.00292107    0.00114622   -0.00299252
     atom  291 type  1   force =    -0.00726326    0.00130323    0.00415181
     atom  292 type  1   force =     0.00260280    0.00104775   -0.00024145
     atom  293 type  1   force =    -0.00070243    0.00108096    0.00253263
     atom  294 type  1   force =     0.00076589   -0.00193587    0.00090590
     atom  295 type  1   force =     0.00376029    0.00294818   -0.00432717
     atom  296 type  1   force =     0.00425182   -0.00465243   -0.00869568
     atom  297 type  1   force =    -0.00502427   -0.00318063    0.00328801
     atom  298 type  1   force =    -0.00447294    0.00119143    0.00426567
     atom  299 type  1   force =     0.00449280   -0.00133379   -0.00032480
     atom  300 type  1   force =     0.00096412    0.00177972    0.00009811
     atom  301 type  1   force =     0.00180184   -0.00370629   -0.00389163
     atom  302 type  1   force =    -0.00228808   -0.00195054    0.00402702
     atom  303 type  1   force =     0.00267325   -0.00234516   -0.00267850
     atom  304 type  1   force =    -0.00020587   -0.00215609    0.00267063
     atom  305 type  1   force =     0.00431790   -0.00313437   -0.01006458
     atom  306 type  1   force =    -0.00053817    0.00059561   -0.00056300
     atom  307 type  1   force =     0.00398872    0.00419964   -0.00514579
     atom  308 type  1   force =    -0.00002713    0.00264291    0.00358195
     atom  309 type  1   force =    -0.00496910   -0.00328073    0.00456729
     atom  310 type  1   force =     0.00183205   -0.00316005   -0.00132364
     atom  311 type  1   force =    -0.00872160   -0.01082616   -0.00070819
     atom  312 type  1   force =     0.00411785   -0.00438790   -0.00102074
     atom  313 type  1   force =     0.00022559   -0.00099045   -0.00261349
     atom  314 type  1   force =    -0.00735551    0.00308636    0.00181300
     atom  315 type  1   force =    -0.00035105    0.00499845   -0.00458185
     atom  316 type  1   force =    -0.00632173    0.00269065   -0.00183384
     atom  317 type  1   force =     0.00324288   -0.00349416   -0.00616100
     atom  318 type  1   force =     0.00108523   -0.00158742   -0.00151721
     atom  319 type  1   force =     0.00405558   -0.00259785   -0.00470432
     atom  320 type  1   force =     0.00047001    0.00026023   -0.00099428
     atom  321 type  1   force =    -0.00094471    0.00021448    0.00051232
     atom  322 type  1   force =    -0.00475744   -0.00248705    0.00401133
     atom  323 type  1   force =    -0.00152106   -0.00169908    0.00108578
     atom  324 type  1   force =    -0.00625661   -0.00343430    0.00323249
     atom  325 type  1   force =    -0.00138112   -0.00314407    0.00184166
     atom  326 type  1   force =     0.00452222   -0.00321055   -0.00497959
     atom  327 type  1   force =    -0.00099014   -0.00443365    0.00419918
     atom  328 type  1   force =    -0.00066284   -0.01082006   -0.00876968
     atom  329 type  1   force =    -0.00452099    0.00496062   -0.00036259
     atom  330 type  1   force =    -0.00185959    0.00271421   -0.00633639
     atom  331 type  1   force =    -0.00260398   -0.00104854    0.00024133
     atom  332 type  1   force =     0.00172356    0.00307710   -0.00739609
     atom  333 type  1   force =     0.00398779   -0.00187858   -0.00229227
     atom  334 type  1   force =    -0.00383111   -0.00378582    0.00179086
     atom  335 type  1   force =     0.00262079   -0.00209589   -0.00022933
     atom  336 type  1   force =    -0.00267808   -0.00240511    0.00271067
     atom  337 type  1   force =    -0.00512098    0.00417604    0.00402055
     atom  338 type  1   force =     0.00362061    0.00263595   -0.00007112
     atom  339 type  1   force =    -0.01004152   -0.00307013    0.00432949
     atom  340 type  1   force =    -0.00060246    0.00068432   -0.00058976
     atom  341 type  1   force =     0.00010726    0.00189033    0.00094443
     atom  342 type  1   force =    -0.00032366   -0.00137983    0.00452302
     atom  343 type  1   force =     0.00427959    0.00123627   -0.00447349
     atom  344 type  1   force =     0.00329666   -0.00327563   -0.00501338
     atom  345 type  1   force =    -0.00869301   -0.00454173    0.00423548
     atom  346 type  1   force =    -0.00431281    0.00285514    0.00378356
     atom  347 type  1   force =     0.00084872   -0.00185201    0.00077075
     atom  348 type  1   force =     0.00257731    0.00103016   -0.00068128
     atom  349 type  1   force =     0.00270230   -0.00515503   -0.00518045
     atom  350 type  1   force =    -0.00058754   -0.00225679    0.00058931
     atom  351 type  1   force =     0.00363411   -0.00157922   -0.00280343
     atom  352 type  1   force =    -0.00014113   -0.00061750    0.00658036
     atom  353 type  1   force =     0.00410411    0.00130041   -0.00728928
     atom  354 type  1   force =    -0.00022590    0.00098929    0.00261177
     atom  355 type  1   force =    -0.00105244    0.00537694   -0.00433056
     atom  356 type  1   force =    -0.00295749    0.00111591    0.00293554
     atom  357 type  1   force =    -0.00295230   -0.00365655    0.00290687
     atom  358 type  1   force =     0.00287856   -0.00357438   -0.00191484
     atom  359 type  1   force =    -0.00724816   -0.00655791    0.00327330
     atom  360 type  1   force =     0.00260721   -0.00304088   -0.00121351
     atom  361 type  1   force =    -0.00310406    0.00121529   -0.00744544
     atom  362 type  1   force =    -0.01260918    0.00062097   -0.00033140
     atom  363 type  1   force =    -0.00013907    0.00249352   -0.00130014
     atom  364 type  1   force =    -0.00852479    0.00492005    0.00100021
     atom  365 type  1   force =     0.00558184   -0.00246219   -0.01313803
     atom  366 type  1   force =     0.00278501    0.00169964   -0.00368336
     atom  367 type  1   force =     0.00035495   -0.00206150    0.00033235
     atom  368 type  1   force =    -0.00030646   -0.00108350    0.00060259
     atom  369 type  1   force =    -0.00196669   -0.00157210    0.00180788
     atom  370 type  1   force =    -0.00166322   -0.00270245    0.00113289
     atom  371 type  1   force =    -0.00398454    0.00187902    0.00229062
     atom  372 type  1   force =    -0.00331153   -0.00174276    0.00274234
     atom  373 type  1   force =    -0.00205996   -0.00528311    0.00174888
     atom  374 type  1   force =     0.00663839   -0.00535963   -0.00665006
     atom  375 type  1   force =     0.00017985   -0.00320829    0.00084349
     atom  376 type  1   force =     0.00182467   -0.00563104   -0.00554260
     atom  377 type  1   force =    -0.00160331    0.00527666   -0.00016289
     atom  378 type  1   force =    -0.00003521    0.00543912   -0.00492689
     atom  379 type  1   force =    -0.00449244    0.00133342    0.00032522
     atom  380 type  1   force =     0.00233271    0.00260847   -0.01479712
     atom  381 type  1   force =     0.00594372   -0.00239094   -0.00176378
     atom  382 type  1   force =    -0.00450235   -0.01004001   -0.00063076
     atom  383 type  1   force =     0.00313278   -0.00041348   -0.00019702
     atom  384 type  1   force =    -0.00298089   -0.00100875    0.00280838
     atom  385 type  1   force =    -0.00411686    0.00438928    0.00102227
     atom  386 type  1   force =     0.00121561    0.00005172   -0.00103487
     atom  387 type  1   force =    -0.00572627    0.00178196    0.00272162
     atom  388 type  1   force =    -0.00124694   -0.00149427   -0.00281273
     atom  389 type  1   force =     0.00168864    0.00076551   -0.00197848
     atom  390 type  1   force =     0.00069398   -0.00243279   -0.00006380
     atom  391 type  1   force =     0.00116575    0.00309725   -0.00266591
     atom  392 type  1   force =     0.00159652   -0.00146549   -0.00177299
     atom  393 type  1   force =    -0.00554592   -0.00071535    0.00293730
     atom  394 type  1   force =    -0.00158466    0.00438735    0.00171674
     atom  395 type  1   force =    -0.00413063    0.00242947    0.00400632
     atom  396 type  1   force =    -0.00115480    0.00271863    0.00160996
     atom  397 type  1   force =    -0.00149999   -0.00527876   -0.00154740
     atom  398 type  1   force =    -0.00064801   -0.00330739    0.00750663
     atom  399 type  1   force =     0.00891924   -0.00635064    0.00226984
     atom  400 type  1   force =     0.00632237   -0.00268873    0.00183535
     atom  401 type  1   force =     0.00291818   -0.00077781   -0.00553983
     atom  402 type  1   force =     0.00067030    0.00195425    0.00115569
     atom  403 type  1   force =     0.00386509    0.00474137   -0.00618843
     atom  404 type  1   force =     0.00295238    0.00365635   -0.00290731
     atom  405 type  1   force =    -0.00026546   -0.00169255    0.00455635
     atom  406 type  1   force =     0.00268584   -0.00066625    0.00269417
     atom  407 type  1   force =    -0.00325613   -0.00759667    0.00337876
     atom  408 type  1   force =     0.00621585   -0.00458481   -0.00161497
     atom  409 type  1   force =    -0.00178681   -0.00033426    0.00130118
     atom  410 type  1   force =    -0.01017745    0.00276170    0.00482703
     atom  411 type  1   force =    -0.00008191    0.00238473    0.00063092
     atom  412 type  1   force =    -0.00203590    0.00288377    0.00234706
     atom  413 type  1   force =     0.00602684   -0.00086805   -0.00811772
     atom  414 type  1   force =     0.00329898    0.00482088   -0.00850836
     atom  415 type  1   force =    -0.00148271    0.00063695    0.00064811
     atom  416 type  1   force =     0.00063983    0.00240628   -0.00007634
     atom  417 type  1   force =     0.00063438    0.00068302   -0.00150915
     atom  418 type  1   force =    -0.00847802    0.00475155    0.00331880
     atom  419 type  1   force =    -0.00816381   -0.00074957    0.00601312
     atom  420 type  1   force =     0.00450781   -0.00166169   -0.00029776
     atom  421 type  1   force =    -0.00156527   -0.00467536    0.00625795
     atom  422 type  1   force =     0.00344601   -0.00757520   -0.00333339
     atom  423 type  1   force =     0.00233813    0.00296437   -0.00205733
     atom  424 type  1   force =     0.00132610   -0.00040701   -0.00171828
     atom  425 type  1   force =     0.00478486    0.00271042   -0.01015689
     atom  426 type  1   force =     0.00746292   -0.00326507   -0.00065906
     atom  427 type  1   force =     0.00185841   -0.00271289    0.00633868
     atom  428 type  1   force =     0.00230372   -0.00638165    0.00891532
     atom  429 type  1   force =    -0.00616114    0.00467733    0.00385959
     atom  430 type  1   force =    -0.00290125    0.00358604    0.00294810
     atom  431 type  1   force =     0.00118405    0.00199828    0.00061910
     atom  432 type  1   force =     0.00166323    0.00270258   -0.00113368
     atom  433 type  1   force =     0.00407692    0.00240475   -0.00412827
     atom  434 type  1   force =     0.00168453    0.00447995   -0.00165050
     atom  435 type  1   force =    -0.00254509    0.00138805    0.00171123
     atom  436 type  1   force =    -0.00450046    0.00360230    0.00214053
     atom  437 type  1   force =    -0.00132670    0.00040692    0.00171772
     atom  438 type  1   force =    -0.00141980   -0.01098328    0.00427137
     atom  439 type  1   force =     0.00420523   -0.00525507   -0.00257335
     atom  440 type  1   force =     0.00451913   -0.00012880    0.00452748
     atom  441 type  1   force =     0.00623863    0.00287912   -0.01065408
     atom  442 type  1   force =     0.00178762    0.00033390   -0.00130381
     atom  443 type  1   force =     0.00173468    0.00355791   -0.00040256
     atom  444 type  1   force =     0.00269620   -0.00470825    0.00623670
     atom  445 type  1   force =     0.00105285   -0.00537550    0.00433254
     atom  446 type  1   force =    -0.00304639   -0.00825195   -0.00309899
     atom  447 type  1   force =    -0.00422715    0.00179679    0.00461516
     atom  448 type  1   force =     0.00076985    0.00253690   -0.00170211
     atom  449 type  1   force =    -0.00498712    0.00236540    0.00248042
     atom  450 type  1   force =     0.00281292    0.00047161   -0.00351946
     atom  451 type  1   force =     0.00241417    0.00238759   -0.00502107
     atom  452 type  1   force =     0.00267791    0.00240516   -0.00271154
     atom  453 type  1   force =    -0.00134703   -0.00071203    0.00209122
     atom  454 type  1   force =    -0.00736183    0.00392914    0.00600053
     atom  455 type  1   force =    -0.00486287   -0.00400476    0.00443499
     atom  456 type  1   force =    -0.00067485   -0.00441302   -0.00072358
     atom  457 type  1   force =     0.00602041    0.00394538   -0.00734865
     atom  458 type  1   force =     0.00316851   -0.00025532   -0.00684593
     atom  459 type  1   force =     0.00848009   -0.00475058   -0.00331931
     atom  460 type  1   force =     0.00475890   -0.00396951    0.00476561
     atom  461 type  1   force =    -0.00621524    0.00458653    0.00161619
     atom  462 type  1   force =     0.00130397   -0.00020540    0.00040498
     atom  463 type  1   force =    -0.00016418    0.00176063    0.00201179
     atom  464 type  1   force =     0.00041985   -0.00027178    0.00128399
     atom  465 type  1   force =    -0.00861075   -0.00075231    0.00605554
     atom  466 type  1   force =    -0.00034689    0.00352292    0.00170923
     atom  467 type  1   force =     0.00092614   -0.00734191    0.00091083
     atom  468 type  1   force =    -0.00254117   -0.00534117    0.00423782
     atom  469 type  1   force =     0.00607015   -0.00085720   -0.00861799
     atom  470 type  1   force =     0.00210384    0.00364378   -0.00459680
     atom  471 type  1   force =     0.00266276   -0.00152631    0.00270876
     atom  472 type  1   force =     0.00626317   -0.00466684    0.00262487
     atom  473 type  1   force =    -0.00350984    0.00053551    0.00283141
     atom  474 type  1   force =    -0.00069339    0.00243200    0.00006116
     atom  475 type  1   force =     0.00465693    0.00174321   -0.00416640
     atom  476 type  1   force =     0.00009879    0.00241655   -0.00070496
     atom  477 type  1   force =    -0.00682711   -0.00015878    0.00321667
     atom  478 type  1   force =     0.00445174   -0.00395733   -0.00490749
     atom  479 type  1   force =     0.00212863   -0.00082852   -0.00133014
     atom  480 type  1   force =    -0.00330070   -0.00481983    0.00850848
     atom  481 type  1   force =     0.00203464    0.00169397   -0.00022199
     atom  482 type  1   force =     0.00156557    0.00467542   -0.00625759
     atom  483 type  1   force =    -0.01061979    0.00291371    0.00625811
     atom  484 type  1   force =     0.00432057   -0.01095381   -0.00151406
     atom  485 type  1   force =     0.00170515    0.00136757   -0.00261951
     atom  486 type  1   force =     0.00431016   -0.00535252    0.00103564
     atom  487 type  1   force =    -0.00267222    0.00234456    0.00267601
     atom  488 type  1   force =    -0.00168801    0.00260491    0.00075505
     atom  489 type  1   force =    -0.00479703   -0.00827843   -0.00483507
     atom  490 type  1   force =     0.00152239    0.00169967   -0.00108680
     atom  491 type  1   force =     0.00740948   -0.00120823    0.00313278
     atom  492 type  1   force =    -0.00017957    0.00320927   -0.00084329
     atom  493 type  1   force =     0.00042990   -0.00351395   -0.00246905
     atom  494 type  1   force =     0.00047413    0.00389404    0.00050924
     atom  495 type  1   force =    -0.00209407    0.00231561    0.00074176
     atom  496 type  1   force =    -0.00601379   -0.00275079    0.00032084
     atom  497 type  1   force =     0.00033843   -0.00273775   -0.00592930
     atom  498 type  1   force =     0.00077210    0.00236717   -0.00213061
     atom  499 type  1   force =    -0.00259758   -0.00349370    0.00038457
     atom  500 type  1   force =    -0.00076686    0.00323626   -0.00017027
     atom  501 type  1   force =     0.00310306   -0.00121644    0.00744632
     atom  502 type  1   force =    -0.00108524    0.00158879    0.00151691
     atom  503 type  1   force =    -0.00826125   -0.01144509   -0.00024356
     atom  504 type  1   force =    -0.00007928    0.00268532   -0.00045930
     atom  505 type  1   force =     0.00378087   -0.00358741    0.00381984
     atom  506 type  1   force =    -0.00170300   -0.00136801    0.00261759
     atom  507 type  1   force =    -0.00020491   -0.00060345    0.00106556
     atom  508 type  1   force =    -0.00476099    0.00397103   -0.00476451
     atom  509 type  1   force =    -0.00173382   -0.00355836    0.00040196
     atom  510 type  1   force =    -0.00092862    0.00734293   -0.00091132
     atom  511 type  1   force =    -0.00152169    0.00058141   -0.00020661
     atom  512 type  1   force =     0.00329482   -0.00724699    0.00333404
     atom  513 type  1   force =    -0.00379348   -0.01402837   -0.00392859
     atom  514 type  1   force =    -0.00039007    0.00263783   -0.00009260
     atom  515 type  1   force =     0.00029955    0.00289423    0.00027632
     atom  516 type  1   force =     0.00254590   -0.00138819   -0.00171071
     atom  517 type  1   force =     0.00034738   -0.00352439   -0.00170957
     atom  518 type  1   force =    -0.00017532    0.00050115   -0.00156596
     atom  519 type  1   force =    -0.00015548   -0.01148453   -0.00834651
     atom  520 type  1   force =     0.00107326   -0.00061925   -0.00017156
     atom  521 type  1   force =    -0.00751886   -0.00969204    0.00182609
     atom  522 type  1   force =     0.00460037   -0.00031394   -0.00122093
     atom  523 type  1   force =     0.00618506   -0.00245175   -0.00067459
     atom  524 type  1   force =    -0.00304630    0.00356485    0.00411412
     atom  525 type  1   force =     0.00190867   -0.00973200   -0.00759769
     atom  526 type  1   force =    -0.00001128    0.00265647    0.00157228
     atom  527 type  1   force =     0.00353569    0.00146405   -0.00319126
     atom  528 type  1   force =     0.00361344   -0.00571760    0.00878423
     atom  529 type  1   force =    -0.00367281   -0.00661098   -0.00370963
     atom  530 type  1   force =     0.00222780    0.00178831    0.00055563
     atom  531 type  1   force =     0.00093139    0.00247105   -0.00262766
     atom  532 type  1   force =     0.00197690    0.00324860   -0.00199809
     atom  533 type  1   force =    -0.00386397   -0.00474152    0.00618749
     atom  534 type  1   force =     0.00267482    0.00149209   -0.00277401
     atom  535 type  1   force =    -0.00353782   -0.00146431    0.00319021
     atom  536 type  1   force =    -0.00042921   -0.00109720    0.00064233
     atom  537 type  1   force =     0.00131636    0.00028057   -0.00441017
     atom  538 type  1   force =    -0.00618396    0.00245108    0.00067528
     atom  539 type  1   force =    -0.00196557    0.00064995   -0.00199662
     atom  540 type  1   force =    -0.00892042    0.00635270   -0.00226908
     atom  541 type  1   force =    -0.00092951   -0.00247125    0.00262623
     atom  542 type  1   force =     0.00154702   -0.00101172   -0.00188233
     atom  543 type  1   force =     0.00413059   -0.00242980   -0.00400640
     atom  544 type  1   force =    -0.00281457    0.00156269    0.00271119
     atom  545 type  1   force =    -0.00407566   -0.00240481    0.00412642
     atom  546 type  1   force =    -0.00185933   -0.00106911    0.00153816
     atom  547 type  1   force =     0.00256476   -0.00242292   -0.00095062
     atom  548 type  1   force =     0.00616131   -0.00467711   -0.00385856
     atom  549 type  1   force =     0.00066082   -0.00113454   -0.00038243
     atom  550 type  1   force =     0.00315927   -0.00134310   -0.00356205
     atom  551 type  1   force =    -0.00230670    0.00638365   -0.00891478
     atom  552 type  1   force =    -0.00440652    0.00027207    0.00133147
     atom  553 type  1   force =     0.00065105    0.00249556   -0.00623379
     atom  554 type  1   force =     0.00161176    0.00260194    0.00002574
     atom  555 type  1   force =     0.00876370   -0.00571268    0.00360124
     atom  556 type  1   force =    -0.00316011    0.00134314    0.00355980
     atom  557 type  1   force =    -0.00256410    0.00242294    0.00095080
     atom  558 type  1   force =    -0.00197534    0.00325322    0.00190780
     atom  559 type  1   force =     0.00058873    0.00176386    0.00219343
     atom  560 type  1   force =     0.00413169    0.00365204   -0.00307979
     atom  561 type  1   force =    -0.00065118   -0.00249581    0.00623333
     atom  562 type  1   force =    -0.00123564   -0.00032333    0.00462322
     atom  563 type  1   force =    -0.01126700   -0.00470961    0.00979122
     atom  564 type  1   force =     0.00261536    0.00338481   -0.00108012
     atom  565 type  1   force =     0.00452213   -0.00496142    0.00036276
     atom  566 type  1   force =     0.00595522   -0.01315026   -0.00678042
     atom  567 type  1   force =     0.00496851    0.00328124   -0.00456778
     atom  568 type  1   force =     0.00035031   -0.00499832    0.00458290
     atom  569 type  1   force =    -0.01059880    0.00658555    0.00400236
     atom  570 type  1   force =     0.00172731    0.00129096    0.00173936
     atom  571 type  1   force =    -0.00030983    0.00199233   -0.00034205
     atom  572 type  1   force =    -0.00830328   -0.00342139    0.01271190
     atom  573 type  1   force =     0.00244444    0.00143386    0.00117692
     atom  574 type  1   force =    -0.00420676    0.00525498    0.00257209
     atom  575 type  1   force =    -0.00159539    0.00146443    0.00177129
     atom  576 type  1   force =    -0.00259839    0.00423977   -0.00015594
     atom  577 type  1   force =    -0.00474338    0.00736147   -0.00468863
     atom  578 type  1   force =    -0.00410304   -0.00130045    0.00728916
     atom  579 type  1   force =     0.00253931    0.00534284   -0.00423839
     atom  580 type  1   force =     0.00017516   -0.00050039    0.00156651
     atom  581 type  1   force =    -0.00689341   -0.00434566    0.00656378
     atom  582 type  1   force =    -0.00180435    0.00370555    0.00389025
     atom  583 type  1   force =    -0.00210177   -0.00364374    0.00459617
     atom  584 type  1   force =     0.00382975    0.00378612   -0.00179245
     atom  585 type  1   force =    -0.00663118    0.01183393   -0.00655648
     atom  586 type  1   force =    -0.00041859    0.00027105   -0.00128660
     atom  587 type  1   force =     0.00028714    0.00092762   -0.00022738
     atom  588 type  1   force =     0.00488275   -0.00539111   -0.00002305
     atom  589 type  1   force =    -0.00287811    0.00357506    0.00191538
     atom  590 type  1   force =     0.00705382    0.00202467    0.00706810
     atom  591 type  1   force =     0.00196616    0.00157278   -0.00180855
     atom  592 type  1   force =     0.00003453   -0.00543819    0.00492880
     atom  593 type  1   force =    -0.00653453   -0.01092818    0.00808346
     atom  594 type  1   force =    -0.00452177    0.00321013    0.00497617
     atom  595 type  1   force =     0.00812952   -0.01094081   -0.00663610
     atom  596 type  1   force =    -0.00112674    0.00332250    0.00256085
     atom  597 type  1   force =    -0.00194230   -0.00780915   -0.00202907
     atom  598 type  1   force =    -0.00035365    0.00206078   -0.00033456
     atom  599 type  1   force =     0.00163159    0.00253093   -0.00081811
     atom  600 type  1   force =     0.00726352   -0.00130319   -0.00415178
     atom  601 type  1   force =     0.00182178    0.00136251   -0.00158883
     atom  602 type  1   force =    -0.00378111    0.00358629   -0.00381832
     atom  603 type  1   force =     0.01273996   -0.00343942   -0.00824965
     atom  604 type  1   force =    -0.00084651    0.00260932    0.00165426
     atom  605 type  1   force =     0.00450106   -0.00360220   -0.00213926
     atom  606 type  1   force =     0.00658195   -0.00437698   -0.00687108
     atom  607 type  1   force =    -0.00130328    0.00020547   -0.00040463
     atom  608 type  1   force =    -0.00173665    0.00147218    0.00199310
     atom  609 type  1   force =     0.00193835    0.00359197   -0.00291650
     atom  610 type  1   force =    -0.00025011    0.00090762    0.00027435
     atom  611 type  1   force =    -0.00664628   -0.01310292    0.00583256
     atom  612 type  1   force =     0.00980780   -0.00483636   -0.01127620
     atom  613 type  1   force =     0.00397262    0.00655631   -0.01059743
     atom  614 type  1   force =     0.00152335   -0.00057987    0.00020680
     atom  615 type  1   force =    -0.00014894    0.00420634   -0.00260887
     atom  616 type  1   force =     0.00112135    0.00146430    0.00250566
     atom  617 type  1   force =    -0.00675496   -0.00429174    0.00632522
     atom  618 type  1   force =     0.00584372    0.00071019    0.00205450
     atom  619 type  1   force =     0.00117688   -0.00051160   -0.00053479
     atom  620 type  1   force =    -0.00329076    0.00650754    0.00728000
     atom  621 type  1   force =     0.00631171   -0.00433912   -0.00675663
     atom  622 type  1   force =     0.00007470    0.00097606    0.00476981
     atom  623 type  1   force =     0.00348647    0.00375147   -0.00135044
     atom  624 type  1   force =    -0.00172351   -0.00307627    0.00739653
     atom  625 type  1   force =    -0.00296397    0.00895502   -0.00292146
     atom  626 type  1   force =     0.00293409   -0.00006917    0.00051011
     atom  627 type  1   force =    -0.00028963    0.00005490   -0.00144328
     atom  628 type  1   force =     0.00331226    0.00174290   -0.00274256
     atom  629 type  1   force =    -0.01055861   -0.00794207    0.00813388
     atom  630 type  1   force =     0.00293841    0.00114926   -0.00187257
     atom  631 type  1   force =    -0.00168927   -0.00076465    0.00197821
     atom  632 type  1   force =     0.00364452   -0.00016366   -0.00116368
     atom  633 type  1   force =     0.00014563    0.00177365   -0.00245947
     atom  634 type  1   force =    -0.00261829    0.00209660    0.00022860
     atom  635 type  1   force =     0.00294419    0.00308601    0.00291732
     atom  636 type  1   force =    -0.01246483    0.01045439   -0.00264826
     atom  637 type  1   force =    -0.00292107   -0.00114590    0.00299254
     atom  638 type  1   force =     0.00429308   -0.00200999   -0.00466682
     atom  639 type  1   force =     0.00947655   -0.00281955   -0.01190014
     atom  640 type  1   force =    -0.00194082    0.00114921    0.00290859
     atom  641 type  1   force =    -0.01196751   -0.00269898    0.00947661
     atom  642 type  1   force =    -0.00467230   -0.00209338    0.00431252
     atom  643 type  1   force =     0.00295693   -0.00111474   -0.00293548
     atom  644 type  1   force =     0.00816041   -0.00795891   -0.01054829
     atom  645 type  1   force =    -0.00111221   -0.00023809    0.00364713
     atom  646 type  1   force =     0.00192758   -0.00068484   -0.00169528
     atom  647 type  1   force =    -0.00277541    0.01042374   -0.01238650
     atom  648 type  1   force =    -0.00237984    0.00170842    0.00021876
     atom  649 type  1   force =     0.00020520    0.00215668   -0.00266894
     atom  650 type  1   force =     0.00480693    0.00090112    0.00002175
     atom  651 type  1   force =     0.00735597   -0.00308677   -0.00181269
     atom  652 type  1   force =    -0.00136727    0.00371390    0.00349724
     atom  653 type  1   force =    -0.00148486   -0.00000851   -0.00027305
     atom  654 type  1   force =    -0.00274926    0.00186694    0.00330299
     atom  655 type  1   force =     0.00060379   -0.00004318    0.00286434
     atom  656 type  1   force =     0.00724625    0.00655810   -0.00327319
     atom  657 type  1   force =    -0.00048212   -0.00051501    0.00125369
     atom  658 type  1   force =     0.00208033    0.00073737    0.00583259
     atom  659 type  1   force =    -0.00465736   -0.00174306    0.00416578
     atom  660 type  1   force =     0.00365858    0.00035612    0.00006422
     atom  661 type  1   force =     0.00238184   -0.00170853   -0.00021915
     atom  662 type  1   force =     0.01302068   -0.00367644   -0.01083096
     atom  663 type  1   force =     0.00486205    0.00400448   -0.00443332
     atom  664 type  1   force =    -0.00014583   -0.00177377    0.00246054
     atom  665 type  1   force =    -0.00626310    0.00466887   -0.00262366
     atom  666 type  1   force =     0.00001657   -0.00142318   -0.00005714
     atom  667 type  1   force =     0.00134798    0.00071263   -0.00209244
     atom  668 type  1   force =    -0.01901711   -0.00743191    0.00442662
     atom  669 type  1   force =     0.00323733   -0.00031747   -0.00166174
     atom  670 type  1   force =    -0.00277971    0.00092531    0.00303791
     atom  671 type  1   force =    -0.00097578    0.00146737    0.00081761
     atom  672 type  1   force =    -0.00308958   -0.00026431   -0.00041619
     atom  673 type  1   force =    -0.01351574    0.00840101   -0.01340514
     atom  674 type  1   force =    -0.00012490    0.00209056    0.00399617
     atom  675 type  1   force =     0.00298106    0.00100908   -0.00281024
     atom  676 type  1   force =     0.00025050   -0.00090595   -0.00027353
     atom  677 type  1   force =    -0.01531231   -0.00825283    0.00396876
     atom  678 type  1   force =    -0.00235713    0.00076637    0.00325408
     atom  679 type  1   force =    -0.00398849   -0.00419859    0.00514691
     atom  680 type  1   force =     0.00324649    0.00081171   -0.00231184
     atom  681 type  1   force =    -0.01744036    0.00476239   -0.01725336
     atom  682 type  1   force =    -0.00076592    0.00193549   -0.00090689
     atom  683 type  1   force =     0.00455615    0.00031274   -0.00101481
     atom  684 type  1   force =     0.00498969   -0.00236484   -0.00248101
     atom  685 type  1   force =    -0.00364414    0.00016457    0.00116344
     atom  686 type  1   force =     0.00133931    0.00136230    0.00127927
     atom  687 type  1   force =     0.00467063    0.00209379   -0.00431241
     atom  688 type  1   force =    -0.00241444   -0.00238728    0.00502236
     atom  689 type  1   force =    -0.00602109   -0.00394514    0.00734825
     atom  690 type  1   force =    -0.00445229    0.00395757    0.00490668
     atom  691 type  1   force =     0.00736408   -0.00392888   -0.00600215
     atom  692 type  1   force =     0.00006374    0.00038344    0.00363211
     atom  693 type  1   force =    -0.00730714    0.01144613   -0.00719477
     atom  694 type  1   force =    -0.00212924    0.00082815    0.00132945
     atom  695 type  1   force =     0.00151192    0.00120103   -0.00062793
     atom  696 type  1   force =     0.00399004    0.00211729   -0.00015395
     atom  697 type  1   force =     0.00086530    0.00142721   -0.00091005
     atom  698 type  1   force =    -0.00172850   -0.00129207   -0.00173980
     atom  699 type  1   force =     0.00443964   -0.00750009   -0.01889327
     atom  700 type  1   force =    -0.00064360    0.00129057    0.00151381
     atom  701 type  1   force =     0.00512085   -0.00417523   -0.00402004
     atom  702 type  1   force =     0.00393286   -0.00831162   -0.01525005
     atom  703 type  1   force =    -0.00084766    0.00185147   -0.00077122
     atom  704 type  1   force =    -0.00429325    0.00200925    0.00466378
     atom  705 type  1   force =     0.00111251    0.00023743   -0.00364800
     atom  706 type  1   force =    -0.00099531    0.00037966    0.00455841
     atom  707 type  1   force =    -0.01088845   -0.00362363    0.01296464
     atom  708 type  1   force =     0.00422859   -0.00179686   -0.00461771
     atom  709 type  1   force =    -0.00269649    0.00470903   -0.00623560
     atom  710 type  1   force =    -0.00028374   -0.00092717    0.00022576
     atom  711 type  1   force =    -0.00038236   -0.00024545   -0.00312497
     atom  712 type  1   force =    -0.00166142   -0.00028389    0.00328945
     atom  713 type  1   force =    -0.00063987   -0.00240652    0.00007637
     atom  714 type  1   force =     0.00090915    0.00206667    0.00357354
     atom  715 type  1   force =    -0.00198092   -0.00125717   -0.00089655
     atom  716 type  1   force =     0.00067347    0.00441262    0.00072492
     atom  717 type  1   force =     0.00008329   -0.00238571   -0.00063358
     atom  718 type  1   force =     0.00265921    0.00328215    0.00262541
     atom  719 type  1   force =    -0.00158780    0.00218070    0.00344244
     atom  720 type  1   force =    -0.00281321   -0.00047155    0.00351976
     atom  721 type  1   force =    -0.00268568    0.00066647   -0.00269206
     atom  722 type  1   force =     0.00358668    0.00204954    0.00092313
     atom  723 type  1   force =    -0.00044406   -0.00173764   -0.00078907
     atom  724 type  1   force =     0.00351145   -0.00053514   -0.00283218
     atom  725 type  1   force =    -0.00818037   -0.01200980   -0.00821867
     atom  726 type  1   force =    -0.00069134    0.00062263   -0.00020775
     atom  727 type  1   force =     0.00099528   -0.00037863   -0.00455804
     atom  728 type  1   force =     0.00226387    0.00198928    0.00093974
     atom  729 type  1   force =     0.00123787    0.00132913   -0.00265554
     atom  730 type  1   force =    -0.00455309   -0.00031213    0.00101476
     atom  731 type  1   force =    -0.00042552   -0.00071672   -0.00040048
     atom  732 type  1   force =    -0.01894236   -0.00599991   -0.00161472
     atom  733 type  1   force =    -0.00001699    0.00142331    0.00005744
     atom  734 type  1   force =     0.00119102   -0.00034115   -0.00083283
     atom  735 type  1   force =    -0.00166518   -0.00609027   -0.01884391
     atom  736 type  1   force =    -0.00021268    0.00061372   -0.00068521
     atom  737 type  1   force =    -0.00084419   -0.00041132    0.00119087
     atom  738 type  1   force =     0.00093741    0.00194997    0.00230404
     atom  739 type  1   force =    -0.00261784    0.00132719    0.00128321
     atom  740 type  1   force =     0.00344032    0.00219387   -0.00157598
     atom  741 type  1   force =    -0.00085002   -0.00174179   -0.00051439
     atom  742 type  1   force =    -0.00089549   -0.00118485   -0.00193291
     atom  743 type  1   force =     0.00343083    0.00054692    0.00336639
     atom  744 type  1   force =    -0.00859635   -0.01113566   -0.00862820
     atom  745 type  1   force =    -0.01456100   -0.00157326    0.01005046
     atom  746 type  1   force =     0.00435956    0.00452555   -0.00069894
     atom  747 type  1   force =     0.00601481    0.00275042   -0.00031992
     atom  748 type  1   force =    -0.00556849    0.00374740    0.00808155
     atom  749 type  1   force =     0.00123238   -0.01557697    0.00108957
     atom  750 type  1   force =    -0.00080958    0.00239190    0.00331019
     atom  751 type  1   force =     0.00209230   -0.00231611   -0.00074207
     atom  752 type  1   force =     0.00919284   -0.00941671    0.00298311
     atom  753 type  1   force =     0.01006870   -0.00168787   -0.01458431
     atom  754 type  1   force =     0.00362847    0.00527383    0.00871248
     atom  755 type  1   force =    -0.00042870    0.00351285    0.00246813
     atom  756 type  1   force =     0.00988385    0.00643350   -0.00579711
     atom  757 type  1   force =    -0.00308860   -0.00653832    0.00802140
     atom  758 type  1   force =    -0.00069391   -0.00068823   -0.00068012
     atom  759 type  1   force =    -0.00348909   -0.00375188    0.00135063
     atom  760 type  1   force =     0.01061960   -0.00291404   -0.00625712
     atom  761 type  1   force =    -0.00606818    0.00085715    0.00861630
     atom  762 type  1   force =    -0.00117542    0.00051171    0.00053516
     atom  763 type  1   force =     0.00356599    0.00203466   -0.00022423
     atom  764 type  1   force =    -0.00631005    0.00623525    0.00500310
     atom  765 type  1   force =     0.00029012   -0.00005580    0.00144247
     atom  766 type  1   force =     0.00141663    0.01098523   -0.00427214
     atom  767 type  1   force =     0.00416686    0.00217368   -0.00336696
     atom  768 type  1   force =    -0.00025995    0.00201466    0.00349220
     atom  769 type  1   force =    -0.00337812    0.00227533    0.00413935
     atom  770 type  1   force =    -0.00432293    0.01095476    0.00151312
     atom  771 type  1   force =     0.00148608    0.00000919    0.00027313
     atom  772 type  1   force =     0.00799248   -0.00650662   -0.00313837
     atom  773 type  1   force =    -0.00623695   -0.00287857    0.01065371
     atom  774 type  1   force =     0.00136500   -0.00371480   -0.00349855
     atom  775 type  1   force =     0.00494897    0.00629162   -0.00633816
     atom  776 type  1   force =     0.00861123    0.00075204   -0.00605591
     atom  777 type  1   force =     0.00048257    0.00051434   -0.00125370
     atom  778 type  1   force =     0.00331139    0.00245566   -0.00073699
     atom  779 type  1   force =     0.00308342   -0.00940640    0.00915995
     atom  780 type  1   force =    -0.00077353   -0.00236656    0.00213043
     atom  781 type  1   force =     0.00259876    0.00349299   -0.00038406
     atom  782 type  1   force =    -0.00577328    0.00643526    0.00987510
     atom  783 type  1   force =     0.00874778    0.00527725    0.00364958
     atom  784 type  1   force =     0.00811981    0.00364652   -0.00559857
     atom  785 type  1   force =    -0.00033801    0.00273625    0.00592830
     atom  786 type  1   force =    -0.00077450    0.00450761    0.00426152
     atom  787 type  1   force =    -0.01274049    0.00343985    0.00825136
     atom  788 type  1   force =     0.00625809    0.00343410   -0.00323245
     atom  789 type  1   force =     0.00839766    0.00148320    0.00094423
     atom  790 type  1   force =    -0.00310467   -0.01556110    0.01137156
     atom  791 type  1   force =     0.00551766    0.00571178   -0.00178567
     atom  792 type  1   force =     0.00294015   -0.00808591    0.00293034
     atom  793 type  1   force =     0.00857666    0.00870457   -0.01960364
     atom  794 type  1   force =     0.00093353    0.00145754    0.00838414
     atom  795 type  1   force =     0.00689346    0.00434523   -0.00656476
     atom  796 type  1   force =    -0.00397428   -0.00655500    0.01059822
     atom  797 type  1   force =    -0.00069231    0.00102152    0.00250094
     atom  798 type  1   force =     0.00149741    0.00527857    0.00154614
     atom  799 type  1   force =    -0.00980728    0.00483548    0.01127539
     atom  800 type  1   force =     0.00046095    0.00152238   -0.00304008
     atom  801 type  1   force =    -0.01230088    0.00855328    0.00301749
     atom  802 type  1   force =     0.00008940    0.00307702    0.00490438
     atom  803 type  1   force =     0.00298242    0.00859380   -0.01227030
     atom  804 type  1   force =    -0.00230011    0.00208314    0.00226182
     atom  805 type  1   force =    -0.00810947    0.00007738    0.00871099
     atom  806 type  1   force =    -0.00813084    0.01094022    0.00663538
     atom  807 type  1   force =    -0.00271903   -0.00724855    0.01205769
     atom  808 type  1   force =     0.00081367    0.00071049    0.00084073
     atom  809 type  1   force =     0.00653182    0.01092900   -0.00808477
     atom  810 type  1   force =    -0.00291665    0.00077706    0.00553861
     atom  811 type  1   force =     0.00342035    0.00009694   -0.00197260
     atom  812 type  1   force =     0.00474258   -0.00735945    0.00468975
     atom  813 type  1   force =     0.00029608    0.00403899   -0.00008900
     atom  814 type  1   force =     0.01261031   -0.00062202    0.00033321
     atom  815 type  1   force =     0.00299758    0.00294327   -0.00313810
     atom  816 type  1   force =     0.00036185   -0.00059145    0.01259018
     atom  817 type  1   force =    -0.01778215   -0.00150852    0.01506132
     atom  818 type  1   force =    -0.00658178    0.00437682    0.00686972
     atom  819 type  1   force =     0.00662887   -0.01183138    0.00655729
     atom  820 type  1   force =    -0.00182639    0.00563037    0.00554091
     atom  821 type  1   force =     0.01511604   -0.00160023   -0.01771588
     atom  822 type  1   force =    -0.00324221    0.00349265    0.00615879
     atom  823 type  1   force =    -0.00058116    0.00177614   -0.00053383
     atom  824 type  1   force =     0.01059634   -0.00658509   -0.00400151
     atom  825 type  1   force =     0.00497284    0.00308393    0.00011584
     atom  826 type  1   force =     0.00132849    0.00117100   -0.00337592
     atom  827 type  1   force =     0.01126604    0.00470928   -0.00979240
     atom  828 type  1   force =    -0.00336422    0.00118937    0.00130470
     atom  829 type  1   force =     0.00554689    0.00071548   -0.00293741
     atom  830 type  1   force =     0.01207376   -0.00719393   -0.00274907
     atom  831 type  1   force =     0.00876821    0.00001363   -0.00801789
     atom  832 type  1   force =    -0.00199496   -0.00001558    0.00345138
     atom  833 type  1   force =    -0.00309864    0.00294399    0.00298543
     atom  834 type  1   force =    -0.00013673    0.00406277    0.00017704
     atom  835 type  1   force =    -0.01965544    0.00874740    0.00857383
     atom  836 type  1   force =     0.01146649   -0.01554498   -0.00319809
     atom  837 type  1   force =     0.00830469    0.00342207   -0.01271314
     atom  838 type  1   force =     0.00244194    0.00100264   -0.00065628
     atom  839 type  1   force =     0.00226671    0.00200278   -0.00227751
     atom  840 type  1   force =    -0.00305713    0.00155813    0.00046279
     atom  841 type  1   force =    -0.00876826   -0.00001349    0.00801759
     atom  842 type  1   force =     0.00228646    0.00065559    0.00074058
     atom  843 type  1   force =     0.00043054    0.00109715   -0.00064206
     atom  844 type  1   force =    -0.00816206    0.00795950    0.01054873
     atom  845 type  1   force =     0.01230112   -0.00855153   -0.00301629
     atom  846 type  1   force =     0.00219855   -0.00094875    0.00217451
     atom  847 type  1   force =    -0.00154939    0.00101125    0.00188060
     atom  848 type  1   force =     0.00277344   -0.01042105    0.01238623
     atom  849 type  1   force =     0.00271980    0.00724980   -0.01205832
     atom  850 type  1   force =     0.00078045    0.00066921    0.00222308
     atom  851 type  1   force =    -0.00131506   -0.00028128    0.00440832
     atom  852 type  1   force =     0.01196672    0.00269876   -0.00947690
     atom  853 type  1   force =     0.00730632   -0.01144304    0.00719537
     atom  854 type  1   force =     0.00396910    0.00082952   -0.00235363
     atom  855 type  1   force =    -0.00427984   -0.00123555    0.00447518
     atom  856 type  1   force =     0.00572466   -0.00178088   -0.00272128
     atom  857 type  1   force =    -0.00329666    0.00327377    0.00501192
     atom  858 type  1   force =    -0.00053140    0.00221725    0.00067407
     atom  859 type  1   force =     0.00622332    0.00361613    0.00025043
     atom  860 type  1   force =    -0.01301948    0.00367733    0.01083106
     atom  861 type  1   force =     0.00124567    0.00149331    0.00281242
     atom  862 type  1   force =     0.00511747    0.00516975   -0.00268334
     atom  863 type  1   force =     0.01088800    0.00362395   -0.01296488
     atom  864 type  1   force =    -0.00070100    0.00203688    0.00257767
     atom  865 type  1   force =     0.00265853    0.00199964   -0.00061976
     atom  866 type  1   force =    -0.00270363    0.00515363    0.00517898
     atom  867 type  1   force =     0.00282306    0.00157948    0.00120889
     atom  868 type  1   force =    -0.00240869    0.00077749    0.00397398
     atom  869 type  1   force =    -0.00269092   -0.00177243    0.00573498
     atom  870 type  1   force =     0.00447426   -0.00119168   -0.00426789
     atom  871 type  1   force =     0.00028402    0.00357869    0.00619589
     atom  872 type  1   force =     0.00502492    0.00318075   -0.00328866
     atom  873 type  1   force =     0.00058771    0.00225674   -0.00058816
     atom  874 type  1   force =    -0.00298443   -0.00859256    0.01227009
     atom  875 type  1   force =     0.01246320   -0.01045225    0.00264764
     atom  876 type  1   force =     0.00185633    0.00106852   -0.00153934
     atom  877 type  1   force =     0.00440786   -0.00027225   -0.00133063
     atom  878 type  1   force =    -0.00947667    0.00282013    0.01189951
     atom  879 type  1   force =    -0.01207456    0.00719618    0.00275186
     atom  880 type  1   force =     0.01055785    0.00794134   -0.00813391
     atom  881 type  1   force =    -0.00065881    0.00113372    0.00038030
     atom  882 type  1   force =     0.00811081   -0.00007689   -0.00871255
     atom  883 type  1   force =    -0.00405540    0.00259768    0.00470289
     atom  884 type  1   force =     0.00698389    0.00543972    0.00075298
     atom  885 type  1   force =    -0.00344797    0.00757600    0.00333404
     atom  886 type  1   force =     0.00483141   -0.00203874    0.00134567
     atom  887 type  1   force =     0.00304324    0.00825164    0.00309876
     atom  888 type  1   force =    -0.00092378   -0.00494763    0.00852524
     atom  889 type  1   force =     0.00325479    0.00759675   -0.00337807
     atom  890 type  1   force =     0.00041319    0.00206226    0.00203291
     atom  891 type  1   force =    -0.00252296    0.00268612    0.01095039
     atom  892 type  1   force =     0.01965343   -0.00874524   -0.00856809
     atom  893 type  1   force =     0.00158676   -0.00218133   -0.00344170
     atom  894 type  1   force =    -0.00001829   -0.00548200   -0.00002620
     atom  895 type  1   force =     0.00085222    0.00174112    0.00051312
     atom  896 type  1   force =     0.00363003    0.00281670    0.00179666
     atom  897 type  1   force =    -0.01709148    0.00157185    0.00880130
     atom  898 type  1   force =     0.00182649    0.00278074    0.00357098
     atom  899 type  1   force =     0.00675437    0.00429184   -0.00632659
     atom  900 type  1   force =     0.01778171    0.00150839   -0.01505892
     atom  901 type  1   force =     0.00354040    0.00166831   -0.00183057
     atom  902 type  1   force =     0.00198219    0.00125692    0.00089547
     atom  903 type  1   force =     0.00296360   -0.00895292    0.00292319
     atom  904 type  1   force =     0.00347959    0.00001821   -0.00366623
     atom  905 type  1   force =     0.00089461    0.00118376    0.00193317
     atom  906 type  1   force =     0.00195385    0.00145497   -0.00223787
     atom  907 type  1   force =    -0.00478490   -0.00270898    0.01015722
     atom  908 type  1   force =     0.00249428    0.00666483    0.00255803
     atom  909 type  1   force =    -0.00602667    0.00086889    0.00811713
     atom  910 type  1   force =    -0.00663875    0.00536003    0.00664876
     atom  911 type  1   force =     0.00661525    0.00540750   -0.00662709
     atom  912 type  1   force =    -0.00316767    0.00025546    0.00684483
     atom  913 type  1   force =     0.00200204    0.00265502    0.00044718
     atom  914 type  1   force =     0.01102576    0.00262002   -0.00252792
     atom  915 type  1   force =     0.00852614   -0.00491828   -0.00100009
     atom  916 type  1   force =     0.00128503    0.00172881    0.00133526
     atom  917 type  1   force =     0.00044761    0.00270909    0.00193366
     atom  918 type  1   force =     0.00475786    0.00248743   -0.00401253
     atom  919 type  1   force =    -0.00089252   -0.01354284   -0.00098229
     atom  920 type  1   force =    -0.00344136   -0.00219421    0.00157851
     atom  921 type  1   force =    -0.00631086    0.00433809    0.00675433
     atom  922 type  1   force =    -0.01146663    0.01554629    0.00320248
     atom  923 type  1   force =     0.00310559    0.01556194   -0.01137005
     atom  924 type  1   force =     0.00044399    0.00173684    0.00078987
     atom  925 type  1   force =    -0.00220905    0.00147501    0.00195817
     atom  926 type  1   force =    -0.00372502    0.00001823    0.00346039
     atom  927 type  1   force =    -0.00192091    0.00168345    0.00348029
     atom  928 type  1   force =     0.01017777   -0.00276092   -0.00482649
     atom  929 type  1   force =     0.00682756    0.00015858   -0.00321604
     atom  930 type  1   force =     0.00816411    0.00075009   -0.00601348
     atom  931 type  1   force =     0.00210241    0.00206112    0.00037247
     atom  932 type  1   force =     0.00134504   -0.00204249    0.00484688
     atom  933 type  1   force =     0.00069765    0.00543505    0.00689371
     atom  934 type  1   force =    -0.00857360   -0.00870196    0.01960349
     atom  935 type  1   force =    -0.01511433    0.00160074    0.01771685
     atom  936 type  1   force =     0.00876479    0.00144359   -0.01702699
     atom  937 type  1   force =     0.00796313    0.00990199    0.00235002
     atom  938 type  1   force =     0.01527516    0.00591352    0.00485586
     atom  939 type  1   force =    -0.00061928    0.00783445    0.01295011
     atom  940 type  1   force =    -0.00431860    0.00313385    0.01006487
     atom  941 type  1   force =     0.00479698    0.00827733    0.00483556
     atom  942 type  1   force =     0.00053785    0.01001874    0.00461105
     atom  943 type  1   force =     0.00869314    0.00454200   -0.00423564
     atom  944 type  1   force =    -0.00425169    0.00465070    0.00869496
     atom  945 type  1   force =     0.00450091    0.01004060    0.00063044
     atom  946 type  1   force =     0.01004043    0.00307016   -0.00432944
     atom  947 type  1   force =     0.01302904    0.00779953   -0.00057904
     atom  948 type  1   force =     0.00485303    0.00595575    0.01522454
     atom  949 type  1   force =     0.00226768    0.00987925    0.00799250
     atom  950 type  1   force =    -0.00443993    0.00749994    0.01889380
     atom  951 type  1   force =     0.01531244    0.00825166   -0.00396771
     atom  952 type  1   force =     0.01051346   -0.00234470    0.01048505
     atom  953 type  1   force =     0.00015425    0.01148303    0.00834713
     atom  954 type  1   force =    -0.00118027    0.00103629    0.00229471
     atom  955 type  1   force =    -0.00123547    0.01557739   -0.00108974
     atom  956 type  1   force =    -0.01006871    0.00168734    0.01458433
     atom  957 type  1   force =     0.00379240    0.01402794    0.00392908
     atom  958 type  1   force =     0.00822375    0.00618444   -0.00314303
     atom  959 type  1   force =     0.01351378   -0.00840170    0.01340504
     atom  960 type  1   force =     0.01743607   -0.00476212    0.01725138
     atom  961 type  1   force =    -0.00393495    0.00831040    0.01525017
     atom  962 type  1   force =     0.00193296    0.00230288    0.00190221
     atom  963 type  1   force =     0.00825991    0.01144454    0.00024425
     atom  964 type  1   force =     0.01455884    0.00157170   -0.01004997
     atom  965 type  1   force =    -0.00316383    0.00615978    0.00815920
     atom  966 type  1   force =     0.01901485    0.00743106   -0.00442443
     atom  967 type  1   force =     0.00232605    0.00103503   -0.00114290
     atom  968 type  1   force =    -0.00876421   -0.00144265    0.01702590
     atom  969 type  1   force =     0.00143815    0.00518362    0.00426995
     atom  970 type  1   force =     0.01319039    0.00230928   -0.00563793
     atom  971 type  1   force =     0.00817845    0.01200862    0.00822039
     atom  972 type  1   force =     0.01708899   -0.00157193   -0.00879966
     atom  973 type  1   force =     0.00512521    0.00687640    0.00513365
     atom  974 type  1   force =     0.00065970    0.01081956    0.00876983
     atom  975 type  1   force =     0.00166336    0.00608801    0.01884464
     atom  976 type  1   force =     0.00089129    0.01354371    0.00098391
     atom  977 type  1   force =     0.00428166    0.00520251    0.00150369
     atom  978 type  1   force =    -0.00233315   -0.00260854    0.01479654
     atom  979 type  1   force =     0.01894078    0.00599709    0.00161646
     atom  980 type  1   force =     0.00193793    0.00780566    0.00202860
     atom  981 type  1   force =     0.00751831    0.00969266   -0.00182610
     atom  982 type  1   force =    -0.00128526    0.00293137    0.00446771
     atom  983 type  1   force =     0.00700643    0.00785479    0.00336281
     atom  984 type  1   force =     0.00112998    0.00580322    0.00610327
     atom  985 type  1   force =     0.00449990    0.00294060   -0.00118963
     atom  986 type  1   force =     0.00367051    0.00661058    0.00371047
     atom  987 type  1   force =    -0.00595724    0.01314828    0.00678025
     atom  988 type  1   force =     0.00447438    0.00649030    0.00445553
     atom  989 type  1   force =     0.00434837    0.00493354    0.00130017
     atom  990 type  1   force =     0.00664272    0.01310143   -0.00583291
     atom  991 type  1   force =    -0.00190956    0.00973017    0.00759714
     atom  992 type  1   force =     0.00122346    0.00491555    0.00436589
     atom  993 type  1   force =     0.00334435    0.00784413    0.00698704
     atom  994 type  1   force =     0.00614089    0.00580754    0.00121025
     atom  995 type  1   force =     0.00871979    0.01082619    0.00070893
     atom  996 type  1   force =     0.01483875   -0.00271141   -0.00243203
     atom  997 type  1   force =    -0.00558196    0.00246152    0.01313671
     atom  998 type  1   force =     0.00859484    0.01113478    0.00862968
     atom  999 type  2   force =     0.00000309    0.00000037    0.00000464
        
     Tot. elapsed time 01h-04m-40.8s,  time spent in last step 04m-32.7s
       
     --------------------------------------------------------------------------------------------
     TDDFT Force : Build RHS of the Z-Vector Eq                          
     --------------------------------------------------------------------------------------------

                               *-------------*
     # Norm of z_rhs_vec p1  = |  2.9660E-01 |
                               *-------------*
     Tot. elapsed time 02.7s,  time spent in last step 02.7s

                               *-------------*
     # Norm of z_rhs_vec p2  = |  1.2310E-05 |
                               *-------------*
     Tot. elapsed time 32m-23.2s,  time spent in last step 32m-20.5s

                               *-------------*
     # Norm of z_rhs_vec p3  = |  1.7764E-07 |
                               *-------------*
     Tot. elapsed time 32m-27.8s,  time spent in last step 04.5s
     Tot. elapsed time 01h-37m-08.7s,  time spent in last step 32m-27.8s
       
     --------------------------------------------------------------------------------------------
     TDDFT Force : Solve the Z-Vector Eq CG                              
     --------------------------------------------------------------------------------------------

                                 *-----------------*
          # Norm of z_rhs_vec  = |  2.96632077E-01 |
                                 *-----------------*
     Tot. elapsed time 07.5s,  time spent in last step 07.5s
     Tot. elapsed time 11.4s,  time spent in last step 11.4s
     Initial residual =  0.70017141E+01
        
     Tot. elapsed time 20.4s,  time spent in last step 07.6s
     Tot. elapsed time 24.8s,  time spent in last step 12.0s
     Residual(00001) =  0.95891480E+00
        
     Tot. elapsed time 33.3s,  time spent in last step 07.3s
     Tot. elapsed time 37.2s,  time spent in last step 11.1s
     Residual(00002) =  0.12486209E+00
        
     Tot. elapsed time 45.9s,  time spent in last step 07.3s
     Tot. elapsed time 50.0s,  time spent in last step 11.4s
     Residual(00003) =  0.41948568E-01
        
     Tot. elapsed time 58.6s,  time spent in last step 07.3s
     Tot. elapsed time 01m-02.9s,  time spent in last step 11.7s
     Residual(00004) =  0.11640467E-01
        
     Tot. elapsed time 01m-11.5s,  time spent in last step 07.3s
     Tot. elapsed time 01m-15.7s,  time spent in last step 11.5s
     Residual(00005) =  0.31291700E-02
        
     Tot. elapsed time 01m-24.4s,  time spent in last step 07.4s
     Tot. elapsed time 01m-28.6s,  time spent in last step 11.5s
     Residual(00006) =  0.14659268E-02
        
     Tot. elapsed time 01m-37.1s,  time spent in last step 07.1s
     Tot. elapsed time 01m-41.2s,  time spent in last step 11.3s
     Residual(00007) =  0.86882448E-03
        
     Tot. elapsed time 01m-50.0s,  time spent in last step 07.5s
     Tot. elapsed time 01m-54.1s,  time spent in last step 11.5s
     Residual(00008) =  0.65163474E-03
        
     Tot. elapsed time 02m-02.9s,  time spent in last step 07.5s
     Tot. elapsed time 02m-07.1s,  time spent in last step 11.7s
     Residual(00009) =  0.60536460E-03
        
     Tot. elapsed time 02m-15.8s,  time spent in last step 07.4s
     Tot. elapsed time 02m-20.0s,  time spent in last step 11.5s
     Residual(00010) =  0.74795022E-03
        
     Tot. elapsed time 02m-28.6s,  time spent in last step 07.3s
     Tot. elapsed time 02m-32.7s,  time spent in last step 11.4s
     Residual(00011) =  0.64677138E-03
        
     Tot. elapsed time 02m-41.3s,  time spent in last step 07.3s
     Tot. elapsed time 02m-45.5s,  time spent in last step 11.6s
     Residual(00012) =  0.34984806E-03
        
     Tot. elapsed time 02m-54.3s,  time spent in last step 07.4s
     Tot. elapsed time 02m-58.4s,  time spent in last step 11.5s
     Residual(00013) =  0.19916754E-03
        
     Tot. elapsed time 03m-07.3s,  time spent in last step 07.6s
     Tot. elapsed time 03m-11.4s,  time spent in last step 11.7s
     Residual(00014) =  0.12505416E-03
        
     Tot. elapsed time 03m-20.3s,  time spent in last step 07.4s
     Tot. elapsed time 03m-24.5s,  time spent in last step 11.6s
     Residual(00015) =  0.83566634E-04
        
     Tot. elapsed time 03m-33.2s,  time spent in last step 07.4s
     Tot. elapsed time 03m-37.5s,  time spent in last step 11.7s
     Residual(00016) =  0.59669965E-04
        
     Tot. elapsed time 03m-46.3s,  time spent in last step 07.4s
     Tot. elapsed time 03m-50.5s,  time spent in last step 11.6s
     Residual(00017) =  0.48950934E-04
        
     Tot. elapsed time 03m-59.2s,  time spent in last step 07.4s
     Tot. elapsed time 04m-03.3s,  time spent in last step 11.5s
     Residual(00018) =  0.41659967E-04
        
     Tot. elapsed time 04m-12.0s,  time spent in last step 07.4s
     Tot. elapsed time 04m-16.2s,  time spent in last step 11.5s
     Residual(00019) =  0.30212448E-04
        
     Tot. elapsed time 04m-24.8s,  time spent in last step 07.3s
     Tot. elapsed time 04m-28.9s,  time spent in last step 11.4s
     Residual(00020) =  0.21774004E-04
        
     Tot. elapsed time 04m-37.4s,  time spent in last step 07.2s
     Tot. elapsed time 04m-41.5s,  time spent in last step 11.3s
     Residual(00021) =  0.16253745E-04
        
     Tot. elapsed time 04m-50.5s,  time spent in last step 07.8s
     Tot. elapsed time 04m-54.7s,  time spent in last step 11.9s
     Residual(00022) =  0.11644994E-04
        
     Tot. elapsed time 05m-03.4s,  time spent in last step 07.4s
     Tot. elapsed time 05m-07.6s,  time spent in last step 11.6s
     Residual(00023) =  0.87068074E-05
        
     Tot. elapsed time 05m-16.4s,  time spent in last step 07.5s
     Tot. elapsed time 05m-20.6s,  time spent in last step 11.6s
     Residual(00024) =  0.69817665E-05
        
     Tot. elapsed time 05m-29.2s,  time spent in last step 07.3s
     Tot. elapsed time 05m-33.4s,  time spent in last step 11.5s
     Residual(00025) =  0.48545264E-05
        
     Tot. elapsed time 05m-42.0s,  time spent in last step 07.3s
     Tot. elapsed time 05m-46.0s,  time spent in last step 11.3s
     Residual(00026) =  0.31305430E-05
        
     Tot. elapsed time 05m-54.8s,  time spent in last step 07.4s
     Tot. elapsed time 05m-59.1s,  time spent in last step 11.7s
     Residual(00027) =  0.21568161E-05
        
     Tot. elapsed time 06m-08.0s,  time spent in last step 07.6s
     Tot. elapsed time 06m-12.3s,  time spent in last step 11.8s
     Residual(00028) =  0.13547147E-05
        
     Tot. elapsed time 06m-21.0s,  time spent in last step 07.3s
     Tot. elapsed time 06m-25.1s,  time spent in last step 11.4s
     Residual(00029) =  0.85486712E-06
        
     Tot. elapsed time 06m-33.6s,  time spent in last step 07.1s
     Tot. elapsed time 06m-37.6s,  time spent in last step 11.2s
     Residual(00030) =  0.55785291E-06
        
     Tot. elapsed time 06m-46.2s,  time spent in last step 07.3s
     Tot. elapsed time 06m-50.4s,  time spent in last step 11.5s
     Residual(00031) =  0.35018415E-06
        
     Tot. elapsed time 06m-59.2s,  time spent in last step 07.4s
     Tot. elapsed time 07m-03.3s,  time spent in last step 11.5s
     Residual(00032) =  0.23896501E-06
        
     Tot. elapsed time 07m-11.7s,  time spent in last step 07.2s
     Tot. elapsed time 07m-15.9s,  time spent in last step 11.3s
     Residual(00033) =  0.16940601E-06
        
     Tot. elapsed time 07m-24.4s,  time spent in last step 07.2s
     Tot. elapsed time 07m-28.4s,  time spent in last step 11.2s
     Residual(00034) =  0.12723839E-06
        
     Tot. elapsed time 07m-37.0s,  time spent in last step 07.3s
     Tot. elapsed time 07m-41.0s,  time spent in last step 11.4s
     Residual(00035) =  0.95400463E-07
        
     Tot. elapsed time 07m-49.7s,  time spent in last step 07.3s
     Tot. elapsed time 07m-53.7s,  time spent in last step 11.4s
     Residual(00036) =  0.69449133E-07
        
     Tot. elapsed time 08m-02.4s,  time spent in last step 07.4s
     Tot. elapsed time 08m-06.6s,  time spent in last step 11.6s
     Residual(00037) =  0.48414219E-07
        
     Tot. elapsed time 08m-15.4s,  time spent in last step 07.4s
     Tot. elapsed time 08m-19.5s,  time spent in last step 11.6s
     Residual(00038) =  0.34188269E-07
        
     Tot. elapsed time 08m-28.1s,  time spent in last step 07.3s
     Tot. elapsed time 08m-32.2s,  time spent in last step 11.4s
     Residual(00039) =  0.24837878E-07
        
     Tot. elapsed time 08m-40.7s,  time spent in last step 07.3s
     Tot. elapsed time 08m-44.7s,  time spent in last step 11.2s
     Residual(00040) =  0.17614877E-07
        
     Tot. elapsed time 08m-53.1s,  time spent in last step 07.2s
     Tot. elapsed time 08m-57.1s,  time spent in last step 11.2s
     Residual(00041) =  0.13358847E-07
        
     Tot. elapsed time 09m-05.7s,  time spent in last step 07.2s
     Tot. elapsed time 09m-09.8s,  time spent in last step 11.2s
     Residual(00042) =  0.10699037E-07
        
     Tot. elapsed time 09m-18.6s,  time spent in last step 07.5s
     Tot. elapsed time 09m-22.8s,  time spent in last step 11.7s
     Residual(00043) =  0.82413044E-08
        
     Tot. elapsed time 09m-31.7s,  time spent in last step 07.5s
     Tot. elapsed time 09m-35.8s,  time spent in last step 11.6s
     Residual(00044) =  0.58780618E-08
        
     Tot. elapsed time 09m-44.5s,  time spent in last step 07.4s
     Tot. elapsed time 09m-48.5s,  time spent in last step 11.4s
     Residual(00045) =  0.38676668E-08
        
     Tot. elapsed time 09m-57.2s,  time spent in last step 07.3s
     Tot. elapsed time 10m-01.1s,  time spent in last step 11.3s
     Residual(00046) =  0.26193121E-08
        
     Tot. elapsed time 10m-09.7s,  time spent in last step 07.3s
     Tot. elapsed time 10m-13.8s,  time spent in last step 11.4s
     Residual(00047) =  0.16582584E-08
        
     Tot. elapsed time 10m-22.6s,  time spent in last step 07.5s
     Tot. elapsed time 10m-26.8s,  time spent in last step 11.7s
     Residual(00048) =  0.10364640E-08
        
     Tot. elapsed time 10m-35.3s,  time spent in last step 07.2s
     Tot. elapsed time 10m-39.3s,  time spent in last step 11.1s
     Residual(00049) =  0.67771725E-09
        
     Tot. elapsed time 10m-48.0s,  time spent in last step 07.4s
     Tot. elapsed time 10m-52.2s,  time spent in last step 11.6s
     Residual(00050) =  0.46444566E-09
        
     Tot. elapsed time 11m-00.8s,  time spent in last step 07.3s
     Tot. elapsed time 11m-04.9s,  time spent in last step 11.4s
     Residual(00051) =  0.33822199E-09
        
     Tot. elapsed time 11m-13.5s,  time spent in last step 07.4s
     Tot. elapsed time 11m-17.7s,  time spent in last step 11.5s
     Residual(00052) =  0.23520211E-09
        
     Tot. elapsed time 11m-26.3s,  time spent in last step 07.3s
     Tot. elapsed time 11m-30.4s,  time spent in last step 11.4s
     Residual(00053) =  0.16057627E-09
        
     Tot. elapsed time 11m-39.0s,  time spent in last step 07.2s
     Tot. elapsed time 11m-43.0s,  time spent in last step 11.3s
     Residual(00054) =  0.10313105E-09
        
     Tot. elapsed time 11m-51.6s,  time spent in last step 07.2s
     Tot. elapsed time 11m-55.7s,  time spent in last step 11.4s
     Residual(00055) =  0.67833561E-10
        
     Tot. elapsed time 01h-49m-04.5s,  time spent in last step 11m-55.8s
       
     --------------------------------------------------------------------------------------------
     Compute forces of Z vector                                          
     --------------------------------------------------------------------------------------------
       
     --------------------------------------------------------------------------------------------
     TDDFT Force : Z-Vector Part                                         
     --------------------------------------------------------------------------------------------
     atom    1 type  1   force =    -0.00035377    0.00140864   -0.00034428
     atom    2 type  1   force =    -0.00095403   -0.00417641   -0.00678591
     atom    3 type  1   force =    -0.00676670   -0.00414089   -0.00098786
     atom    4 type  1   force =    -0.00413469   -0.00222749   -0.00412152
     atom    5 type  1   force =    -0.00689696   -0.00788790   -0.00690431
     atom    6 type  1   force =    -0.00175494   -0.00258814   -0.00179000
     atom    7 type  1   force =    -0.00459315   -0.00644541   -0.00772900
     atom    8 type  1   force =    -0.00771700   -0.00644077   -0.00465632
     atom    9 type  1   force =     0.00101162   -0.00225293   -0.00685050
     atom   10 type  1   force =    -0.00234813   -0.00604712   -0.00634413
     atom   11 type  1   force =    -0.00829084   -0.00398986    0.00840122
     atom   12 type  1   force =    -0.00486227   -0.00004806    0.00454545
     atom   13 type  1   force =    -0.00686547   -0.00218448    0.00102206
     atom   14 type  1   force =    -0.00819782   -0.00646316   -0.00493010
     atom   15 type  1   force =     0.00844890   -0.00406999   -0.00832038
     atom   16 type  1   force =     0.00286294   -0.00049260   -0.00423928
     atom   17 type  1   force =    -0.00370295   -0.00470271   -0.00376367
     atom   18 type  1   force =    -0.00599266   -0.00110779   -0.00047833
     atom   19 type  1   force =    -0.00264570    0.00300816   -0.00260254
     atom   20 type  1   force =     0.00133578    0.00211487   -0.00260320
     atom   21 type  1   force =    -0.00595748   -0.00278981    0.00372477
     atom   22 type  1   force =    -0.00517155   -0.00065977    0.00650531
     atom   23 type  1   force =    -0.00954376   -0.00808558   -0.00672467
     atom   24 type  1   force =    -0.01288981   -0.01022205   -0.01199528
     atom   25 type  1   force =    -0.01093250   -0.00245320   -0.01090506
     atom   26 type  1   force =    -0.00820285    0.00261257   -0.00241731
     atom   27 type  1   force =    -0.00115252    0.00204558   -0.00110588
     atom   28 type  1   force =     0.00070218   -0.00005373   -0.00392751
     atom   29 type  1   force =    -0.00760484   -0.01154221   -0.01005386
     atom   30 type  1   force =    -0.01210449   -0.01025458   -0.01289516
     atom   31 type  1   force =     0.00162299   -0.00419728   -0.00517835
     atom   32 type  1   force =     0.00655345   -0.00071890   -0.00518211
     atom   33 type  1   force =    -0.00510864   -0.00417105    0.00155996
     atom   34 type  1   force =    -0.01004075   -0.01144949   -0.00749563
     atom   35 type  1   force =     0.00375118   -0.00287085   -0.00598122
     atom   36 type  1   force =    -0.00684669   -0.00812175   -0.00966715
     atom   37 type  1   force =    -0.00392764   -0.00002170    0.00071606
     atom   38 type  1   force =    -0.00238422    0.00262747   -0.00817745
     atom   39 type  1   force =    -0.00491351   -0.00643914   -0.00813862
     atom   40 type  1   force =    -0.00420535   -0.00045844    0.00282831
     atom   41 type  1   force =    -0.00264424    0.00214250    0.00138129
     atom   42 type  1   force =    -0.00041216   -0.00107483   -0.00601456
     atom   43 type  1   force =     0.00455072   -0.00012924   -0.00485056
     atom   44 type  1   force =    -0.00643459   -0.00604025   -0.00243427
     atom   45 type  1   force =    -0.00920966   -0.00816856   -0.00699259
     atom   46 type  1   force =     0.00487619   -0.00049055   -0.00398706
     atom   47 type  1   force =    -0.00690243   -0.00496377   -0.00693466
     atom   48 type  1   force =    -0.00160756   -0.00084599   -0.00156651
     atom   49 type  1   force =    -0.00778585   -0.00503708    0.00836681
     atom   50 type  1   force =    -0.00327459   -0.00635252   -0.00727316
     atom   51 type  1   force =    -0.00730819   -0.00633748   -0.00331025
     atom   52 type  1   force =     0.00841160   -0.00510331   -0.00782886
     atom   53 type  1   force =    -0.00284725    0.00392081   -0.00283032
     atom   54 type  1   force =    -0.00463687   -0.00347537   -0.00469249
     atom   55 type  1   force =    -0.00695483   -0.00816320   -0.00917076
     atom   56 type  1   force =    -0.00399275   -0.00045352    0.00481637
     atom   57 type  1   force =    -0.00225463   -0.00331150   -0.00282630
     atom   58 type  1   force =    -0.00754875   -0.00685664    0.00165403
     atom   59 type  1   force =    -0.01184994   -0.01071355    0.00580984
     atom   60 type  1   force =    -0.00687886   -0.00367208    0.00589377
     atom   61 type  1   force =    -0.00289574   -0.00333587   -0.00229459
     atom   62 type  1   force =     0.00007122   -0.00603464   -0.00730921
     atom   63 type  1   force =     0.00586328   -0.01076295   -0.01189227
     atom   64 type  1   force =     0.00691950   -0.00362973   -0.00752584
     atom   65 type  1   force =    -0.00023959    0.00226851   -0.00025704
     atom   66 type  1   force =    -0.00654620    0.00414212    0.00219134
     atom   67 type  1   force =    -0.00751701    0.00014278   -0.00750594
     atom   68 type  1   force =    -0.00023313   -0.00044395   -0.00653148
     atom   69 type  1   force =    -0.00723309   -0.00512578    0.00819303
     atom   70 type  1   force =    -0.00794330   -0.00465370    0.00564357
     atom   71 type  1   force =    -0.01318179   -0.00973646    0.00348563
     atom   72 type  1   force =    -0.01968332   -0.01944299   -0.00347088
     atom   73 type  1   force =    -0.01096861    0.00209660   -0.01096657
     atom   74 type  1   force =    -0.00872374    0.00069315   -0.00139613
     atom   75 type  1   force =    -0.00283453   -0.00126291   -0.00279391
     atom   76 type  1   force =    -0.00193708    0.00202245   -0.00551229
     atom   77 type  1   force =     0.00290500   -0.01081738   -0.00952660
     atom   78 type  1   force =    -0.00353775   -0.01953847   -0.01978362
     atom   79 type  1   force =     0.00984096   -0.00464063   -0.00993694
     atom   80 type  1   force =     0.00571199   -0.00471775   -0.00796854
     atom   81 type  1   force =    -0.00988855   -0.00461459    0.00978768
     atom   82 type  1   force =    -0.00950557   -0.01067848    0.00288261
     atom   83 type  1   force =     0.00826787   -0.00523077   -0.00723393
     atom   84 type  1   force =     0.00350252   -0.00974454   -0.01329109
     atom   85 type  1   force =    -0.00553234    0.00200473   -0.00188228
     atom   86 type  1   force =    -0.00142678    0.00069531   -0.00873246
     atom   87 type  1   force =    -0.00729893   -0.00591463    0.00011188
     atom   88 type  1   force =    -0.00747957   -0.00362070    0.00685897
     atom   89 type  1   force =    -0.00656267   -0.00045322   -0.00018655
     atom   90 type  1   force =     0.00216845    0.00416452   -0.00654414
     atom   91 type  1   force =     0.00596653   -0.00376415   -0.00685260
     atom   92 type  1   force =     0.00159445   -0.00686655   -0.00764797
     atom   93 type  1   force =    -0.00485385   -0.01182845   -0.01198032
     atom   94 type  1   force =     0.00410379   -0.00282172   -0.00590787
     atom   95 type  1   force =    -0.00582137    0.00536309   -0.00581900
     atom   96 type  1   force =    -0.00124297    0.00236266   -0.00119829
     atom   97 type  1   force =    -0.01319207   -0.01309786    0.01094356
     atom   98 type  1   force =    -0.00740190   -0.00652971   -0.00134430
     atom   99 type  1   force =    -0.00141946   -0.00661275   -0.00747521
     atom  100 type  1   force =     0.01102667   -0.01314107   -0.01324411
     atom  101 type  1   force =    -0.00929952    0.00180812   -0.00930836
     atom  102 type  1   force =    -0.00087139    0.00418367   -0.00085913
     atom  103 type  1   force =    -0.01190270   -0.01175112   -0.00473294
     atom  104 type  1   force =    -0.00588746   -0.00276186    0.00409549
     atom  105 type  1   force =    -0.00186469   -0.00500135   -0.00802783
     atom  106 type  1   force =     0.00078831    0.00065716   -0.00536990
     atom  107 type  1   force =    -0.01214507   -0.00515800    0.01269728
     atom  108 type  1   force =    -0.00559775    0.00069904    0.00398597
     atom  109 type  1   force =    -0.00830820   -0.00810523   -0.00829148
     atom  110 type  1   force =    -0.00380844   -0.00232275    0.00388726
     atom  111 type  1   force =     0.00933068   -0.00704280   -0.00201348
     atom  112 type  1   force =    -0.00145054    0.00084415    0.00434145
     atom  113 type  1   force =    -0.00806510   -0.00501843   -0.00196177
     atom  114 type  1   force =     0.00229728   -0.00412048   -0.00651710
     atom  115 type  1   force =    -0.00659832    0.00627726   -0.00382519
     atom  116 type  1   force =     0.00545131    0.00033705   -0.00527939
     atom  117 type  1   force =    -0.00301948   -0.00377123    0.00009698
     atom  118 type  1   force =     0.00160753    0.00084528    0.00156508
     atom  119 type  1   force =    -0.01956217   -0.02837848   -0.01488822
     atom  120 type  1   force =     0.00114230   -0.00527882   -0.00601924
     atom  121 type  1   force =    -0.00748892   -0.00372213    0.00187733
     atom  122 type  1   force =    -0.01946744    0.00022127   -0.02145621
     atom  123 type  1   force =    -0.00487639    0.00048972    0.00398630
     atom  124 type  1   force =    -0.00200373   -0.00246622   -0.00538251
     atom  125 type  1   force =    -0.01870936   -0.01291090   -0.02803573
     atom  126 type  1   force =    -0.00690680   -0.00444023   -0.00447602
     atom  127 type  1   force =     0.00222022   -0.00037326   -0.00517596
     atom  128 type  1   force =     0.00399233    0.00045310   -0.00481658
     atom  129 type  1   force =    -0.00514581   -0.00041289    0.00217773
     atom  130 type  1   force =    -0.00448614   -0.00443017   -0.00689746
     atom  131 type  1   force =    -0.02793133   -0.01292747   -0.01854888
     atom  132 type  1   force =     0.00015713   -0.00381207   -0.00295512
     atom  133 type  1   force =    -0.00605452   -0.00524733    0.00105160
     atom  134 type  1   force =    -0.01509856   -0.02847124   -0.01946991
     atom  135 type  1   force =    -0.00541011   -0.00249043   -0.00199051
     atom  136 type  1   force =     0.00196263   -0.00369852   -0.00750824
     atom  137 type  1   force =    -0.02153401    0.00026850   -0.01947621
     atom  138 type  1   force =     0.00390225   -0.00242151   -0.00379624
     atom  139 type  1   force =     0.00439566    0.00084255   -0.00150038
     atom  140 type  1   force =    -0.00202759   -0.00693516    0.00926660
     atom  141 type  1   force =    -0.00388245    0.00631681   -0.00665185
     atom  142 type  1   force =    -0.00534551    0.00041007    0.00541565
     atom  143 type  1   force =    -0.00646519   -0.00414665    0.00224736
     atom  144 type  1   force =     0.00396070    0.00068067   -0.00553449
     atom  145 type  1   force =     0.01271962   -0.00508958   -0.01219120
     atom  146 type  1   force =    -0.00535733    0.00068528    0.00083838
     atom  147 type  1   force =    -0.00482367   -0.00293784   -0.00860712
     atom  148 type  1   force =     0.00090156    0.00283895   -0.00485441
     atom  149 type  1   force =    -0.00877624   -0.00485585    0.00482782
     atom  150 type  1   force =    -0.01284896   -0.01534754   -0.01054599
     atom  151 type  1   force =     0.00682423   -0.00331213   -0.00524439
     atom  152 type  1   force =     0.00090859    0.00089254    0.00087995
     atom  153 type  1   force =    -0.01208528    0.00081892   -0.00988016
     atom  154 type  1   force =     0.00488296   -0.00487255   -0.00881613
     atom  155 type  1   force =     0.00517188    0.00065966   -0.00650550
     atom  156 type  1   force =    -0.00038853   -0.00608258    0.00689512
     atom  157 type  1   force =     0.00508802   -0.00087015   -0.00316749
     atom  158 type  1   force =    -0.01067408   -0.01370801   -0.01060779
     atom  159 type  1   force =    -0.00950666   -0.00221438    0.01194552
     atom  160 type  1   force =    -0.00220706    0.00166066    0.00290860
     atom  161 type  1   force =     0.00043284    0.00307167   -0.00552801
     atom  162 type  1   force =    -0.01243930   -0.00228945   -0.01397734
     atom  163 type  1   force =    -0.00550952    0.00307353    0.00048619
     atom  164 type  1   force =     0.00602600   -0.00012457   -0.00520961
     atom  165 type  1   force =    -0.00869780   -0.00470042    0.00682177
     atom  166 type  1   force =    -0.00411063    0.00370269   -0.00679447
     atom  167 type  1   force =    -0.00458056   -0.00400013    0.00661700
     atom  168 type  1   force =    -0.00578865   -0.02019754   -0.00567352
     atom  169 type  1   force =    -0.00676039    0.00363914   -0.00407806
     atom  170 type  1   force =    -0.01024542   -0.00360153   -0.00738433
     atom  171 type  1   force =     0.00552864   -0.00441483   -0.00721216
     atom  172 type  1   force =     0.00115242   -0.00204624    0.00110408
     atom  173 type  1   force =    -0.00215607    0.00151985   -0.00559304
     atom  174 type  1   force =    -0.00924698   -0.00324861    0.00735699
     atom  175 type  1   force =     0.00216463    0.00000502   -0.00236660
     atom  176 type  1   force =     0.00739627   -0.00325860   -0.00930848
     atom  177 type  1   force =    -0.01387215   -0.00796432   -0.01088798
     atom  178 type  1   force =    -0.00655390    0.00071846    0.00518148
     atom  179 type  1   force =    -0.00800285   -0.01252328   -0.00794743
     atom  180 type  1   force =    -0.00525132   -0.00317711    0.00678393
     atom  181 type  1   force =    -0.01102060   -0.00798900   -0.01394953
     atom  182 type  1   force =    -0.00486493    0.00283752    0.00097391
     atom  183 type  1   force =     0.00103792    0.00110829    0.00100937
     atom  184 type  1   force =     0.00699804   -0.00615189   -0.00032977
     atom  185 type  1   force =    -0.01389120   -0.00237204   -0.01241110
     atom  186 type  1   force =    -0.00448823    0.00202864    0.00315305
     atom  187 type  1   force =     0.01198832   -0.00212027   -0.00954230
     atom  188 type  1   force =     0.00311605    0.00201095   -0.00444820
     atom  189 type  1   force =    -0.00728623   -0.00358185   -0.01015960
     atom  190 type  1   force =     0.00665303   -0.00412480   -0.00457890
     atom  191 type  1   force =     0.00686275   -0.00468247   -0.00877046
     atom  192 type  1   force =    -0.00721482   -0.00432655    0.00548983
     atom  193 type  1   force =    -0.00240034    0.00002547    0.00215662
     atom  194 type  1   force =    -0.00560605    0.00153362   -0.00211400
     atom  195 type  1   force =    -0.00985521    0.00082366   -0.01202554
     atom  196 type  1   force =    -0.01067711   -0.01540002   -0.01281384
     atom  197 type  1   force =    -0.00866509   -0.00294261   -0.00493357
     atom  198 type  1   force =    -0.00311255   -0.00085759    0.00503751
     atom  199 type  1   force =    -0.00524020   -0.00003814    0.00599666
     atom  200 type  1   force =     0.00290587    0.00163154   -0.00218128
     atom  201 type  1   force =    -0.00840311   -0.00756085   -0.00337455
     atom  202 type  1   force =    -0.00364982    0.00104516    0.00091357
     atom  203 type  1   force =    -0.02723082   -0.01054541    0.01252470
     atom  204 type  1   force =    -0.00826938    0.00523089    0.00723578
     atom  205 type  1   force =    -0.00512361   -0.01053105   -0.00815317
     atom  206 type  1   force =     0.00348921   -0.00200960   -0.00163224
     atom  207 type  1   force =     0.01149821   -0.02272184   -0.00399241
     atom  208 type  1   force =     0.00553253   -0.00200576    0.00188035
     atom  209 type  1   force =    -0.01006569    0.00268887    0.00068144
     atom  210 type  1   force =     0.00574535    0.00388789   -0.00308042
     atom  211 type  1   force =    -0.01475262    0.00676950   -0.01283003
     atom  212 type  1   force =     0.00988865    0.00461455   -0.00978734
     atom  213 type  1   force =     0.00188571   -0.00726527    0.00768087
     atom  214 type  1   force =    -0.00090327   -0.00284047    0.00485332
     atom  215 type  1   force =    -0.01409810   -0.03126246    0.01106018
     atom  216 type  1   force =    -0.00390348   -0.00601442    0.00062086
     atom  217 type  1   force =    -0.00843854    0.00299541    0.00745020
     atom  218 type  1   force =    -0.01724792    0.00363029   -0.01856609
     atom  219 type  1   force =    -0.00739597    0.00325899    0.00930860
     atom  220 type  1   force =    -0.00383283    0.00657054   -0.00596387
     atom  221 type  1   force =     0.00952088   -0.02009889   -0.03174494
     atom  222 type  1   force =    -0.00293166   -0.00393855   -0.00661145
     atom  223 type  1   force =     0.01238504   -0.00322007   -0.01428269
     atom  224 type  1   force =     0.00525148    0.00317699   -0.00678363
     atom  225 type  1   force =    -0.00682599    0.00331197    0.00524596
     atom  226 type  1   force =    -0.01423405   -0.00333044    0.01238982
     atom  227 type  1   force =    -0.00663062   -0.00379357   -0.00289694
     atom  228 type  1   force =    -0.03158952   -0.02016591    0.00944802
     atom  229 type  1   force =     0.00486520   -0.00283805   -0.00097537
     atom  230 type  1   force =     0.00773956   -0.00739959    0.00191218
     atom  231 type  1   force =     0.00054133   -0.00599769   -0.00404900
     atom  232 type  1   force =     0.01110867   -0.03141036   -0.01412841
     atom  233 type  1   force =     0.00924686    0.00324868   -0.00735739
     atom  234 type  1   force =    -0.00588484    0.00651078   -0.00374714
     atom  235 type  1   force =     0.00745716    0.00304381   -0.00843537
     atom  236 type  1   force =    -0.01847276    0.00365829   -0.01725100
     atom  237 type  1   force =    -0.00157384   -0.00200103    0.00353617
     atom  238 type  1   force =    -0.00816740   -0.01041620   -0.00504948
     atom  239 type  1   force =     0.00193617   -0.00202367    0.00551116
     atom  240 type  1   force =    -0.00402918   -0.02255706    0.01144858
     atom  241 type  1   force =    -0.01288621    0.00677600   -0.01485156
     atom  242 type  1   force =    -0.00984160    0.00464073    0.00993773
     atom  243 type  1   force =     0.00071482    0.00271797   -0.01006416
     atom  244 type  1   force =    -0.00310179    0.00384696    0.00578570
     atom  245 type  1   force =     0.00723326    0.00512582   -0.00819246
     atom  246 type  1   force =     0.01255984   -0.01041086   -0.02733840
     atom  247 type  1   force =     0.00090252    0.00094810   -0.00363875
     atom  248 type  1   force =    -0.00347162   -0.00754681   -0.00854800
     atom  249 type  1   force =    -0.01434888   -0.00599459    0.00196303
     atom  250 type  1   force =    -0.00219204    0.00385737   -0.00329383
     atom  251 type  1   force =    -0.01424524   -0.00877347    0.01283144
     atom  252 type  1   force =    -0.00632351    0.00151282    0.00335661
     atom  253 type  1   force =    -0.00486589   -0.02927879   -0.01034088
     atom  254 type  1   force =     0.00588517   -0.00651111    0.00374542
     atom  255 type  1   force =     0.00486519   -0.00765723   -0.00655381
     atom  256 type  1   force =     0.00448844   -0.00202910   -0.00315429
     atom  257 type  1   force =    -0.01620709    0.00312572   -0.00982124
     atom  258 type  1   force =     0.00796431    0.00072599   -0.00733104
     atom  259 type  1   force =    -0.00653347    0.00479529   -0.00109825
     atom  260 type  1   force =     0.00869822    0.00469999   -0.00682200
     atom  261 type  1   force =     0.00208174   -0.02433934    0.02038592
     atom  262 type  1   force =     0.00023279    0.00044319    0.00653062
     atom  263 type  1   force =    -0.00855737   -0.01749495   -0.00151702
     atom  264 type  1   force =    -0.00411581   -0.00331982    0.00354194
     atom  265 type  1   force =    -0.01093582    0.00454865    0.01444760
     atom  266 type  1   force =    -0.03534322    0.00547650   -0.02509912
     atom  267 type  1   force =    -0.00439549   -0.00084309    0.00149895
     atom  268 type  1   force =    -0.00462895    0.00357788   -0.00949983
     atom  269 type  1   force =     0.00552937   -0.00372848   -0.02412096
     atom  270 type  1   force =    -0.00266451    0.00299618   -0.00396877
     atom  271 type  1   force =     0.01632305   -0.00772945   -0.01261915
     atom  272 type  1   force =     0.00510529   -0.00145673   -0.00602993
     atom  273 type  1   force =    -0.00545198   -0.00033786    0.00527938
     atom  274 type  1   force =    -0.01699674   -0.00750085    0.01101565
     atom  275 type  1   force =    -0.00708207    0.00597673    0.00128292
     atom  276 type  1   force =    -0.05098695   -0.00801573   -0.01069146
     atom  277 type  1   force =     0.00760592   -0.00357076   -0.00708142
     atom  278 type  1   force =     0.01401236   -0.01031993   -0.00517687
     atom  279 type  1   force =     0.00322948   -0.00380225    0.00210656
     atom  280 type  1   force =     0.00731918   -0.01774257    0.00216981
     atom  281 type  1   force =     0.00747884    0.00362074   -0.00685857
     atom  282 type  1   force =    -0.01230281    0.01428384   -0.01715424
     atom  283 type  1   force =     0.00603436    0.00343224   -0.00374765
     atom  284 type  1   force =    -0.01420728    0.00249401   -0.00497072
     atom  285 type  1   force =     0.00146594   -0.00492233    0.00014524
     atom  286 type  1   force =    -0.01392265   -0.02094092    0.00247965
     atom  287 type  1   force =    -0.00043471   -0.00307280    0.00552680
     atom  288 type  1   force =    -0.00129190   -0.00580953    0.00702062
     atom  289 type  1   force =    -0.00577825    0.00399171   -0.00840067
     atom  290 type  1   force =    -0.00890547    0.00331283    0.00830464
     atom  291 type  1   force =    -0.00213059    0.00349353   -0.01192030
     atom  292 type  1   force =    -0.00971444   -0.00203354    0.00833604
     atom  293 type  1   force =     0.00524031    0.00003784   -0.00599672
     atom  294 type  1   force =     0.00700342   -0.00719429   -0.01227087
     atom  295 type  1   force =    -0.00188527    0.00726542   -0.00768157
     atom  296 type  1   force =    -0.01220037   -0.00788802   -0.02817918
     atom  297 type  1   force =    -0.02210816   -0.01528013    0.00147315
     atom  298 type  1   force =    -0.00396094    0.00013782   -0.00581580
     atom  299 type  1   force =    -0.01439192   -0.00461503    0.01092649
     atom  300 type  1   force =    -0.00665565    0.00412546    0.00458074
     atom  301 type  1   force =     0.00253192   -0.01093430   -0.00361507
     atom  302 type  1   force =     0.00266472   -0.00299668    0.00396813
     atom  303 type  1   force =     0.01090288   -0.01100713   -0.00778593
     atom  304 type  1   force =     0.00544764   -0.00378894   -0.00295803
     atom  305 type  1   force =    -0.02037712    0.00212526   -0.01900182
     atom  306 type  1   force =     0.01423390    0.00332957   -0.01238926
     atom  307 type  1   force =    -0.01112035    0.00204007    0.00104440
     atom  308 type  1   force =     0.00311306    0.00085719   -0.00503815
     atom  309 type  1   force =    -0.00403778   -0.01126765    0.00788376
     atom  310 type  1   force =    -0.00396146   -0.00068135    0.00553402
     atom  311 type  1   force =    -0.00543024   -0.05178349    0.00307191
     atom  312 type  1   force =     0.00120404   -0.00484164    0.00658845
     atom  313 type  1   force =    -0.00833141    0.00194612    0.00972790
     atom  314 type  1   force =    -0.01149548    0.00618506   -0.01083356
     atom  315 type  1   force =    -0.00788417    0.00135028    0.00486648
     atom  316 type  1   force =    -0.00607390    0.00872610   -0.00770660
     atom  317 type  1   force =    -0.00388583   -0.00916129   -0.01802390
     atom  318 type  1   force =     0.00221216   -0.00095757   -0.00563753
     atom  319 type  1   force =     0.02427529   -0.00785134   -0.02957680
     atom  320 type  1   force =     0.00687836    0.00367189   -0.00589288
     atom  321 type  1   force =    -0.00596680    0.00376383    0.00685340
     atom  322 type  1   force =    -0.02948379   -0.00803102    0.02423785
     atom  323 type  1   force =    -0.00563790   -0.00082808    0.00222307
     atom  324 type  1   force =    -0.01787306   -0.00922566   -0.00384581
     atom  325 type  1   force =     0.00559772   -0.00069990   -0.00398694
     atom  326 type  1   force =     0.00795538   -0.01141701   -0.00402897
     atom  327 type  1   force =     0.00653315   -0.00479610    0.00109711
     atom  328 type  1   force =     0.00288045   -0.05194963   -0.00524331
     atom  329 type  1   force =     0.00479507    0.00137575   -0.00786667
     atom  330 type  1   force =    -0.00765484    0.00869703   -0.00605678
     atom  331 type  1   force =     0.00971504    0.00203362   -0.00833573
     atom  332 type  1   force =    -0.01074264    0.00621983   -0.01141483
     atom  333 type  1   force =     0.00401823   -0.00309324    0.00268025
     atom  334 type  1   force =    -0.00367529   -0.01078349    0.00255873
     atom  335 type  1   force =    -0.00287439   -0.00382007    0.00546247
     atom  336 type  1   force =    -0.00776703   -0.01090177    0.01082139
     atom  337 type  1   force =     0.00098737    0.00206179   -0.01114430
     atom  338 type  1   force =    -0.00508748    0.00086983    0.00316639
     atom  339 type  1   force =    -0.01898862    0.00202916   -0.02036096
     atom  340 type  1   force =    -0.01238492    0.00322056    0.01428443
     atom  341 type  1   force =     0.00458047    0.00399986   -0.00661710
     atom  342 type  1   force =     0.01093572   -0.00454819   -0.01444587
     atom  343 type  1   force =    -0.00582380    0.00005643   -0.00393990
     atom  344 type  1   force =     0.00146645   -0.01524819   -0.02223188
     atom  345 type  1   force =    -0.02806391   -0.00800621   -0.01213899
     atom  346 type  1   force =    -0.00774215    0.00740027   -0.00190966
     atom  347 type  1   force =    -0.01217028   -0.00724875    0.00698455
     atom  348 type  1   force =    -0.00602769    0.00012374    0.00520983
     atom  349 type  1   force =     0.00245525   -0.02107704   -0.01391826
     atom  350 type  1   force =     0.00005488   -0.00488130    0.00136723
     atom  351 type  1   force =     0.00708117   -0.00597554   -0.00128027
     atom  352 type  1   force =     0.00551007   -0.00307367   -0.00048788
     atom  353 type  1   force =    -0.01187602    0.00350909   -0.00208866
     atom  354 type  1   force =     0.00833181   -0.00194541   -0.00972661
     atom  355 type  1   force =    -0.00837236    0.00396869   -0.00574409
     atom  356 type  1   force =     0.00824539    0.00333899   -0.00888941
     atom  357 type  1   force =    -0.00516393   -0.01023500    0.01394451
     atom  358 type  1   force =    -0.00700730   -0.00358977    0.00757727
     atom  359 type  1   force =     0.00209733   -0.01759600    0.00734255
     atom  360 type  1   force =     0.00218883   -0.00385801    0.00329472
     atom  361 type  1   force =    -0.00377712    0.00341633    0.00608016
     atom  362 type  1   force =    -0.00496856    0.00245711   -0.01422446
     atom  363 type  1   force =    -0.00691957    0.00362922    0.00752578
     atom  364 type  1   force =    -0.01720711    0.01433234   -0.01244356
     atom  365 type  1   force =    -0.01069741   -0.00777921   -0.05116859
     atom  366 type  1   force =     0.00129276    0.00580946   -0.00702029
     atom  367 type  1   force =     0.01104292   -0.00743134   -0.01707342
     atom  368 type  1   force =     0.00534515   -0.00041077   -0.00541550
     atom  369 type  1   force =    -0.00607036   -0.00131021    0.00504394
     atom  370 type  1   force =    -0.01255596   -0.00776341    0.01628778
     atom  371 type  1   force =    -0.00402146    0.00309343   -0.00267830
     atom  372 type  1   force =    -0.02405861   -0.00389063    0.00552117
     atom  373 type  1   force =     0.00656297    0.00045218    0.00018485
     atom  374 type  1   force =     0.02047722   -0.02448290    0.00212172
     atom  375 type  1   force =     0.00351542   -0.00334568   -0.00420130
     atom  376 type  1   force =    -0.00159584   -0.01764674   -0.00851189
     atom  377 type  1   force =     0.00145019   -0.00084429   -0.00434222
     atom  378 type  1   force =    -0.00943816    0.00354312   -0.00455903
     atom  379 type  1   force =     0.01439140    0.00461448   -0.01092660
     atom  380 type  1   force =    -0.02504683    0.00565851   -0.03535637
     atom  381 type  1   force =     0.00382980   -0.00657196    0.00596361
     atom  382 type  1   force =    -0.01048060   -0.02917683   -0.00470097
     atom  383 type  1   force =    -0.00311753   -0.00201210    0.00444736
     atom  384 type  1   force =    -0.00658807   -0.00749723    0.00481968
     atom  385 type  1   force =    -0.00120596    0.00484050   -0.00658930
     atom  386 type  1   force =    -0.00686261    0.00468344    0.00877143
     atom  387 type  1   force =    -0.00983771    0.00310891   -0.01623146
     atom  388 type  1   force =    -0.00731151    0.00063530    0.00794345
     atom  389 type  1   force =     0.00336814    0.00137116   -0.00627125
     atom  390 type  1   force =     0.01288466   -0.00876715   -0.01431348
     atom  391 type  1   force =    -0.00322942    0.00380196   -0.00210775
     atom  392 type  1   force =     0.00195117   -0.00589337   -0.01445102
     atom  393 type  1   force =    -0.00972794   -0.00024505   -0.00646353
     atom  394 type  1   force =    -0.00700072    0.00615249    0.00033049
     atom  395 type  1   force =    -0.02876840    0.00730134    0.01048854
     atom  396 type  1   force =    -0.01632413    0.00773035    0.01262155
     atom  397 type  1   force =    -0.00031125   -0.01199813   -0.00023676
     atom  398 type  1   force =     0.00676169   -0.00363922    0.00407691
     atom  399 type  1   force =     0.01040181   -0.01905136    0.01003498
     atom  400 type  1   force =     0.00607306   -0.00872778    0.00770476
     atom  401 type  1   force =    -0.00645336   -0.00016410   -0.00975686
     atom  402 type  1   force =     0.00950681    0.00221460   -0.01194474
     atom  403 type  1   force =    -0.00124428    0.01263832   -0.02342640
     atom  404 type  1   force =     0.00516436    0.01023529   -0.01394466
     atom  405 type  1   force =     0.00659893   -0.00627712    0.00382325
     atom  406 type  1   force =     0.00601960   -0.00782176    0.00602296
     atom  407 type  1   force =     0.01558711   -0.03832487    0.01943750
     atom  408 type  1   force =     0.01163569   -0.01110610    0.00721391
     atom  409 type  1   force =    -0.01792013    0.00150831    0.02163160
     atom  410 type  1   force =    -0.03772634    0.01757411   -0.00840775
     atom  411 type  1   force =    -0.01351937    0.00750472    0.00840947
     atom  412 type  1   force =    -0.00933379    0.00704348    0.00201595
     atom  413 type  1   force =     0.01021972    0.00937720   -0.04784840
     atom  414 type  1   force =    -0.00534373    0.01367373   -0.01113347
     atom  415 type  1   force =     0.01214557    0.00515769   -0.01269726
     atom  416 type  1   force =     0.00838181    0.00747652   -0.01346851
     atom  417 type  1   force =    -0.01272008    0.00509049    0.01219336
     atom  418 type  1   force =    -0.01120324    0.01379857   -0.00540899
     atom  419 type  1   force =    -0.04782781    0.00909407    0.01021068
     atom  420 type  1   force =     0.00388083   -0.00631805    0.00665094
     atom  421 type  1   force =     0.00712424   -0.01101826    0.01154496
     atom  422 type  1   force =     0.01932741   -0.03843989    0.01579649
     atom  423 type  1   force =     0.00202767    0.00693524   -0.00926708
     atom  424 type  1   force =     0.02159660    0.00166731   -0.01794342
     atom  425 type  1   force =    -0.00833144    0.01769369   -0.03762924
     atom  426 type  1   force =     0.00411005   -0.00370243    0.00679421
     atom  427 type  1   force =     0.00765546   -0.00869798    0.00605453
     atom  428 type  1   force =     0.00991954   -0.01898612    0.01044455
     atom  429 type  1   force =    -0.02353316    0.01263883   -0.00126884
     atom  430 type  1   force =    -0.01401461    0.01032092    0.00517952
     atom  431 type  1   force =    -0.01198885    0.00212058    0.00954337
     atom  432 type  1   force =     0.01255623    0.00776296   -0.01628750
     atom  433 type  1   force =     0.01044473    0.00743933   -0.02872751
     atom  434 type  1   force =     0.00038828    0.00608271   -0.00689597
     atom  435 type  1   force =    -0.01295093    0.00488974    0.00176324
     atom  436 type  1   force =    -0.00610974    0.00685920   -0.00481033
     atom  437 type  1   force =    -0.02159663   -0.00166848    0.01794434
     atom  438 type  1   force =     0.00404239   -0.03190465    0.00862751
     atom  439 type  1   force =     0.00712663   -0.00687537    0.00426600
     atom  440 type  1   force =     0.00284765   -0.00392129    0.00282786
     atom  441 type  1   force =    -0.01377237    0.00827224   -0.02634998
     atom  442 type  1   force =     0.01791950   -0.00150893   -0.02162933
     atom  443 type  1   force =     0.00568674    0.00568898   -0.01098814
     atom  444 type  1   force =     0.01197072   -0.01608664    0.01342576
     atom  445 type  1   force =     0.00837230   -0.00397029    0.00574213
     atom  446 type  1   force =     0.00626510   -0.01970743    0.00637110
     atom  447 type  1   force =    -0.02713310    0.01240279    0.01735110
     atom  448 type  1   force =    -0.00844965    0.00407023    0.00832138
     atom  449 type  1   force =    -0.01198118    0.00949878   -0.00304808
     atom  450 type  1   force =     0.00438507    0.00854837   -0.01926978
     atom  451 type  1   force =    -0.00296873    0.00946795   -0.01187346
     atom  452 type  1   force =     0.00776754    0.01090218   -0.01082086
     atom  453 type  1   force =    -0.02016367    0.00279718    0.01147246
     atom  454 type  1   force =    -0.02332842    0.01807586    0.00410432
     atom  455 type  1   force =     0.00876055   -0.01121282    0.00869343
     atom  456 type  1   force =     0.01023180   -0.01256585    0.01029870
     atom  457 type  1   force =     0.00408481    0.01803173   -0.02322650
     atom  458 type  1   force =    -0.00460938    0.00374202   -0.02124442
     atom  459 type  1   force =     0.01120080   -0.01379834    0.00540952
     atom  460 type  1   force =     0.00607185   -0.00387698    0.00608828
     atom  461 type  1   force =    -0.01163813    0.01110479   -0.00721496
     atom  462 type  1   force =    -0.01667831   -0.00075261    0.00889218
     atom  463 type  1   force =     0.00778616    0.00503689   -0.00836699
     atom  464 type  1   force =     0.00888499   -0.00063477   -0.01667417
     atom  465 type  1   force =    -0.03625442    0.00008004   -0.00068924
     atom  466 type  1   force =    -0.01107932    0.00567756    0.00568892
     atom  467 type  1   force =     0.00702720   -0.00657563    0.00707621
     atom  468 type  1   force =     0.00421872   -0.00674216    0.00711436
     atom  469 type  1   force =    -0.00067884    0.00030010   -0.03631228
     atom  470 type  1   force =    -0.00473998    0.00684429   -0.00597944
     atom  471 type  1   force =     0.00264537   -0.00300903    0.00260064
     atom  472 type  1   force =     0.01339967   -0.01613578    0.01209057
     atom  473 type  1   force =    -0.01934835    0.00846591    0.00436704
     atom  474 type  1   force =    -0.01288557    0.00876793    0.01431600
     atom  475 type  1   force =     0.01728038    0.01250387   -0.02708475
     atom  476 type  1   force =     0.01424514    0.00877357   -0.01283094
     atom  477 type  1   force =    -0.02126831    0.00359696   -0.00465310
     atom  478 type  1   force =     0.00870086   -0.01131338    0.00883493
     atom  479 type  1   force =     0.01144754    0.00295465   -0.02015696
     atom  480 type  1   force =     0.00534490   -0.01367336    0.01113245
     atom  481 type  1   force =    -0.00841274    0.00510459    0.00783033
     atom  482 type  1   force =    -0.00712412    0.01101800   -0.01154644
     atom  483 type  1   force =    -0.02640313    0.00814677   -0.01383427
     atom  484 type  1   force =     0.00851114   -0.03201706    0.00420733
     atom  485 type  1   force =     0.00179034    0.00496459   -0.01286064
     atom  486 type  1   force =     0.00577722   -0.00399353    0.00839919
     atom  487 type  1   force =    -0.01090423    0.01100818    0.00778885
     atom  488 type  1   force =     0.00829082    0.00399011   -0.00840105
     atom  489 type  1   force =    -0.01493464   -0.00815694   -0.01485945
     atom  490 type  1   force =     0.00563606    0.00082822   -0.00222138
     atom  491 type  1   force =    -0.00603434   -0.00343235    0.00374664
     atom  492 type  1   force =    -0.00351526    0.00334531    0.00420093
     atom  493 type  1   force =    -0.00449616   -0.00546798   -0.00139759
     atom  494 type  1   force =     0.00035405   -0.00140870    0.00034285
     atom  495 type  1   force =    -0.00774431   -0.00711869   -0.00694808
     atom  496 type  1   force =     0.00386797   -0.00104954   -0.00866607
     atom  497 type  1   force =    -0.00869090   -0.00109186    0.00377695
     atom  498 type  1   force =    -0.00698037   -0.00718575   -0.00772100
     atom  499 type  1   force =    -0.00124497   -0.00546807   -0.00442242
     atom  500 type  1   force =     0.00411360    0.00331913   -0.00354159
     atom  501 type  1   force =     0.00377789   -0.00341604   -0.00608085
     atom  502 type  1   force =    -0.00221180    0.00095710    0.00563774
     atom  503 type  1   force =    -0.03791496   -0.00846088   -0.03169437
     atom  504 type  1   force =     0.00794260    0.00465348   -0.00564308
     atom  505 type  1   force =    -0.00132488   -0.00170024   -0.00138013
     atom  506 type  1   force =    -0.00179157   -0.00496503    0.01286179
     atom  507 type  1   force =     0.00240028   -0.00002609   -0.00215764
     atom  508 type  1   force =    -0.00607029    0.00387730   -0.00608997
     atom  509 type  1   force =    -0.00568688   -0.00568886    0.01098797
     atom  510 type  1   force =    -0.00702481    0.00657749   -0.00707637
     atom  511 type  1   force =     0.00432629    0.00079081   -0.00450272
     atom  512 type  1   force =     0.00283452    0.00126277    0.00279234
     atom  513 type  1   force =    -0.02746075   -0.03607069   -0.02719741
     atom  514 type  1   force =    -0.00571229    0.00471753    0.00796946
     atom  515 type  1   force =    -0.00090865   -0.00089308   -0.00088110
     atom  516 type  1   force =     0.01294762   -0.00489002   -0.00176343
     atom  517 type  1   force =     0.01107762   -0.00567657   -0.00568787
     atom  518 type  1   force =    -0.00452446    0.00087069    0.00435703
     atom  519 type  1   force =    -0.03190642   -0.00841363   -0.03788366
     atom  520 type  1   force =    -0.00216490   -0.00000573    0.00236553
     atom  521 type  1   force =    -0.03319768   -0.03002325   -0.01371539
     atom  522 type  1   force =     0.00200187    0.00246721    0.00538339
     atom  523 type  1   force =    -0.00578891   -0.00342401    0.00961939
     atom  524 type  1   force =    -0.00290425    0.01081879    0.00952888
     atom  525 type  1   force =    -0.01391084   -0.03011811   -0.03325187
     atom  526 type  1   force =     0.00301908    0.00377070   -0.00009764
     atom  527 type  1   force =     0.00480026    0.00301944   -0.00253276
     atom  528 type  1   force =     0.00872437   -0.00069335    0.00139444
     atom  529 type  1   force =    -0.02422454    0.00512924   -0.02418089
     atom  530 type  1   force =    -0.00221982    0.00037407    0.00517645
     atom  531 type  1   force =    -0.00611392    0.00570926    0.00894775
     atom  532 type  1   force =     0.01318093    0.00973667   -0.00348496
     atom  533 type  1   force =     0.00124411   -0.01263928    0.02342588
     atom  534 type  1   force =    -0.00101233    0.00225364    0.00684988
     atom  535 type  1   force =    -0.00479848   -0.00301778    0.00253429
     atom  536 type  1   force =    -0.00572105   -0.00352508    0.00030691
     atom  537 type  1   force =    -0.00656596    0.00134163    0.00123287
     atom  538 type  1   force =     0.00578708    0.00342401   -0.00961994
     atom  539 type  1   force =     0.00370367    0.00470336    0.00376318
     atom  540 type  1   force =    -0.01040132    0.01905146   -0.01003662
     atom  541 type  1   force =     0.00611274   -0.00570923   -0.00894655
     atom  542 type  1   force =    -0.00042527   -0.00455244   -0.00280993
     atom  543 type  1   force =     0.02876662   -0.00730205   -0.01048742
     atom  544 type  1   force =     0.00686535    0.00218445   -0.00102347
     atom  545 type  1   force =    -0.01044504   -0.00744070    0.02872835
     atom  546 type  1   force =    -0.00283820   -0.00446372   -0.00040886
     atom  547 type  1   force =    -0.00884068   -0.00576380    0.00613461
     atom  548 type  1   force =     0.02353058   -0.01263925    0.00126868
     atom  549 type  1   force =     0.00028420   -0.00348214   -0.00579202
     atom  550 type  1   force =     0.00255548   -0.00320087   -0.00476641
     atom  551 type  1   force =    -0.00991774    0.01898629   -0.01044613
     atom  552 type  1   force =     0.00122135    0.00134771   -0.00658188
     atom  553 type  1   force =    -0.00959458    0.00338567    0.00585572
     atom  554 type  1   force =    -0.00015970    0.00381324    0.00295638
     atom  555 type  1   force =     0.00142608   -0.00069514    0.00873109
     atom  556 type  1   force =    -0.00255402    0.00320245    0.00476833
     atom  557 type  1   force =     0.00883887    0.00576372   -0.00613460
     atom  558 type  1   force =    -0.00350268    0.00974549    0.01329306
     atom  559 type  1   force =     0.00514641    0.00041367   -0.00217738
     atom  560 type  1   force =     0.00950606    0.01067931   -0.00288153
     atom  561 type  1   force =     0.00959428   -0.00338600   -0.00585533
     atom  562 type  1   force =     0.00541021    0.00248974    0.00198979
     atom  563 type  1   force =    -0.06184193   -0.03014530    0.00743902
     atom  564 type  1   force =     0.00740077    0.00653089    0.00134540
     atom  565 type  1   force =    -0.00479596   -0.00137569    0.00786637
     atom  566 type  1   force =    -0.06148780   -0.08448426   -0.09761727
     atom  567 type  1   force =     0.00403875    0.01126808   -0.00788328
     atom  568 type  1   force =     0.00788447   -0.00135088   -0.00486747
     atom  569 type  1   force =    -0.03540802    0.01018985   -0.03412187
     atom  570 type  1   force =    -0.00069067   -0.00241242   -0.00070379
     atom  571 type  1   force =     0.01699621    0.00750040   -0.01101495
     atom  572 type  1   force =    -0.00029093   -0.02220024    0.06307059
     atom  573 type  1   force =    -0.00133639   -0.00211550    0.00260155
     atom  574 type  1   force =    -0.00712524    0.00687744   -0.00426455
     atom  575 type  1   force =    -0.00195222    0.00589389    0.01445296
     atom  576 type  1   force =     0.00420557    0.00045857   -0.00282934
     atom  577 type  1   force =    -0.01773915    0.01639456   -0.01784104
     atom  578 type  1   force =     0.01187546   -0.00350963    0.00208903
     atom  579 type  1   force =    -0.00421678    0.00674288   -0.00711454
     atom  580 type  1   force =     0.00452472   -0.00087100   -0.00435747
     atom  581 type  1   force =    -0.01622830   -0.02286806    0.03085674
     atom  582 type  1   force =    -0.00252942    0.01093693    0.00361703
     atom  583 type  1   force =     0.00473878   -0.00684487    0.00597932
     atom  584 type  1   force =     0.00367746    0.01078539   -0.00255761
     atom  585 type  1   force =    -0.02439732    0.05115354   -0.02466764
     atom  586 type  1   force =    -0.00888572    0.00063478    0.01667630
     atom  587 type  1   force =     0.00149562    0.00066843   -0.00035290
     atom  588 type  1   force =     0.00462767   -0.00357874    0.00949940
     atom  589 type  1   force =     0.00700638    0.00358951   -0.00757733
     atom  590 type  1   force =     0.00087195   -0.00418355    0.00085819
     atom  591 type  1   force =     0.00607040    0.00131028   -0.00504273
     atom  592 type  1   force =     0.00943825   -0.00354460    0.00455731
     atom  593 type  1   force =    -0.02355066   -0.06110930    0.01324794
     atom  594 type  1   force =    -0.00795578    0.01141856    0.00403231
     atom  595 type  1   force =     0.01320285   -0.06138681   -0.02351604
     atom  596 type  1   force =     0.00141981    0.00661301    0.00747560
     atom  597 type  1   force =    -0.07707484    0.01180203   -0.07692161
     atom  598 type  1   force =    -0.01104371    0.00743176    0.01707558
     atom  599 type  1   force =    -0.00455141    0.00012875    0.00484988
     atom  600 type  1   force =     0.00212851   -0.00349352    0.01191972
     atom  601 type  1   force =     0.01434620    0.00599404   -0.00196276
     atom  602 type  1   force =     0.00132520    0.00170051    0.00137879
     atom  603 type  1   force =     0.06318148   -0.02192024   -0.00027804
     atom  604 type  1   force =     0.00486245    0.00004816   -0.00454595
     atom  605 type  1   force =     0.00610733   -0.00685929    0.00480938
     atom  606 type  1   force =     0.03098664   -0.02284258   -0.01630400
     atom  607 type  1   force =     0.01667621    0.00075162   -0.00889192
     atom  608 type  1   force =    -0.00510528    0.00145676    0.00603149
     atom  609 type  1   force =    -0.00760630    0.00357008    0.00708117
     atom  610 type  1   force =    -0.00032385    0.00069621    0.00151498
     atom  611 type  1   force =    -0.09753334   -0.08425513   -0.06072042
     atom  612 type  1   force =     0.00747438   -0.03001496   -0.06211686
     atom  613 type  1   force =    -0.03402577    0.01027058   -0.03540182
     atom  614 type  1   force =    -0.00432828   -0.00079190    0.00450269
     atom  615 type  1   force =    -0.00286270    0.00049262    0.00423820
     atom  616 type  1   force =     0.00264447   -0.00214251   -0.00138274
     atom  617 type  1   force =    -0.02035989   -0.02368371    0.01633057
     atom  618 type  1   force =    -0.00070239    0.00005371    0.00392550
     atom  619 type  1   force =     0.00284650   -0.00579247   -0.00045685
     atom  620 type  1   force =    -0.00731723    0.01774558   -0.00216769
     atom  621 type  1   force =     0.01642571   -0.02370644   -0.02044048
     atom  622 type  1   force =     0.00595789    0.00278951   -0.00372537
     atom  623 type  1   force =    -0.00580993   -0.00042946   -0.00660046
     atom  624 type  1   force =     0.01074206   -0.00622142    0.01141432
     atom  625 type  1   force =    -0.01744781    0.00588702   -0.01750219
     atom  626 type  1   force =    -0.00162277    0.00419793    0.00517803
     atom  627 type  1   force =    -0.00662677   -0.00133193    0.00856153
     atom  628 type  1   force =     0.02405614    0.00388947   -0.00552025
     atom  629 type  1   force =    -0.01051594   -0.06858507    0.05320403
     atom  630 type  1   force =     0.00225190    0.00331253    0.00282838
     atom  631 type  1   force =    -0.00336762   -0.00137142    0.00627175
     atom  632 type  1   force =    -0.01107314   -0.00306319    0.01004168
     atom  633 type  1   force =    -0.00410425    0.00624991    0.00163342
     atom  634 type  1   force =     0.00287233    0.00381915   -0.00546244
     atom  635 type  1   force =     0.00024015   -0.00226803    0.00025720
     atom  636 type  1   force =    -0.04593850    0.02626654   -0.03432103
     atom  637 type  1   force =     0.00890587   -0.00331304   -0.00830463
     atom  638 type  1   force =     0.00609003   -0.00107690    0.00177175
     atom  639 type  1   force =     0.04917713   -0.03071226   -0.06969544
     atom  640 type  1   force =     0.00289555    0.00333533    0.00229393
     atom  641 type  1   force =    -0.06942701   -0.03099210    0.04890383
     atom  642 type  1   force =     0.00176876   -0.00091953    0.00605854
     atom  643 type  1   force =    -0.00824531   -0.00333970    0.00888918
     atom  644 type  1   force =     0.05342774   -0.06883671   -0.01049880
     atom  645 type  1   force =     0.01002314   -0.00298439   -0.01109599
     atom  646 type  1   force =     0.00632188   -0.00151254   -0.00335418
     atom  647 type  1   force =    -0.03405871    0.02631950   -0.04595153
     atom  648 type  1   force =     0.00150364    0.00629501   -0.00417645
     atom  649 type  1   force =    -0.00544744    0.00378831    0.00295682
     atom  650 type  1   force =    -0.00375198    0.00287147    0.00598088
     atom  651 type  1   force =     0.01149347   -0.00618489    0.01083255
     atom  652 type  1   force =    -0.00659319   -0.00035596   -0.00582407
     atom  653 type  1   force =     0.00861217   -0.00125767   -0.00662280
     atom  654 type  1   force =    -0.00553020    0.00372824    0.02412326
     atom  655 type  1   force =     0.00510931    0.00417084   -0.00156077
     atom  656 type  1   force =    -0.00209488    0.01759785   -0.00734275
     atom  657 type  1   force =    -0.00051779   -0.00580157    0.00272663
     atom  658 type  1   force =     0.00392826    0.00002173   -0.00071770
     atom  659 type  1   force =    -0.01727987   -0.01250513    0.02708508
     atom  660 type  1   force =     0.00327408    0.00635447    0.00727302
     atom  661 type  1   force =    -0.00150598   -0.00629506    0.00417622
     atom  662 type  1   force =     0.05878086   -0.03833053   -0.02279164
     atom  663 type  1   force =    -0.00875947    0.01121377   -0.00869507
     atom  664 type  1   force =     0.00410384   -0.00625002   -0.00163398
     atom  665 type  1   force =    -0.01340041    0.01613399   -0.01209237
     atom  666 type  1   force =     0.00198507    0.00469999    0.00205648
     atom  667 type  1   force =     0.02016214   -0.00279820   -0.01147128
     atom  668 type  1   force =    -0.09523869   -0.10261878    0.04666503
     atom  669 type  1   force =    -0.00079084   -0.00065759    0.00537042
     atom  670 type  1   force =    -0.00486424    0.00765846    0.00655586
     atom  671 type  1   force =    -0.00159407    0.00686713    0.00764817
     atom  672 type  1   force =     0.00646597    0.00414708   -0.00224758
     atom  673 type  1   force =    -0.03683733    0.00395541   -0.03686787
     atom  674 type  1   force =     0.00654697   -0.00414246   -0.00219176
     atom  675 type  1   force =     0.00658861    0.00749790   -0.00481827
     atom  676 type  1   force =     0.00032364   -0.00069715   -0.00151571
     atom  677 type  1   force =    -0.05607391   -0.05742866   -0.00269602
     atom  678 type  1   force =    -0.00007024    0.00603509    0.00730980
     atom  679 type  1   force =     0.01112051   -0.00204108   -0.00104550
     atom  680 type  1   force =     0.00729791    0.00591589   -0.00010984
     atom  681 type  1   force =    -0.10139254    0.05220801   -0.10153211
     atom  682 type  1   force =    -0.00700381    0.00719457    0.01227210
     atom  683 type  1   force =    -0.00360101    0.00077681    0.00535002
     atom  684 type  1   force =     0.01197807   -0.00949917    0.00304797
     atom  685 type  1   force =     0.01107176    0.00306215   -0.01004164
     atom  686 type  1   force =     0.00463713    0.00347634    0.00469253
     atom  687 type  1   force =    -0.00176717    0.00092023   -0.00605829
     atom  688 type  1   force =     0.00296863   -0.00946841    0.01187220
     atom  689 type  1   force =    -0.00408367   -0.01803196    0.02322586
     atom  690 type  1   force =    -0.00870096    0.01131437   -0.00883477
     atom  691 type  1   force =     0.02332544   -0.01807568   -0.00410200
     atom  692 type  1   force =     0.00730810    0.00633728    0.00330949
     atom  693 type  1   force =    -0.03235752    0.03130688   -0.03257024
     atom  694 type  1   force =    -0.01144742   -0.00295518    0.02015810
     atom  695 type  1   force =    -0.00390534    0.00242191    0.00379813
     atom  696 type  1   force =    -0.00216842   -0.00416549    0.00654336
     atom  697 type  1   force =     0.00754679    0.00685707   -0.00165310
     atom  698 type  1   force =     0.00069161    0.00241312    0.00070413
     atom  699 type  1   force =     0.04663438   -0.10252221   -0.09528366
     atom  700 type  1   force =     0.00380811    0.00232218   -0.00388792
     atom  701 type  1   force =    -0.00098805   -0.00206214    0.01114389
     atom  702 type  1   force =    -0.00277254   -0.05761954   -0.05630198
     atom  703 type  1   force =     0.01216919    0.00724891   -0.00698412
     atom  704 type  1   force =    -0.00608954    0.00107892   -0.00176921
     atom  705 type  1   force =    -0.01002322    0.00298461    0.01109710
     atom  706 type  1   force =     0.00534621    0.00069683   -0.00361577
     atom  707 type  1   force =    -0.02270009   -0.03845175    0.05851897
     atom  708 type  1   force =     0.02713109   -0.01240294   -0.01734828
     atom  709 type  1   force =    -0.01197029    0.01608559   -0.01342758
     atom  710 type  1   force =    -0.00149925   -0.00066837    0.00035491
     atom  711 type  1   force =    -0.00229664    0.00412149    0.00651776
     atom  712 type  1   force =     0.00535745   -0.00068564   -0.00083974
     atom  713 type  1   force =    -0.00838159   -0.00747656    0.01346827
     atom  714 type  1   force =     0.00220745   -0.00166094   -0.00290976
     atom  715 type  1   force =     0.00736471   -0.00350584   -0.00773148
     atom  716 type  1   force =    -0.01023039    0.01256716   -0.01030047
     atom  717 type  1   force =     0.01351756   -0.00750351   -0.00840695
     atom  718 type  1   force =    -0.00103737   -0.00110867   -0.00101066
     atom  719 type  1   force =    -0.00661094   -0.00116063   -0.00863236
     atom  720 type  1   force =    -0.00438511   -0.00854914    0.01926954
     atom  721 type  1   force =    -0.00601945    0.00782150   -0.00602517
     atom  722 type  1   force =    -0.00290613   -0.00163224    0.00217979
     atom  723 type  1   force =    -0.00435004   -0.00597766    0.00464127
     atom  724 type  1   force =     0.01934555   -0.00846616   -0.00436635
     atom  725 type  1   force =    -0.04304455   -0.08479091   -0.04254980
     atom  726 type  1   force =     0.00588520    0.00276134   -0.00409442
     atom  727 type  1   force =    -0.00534618   -0.00069723    0.00361520
     atom  728 type  1   force =    -0.00574498   -0.00388813    0.00308035
     atom  729 type  1   force =    -0.00348920    0.00200913    0.00163137
     atom  730 type  1   force =     0.00359842   -0.00077704   -0.00534976
     atom  731 type  1   force =     0.00124373   -0.00236344    0.00119739
     atom  732 type  1   force =    -0.07678107   -0.01223324   -0.05726277
     atom  733 type  1   force =    -0.00198458   -0.00469984   -0.00205693
     atom  734 type  1   force =     0.00364634   -0.00104499   -0.00091109
     atom  735 type  1   force =    -0.05758276   -0.01206349   -0.07687311
     atom  736 type  1   force =    -0.00410347    0.00282139    0.00590773
     atom  737 type  1   force =    -0.00090259   -0.00094885    0.00363829
     atom  738 type  1   force =     0.00310250   -0.00384649   -0.00578528
     atom  739 type  1   force =     0.00157011    0.00200041   -0.00353482
     atom  740 type  1   force =    -0.00862735   -0.00119242   -0.00660933
     atom  741 type  1   force =     0.00475358   -0.00598154   -0.00428241
     atom  742 type  1   force =    -0.00773535   -0.00357733    0.00728180
     atom  743 type  1   force =     0.00175562    0.00258823    0.00178865
     atom  744 type  1   force =    -0.02836644   -0.01515319   -0.02821211
     atom  745 type  1   force =    -0.07013646    0.00292827   -0.03272496
     atom  746 type  1   force =     0.00954291    0.00808689    0.00672489
     atom  747 type  1   force =    -0.00387009    0.00104912    0.00866552
     atom  748 type  1   force =    -0.00952048    0.02009994    0.03174814
     atom  749 type  1   force =    -0.00571359   -0.08089598   -0.00530745
     atom  750 type  1   force =     0.00760567    0.01154329    0.01005437
     atom  751 type  1   force =     0.00774620    0.00712107    0.00694847
     atom  752 type  1   force =     0.01724799   -0.00363092    0.01856525
     atom  753 type  1   force =    -0.03279943    0.00325111   -0.07025382
     atom  754 type  1   force =     0.00820370   -0.00261170    0.00241700
     atom  755 type  1   force =     0.00449579    0.00546899    0.00139812
     atom  756 type  1   force =     0.01410015    0.03126388   -0.01105985
     atom  757 type  1   force =     0.01475240   -0.00677160    0.01282866
     atom  758 type  1   force =     0.00830949    0.00810669    0.00829009
     atom  759 type  1   force =     0.00581242    0.00043156    0.00660041
     atom  760 type  1   force =     0.02640057   -0.00814662    0.01383300
     atom  761 type  1   force =     0.00067807   -0.00030153    0.03631393
     atom  762 type  1   force =    -0.00284978    0.00579230    0.00045625
     atom  763 type  1   force =     0.00186390    0.00500282    0.00802822
     atom  764 type  1   force =    -0.01149768    0.02272409    0.00399535
     atom  765 type  1   force =     0.00662619    0.00133216   -0.00856042
     atom  766 type  1   force =    -0.00403936    0.03190738   -0.00862793
     atom  767 type  1   force =     0.02723014    0.01054428   -0.01252346
     atom  768 type  1   force =     0.00806539    0.00501925    0.00196127
     atom  769 type  1   force =    -0.01256063    0.01041096    0.02734140
     atom  770 type  1   force =    -0.00850861    0.03202024   -0.00420673
     atom  771 type  1   force =    -0.00861526    0.00125674    0.00662263
     atom  772 type  1   force =     0.01288521   -0.00677706    0.01485018
     atom  773 type  1   force =     0.01377149   -0.00827440    0.02634997
     atom  774 type  1   force =     0.00659551    0.00035871    0.00582503
     atom  775 type  1   force =     0.00403155    0.02255814   -0.01144844
     atom  776 type  1   force =     0.03625123   -0.00008102    0.00069018
     atom  777 type  1   force =     0.00051700    0.00580175   -0.00272616
     atom  778 type  1   force =     0.01004159    0.01145181    0.00749621
     atom  779 type  1   force =     0.01847351   -0.00365995    0.01724993
     atom  780 type  1   force =     0.00698211    0.00718717    0.00772090
     atom  781 type  1   force =     0.00124252    0.00546832    0.00442222
     atom  782 type  1   force =    -0.01110745    0.03141342    0.01413194
     atom  783 type  1   force =     0.00238394   -0.00262737    0.00817658
     atom  784 type  1   force =     0.03158923    0.02016530   -0.00944660
     atom  785 type  1   force =     0.00869102    0.00109279   -0.00377624
     atom  786 type  1   force =     0.00684702    0.00812299    0.00966759
     atom  787 type  1   force =    -0.06318511    0.02191789    0.00027707
     atom  788 type  1   force =     0.01787090    0.00922506    0.00384621
     atom  789 type  1   force =    -0.00745813   -0.00304431    0.00843457
     atom  790 type  1   force =     0.04063325   -0.10716038    0.08213230
     atom  791 type  1   force =     0.00855973    0.01749703    0.00151785
     atom  792 type  1   force =     0.00929939   -0.00180948    0.00930703
     atom  793 type  1   force =    -0.05944343    0.04823850   -0.08981349
     atom  794 type  1   force =     0.00843916   -0.00299476   -0.00744986
     atom  795 type  1   force =     0.01622949    0.02286746   -0.03085678
     atom  796 type  1   force =     0.03402750   -0.01027321    0.03540104
     atom  797 type  1   force =     0.00560656   -0.00153320    0.00211160
     atom  798 type  1   force =     0.00031423    0.01200114    0.00023789
     atom  799 type  1   force =    -0.00747228    0.03001502    0.06212048
     atom  800 type  1   force =     0.00095445    0.00417733    0.00678510
     atom  801 type  1   force =    -0.03285411    0.04133967   -0.01157128
     atom  802 type  1   force =     0.00866561    0.00294392    0.00493419
     atom  803 type  1   force =    -0.01138348    0.04117301   -0.03277442
     atom  804 type  1   force =     0.00721450    0.00432644   -0.00549055
     atom  805 type  1   force =    -0.03446202    0.00163749    0.04971627
     atom  806 type  1   force =    -0.01320076    0.06139225    0.02352047
     atom  807 type  1   force =     0.01884033   -0.02476181    0.03492564
     atom  808 type  1   force =     0.00800517    0.01252583    0.00794784
     atom  809 type  1   force =     0.02355626    0.06111233   -0.01324763
     atom  810 type  1   force =     0.00645225    0.00016399    0.00975841
     atom  811 type  1   force =     0.00663084    0.00379543    0.00289858
     atom  812 type  1   force =     0.01773937   -0.01639705    0.01783930
     atom  813 type  1   force =     0.00390144    0.00601471   -0.00062078
     atom  814 type  1   force =     0.00496677   -0.00245713    0.01422283
     atom  815 type  1   force =     0.01319226    0.01309819   -0.01094271
     atom  816 type  1   force =     0.01420811   -0.00249401    0.00497022
     atom  817 type  1   force =    -0.11596745    0.01540669    0.06037527
     atom  818 type  1   force =    -0.03098866    0.02284283    0.01630678
     atom  819 type  1   force =     0.02439747   -0.05115265    0.02466400
     atom  820 type  1   force =     0.00159804    0.01764951    0.00851405
     atom  821 type  1   force =     0.06075131    0.01649622   -0.11619390
     atom  822 type  1   force =     0.00388588    0.00916267    0.01802593
     atom  823 type  1   force =     0.00413520    0.00222808    0.00411939
     atom  824 type  1   force =     0.03540971   -0.01019104    0.03412051
     atom  825 type  1   force =     0.00482138    0.00293718    0.00860652
     atom  826 type  1   force =    -0.00488306    0.00487392    0.00881717
     atom  827 type  1   force =     0.06184275    0.03014343   -0.00743682
     atom  828 type  1   force =     0.00877662    0.00485590   -0.00482850
     atom  829 type  1   force =     0.00972417    0.00024457    0.00646322
     atom  830 type  1   force =     0.03500562   -0.02478269    0.01899087
     atom  831 type  1   force =     0.04962671    0.00197491   -0.03440667
     atom  832 type  1   force =     0.00293255    0.00393873    0.00661172
     atom  833 type  1   force =    -0.01102753    0.01314218    0.01324714
     atom  834 type  1   force =    -0.00054168    0.00599809    0.00404907
     atom  835 type  1   force =    -0.08987500    0.04797442   -0.05971851
     atom  836 type  1   force =     0.08225447   -0.10745520    0.04145250
     atom  837 type  1   force =     0.00029050    0.02219589   -0.06307139
     atom  838 type  1   force =     0.00215584   -0.00151972    0.00559106
     atom  839 type  1   force =    -0.00553010    0.00441616    0.00721340
     atom  840 type  1   force =     0.00676707    0.00414104    0.00098657
     atom  841 type  1   force =    -0.04962688   -0.00197839    0.03440783
     atom  842 type  1   force =     0.00459308    0.00644694    0.00772889
     atom  843 type  1   force =     0.00571735    0.00352460   -0.00030722
     atom  844 type  1   force =    -0.05343110    0.06884056    0.01050064
     atom  845 type  1   force =     0.03285157   -0.04133868    0.01156892
     atom  846 type  1   force =     0.00689741    0.00788890    0.00690326
     atom  847 type  1   force =     0.00042799    0.00455541    0.00281140
     atom  848 type  1   force =     0.03405924   -0.02632448    0.04595041
     atom  849 type  1   force =    -0.01884121    0.02475905   -0.03492733
     atom  850 type  1   force =     0.00771715    0.00644123    0.00465574
     atom  851 type  1   force =     0.00656477   -0.00134172   -0.00123128
     atom  852 type  1   force =     0.06942926    0.03098922   -0.04890396
     atom  853 type  1   force =     0.03235750   -0.03131062    0.03256801
     atom  854 type  1   force =     0.00816864    0.01041872    0.00505071
     atom  855 type  1   force =     0.00582418   -0.00005667    0.00393878
     atom  856 type  1   force =     0.00983827   -0.00310953    0.01623051
     atom  857 type  1   force =    -0.00146572    0.01525008    0.02223424
     atom  858 type  1   force =    -0.00146927    0.00492273   -0.00014401
     atom  859 type  1   force =    -0.00071625   -0.00271893    0.01006330
     atom  860 type  1   force =    -0.05878550    0.03832994    0.02279417
     atom  861 type  1   force =     0.00731232   -0.00063470   -0.00794291
     atom  862 type  1   force =     0.01392395    0.02094192   -0.00247885
     atom  863 type  1   force =     0.02270242    0.03844924   -0.05852099
     atom  864 type  1   force =     0.00347180    0.00754835    0.00854859
     atom  865 type  1   force =     0.00840101    0.00756114    0.00337457
     atom  866 type  1   force =    -0.00245351    0.02107970    0.01392090
     atom  867 type  1   force =    -0.00796481   -0.00072620    0.00733165
     atom  868 type  1   force =     0.00512534    0.01053256    0.00815372
     atom  869 type  1   force =     0.01620844   -0.00312677    0.00982029
     atom  870 type  1   force =     0.00395953   -0.00013676    0.00581748
     atom  871 type  1   force =     0.01006639   -0.00268833   -0.00068112
     atom  872 type  1   force =     0.02210763    0.01527994   -0.00147209
     atom  873 type  1   force =    -0.00005509    0.00488136   -0.00136819
     atom  874 type  1   force =     0.01138423   -0.04117246    0.03277191
     atom  875 type  1   force =     0.04593882   -0.02627049    0.03431862
     atom  876 type  1   force =     0.00284115    0.00446680    0.00041006
     atom  877 type  1   force =    -0.00122470   -0.00134807    0.00658111
     atom  878 type  1   force =    -0.04917910    0.03071053    0.06970024
     atom  879 type  1   force =    -0.03500751    0.02478017   -0.01899448
     atom  880 type  1   force =     0.01051959    0.06858687   -0.05320762
     atom  881 type  1   force =    -0.00028574    0.00348227    0.00579379
     atom  882 type  1   force =     0.03446081   -0.00164110   -0.04971367
     atom  883 type  1   force =    -0.02427621    0.00785054    0.02957945
     atom  884 type  1   force =     0.00728532    0.00358224    0.01015912
     atom  885 type  1   force =    -0.01932673    0.03844218   -0.01579878
     atom  886 type  1   force =     0.00448675    0.00443136    0.00689628
     atom  887 type  1   force =    -0.00626208    0.01971057   -0.00637102
     atom  888 type  1   force =     0.01230312   -0.01428580    0.01715242
     atom  889 type  1   force =    -0.01558639    0.03832729   -0.01943971
     atom  890 type  1   force =     0.00748914    0.00372260   -0.00187758
     atom  891 type  1   force =     0.01243974    0.00229023    0.01397839
     atom  892 type  1   force =     0.08987329   -0.04798108    0.05970833
     atom  893 type  1   force =     0.00661197    0.00116204    0.00863147
     atom  894 type  1   force =     0.00751761   -0.00014379    0.00750480
     atom  895 type  1   force =    -0.00475607    0.00598254    0.00428325
     atom  896 type  1   force =     0.00041195    0.00107567    0.00601491
     atom  897 type  1   force =    -0.10165641    0.02897801   -0.01974830
     atom  898 type  1   force =     0.00599329    0.00110873    0.00047827
     atom  899 type  1   force =     0.02036110    0.02368384   -0.01632959
     atom  900 type  1   force =     0.11596727   -0.01541679   -0.06038020
     atom  901 type  1   force =     0.00234670    0.00604907    0.00634506
     atom  902 type  1   force =    -0.00736639    0.00350619    0.00773232
     atom  903 type  1   force =     0.01744803   -0.00588931    0.01750055
     atom  904 type  1   force =     0.00491351    0.00644114    0.00813889
     atom  905 type  1   force =     0.00773584    0.00357790   -0.00728191
     atom  906 type  1   force =     0.01184959    0.01071404   -0.00580887
     atom  907 type  1   force =     0.00833110   -0.01769673    0.03762833
     atom  908 type  1   force =     0.00579173    0.02020065    0.00567469
     atom  909 type  1   force =    -0.01021989   -0.00938029    0.04784916
     atom  910 type  1   force =    -0.02047900    0.02448425   -0.00211981
     atom  911 type  1   force =    -0.00208014    0.02434068   -0.02038735
     atom  912 type  1   force =     0.00460839   -0.00374324    0.02124546
     atom  913 type  1   force =    -0.00114366    0.00528072    0.00602004
     atom  914 type  1   force =     0.01388820    0.00237127    0.01241012
     atom  915 type  1   force =     0.01720527   -0.01433439    0.01244212
     atom  916 type  1   force =     0.01067564    0.01371018    0.01060798
     atom  917 type  1   force =     0.00605424    0.00524741   -0.00105224
     atom  918 type  1   force =     0.02948382    0.00802940   -0.02423695
     atom  919 type  1   force =     0.03370886   -0.10239460    0.03427300
     atom  920 type  1   force =     0.00862855    0.00119334    0.00660736
     atom  921 type  1   force =    -0.01642622    0.02370800    0.02044393
     atom  922 type  1   force =    -0.08226097    0.10745688   -0.04146588
     atom  923 type  1   force =    -0.04063915    0.10715921   -0.08214124
     atom  924 type  1   force =     0.00434998    0.00597818   -0.00464196
     atom  925 type  1   force =    -0.00586309    0.01076397    0.01189409
     atom  926 type  1   force =     0.00819819    0.00646334    0.00492900
     atom  927 type  1   force =     0.00643439    0.00604058    0.00243356
     atom  928 type  1   force =     0.03772348   -0.01757527    0.00840647
     atom  929 type  1   force =     0.02126472   -0.00359720    0.00465267
     atom  930 type  1   force =     0.04782538   -0.00909580   -0.01020949
     atom  931 type  1   force =    -0.00196318    0.00369990    0.00750900
     atom  932 type  1   force =     0.00690776    0.00444052    0.00447463
     atom  933 type  1   force =     0.01024611    0.00360299    0.00738452
     atom  934 type  1   force =     0.05943922   -0.04824720    0.08981060
     atom  935 type  1   force =    -0.06075629   -0.01650827    0.11619667
     atom  936 type  1   force =    -0.01968999    0.02959635   -0.10168702
     atom  937 type  1   force =     0.01956507    0.02838005    0.01488859
     atom  938 type  1   force =     0.01946773   -0.00022179    0.02145440
     atom  939 type  1   force =     0.01871134    0.01291256    0.02803647
     atom  940 type  1   force =     0.02037847   -0.00212545    0.01900187
     atom  941 type  1   force =     0.01493561    0.00815800    0.01485942
     atom  942 type  1   force =     0.00486882    0.02928189    0.01034262
     atom  943 type  1   force =     0.02806217    0.00800499    0.01213892
     atom  944 type  1   force =     0.01220120    0.00788906    0.02818057
     atom  945 type  1   force =     0.01048353    0.02917902    0.00470156
     atom  946 type  1   force =     0.01898771   -0.00202965    0.02035974
     atom  947 type  1   force =     0.02793112    0.01292678    0.01854806
     atom  948 type  1   force =     0.02153605   -0.00026805    0.01947555
     atom  949 type  1   force =     0.01510162    0.02847389    0.01947162
     atom  950 type  1   force =    -0.04663663    0.10252365    0.09528261
     atom  951 type  1   force =     0.05607768    0.05742864    0.00269705
     atom  952 type  1   force =     0.01096923   -0.00209683    0.01096495
     atom  953 type  1   force =     0.03190918    0.00841417    0.03788381
     atom  954 type  1   force =     0.00921022    0.00816945    0.00699184
     atom  955 type  1   force =     0.00571841    0.08090227    0.00530791
     atom  956 type  1   force =     0.03280075   -0.00325278    0.07025422
     atom  957 type  1   force =     0.02746440    0.03607197    0.02719836
     atom  958 type  1   force =     0.01968372    0.01944344    0.00347162
     atom  959 type  1   force =     0.03684035   -0.00395669    0.03686781
     atom  960 type  1   force =     0.10139566   -0.05221768    0.10152959
     atom  961 type  1   force =     0.00277693    0.05762252    0.05630678
     atom  962 type  1   force =     0.00690284    0.00496495    0.00693443
     atom  963 type  1   force =     0.03791742    0.00846028    0.03169389
     atom  964 type  1   force =     0.07013669   -0.00292882    0.03272364
     atom  965 type  1   force =     0.00353946    0.01954077    0.01978597
     atom  966 type  1   force =     0.09523961    0.10261646   -0.04667274
     atom  967 type  1   force =     0.00695543    0.00816505    0.00917036
     atom  968 type  1   force =     0.01968954   -0.02960317    0.10168717
     atom  969 type  1   force =     0.01210546    0.01025612    0.01289557
     atom  970 type  1   force =     0.05098496    0.00801468    0.01069180
     atom  971 type  1   force =     0.04305079    0.08479479    0.04255140
     atom  972 type  1   force =     0.10165530   -0.02898240    0.01974483
     atom  973 type  1   force =     0.01093308    0.00245410    0.01090465
     atom  974 type  1   force =    -0.00287669    0.05195473    0.00524466
     atom  975 type  1   force =     0.05758728    0.01206383    0.07687500
     atom  976 type  1   force =    -0.03371013    0.10239980   -0.03427881
     atom  977 type  1   force =     0.01289057    0.01022365    0.01199523
     atom  978 type  1   force =     0.02504766   -0.00566006    0.03535626
     atom  979 type  1   force =     0.07678602    0.01223326    0.05726247
     atom  980 type  1   force =     0.07708254   -0.01180236    0.07692421
     atom  981 type  1   force =     0.03319965    0.03002287    0.01371568
     atom  982 type  1   force =     0.00485487    0.01183009    0.01198124
     atom  983 type  1   force =     0.00985489   -0.00082387    0.01202463
     atom  984 type  1   force =     0.01102160    0.00799083    0.01395016
     atom  985 type  1   force =     0.01190222    0.01175263    0.00473376
     atom  986 type  1   force =     0.02422700   -0.00512949    0.02417997
     atom  987 type  1   force =     0.06149666    0.08448896    0.09762249
     atom  988 type  1   force =     0.00582174   -0.00536339    0.00581832
     atom  989 type  1   force =     0.01285040    0.01534966    0.01054626
     atom  990 type  1   force =     0.09754218    0.08425798    0.06072195
     atom  991 type  1   force =     0.01391351    0.03012039    0.03325421
     atom  992 type  1   force =     0.01067873    0.01540211    0.01281456
     atom  993 type  1   force =     0.01208621   -0.00081797    0.00988017
     atom  994 type  1   force =     0.01387164    0.00796475    0.01088761
     atom  995 type  1   force =     0.00543409    0.05178746   -0.00307199
     atom  996 type  1   force =     0.03534240   -0.00547623    0.02509748
     atom  997 type  1   force =     0.01069846    0.00777860    0.05117008
     atom  998 type  1   force =     0.02836914    0.01515348    0.02821186
     atom  999 type  2   force =    -0.00000555   -0.00000695   -0.00001190
        
     Tot. elapsed time 01h-53m-28.8s,  time spent in last step 04m-24.3s
       
     --------------------------------------------------------------------------------------------
     TDDFT Force Total                                                   
     --------------------------------------------------------------------------------------------
     atom    1 type  1   force =     0.00095862   -0.00049861    0.00093702
     atom    2 type  1   force =     0.00111021   -0.00079591    0.00136050
     atom    3 type  1   force =     0.00139708   -0.00079561    0.00108551
     atom    4 type  1   force =     0.00151388   -0.00069732    0.00148124
     atom    5 type  1   force =    -0.00102574    0.00020062   -0.00101536
     atom    6 type  1   force =    -0.00154321    0.00078061   -0.00150899
     atom    7 type  1   force =    -0.00024367   -0.00000165   -0.00065808
     atom    8 type  1   force =    -0.00067544   -0.00000589   -0.00023825
     atom    9 type  1   force =     0.00097227   -0.00045146    0.00097967
     atom   10 type  1   force =    -0.00025057    0.00028031    0.00072553
     atom   11 type  1   force =     0.00002993   -0.00043757    0.00083713
     atom   12 type  1   force =     0.00020243   -0.00030131    0.00096854
     atom   13 type  1   force =     0.00101043   -0.00045363    0.00095430
     atom   14 type  1   force =     0.00127191   -0.00033022    0.00026086
     atom   15 type  1   force =     0.00084494   -0.00043435    0.00002355
     atom   16 type  1   force =     0.00151364   -0.00083361    0.00110229
     atom   17 type  1   force =     0.00099050   -0.00087347    0.00096919
     atom   18 type  1   force =    -0.00009552    0.00005768   -0.00008408
     atom   19 type  1   force =    -0.00009141    0.00009237   -0.00009727
     atom   20 type  1   force =     0.00054215   -0.00005961    0.00011199
     atom   21 type  1   force =    -0.00099520    0.00052792   -0.00096107
     atom   22 type  1   force =    -0.00018341    0.00062690   -0.00109542
     atom   23 type  1   force =    -0.00005938   -0.00067175    0.00005475
     atom   24 type  1   force =    -0.00000633   -0.00012028    0.00003302
     atom   25 type  1   force =    -0.00017560    0.00012696   -0.00017667
     atom   26 type  1   force =    -0.00028881    0.00030584   -0.00101363
     atom   27 type  1   force =     0.00003061    0.00026951    0.00004123
     atom   28 type  1   force =    -0.00133338    0.00062194   -0.00100758
     atom   29 type  1   force =    -0.00048019   -0.00024753    0.00010067
     atom   30 type  1   force =     0.00003203   -0.00011830   -0.00000587
     atom   31 type  1   force =    -0.00117668    0.00071366   -0.00139509
     atom   32 type  1   force =    -0.00111275    0.00062207   -0.00017327
     atom   33 type  1   force =    -0.00142519    0.00071459   -0.00115561
     atom   34 type  1   force =     0.00010748   -0.00026041   -0.00047620
     atom   35 type  1   force =    -0.00098424    0.00052512   -0.00096568
     atom   36 type  1   force =     0.00004314   -0.00066623   -0.00004848
     atom   37 type  1   force =    -0.00103510    0.00062637   -0.00130688
     atom   38 type  1   force =    -0.00101351    0.00031570   -0.00030051
     atom   39 type  1   force =     0.00025312   -0.00032592    0.00125942
     atom   40 type  1   force =     0.00111719   -0.00083659    0.00150027
     atom   41 type  1   force =     0.00012791   -0.00006777    0.00052375
     atom   42 type  1   force =    -0.00008194    0.00004923   -0.00009528
     atom   43 type  1   force =     0.00098825   -0.00029208    0.00018658
     atom   44 type  1   force =     0.00074540    0.00028447   -0.00025373
     atom   45 type  1   force =     0.00078205   -0.00031104    0.00016362
     atom   46 type  1   force =     0.00028463   -0.00004225   -0.00018273
     atom   47 type  1   force =     0.00006054   -0.00016059    0.00005357
     atom   48 type  1   force =     0.00009443   -0.00043536    0.00009745
     atom   49 type  1   force =    -0.00052733    0.00032088   -0.00030613
     atom   50 type  1   force =    -0.00024189   -0.00001494   -0.00109965
     atom   51 type  1   force =    -0.00112041   -0.00001508   -0.00024268
     atom   52 type  1   force =    -0.00031681    0.00032440   -0.00050706
     atom   53 type  1   force =    -0.00079209    0.00053454   -0.00077911
     atom   54 type  1   force =    -0.00009075    0.00003659   -0.00008697
     atom   55 type  1   force =     0.00016789   -0.00031165    0.00076727
     atom   56 type  1   force =    -0.00018170   -0.00004010    0.00027691
     atom   57 type  1   force =    -0.00017983    0.00018805    0.00064278
     atom   58 type  1   force =    -0.00006071    0.00080407    0.00021717
     atom   59 type  1   force =    -0.00030536    0.00024408    0.00029638
     atom   60 type  1   force =    -0.00023789    0.00034227    0.00018949
     atom   61 type  1   force =     0.00065398    0.00018388   -0.00017772
     atom   62 type  1   force =     0.00048492    0.00047473   -0.00024960
     atom   63 type  1   force =     0.00031072    0.00022370   -0.00031717
     atom   64 type  1   force =     0.00070196    0.00004736   -0.00034554
     atom   65 type  1   force =     0.00012906   -0.00016318    0.00013421
     atom   66 type  1   force =     0.00145169   -0.00078247    0.00181371
     atom   67 type  1   force =     0.00146424   -0.00099940    0.00147264
     atom   68 type  1   force =     0.00027045   -0.00059699    0.00093559
     atom   69 type  1   force =     0.00036401    0.00012891   -0.00052751
     atom   70 type  1   force =     0.00023803   -0.00038518   -0.00048709
     atom   71 type  1   force =     0.00001867   -0.00039142   -0.00049015
     atom   72 type  1   force =    -0.00092452   -0.00008977   -0.00137390
     atom   73 type  1   force =    -0.00264915    0.00143820   -0.00263420
     atom   74 type  1   force =    -0.00213376    0.00083525   -0.00169430
     atom   75 type  1   force =    -0.00140449    0.00066152   -0.00141406
     atom   76 type  1   force =     0.00011409   -0.00004706    0.00011675
     atom   77 type  1   force =    -0.00031839   -0.00033585   -0.00009710
     atom   78 type  1   force =    -0.00139714   -0.00007267   -0.00089133
     atom   79 type  1   force =    -0.00097832    0.00062511   -0.00007704
     atom   80 type  1   force =    -0.00049960   -0.00036516    0.00024871
     atom   81 type  1   force =    -0.00007835    0.00062553   -0.00097428
     atom   82 type  1   force =    -0.00011777   -0.00035536   -0.00030541
     atom   83 type  1   force =    -0.00053873    0.00012609    0.00036948
     atom   84 type  1   force =    -0.00050140   -0.00036729    0.00003379
     atom   85 type  1   force =     0.00011364   -0.00004113    0.00011555
     atom   86 type  1   force =    -0.00169188    0.00083625   -0.00213928
     atom   87 type  1   force =    -0.00024317    0.00049813    0.00047313
     atom   88 type  1   force =    -0.00034886    0.00006010    0.00069414
     atom   89 type  1   force =     0.00092955   -0.00060217    0.00028107
     atom   90 type  1   force =     0.00180893   -0.00079010    0.00146951
     atom   91 type  1   force =     0.00020496    0.00033525   -0.00024669
     atom   92 type  1   force =     0.00023403    0.00078135   -0.00007639
     atom   93 type  1   force =     0.00077109    0.00031404   -0.00029327
     atom   94 type  1   force =    -0.00003179    0.00048771    0.00012403
     atom   95 type  1   force =     0.00149919   -0.00053660    0.00150772
     atom   96 type  1   force =     0.00187370   -0.00119204    0.00187899
     atom   97 type  1   force =     0.00045458    0.00051533   -0.00062947
     atom   98 type  1   force =     0.00008730   -0.00075786   -0.00052714
     atom   99 type  1   force =    -0.00054501   -0.00073904    0.00009427
     atom  100 type  1   force =    -0.00063416    0.00052142    0.00046156
     atom  101 type  1   force =    -0.00027722   -0.00004065   -0.00027589
     atom  102 type  1   force =    -0.00131466    0.00101929   -0.00132595
     atom  103 type  1   force =    -0.00028025    0.00033537    0.00075832
     atom  104 type  1   force =     0.00014000    0.00050989   -0.00004619
     atom  105 type  1   force =    -0.00020414    0.00018981    0.00030721
     atom  106 type  1   force =     0.00067142   -0.00000584    0.00013891
     atom  107 type  1   force =     0.00043122   -0.00019987   -0.00003293
     atom  108 type  1   force =     0.00046918   -0.00013262   -0.00027643
     atom  109 type  1   force =     0.00106025   -0.00063565    0.00105796
     atom  110 type  1   force =     0.00008315   -0.00004100    0.00013237
     atom  111 type  1   force =     0.00019901    0.00000327   -0.00031405
     atom  112 type  1   force =     0.00028502   -0.00035705    0.00085200
     atom  113 type  1   force =     0.00032145    0.00020012   -0.00021054
     atom  114 type  1   force =     0.00023596   -0.00064401    0.00065959
     atom  115 type  1   force =    -0.00004186    0.00015917    0.00090502
     atom  116 type  1   force =    -0.00011540    0.00021587    0.00006907
     atom  117 type  1   force =    -0.00032978   -0.00040267    0.00023162
     atom  118 type  1   force =    -0.00009442    0.00043544   -0.00009732
     atom  119 type  1   force =    -0.00112065    0.00097850   -0.00089734
     atom  120 type  1   force =     0.00017893   -0.00043555   -0.00045360
     atom  121 type  1   force =    -0.00015287   -0.00025159    0.00003877
     atom  122 type  1   force =    -0.00241068    0.00044886   -0.00174747
     atom  123 type  1   force =    -0.00028484    0.00004220    0.00018279
     atom  124 type  1   force =    -0.00023929    0.00004581   -0.00079588
     atom  125 type  1   force =    -0.00033879    0.00026999   -0.00122419
     atom  126 type  1   force =    -0.00149891    0.00037586   -0.00116849
     atom  127 type  1   force =    -0.00003516    0.00009341    0.00014401
     atom  128 type  1   force =     0.00018182    0.00003984   -0.00027709
     atom  129 type  1   force =     0.00014563    0.00008601   -0.00003779
     atom  130 type  1   force =    -0.00116263    0.00037160   -0.00149217
     atom  131 type  1   force =    -0.00127227    0.00026473   -0.00032452
     atom  132 type  1   force =     0.00022997   -0.00039741   -0.00031492
     atom  133 type  1   force =    -0.00047559   -0.00044993    0.00018382
     atom  134 type  1   force =    -0.00090391    0.00098844   -0.00109397
     atom  135 type  1   force =    -0.00080469    0.00005170   -0.00024886
     atom  136 type  1   force =     0.00003645   -0.00023693   -0.00013968
     atom  137 type  1   force =    -0.00176416    0.00043836   -0.00237360
     atom  138 type  1   force =     0.00013538   -0.00004177    0.00007131
     atom  139 type  1   force =     0.00084974   -0.00036030    0.00029227
     atom  140 type  1   force =    -0.00031000    0.00001242    0.00020042
     atom  141 type  1   force =     0.00090793    0.00015894   -0.00004435
     atom  142 type  1   force =     0.00007850    0.00020831   -0.00012651
     atom  143 type  1   force =     0.00067151   -0.00064439    0.00023492
     atom  144 type  1   force =    -0.00027716   -0.00012086    0.00046489
     atom  145 type  1   force =    -0.00003308   -0.00020265    0.00041573
     atom  146 type  1   force =     0.00015105   -0.00000933    0.00066407
     atom  147 type  1   force =     0.00069016    0.00058151   -0.00026547
     atom  148 type  1   force =     0.00008870    0.00033611   -0.00020572
     atom  149 type  1   force =     0.00096794   -0.00053634    0.00034184
     atom  150 type  1   force =     0.00003128   -0.00011800    0.00037983
     atom  151 type  1   force =     0.00030882    0.00003034   -0.00031990
     atom  152 type  1   force =     0.00009578   -0.00027744    0.00009558
     atom  153 type  1   force =     0.00027753    0.00018274    0.00089839
     atom  154 type  1   force =     0.00034915   -0.00053988    0.00094078
     atom  155 type  1   force =     0.00018312   -0.00062660    0.00109548
     atom  156 type  1   force =     0.00020447   -0.00080861    0.00001640
     atom  157 type  1   force =    -0.00158732    0.00110939   -0.00118474
     atom  158 type  1   force =    -0.00019559   -0.00002215   -0.00020288
     atom  159 type  1   force =     0.00021620   -0.00034326   -0.00022176
     atom  160 type  1   force =    -0.00010599    0.00050617   -0.00061203
     atom  161 type  1   force =    -0.00100007    0.00022691   -0.00003143
     atom  162 type  1   force =    -0.00034720   -0.00005878   -0.00103555
     atom  163 type  1   force =    -0.00004076    0.00023336   -0.00098764
     atom  164 type  1   force =    -0.00059198    0.00001302    0.00030126
     atom  165 type  1   force =    -0.00094333    0.00048397   -0.00040314
     atom  166 type  1   force =    -0.00113643    0.00044228   -0.00096834
     atom  167 type  1   force =     0.00004923    0.00009621   -0.00013444
     atom  168 type  1   force =    -0.00024352    0.00057369   -0.00023927
     atom  169 type  1   force =    -0.00096503    0.00044902   -0.00115382
     atom  170 type  1   force =     0.00024321   -0.00024626   -0.00054370
     atom  171 type  1   force =     0.00029589   -0.00029427    0.00063133
     atom  172 type  1   force =    -0.00003072   -0.00026955   -0.00004118
     atom  173 type  1   force =     0.00132529   -0.00033131    0.00098561
     atom  174 type  1   force =     0.00093803   -0.00086948    0.00127810
     atom  175 type  1   force =    -0.00013555   -0.00019556   -0.00004396
     atom  176 type  1   force =     0.00127377   -0.00086660    0.00093403
     atom  177 type  1   force =     0.00040140    0.00050830   -0.00000753
     atom  178 type  1   force =     0.00111314   -0.00062205    0.00017332
     atom  179 type  1   force =     0.00013529   -0.00028192    0.00014691
     atom  180 type  1   force =    -0.00031211    0.00001962    0.00029716
     atom  181 type  1   force =    -0.00000712    0.00050528    0.00038589
     atom  182 type  1   force =    -0.00019743    0.00032133    0.00007868
     atom  183 type  1   force =    -0.00099147    0.00093671   -0.00097491
     atom  184 type  1   force =     0.00000496   -0.00078793    0.00021652
     atom  185 type  1   force =    -0.00106124   -0.00005907   -0.00034666
     atom  186 type  1   force =     0.00027544   -0.00001874   -0.00024712
     atom  187 type  1   force =    -0.00022870   -0.00032519    0.00022245
     atom  188 type  1   force =    -0.00026152   -0.00003245    0.00028652
     atom  189 type  1   force =    -0.00055332   -0.00023889    0.00024228
     atom  190 type  1   force =    -0.00014327    0.00009857    0.00005826
     atom  191 type  1   force =    -0.00040578    0.00048266   -0.00092341
     atom  192 type  1   force =     0.00065718   -0.00028919    0.00028736
     atom  193 type  1   force =    -0.00004120   -0.00019879   -0.00013855
     atom  194 type  1   force =     0.00100597   -0.00033414    0.00130900
     atom  195 type  1   force =     0.00090773    0.00017529    0.00028631
     atom  196 type  1   force =     0.00037503   -0.00012393    0.00003488
     atom  197 type  1   force =    -0.00027199    0.00058844    0.00067379
     atom  198 type  1   force =    -0.00119079    0.00111198   -0.00158130
     atom  199 type  1   force =     0.00029020    0.00002544   -0.00057261
     atom  200 type  1   force =    -0.00063198    0.00050064   -0.00009045
     atom  201 type  1   force =     0.00017472    0.00087291   -0.00009860
     atom  202 type  1   force =    -0.00001762    0.00011858   -0.00005218
     atom  203 type  1   force =    -0.00031418   -0.00064871    0.00054914
     atom  204 type  1   force =     0.00053927   -0.00012606   -0.00036969
     atom  205 type  1   force =     0.00053445    0.00000462   -0.00026565
     atom  206 type  1   force =    -0.00018769    0.00027613    0.00036687
     atom  207 type  1   force =     0.00068340   -0.00065341    0.00028158
     atom  208 type  1   force =    -0.00011388    0.00004081   -0.00011542
     atom  209 type  1   force =     0.00030278   -0.00000883    0.00125711
     atom  210 type  1   force =     0.00075908   -0.00050170    0.00031170
     atom  211 type  1   force =     0.00073675    0.00018679   -0.00038215
     atom  212 type  1   force =     0.00007796   -0.00062519    0.00097445
     atom  213 type  1   force =     0.00041851    0.00006541   -0.00024255
     atom  214 type  1   force =    -0.00008889   -0.00033607    0.00020613
     atom  215 type  1   force =    -0.00006749    0.00136475   -0.00160334
     atom  216 type  1   force =     0.00000660   -0.00099231   -0.00005516
     atom  217 type  1   force =    -0.00034704    0.00040036   -0.00130716
     atom  218 type  1   force =    -0.00069721    0.00005425   -0.00161097
     atom  219 type  1   force =    -0.00127412    0.00086628   -0.00093416
     atom  220 type  1   force =    -0.00056119   -0.00044046    0.00059956
     atom  221 type  1   force =    -0.00139761    0.00132409    0.00033147
     atom  222 type  1   force =    -0.00061486   -0.00023022    0.00020706
     atom  223 type  1   force =     0.00016393    0.00055006   -0.00051179
     atom  224 type  1   force =     0.00031219   -0.00001965   -0.00029715
     atom  225 type  1   force =    -0.00030922   -0.00003031    0.00032003
     atom  226 type  1   force =    -0.00052404    0.00055664    0.00016057
     atom  227 type  1   force =     0.00021774   -0.00024873   -0.00060738
     atom  228 type  1   force =     0.00030840    0.00131313   -0.00138356
     atom  229 type  1   force =     0.00019776   -0.00032142   -0.00007880
     atom  230 type  1   force =    -0.00023400    0.00006701    0.00041735
     atom  231 type  1   force =    -0.00007082   -0.00098362    0.00002179
     atom  232 type  1   force =    -0.00161225    0.00136941   -0.00003289
     atom  233 type  1   force =    -0.00093775    0.00086880   -0.00127793
     atom  234 type  1   force =     0.00059412   -0.00044507   -0.00055353
     atom  235 type  1   force =    -0.00130696    0.00041263   -0.00036699
     atom  236 type  1   force =    -0.00163290    0.00004798   -0.00067804
     atom  237 type  1   force =     0.00037522    0.00028121   -0.00019486
     atom  238 type  1   force =    -0.00027444    0.00001920    0.00053530
     atom  239 type  1   force =    -0.00011397    0.00004660   -0.00011700
     atom  240 type  1   force =     0.00029929   -0.00065881    0.00068310
     atom  241 type  1   force =    -0.00037647    0.00018336    0.00072083
     atom  242 type  1   force =     0.00097905   -0.00062519    0.00007705
     atom  243 type  1   force =     0.00126382   -0.00002211    0.00032192
     atom  244 type  1   force =     0.00030573   -0.00049730    0.00075321
     atom  245 type  1   force =    -0.00036420   -0.00012874    0.00052766
     atom  246 type  1   force =     0.00055354   -0.00064909   -0.00031574
     atom  247 type  1   force =    -0.00004880    0.00011452   -0.00001753
     atom  248 type  1   force =    -0.00008934    0.00086391    0.00015664
     atom  249 type  1   force =    -0.00009863    0.00028435    0.00001181
     atom  250 type  1   force =     0.00021066    0.00046917   -0.00035049
     atom  251 type  1   force =    -0.00027029   -0.00050806    0.00052670
     atom  252 type  1   force =     0.00004769    0.00029712   -0.00000857
     atom  253 type  1   force =     0.00059943   -0.00041261    0.00086662
     atom  254 type  1   force =    -0.00059443    0.00044506    0.00055390
     atom  255 type  1   force =     0.00004090    0.00033709   -0.00006559
     atom  256 type  1   force =    -0.00027560    0.00001874    0.00024726
     atom  257 type  1   force =     0.00222015   -0.00100245    0.00190648
     atom  258 type  1   force =     0.00028617    0.00012444   -0.00018788
     atom  259 type  1   force =     0.00016043    0.00065375   -0.00024802
     atom  260 type  1   force =     0.00094332   -0.00048351    0.00040290
     atom  261 type  1   force =     0.00178918    0.00046084   -0.00115012
     atom  262 type  1   force =    -0.00027070    0.00059747   -0.00093532
     atom  263 type  1   force =    -0.00038168    0.00028113   -0.00004516
     atom  264 type  1   force =    -0.00005376   -0.00072900   -0.00000224
     atom  265 type  1   force =    -0.00048830    0.00052769   -0.00064014
     atom  266 type  1   force =    -0.00068220   -0.00032992   -0.00155853
     atom  267 type  1   force =    -0.00084984    0.00035991   -0.00029229
     atom  268 type  1   force =     0.00023218   -0.00038606   -0.00050151
     atom  269 type  1   force =    -0.00002218   -0.00009721    0.00031816
     atom  270 type  1   force =     0.00006741    0.00010999   -0.00026895
     atom  271 type  1   force =    -0.00014528    0.00035667    0.00014877
     atom  272 type  1   force =    -0.00008688   -0.00047939    0.00005045
     atom  273 type  1   force =     0.00011517   -0.00021575   -0.00006878
     atom  274 type  1   force =     0.00010828    0.00054664   -0.00052741
     atom  275 type  1   force =     0.00008707   -0.00002130   -0.00011181
     atom  276 type  1   force =     0.00009930    0.00001413   -0.00094878
     atom  277 type  1   force =    -0.00089373   -0.00003185    0.00028766
     atom  278 type  1   force =    -0.00023043    0.00016607    0.00066133
     atom  279 type  1   force =     0.00034432   -0.00047390   -0.00020545
     atom  280 type  1   force =    -0.00036503    0.00086572   -0.00101487
     atom  281 type  1   force =     0.00034911   -0.00006050   -0.00069446
     atom  282 type  1   force =     0.00083832   -0.00067790   -0.00002535
     atom  283 type  1   force =    -0.00163920    0.00109729   -0.00143355
     atom  284 type  1   force =    -0.00139154    0.00036741   -0.00151731
     atom  285 type  1   force =     0.00005779    0.00066451    0.00003896
     atom  286 type  1   force =     0.00031641   -0.00004633    0.00046487
     atom  287 type  1   force =     0.00100040   -0.00022689    0.00003145
     atom  288 type  1   force =     0.00012032    0.00000921   -0.00008364
     atom  289 type  1   force =    -0.00030484    0.00013495   -0.00008847
     atom  290 type  1   force =     0.00127087   -0.00085943    0.00109094
     atom  291 type  1   force =     0.00031593   -0.00008650    0.00090042
     atom  292 type  1   force =     0.00031577   -0.00039389   -0.00014485
     atom  293 type  1   force =    -0.00029031   -0.00002532    0.00057268
     atom  294 type  1   force =     0.00052319    0.00011345   -0.00037073
     atom  295 type  1   force =    -0.00041854   -0.00006557    0.00024280
     atom  296 type  1   force =     0.00038611    0.00017436    0.00104779
     atom  297 type  1   force =     0.00013815   -0.00000907    0.00041165
     atom  298 type  1   force =     0.00028080   -0.00021996    0.00080431
     atom  299 type  1   force =     0.00063799   -0.00053278    0.00050245
     atom  300 type  1   force =     0.00014350   -0.00009857   -0.00005809
     atom  301 type  1   force =    -0.00008465   -0.00000610    0.00020667
     atom  302 type  1   force =    -0.00006751   -0.00010977    0.00026876
     atom  303 type  1   force =     0.00027089   -0.00028565   -0.00045531
     atom  304 type  1   force =     0.00001364    0.00052807   -0.00007932
     atom  305 type  1   force =     0.00130499   -0.00017918    0.00158990
     atom  306 type  1   force =     0.00052419   -0.00055638   -0.00016087
     atom  307 type  1   force =     0.00144866   -0.00048993    0.00039856
     atom  308 type  1   force =     0.00119042   -0.00111155    0.00158121
     atom  309 type  1   force =    -0.00003136    0.00020651   -0.00018941
     atom  310 type  1   force =     0.00027699    0.00012106   -0.00046449
     atom  311 type  1   force =    -0.00171827    0.00227363   -0.00167765
     atom  312 type  1   force =     0.00023999   -0.00066270   -0.00014890
     atom  313 type  1   force =     0.00014881    0.00038767   -0.00031061
     atom  314 type  1   force =     0.00031737   -0.00055805   -0.00068795
     atom  315 type  1   force =    -0.00138096    0.00032118   -0.00032746
     atom  316 type  1   force =    -0.00044464    0.00015671    0.00025742
     atom  317 type  1   force =     0.00003249   -0.00033873   -0.00035835
     atom  318 type  1   force =    -0.00006211   -0.00044164    0.00008924
     atom  319 type  1   force =    -0.00002329    0.00228050   -0.00010538
     atom  320 type  1   force =     0.00023821   -0.00034245   -0.00018987
     atom  321 type  1   force =    -0.00020541   -0.00033533    0.00024702
     atom  322 type  1   force =    -0.00011377    0.00227587   -0.00001455
     atom  323 type  1   force =     0.00008081   -0.00046203   -0.00004980
     atom  324 type  1   force =    -0.00038245   -0.00035229    0.00003710
     atom  325 type  1   force =    -0.00046882    0.00013256    0.00027631
     atom  326 type  1   force =    -0.00018862    0.00020343   -0.00001972
     atom  327 type  1   force =    -0.00015978   -0.00065382    0.00024755
     atom  328 type  1   force =    -0.00168300    0.00227729   -0.00169535
     atom  329 type  1   force =    -0.00031658    0.00031394   -0.00138542
     atom  330 type  1   force =     0.00025920    0.00015672   -0.00044497
     atom  331 type  1   force =    -0.00031619    0.00039377    0.00014513
     atom  332 type  1   force =    -0.00070183   -0.00056517    0.00032705
     atom  333 type  1   force =     0.00025994   -0.00010824   -0.00006853
     atom  334 type  1   force =     0.00021656   -0.00000281   -0.00008431
     atom  335 type  1   force =    -0.00007043    0.00054469    0.00000146
     atom  336 type  1   force =    -0.00045184   -0.00028636    0.00026700
     atom  337 type  1   force =     0.00038943   -0.00048649    0.00145333
     atom  338 type  1   force =     0.00158749   -0.00110914    0.00118466
     atom  339 type  1   force =     0.00161591   -0.00018620    0.00129727
     atom  340 type  1   force =    -0.00016410   -0.00055014    0.00051210
     atom  341 type  1   force =    -0.00004939   -0.00009606    0.00013433
     atom  342 type  1   force =     0.00048818   -0.00052774    0.00063978
     atom  343 type  1   force =     0.00080540   -0.00022487    0.00029577
     atom  344 type  1   force =     0.00042658   -0.00003032    0.00011577
     atom  345 type  1   force =     0.00107763    0.00017863    0.00037653
     atom  346 type  1   force =     0.00023372   -0.00006696   -0.00041776
     atom  347 type  1   force =    -0.00037317    0.00013112    0.00051845
     atom  348 type  1   force =     0.00059240   -0.00001310   -0.00030141
     atom  349 type  1   force =     0.00047726   -0.00006319    0.00028806
     atom  350 type  1   force =     0.00005131    0.00067147    0.00004952
     atom  351 type  1   force =    -0.00008719    0.00002132    0.00011228
     atom  352 type  1   force =     0.00004054   -0.00023306    0.00098748
     atom  353 type  1   force =     0.00089816   -0.00008500    0.00031495
     atom  354 type  1   force =    -0.00014855   -0.00038755    0.00031019
     atom  355 type  1   force =    -0.00008719    0.00013095   -0.00030350
     atom  356 type  1   force =     0.00108883   -0.00086477    0.00128117
     atom  357 type  1   force =     0.00065926    0.00015592   -0.00022551
     atom  358 type  1   force =     0.00029154   -0.00004845   -0.00089058
     atom  359 type  1   force =    -0.00102486    0.00087004   -0.00037588
     atom  360 type  1   force =    -0.00021128   -0.00046912    0.00035087
     atom  361 type  1   force =    -0.00141960    0.00109289   -0.00164247
     atom  362 type  1   force =    -0.00153160    0.00037278   -0.00139412
     atom  363 type  1   force =    -0.00070251   -0.00004750    0.00034563
     atom  364 type  1   force =    -0.00003458   -0.00066015    0.00085010
     atom  365 type  1   force =    -0.00096551    0.00000881    0.00013863
     atom  366 type  1   force =    -0.00012032   -0.00000899    0.00008347
     atom  367 type  1   force =    -0.00052233    0.00054786    0.00010757
     atom  368 type  1   force =    -0.00007823   -0.00020835    0.00012625
     atom  369 type  1   force =     0.00003448   -0.00048716   -0.00007320
     atom  370 type  1   force =     0.00013795    0.00035157   -0.00013984
     atom  371 type  1   force =    -0.00025966    0.00010827    0.00006874
     atom  372 type  1   force =     0.00031182   -0.00009088   -0.00002471
     atom  373 type  1   force =    -0.00092935    0.00060246   -0.00028108
     atom  374 type  1   force =    -0.00113912    0.00045903    0.00180462
     atom  375 type  1   force =    -0.00001691   -0.00070801   -0.00003904
     atom  376 type  1   force =    -0.00004772    0.00029256   -0.00036718
     atom  377 type  1   force =    -0.00028480    0.00035651   -0.00085208
     atom  378 type  1   force =    -0.00051026   -0.00038286    0.00023393
     atom  379 type  1   force =    -0.00063795    0.00053240   -0.00050216
     atom  380 type  1   force =    -0.00158172   -0.00034337   -0.00064725
     atom  381 type  1   force =     0.00056197    0.00044016   -0.00060003
     atom  382 type  1   force =     0.00088416   -0.00040914    0.00059392
     atom  383 type  1   force =     0.00026172    0.00003222   -0.00028671
     atom  384 type  1   force =    -0.00004995    0.00034539    0.00002931
     atom  385 type  1   force =    -0.00024051    0.00066283    0.00014970
     atom  386 type  1   force =     0.00040601   -0.00048256    0.00092360
     atom  387 type  1   force =     0.00191256   -0.00100702    0.00221687
     atom  388 type  1   force =    -0.00019441    0.00013801    0.00027972
     atom  389 type  1   force =     0.00000147    0.00028285    0.00003918
     atom  390 type  1   force =     0.00052570   -0.00050999   -0.00026919
     atom  391 type  1   force =    -0.00034419    0.00047402    0.00020542
     atom  392 type  1   force =     0.00001211    0.00027456   -0.00010172
     atom  393 type  1   force =     0.00018152    0.00021155    0.00015965
     atom  394 type  1   force =    -0.00000555    0.00078780   -0.00021589
     atom  395 type  1   force =     0.00038029    0.00053365   -0.00031593
     atom  396 type  1   force =     0.00014529   -0.00035685   -0.00014848
     atom  397 type  1   force =     0.00011417   -0.00026688    0.00011445
     atom  398 type  1   force =     0.00096459   -0.00044830    0.00115333
     atom  399 type  1   force =     0.00161173   -0.00082616    0.00088635
     atom  400 type  1   force =     0.00044472   -0.00015680   -0.00025744
     atom  401 type  1   force =     0.00015855    0.00021122    0.00017477
     atom  402 type  1   force =    -0.00021567    0.00034345    0.00022125
     atom  403 type  1   force =    -0.00051843    0.00097276    0.00028653
     atom  404 type  1   force =    -0.00065931   -0.00015597    0.00022550
     atom  405 type  1   force =     0.00004224   -0.00015950   -0.00090482
     atom  406 type  1   force =    -0.00075134    0.00004397   -0.00074914
     atom  407 type  1   force =    -0.00107654    0.00136713   -0.00167202
     atom  408 type  1   force =    -0.00032601   -0.00069963    0.00058945
     atom  409 type  1   force =    -0.00023184    0.00082832    0.00008148
     atom  410 type  1   force =     0.00010440   -0.00080265    0.00041563
     atom  411 type  1   force =    -0.00012520    0.00004576   -0.00006116
     atom  412 type  1   force =    -0.00019871   -0.00000326    0.00031375
     atom  413 type  1   force =    -0.00003990   -0.00057478    0.00056347
     atom  414 type  1   force =     0.00058934    0.00063324   -0.00129061
     atom  415 type  1   force =    -0.00043159    0.00019964    0.00003320
     atom  416 type  1   force =    -0.00007527    0.00003425   -0.00012233
     atom  417 type  1   force =     0.00003324    0.00020277   -0.00041621
     atom  418 type  1   force =    -0.00128095    0.00063663    0.00059397
     atom  419 type  1   force =     0.00054661   -0.00055033   -0.00002508
     atom  420 type  1   force =    -0.00090819   -0.00015909    0.00004432
     atom  421 type  1   force =     0.00058073   -0.00071406   -0.00031884
     atom  422 type  1   force =    -0.00165761    0.00136979   -0.00108800
     atom  423 type  1   force =     0.00030989   -0.00001240   -0.00020035
     atom  424 type  1   force =     0.00006757    0.00083250   -0.00022430
     atom  425 type  1   force =     0.00040401   -0.00082946    0.00011745
     atom  426 type  1   force =     0.00113664   -0.00044199    0.00096857
     atom  427 type  1   force =    -0.00025958   -0.00015660    0.00044523
     atom  428 type  1   force =     0.00087306   -0.00082932    0.00163181
     atom  429 type  1   force =     0.00030420    0.00094278   -0.00052695
     atom  430 type  1   force =     0.00023023   -0.00016616   -0.00066123
     atom  431 type  1   force =     0.00022828    0.00032501   -0.00022203
     atom  432 type  1   force =    -0.00013794   -0.00035146    0.00013972
     atom  433 type  1   force =    -0.00030410    0.00055666    0.00036385
     atom  434 type  1   force =    -0.00020415    0.00080865   -0.00001671
     atom  435 type  1   force =     0.00012874    0.00068410    0.00003075
     atom  436 type  1   force =    -0.00020745    0.00084631    0.00030016
     atom  437 type  1   force =    -0.00006793   -0.00083267    0.00022459
     atom  438 type  1   force =     0.00156621   -0.00088436    0.00135820
     atom  439 type  1   force =     0.00032757   -0.00025797    0.00100162
     atom  440 type  1   force =     0.00079186   -0.00053416    0.00077911
     atom  441 type  1   force =     0.00090037    0.00042078   -0.00020875
     atom  442 type  1   force =     0.00023224   -0.00082814   -0.00008193
     atom  443 type  1   force =    -0.00010003    0.00077498    0.00005154
     atom  444 type  1   force =     0.00033529   -0.00036075   -0.00034287
     atom  445 type  1   force =     0.00008761   -0.00013107    0.00030354
     atom  446 type  1   force =    -0.00106206    0.00115605   -0.00106409
     atom  447 type  1   force =    -0.00055807    0.00027114    0.00051542
     atom  448 type  1   force =    -0.00084544    0.00043429   -0.00002371
     atom  449 type  1   force =    -0.00019946   -0.00087319    0.00032620
     atom  450 type  1   force =     0.00016859   -0.00095856   -0.00007887
     atom  451 type  1   force =     0.00031557   -0.00089451   -0.00018823
     atom  452 type  1   force =     0.00045179    0.00028635   -0.00026701
     atom  453 type  1   force =    -0.00008497   -0.00048645    0.00022732
     atom  454 type  1   force =    -0.00098710    0.00022605    0.00098259
     atom  455 type  1   force =    -0.00096328    0.00063224   -0.00119101
     atom  456 type  1   force =    -0.00167805    0.00087182   -0.00169344
     atom  457 type  1   force =     0.00098146    0.00021270   -0.00098496
     atom  458 type  1   force =    -0.00032940   -0.00049604    0.00029146
     atom  459 type  1   force =     0.00128151   -0.00063658   -0.00059369
     atom  460 type  1   force =     0.00162411   -0.00066543    0.00163565
     atom  461 type  1   force =     0.00032525    0.00069958   -0.00058898
     atom  462 type  1   force =     0.00044408    0.00016336   -0.00007473
     atom  463 type  1   force =     0.00052707   -0.00032061    0.00030595
     atom  464 type  1   force =    -0.00008301    0.00017571    0.00044249
     atom  465 type  1   force =    -0.00000894    0.00019860    0.00056929
     atom  466 type  1   force =     0.00006315    0.00074828   -0.00011529
     atom  467 type  1   force =     0.00104663   -0.00044492    0.00105593
     atom  468 type  1   force =     0.00100607   -0.00026990    0.00034369
     atom  469 type  1   force =     0.00058327    0.00021036   -0.00001855
     atom  470 type  1   force =     0.00031433    0.00085263   -0.00021854
     atom  471 type  1   force =     0.00009166   -0.00009256    0.00009743
     atom  472 type  1   force =    -0.00033749   -0.00035571    0.00032861
     atom  473 type  1   force =    -0.00009355   -0.00092958    0.00018274
     atom  474 type  1   force =    -0.00052597    0.00050998    0.00026898
     atom  475 type  1   force =     0.00050574    0.00026200   -0.00054962
     atom  476 type  1   force =     0.00027034    0.00050782   -0.00052662
     atom  477 type  1   force =     0.00027907   -0.00048460   -0.00032035
     atom  478 type  1   force =    -0.00117216    0.00063090   -0.00097160
     atom  479 type  1   force =     0.00022171   -0.00050725   -0.00007208
     atom  480 type  1   force =    -0.00058971   -0.00063268    0.00129058
     atom  481 type  1   force =     0.00031715   -0.00032446    0.00050728
     atom  482 type  1   force =    -0.00058022    0.00071378    0.00031842
     atom  483 type  1   force =    -0.00019427    0.00040738    0.00087947
     atom  484 type  1   force =     0.00135713   -0.00087815    0.00155501
     atom  485 type  1   force =     0.00003721    0.00069931    0.00011988
     atom  486 type  1   force =     0.00030483   -0.00013490    0.00008902
     atom  487 type  1   force =    -0.00027101    0.00028555    0.00045543
     atom  488 type  1   force =    -0.00002969    0.00043722   -0.00083707
     atom  489 type  1   force =     0.00028597    0.00010876    0.00028537
     atom  490 type  1   force =    -0.00008133    0.00046219    0.00005034
     atom  491 type  1   force =     0.00163927   -0.00109806    0.00143386
     atom  492 type  1   force =     0.00001728    0.00070826    0.00003876
     atom  493 type  1   force =     0.00020340   -0.00083727   -0.00033975
     atom  494 type  1   force =    -0.00095846    0.00049841   -0.00093700
     atom  495 type  1   force =    -0.00023697    0.00007262   -0.00072214
     atom  496 type  1   force =    -0.00086246   -0.00029594    0.00026609
     atom  497 type  1   force =     0.00027542   -0.00031088   -0.00085400
     atom  498 type  1   force =    -0.00071699    0.00008080   -0.00025414
     atom  499 type  1   force =    -0.00035447   -0.00082995    0.00021068
     atom  500 type  1   force =     0.00005314    0.00072920    0.00000294
     atom  501 type  1   force =     0.00141942   -0.00109346    0.00164259
     atom  502 type  1   force =     0.00006228    0.00044190   -0.00008939
     atom  503 type  1   force =     0.00230988    0.00024784    0.00155073
     atom  504 type  1   force =    -0.00023837    0.00038541    0.00048760
     atom  505 type  1   force =     0.00174837   -0.00118326    0.00174552
     atom  506 type  1   force =    -0.00003653   -0.00069941   -0.00012048
     atom  507 type  1   force =     0.00004125    0.00019872    0.00013850
     atom  508 type  1   force =    -0.00162446    0.00066623   -0.00163598
     atom  509 type  1   force =     0.00010050   -0.00077490   -0.00005197
     atom  510 type  1   force =    -0.00104665    0.00044564   -0.00105619
     atom  511 type  1   force =     0.00042483    0.00025414   -0.00022249
     atom  512 type  1   force =     0.00140476   -0.00066240    0.00141422
     atom  513 type  1   force =     0.00212432   -0.00128913    0.00210900
     atom  514 type  1   force =     0.00050018    0.00036526   -0.00024908
     atom  515 type  1   force =    -0.00009575    0.00027722   -0.00009563
     atom  516 type  1   force =    -0.00012901   -0.00068426   -0.00003056
     atom  517 type  1   force =    -0.00006351   -0.00074859    0.00011578
     atom  518 type  1   force =    -0.00020972    0.00023571    0.00040669
     atom  519 type  1   force =     0.00157204    0.00025727    0.00225852
     atom  520 type  1   force =     0.00013548    0.00019560    0.00004406
     atom  521 type  1   force =     0.00044529   -0.00132043    0.00286254
     atom  522 type  1   force =     0.00023941   -0.00004568    0.00079635
     atom  523 type  1   force =     0.00025119   -0.00005501    0.00089227
     atom  524 type  1   force =     0.00031873    0.00033619    0.00009668
     atom  525 type  1   force =     0.00289846   -0.00134201    0.00039323
     atom  526 type  1   force =     0.00032982    0.00040301   -0.00023187
     atom  527 type  1   force =    -0.00000419    0.00021963   -0.00005305
     atom  528 type  1   force =     0.00213389   -0.00083613    0.00169444
     atom  529 type  1   force =     0.00306286   -0.00115483    0.00303769
     atom  530 type  1   force =     0.00003490   -0.00009335   -0.00014383
     atom  531 type  1   force =     0.00050457    0.00026619   -0.00024713
     atom  532 type  1   force =    -0.00001894    0.00039151    0.00049050
     atom  533 type  1   force =     0.00051903   -0.00097308   -0.00028710
     atom  534 type  1   force =    -0.00097258    0.00045154   -0.00097982
     atom  535 type  1   force =     0.00000365   -0.00021957    0.00005346
     atom  536 type  1   force =     0.00002759   -0.00031548   -0.00004306
     atom  537 type  1   force =    -0.00017453   -0.00018467   -0.00014600
     atom  538 type  1   force =    -0.00025096    0.00005464   -0.00089202
     atom  539 type  1   force =    -0.00099081    0.00087321   -0.00096916
     atom  540 type  1   force =    -0.00161167    0.00082661   -0.00088642
     atom  541 type  1   force =    -0.00050393   -0.00026619    0.00024683
     atom  542 type  1   force =     0.00008903    0.00021306    0.00005244
     atom  543 type  1   force =    -0.00038062   -0.00053388    0.00031634
     atom  544 type  1   force =    -0.00101028    0.00045338   -0.00095373
     atom  545 type  1   force =     0.00030473   -0.00055671   -0.00036436
     atom  546 type  1   force =     0.00005438    0.00021077    0.00008756
     atom  547 type  1   force =     0.00024710   -0.00027765   -0.00050458
     atom  548 type  1   force =    -0.00030484   -0.00094299    0.00052749
     atom  549 type  1   force =    -0.00003938   -0.00031173    0.00003221
     atom  550 type  1   force =     0.00004647   -0.00021334    0.00001134
     atom  551 type  1   force =    -0.00087373    0.00083008   -0.00163195
     atom  552 type  1   force =    -0.00014880   -0.00018607   -0.00018039
     atom  553 type  1   force =    -0.00088574    0.00005931   -0.00025643
     atom  554 type  1   force =    -0.00023023    0.00039744    0.00031550
     atom  555 type  1   force =     0.00169245   -0.00083725    0.00213961
     atom  556 type  1   force =    -0.00004606    0.00021365   -0.00001180
     atom  557 type  1   force =    -0.00024736    0.00027782    0.00050473
     atom  558 type  1   force =     0.00050196    0.00036748   -0.00003424
     atom  559 type  1   force =    -0.00014548   -0.00008577    0.00003756
     atom  560 type  1   force =     0.00011734    0.00035545    0.00030575
     atom  561 type  1   force =     0.00088532   -0.00005952    0.00025629
     atom  562 type  1   force =     0.00080463   -0.00005133    0.00024836
     atom  563 type  1   force =     0.00009949   -0.00202424    0.00227254
     atom  564 type  1   force =    -0.00008788    0.00075799    0.00052771
     atom  565 type  1   force =     0.00031695   -0.00031462    0.00138533
     atom  566 type  1   force =     0.00861494   -0.00567235    0.00050775
     atom  567 type  1   force =     0.00003129   -0.00020660    0.00018966
     atom  568 type  1   force =     0.00138056   -0.00032161    0.00032739
     atom  569 type  1   force =     0.00078927   -0.00052600    0.00168732
     atom  570 type  1   force =     0.00008373   -0.00056432    0.00008752
     atom  571 type  1   force =    -0.00010860   -0.00054656    0.00052753
     atom  572 type  1   force =     0.00049398   -0.00045692   -0.00059448
     atom  573 type  1   force =    -0.00054210    0.00005954   -0.00011198
     atom  574 type  1   force =    -0.00032757    0.00025827   -0.00100138
     atom  575 type  1   force =    -0.00001229   -0.00027462    0.00010193
     atom  576 type  1   force =    -0.00111692    0.00083608   -0.00150010
     atom  577 type  1   force =     0.00052989   -0.00015257    0.00052672
     atom  578 type  1   force =    -0.00089775    0.00008503   -0.00031488
     atom  579 type  1   force =    -0.00100616    0.00027055   -0.00034416
     atom  580 type  1   force =     0.00020984   -0.00023566   -0.00040669
     atom  581 type  1   force =     0.00153997    0.00117617   -0.00137652
     atom  582 type  1   force =     0.00008442    0.00000621   -0.00020642
     atom  583 type  1   force =    -0.00031354   -0.00085282    0.00021794
     atom  584 type  1   force =    -0.00021623    0.00000322    0.00008394
     atom  585 type  1   force =    -0.00058173    0.00162618   -0.00059719
     atom  586 type  1   force =     0.00008340   -0.00017570   -0.00044303
     atom  587 type  1   force =    -0.00005862    0.00018285    0.00001291
     atom  588 type  1   force =    -0.00023182    0.00038548    0.00050094
     atom  589 type  1   force =    -0.00029189    0.00004875    0.00089114
     atom  590 type  1   force =     0.00131441   -0.00101974    0.00132618
     atom  591 type  1   force =    -0.00003496    0.00048724    0.00007369
     atom  592 type  1   force =     0.00050977    0.00038251   -0.00023375
     atom  593 type  1   force =     0.00053820   -0.00190227    0.00273728
     atom  594 type  1   force =     0.00018880   -0.00020327    0.00001923
     atom  595 type  1   force =     0.00276220   -0.00189839    0.00049130
     atom  596 type  1   force =     0.00054533    0.00073950   -0.00009459
     atom  597 type  1   force =     0.00492532   -0.00087201    0.00484101
     atom  598 type  1   force =     0.00052281   -0.00054807   -0.00010765
     atom  599 type  1   force =    -0.00098850    0.00029207   -0.00018670
     atom  600 type  1   force =    -0.00031621    0.00008684   -0.00090062
     atom  601 type  1   force =     0.00009864   -0.00028433   -0.00001182
     atom  602 type  1   force =    -0.00174829    0.00118248   -0.00174534
     atom  603 type  1   force =    -0.00062360   -0.00043571    0.00050094
     atom  604 type  1   force =    -0.00020220    0.00030110   -0.00096840
     atom  605 type  1   force =     0.00020708   -0.00084632   -0.00029968
     atom  606 type  1   force =    -0.00139062    0.00118735    0.00154703
     atom  607 type  1   force =    -0.00044425   -0.00016360    0.00007506
     atom  608 type  1   force =     0.00008736    0.00047953   -0.00005090
     atom  609 type  1   force =     0.00089451    0.00003181   -0.00028791
     atom  610 type  1   force =     0.00001942    0.00018079   -0.00005710
     atom  611 type  1   force =     0.00061862   -0.00564564    0.00852653
     atom  612 type  1   force =     0.00230677   -0.00202771    0.00006920
     atom  613 type  1   force =     0.00172761   -0.00051666    0.00075788
     atom  614 type  1   force =    -0.00042520   -0.00025402    0.00022268
     atom  615 type  1   force =    -0.00151375    0.00083330   -0.00110241
     atom  616 type  1   force =    -0.00012769    0.00006763   -0.00052366
     atom  617 type  1   force =    -0.00061232   -0.00098538    0.00109773
     atom  618 type  1   force =     0.00133357   -0.00062172    0.00100763
     atom  619 type  1   force =    -0.00007469    0.00078237   -0.00009378
     atom  620 type  1   force =     0.00036485   -0.00086575    0.00101468
     atom  621 type  1   force =     0.00111070   -0.00099010   -0.00062444
     atom  622 type  1   force =     0.00099490   -0.00052759    0.00096069
     atom  623 type  1   force =     0.00070785   -0.00052970    0.00016482
     atom  624 type  1   force =     0.00070126    0.00056518   -0.00032695
     atom  625 type  1   force =     0.00018195   -0.00027778    0.00017533
     atom  626 type  1   force =     0.00117704   -0.00071354    0.00139501
     atom  627 type  1   force =    -0.00025162    0.00042300    0.00028622
     atom  628 type  1   force =    -0.00031198    0.00009082    0.00002481
     atom  629 type  1   force =     0.00716766    0.00252748   -0.00315872
     atom  630 type  1   force =     0.00018023   -0.00018802   -0.00064345
     atom  631 type  1   force =    -0.00000169   -0.00028292   -0.00003896
     atom  632 type  1   force =    -0.00067271    0.00018753   -0.00027811
     atom  633 type  1   force =    -0.00017224   -0.00083036    0.00024501
     atom  634 type  1   force =     0.00007095   -0.00054509   -0.00000213
     atom  635 type  1   force =    -0.00012897    0.00016359   -0.00013423
     atom  636 type  1   force =     0.00057283   -0.00110029   -0.00044100
     atom  637 type  1   force =    -0.00127036    0.00085963   -0.00109097
     atom  638 type  1   force =     0.00024782    0.00002406   -0.00062828
     atom  639 type  1   force =    -0.00062897    0.01060401   -0.00013745
     atom  640 type  1   force =    -0.00065410   -0.00018420    0.00017799
     atom  641 type  1   force =    -0.00016163    0.01053654   -0.00060904
     atom  642 type  1   force =    -0.00063349    0.00003721    0.00023789
     atom  643 type  1   force =    -0.00108923    0.00086538   -0.00128124
     atom  644 type  1   force =    -0.00313878    0.00251128    0.00729040
     atom  645 type  1   force =    -0.00026006    0.00017636   -0.00067256
     atom  646 type  1   force =    -0.00004712   -0.00029713    0.00000798
     atom  647 type  1   force =    -0.00049608   -0.00114177    0.00061486
     atom  648 type  1   force =     0.00023539   -0.00083773   -0.00015886
     atom  649 type  1   force =    -0.00001412   -0.00052830    0.00007969
     atom  650 type  1   force =     0.00098471   -0.00052509    0.00096581
     atom  651 type  1   force =    -0.00031720    0.00055793    0.00068769
     atom  652 type  1   force =     0.00014915   -0.00052322    0.00071339
     atom  653 type  1   force =     0.00029325    0.00041030   -0.00024277
     atom  654 type  1   force =     0.00002204    0.00009713   -0.00031813
     atom  655 type  1   force =     0.00142507   -0.00071425    0.00115531
     atom  656 type  1   force =     0.00102485   -0.00087050    0.00037616
     atom  657 type  1   force =    -0.00008761    0.00078797   -0.00008622
     atom  658 type  1   force =     0.00103497   -0.00062603    0.00130650
     atom  659 type  1   force =    -0.00050604   -0.00026202    0.00054983
     atom  660 type  1   force =     0.00024214    0.00001497    0.00109994
     atom  661 type  1   force =    -0.00023490    0.00083759    0.00015828
     atom  662 type  1   force =     0.00205264   -0.00137739   -0.00197200
     atom  663 type  1   force =     0.00096374   -0.00063292    0.00119156
     atom  664 type  1   force =     0.00017155    0.00083019   -0.00024449
     atom  665 type  1   force =     0.00033749    0.00035544   -0.00032848
     atom  666 type  1   force =     0.00109089   -0.00067862    0.00107802
     atom  667 type  1   force =     0.00008527    0.00048664   -0.00022771
     atom  668 type  1   force =     0.00655814    0.03065124   -0.00760286
     atom  669 type  1   force =    -0.00067176    0.00000586   -0.00013906
     atom  670 type  1   force =    -0.00004131   -0.00033718    0.00006608
     atom  671 type  1   force =    -0.00023449   -0.00078167    0.00007682
     atom  672 type  1   force =    -0.00067184    0.00064408   -0.00023485
     atom  673 type  1   force =    -0.00317100    0.00141092   -0.00310175
     atom  674 type  1   force =    -0.00145161    0.00078312   -0.00181395
     atom  675 type  1   force =     0.00005038   -0.00034529   -0.00002974
     atom  676 type  1   force =    -0.00001942   -0.00018058    0.00005707
     atom  677 type  1   force =    -0.00122497    0.00325839   -0.00769552
     atom  678 type  1   force =    -0.00048525   -0.00047500    0.00024992
     atom  679 type  1   force =    -0.00144821    0.00049020   -0.00039865
     atom  680 type  1   force =     0.00024381   -0.00049815   -0.00047382
     atom  681 type  1   force =    -0.01000211    0.00130282   -0.00967348
     atom  682 type  1   force =    -0.00052377   -0.00011356    0.00037090
     atom  683 type  1   force =     0.00069185   -0.00018473    0.00018503
     atom  684 type  1   force =     0.00020018    0.00087316   -0.00032691
     atom  685 type  1   force =     0.00067247   -0.00018719    0.00027786
     atom  686 type  1   force =     0.00009086   -0.00003644    0.00008691
     atom  687 type  1   force =     0.00063318   -0.00003741   -0.00023752
     atom  688 type  1   force =    -0.00031608    0.00089461    0.00018881
     atom  689 type  1   force =    -0.00098171   -0.00021242    0.00098513
     atom  690 type  1   force =     0.00117197   -0.00063113    0.00097131
     atom  691 type  1   force =     0.00098771   -0.00022605   -0.00098277
     atom  692 type  1   force =     0.00112053    0.00001550    0.00024217
     atom  693 type  1   force =    -0.00067017    0.00056022   -0.00066478
     atom  694 type  1   force =    -0.00022228    0.00050722    0.00007257
     atom  695 type  1   force =    -0.00013544    0.00004182   -0.00007157
     atom  696 type  1   force =    -0.00180914    0.00079096   -0.00146998
     atom  697 type  1   force =     0.00006137   -0.00080421   -0.00021787
     atom  698 type  1   force =    -0.00008396    0.00056434   -0.00008759
     atom  699 type  1   force =    -0.00763886    0.03075963    0.00699409
     atom  700 type  1   force =    -0.00008314    0.00004092   -0.00013210
     atom  701 type  1   force =    -0.00038989    0.00048710   -0.00145310
     atom  702 type  1   force =    -0.00777454    0.00326565   -0.00114811
     atom  703 type  1   force =     0.00037338   -0.00013132   -0.00051861
     atom  704 type  1   force =    -0.00024748   -0.00002396    0.00062769
     atom  705 type  1   force =     0.00026029   -0.00017633    0.00067274
     atom  706 type  1   force =     0.00019946   -0.00019121    0.00067529
     atom  707 type  1   force =    -0.00196087   -0.00136201    0.00203728
     atom  708 type  1   force =     0.00055845   -0.00027104   -0.00051582
     atom  709 type  1   force =    -0.00033470    0.00036024    0.00034282
     atom  710 type  1   force =     0.00005841   -0.00018276   -0.00001262
     atom  711 type  1   force =    -0.00023616    0.00064391   -0.00065977
     atom  712 type  1   force =    -0.00015102    0.00000929   -0.00066365
     atom  713 type  1   force =     0.00007513   -0.00003436    0.00012251
     atom  714 type  1   force =     0.00010581   -0.00050600    0.00061207
     atom  715 type  1   force =     0.00002678    0.00056456   -0.00008780
     atom  716 type  1   force =     0.00167849   -0.00087257    0.00169367
     atom  717 type  1   force =     0.00012532   -0.00004561    0.00006073
     atom  718 type  1   force =     0.00099135   -0.00093653    0.00097492
     atom  719 type  1   force =     0.00118782   -0.00068140    0.00150945
     atom  720 type  1   force =    -0.00016925    0.00095866    0.00007946
     atom  721 type  1   force =     0.00075184   -0.00004450    0.00074929
     atom  722 type  1   force =     0.00063198   -0.00050061    0.00009052
     atom  723 type  1   force =     0.00016189    0.00080512   -0.00007980
     atom  724 type  1   force =     0.00009397    0.00092981   -0.00018328
     atom  725 type  1   force =    -0.00355846    0.00567624   -0.00353548
     atom  726 type  1   force =    -0.00013940   -0.00051012    0.00004558
     atom  727 type  1   force =    -0.00019953    0.00019139   -0.00067565
     atom  728 type  1   force =    -0.00075893    0.00050225   -0.00031194
     atom  729 type  1   force =     0.00018762   -0.00027626   -0.00036694
     atom  730 type  1   force =    -0.00069143    0.00018474   -0.00018485
     atom  731 type  1   force =    -0.00187390    0.00119286   -0.00187935
     atom  732 type  1   force =    -0.00148397   -0.00000795   -0.00244529
     atom  733 type  1   force =    -0.00109076    0.00067905   -0.00107814
     atom  734 type  1   force =     0.00001785   -0.00011858    0.00005184
     atom  735 type  1   force =    -0.00248722   -0.00002766   -0.00138514
     atom  736 type  1   force =     0.00003153   -0.00048788   -0.00012380
     atom  737 type  1   force =     0.00004872   -0.00011460    0.00001756
     atom  738 type  1   force =    -0.00030572    0.00049768   -0.00075308
     atom  739 type  1   force =    -0.00037458   -0.00028135    0.00019447
     atom  740 type  1   force =     0.00150692   -0.00068491    0.00120211
     atom  741 type  1   force =    -0.00006829    0.00078608    0.00014499
     atom  742 type  1   force =    -0.00008061    0.00058535    0.00001655
     atom  743 type  1   force =     0.00154326   -0.00078037    0.00150869
     atom  744 type  1   force =    -0.00129934    0.00075773   -0.00127179
     atom  745 type  1   force =     0.00119005   -0.00007117    0.00186275
     atom  746 type  1   force =     0.00005904    0.00067164   -0.00005452
     atom  747 type  1   force =     0.00086230    0.00029559   -0.00026569
     atom  748 type  1   force =     0.00139750   -0.00132416   -0.00033190
     atom  749 type  1   force =     0.00230495   -0.00159777    0.00228094
     atom  750 type  1   force =     0.00048045    0.00024794   -0.00010097
     atom  751 type  1   force =     0.00023687   -0.00007231    0.00072221
     atom  752 type  1   force =     0.00069758   -0.00005492    0.00161058
     atom  753 type  1   force =     0.00189548   -0.00005999    0.00114848
     atom  754 type  1   force =     0.00028868   -0.00030585    0.00101372
     atom  755 type  1   force =    -0.00020288    0.00083744    0.00033927
     atom  756 type  1   force =     0.00006774   -0.00136510    0.00160351
     atom  757 type  1   force =    -0.00073623   -0.00018695    0.00038203
     atom  758 type  1   force =    -0.00106051    0.00063556   -0.00105754
     atom  759 type  1   force =    -0.00070808    0.00052947   -0.00016453
     atom  760 type  1   force =     0.00019430   -0.00040733   -0.00087924
     atom  761 type  1   force =    -0.00058275   -0.00021045    0.00001845
     atom  762 type  1   force =     0.00007482   -0.00078225    0.00009360
     atom  763 type  1   force =     0.00020415   -0.00018950   -0.00030731
     atom  764 type  1   force =    -0.00068305    0.00065336   -0.00028133
     atom  765 type  1   force =     0.00025136   -0.00042300   -0.00028579
     atom  766 type  1   force =    -0.00156662    0.00088491   -0.00135874
     atom  767 type  1   force =     0.00031414    0.00064879   -0.00054919
     atom  768 type  1   force =    -0.00032173   -0.00020037    0.00021072
     atom  769 type  1   force =    -0.00055342    0.00064919    0.00031558
     atom  770 type  1   force =    -0.00135695    0.00087853   -0.00155533
     atom  771 type  1   force =    -0.00029336   -0.00041013    0.00024258
     atom  772 type  1   force =     0.00037624   -0.00018310   -0.00072010
     atom  773 type  1   force =    -0.00089978   -0.00042107    0.00020869
     atom  774 type  1   force =    -0.00014915    0.00052318   -0.00071355
     atom  775 type  1   force =    -0.00029971    0.00065921   -0.00068330
     atom  776 type  1   force =     0.00000896   -0.00019857   -0.00056940
     atom  777 type  1   force =     0.00008706   -0.00078798    0.00008675
     atom  778 type  1   force =    -0.00010774    0.00026050    0.00047641
     atom  779 type  1   force =     0.00163293   -0.00004853    0.00067774
     atom  780 type  1   force =     0.00071709   -0.00008035    0.00025375
     atom  781 type  1   force =     0.00035422    0.00082971   -0.00021041
     atom  782 type  1   force =     0.00161170   -0.00136930    0.00003267
     atom  783 type  1   force =     0.00101321   -0.00031590    0.00030085
     atom  784 type  1   force =    -0.00030851   -0.00131347    0.00138387
     atom  785 type  1   force =    -0.00027505    0.00031093    0.00085366
     atom  786 type  1   force =    -0.00004291    0.00066668    0.00004827
     atom  787 type  1   force =     0.00062335    0.00043550   -0.00050061
     atom  788 type  1   force =     0.00038264    0.00035213   -0.00003689
     atom  789 type  1   force =     0.00130684   -0.00041310    0.00036753
     atom  790 type  1   force =    -0.00889217   -0.00857961    0.00606529
     atom  791 type  1   force =     0.00038124   -0.00028127    0.00004530
     atom  792 type  1   force =     0.00027731    0.00003990    0.00027573
     atom  793 type  1   force =     0.00128636   -0.00299213    0.00286341
     atom  794 type  1   force =     0.00034709   -0.00040055    0.00130702
     atom  795 type  1   force =    -0.00154008   -0.00117634    0.00137645
     atom  796 type  1   force =    -0.00172765    0.00051692   -0.00075731
     atom  797 type  1   force =    -0.00100572    0.00033381   -0.00130846
     atom  798 type  1   force =    -0.00011412    0.00026727   -0.00011455
     atom  799 type  1   force =    -0.00230622    0.00202772   -0.00006878
     atom  800 type  1   force =    -0.00111061    0.00079590   -0.00136045
     atom  801 type  1   force =    -0.00292647    0.00235241    0.00279675
     atom  802 type  1   force =     0.00027182   -0.00058851   -0.00067352
     atom  803 type  1   force =     0.00274751    0.00233709   -0.00292006
     atom  804 type  1   force =    -0.00065704    0.00028889   -0.00028707
     atom  805 type  1   force =    -0.00167563    0.00452665    0.00151455
     atom  806 type  1   force =    -0.00276141    0.00189804   -0.00049140
     atom  807 type  1   force =     0.00045212   -0.00050533   -0.00008840
     atom  808 type  1   force =    -0.00013542    0.00028202   -0.00014680
     atom  809 type  1   force =    -0.00053880    0.00190240   -0.00273763
     atom  810 type  1   force =    -0.00015839   -0.00021124   -0.00017459
     atom  811 type  1   force =    -0.00021808    0.00024892    0.00060788
     atom  812 type  1   force =    -0.00053001    0.00015225   -0.00052659
     atom  813 type  1   force =    -0.00000717    0.00099236    0.00005575
     atom  814 type  1   force =     0.00153208   -0.00037321    0.00139478
     atom  815 type  1   force =    -0.00045469   -0.00051528    0.00062965
     atom  816 type  1   force =     0.00139161   -0.00036775    0.00151719
     atom  817 type  1   force =    -0.00516756   -0.02017348    0.00499263
     atom  818 type  1   force =     0.00138999   -0.00118737   -0.00154726
     atom  819 type  1   force =     0.00058159   -0.00162594    0.00059727
     atom  820 type  1   force =     0.00004774   -0.00029235    0.00036695
     atom  821 type  1   force =     0.00508382   -0.02026989   -0.00528566
     atom  822 type  1   force =    -0.00003226    0.00033889    0.00035802
     atom  823 type  1   force =    -0.00151391    0.00069717   -0.00148089
     atom  824 type  1   force =    -0.00078942    0.00052646   -0.00168689
     atom  825 type  1   force =    -0.00069013   -0.00058127    0.00026518
     atom  826 type  1   force =    -0.00034942    0.00053996   -0.00094094
     atom  827 type  1   force =    -0.00009952    0.00202463   -0.00227287
     atom  828 type  1   force =    -0.00096800    0.00053594   -0.00034164
     atom  829 type  1   force =    -0.00018170   -0.00021140   -0.00015988
     atom  830 type  1   force =    -0.00009799   -0.00048594    0.00048661
     atom  831 type  1   force =     0.00148638    0.00450979   -0.00164746
     atom  832 type  1   force =     0.00061508    0.00023066   -0.00020744
     atom  833 type  1   force =     0.00063444   -0.00052139   -0.00046184
     atom  834 type  1   force =     0.00007140    0.00098392   -0.00002229
     atom  835 type  1   force =     0.00288953   -0.00300901    0.00111741
     atom  836 type  1   force =     0.00613860   -0.00866875   -0.00915000
     atom  837 type  1   force =    -0.00049345    0.00045659    0.00059425
     atom  838 type  1   force =    -0.00132526    0.00033105   -0.00098561
     atom  839 type  1   force =    -0.00029609    0.00029437   -0.00063160
     atom  840 type  1   force =    -0.00139709    0.00079531   -0.00108521
     atom  841 type  1   force =    -0.00148635   -0.00450966    0.00164759
     atom  842 type  1   force =     0.00024397    0.00000161    0.00065808
     atom  843 type  1   force =    -0.00002773    0.00031539    0.00004306
     atom  844 type  1   force =     0.00313695   -0.00251057   -0.00729264
     atom  845 type  1   force =     0.00292697   -0.00235219   -0.00279584
     atom  846 type  1   force =     0.00102611   -0.00020041    0.00101506
     atom  847 type  1   force =    -0.00008892   -0.00021269   -0.00005267
     atom  848 type  1   force =     0.00049547    0.00114154   -0.00061481
     atom  849 type  1   force =    -0.00045148    0.00050489    0.00008803
     atom  850 type  1   force =     0.00067567    0.00000613    0.00023798
     atom  851 type  1   force =     0.00017449    0.00018460    0.00014576
     atom  852 type  1   force =     0.00016093   -0.01053678    0.00060877
     atom  853 type  1   force =     0.00067043   -0.00056036    0.00066490
     atom  854 type  1   force =     0.00027475   -0.00001901   -0.00053567
     atom  855 type  1   force =    -0.00080540    0.00022453   -0.00029519
     atom  856 type  1   force =    -0.00191317    0.00100800   -0.00221713
     atom  857 type  1   force =    -0.00042663    0.00003021   -0.00011534
     atom  858 type  1   force =    -0.00005706   -0.00066452   -0.00003969
     atom  859 type  1   force =    -0.00126388    0.00002251   -0.00032239
     atom  860 type  1   force =    -0.00205193    0.00137729    0.00197232
     atom  861 type  1   force =     0.00019402   -0.00013784   -0.00027947
     atom  862 type  1   force =    -0.00031633    0.00004648   -0.00046511
     atom  863 type  1   force =     0.00196108    0.00136216   -0.00203703
     atom  864 type  1   force =     0.00008899   -0.00086422   -0.00015623
     atom  865 type  1   force =    -0.00017438   -0.00087280    0.00009829
     atom  866 type  1   force =    -0.00047721    0.00006304   -0.00028780
     atom  867 type  1   force =    -0.00028589   -0.00012404    0.00018748
     atom  868 type  1   force =    -0.00053478   -0.00000477    0.00026601
     atom  869 type  1   force =    -0.00222034    0.00100324   -0.00190667
     atom  870 type  1   force =    -0.00028080    0.00021995   -0.00080486
     atom  871 type  1   force =    -0.00030274    0.00000910   -0.00125710
     atom  872 type  1   force =    -0.00013817    0.00000920   -0.00041182
     atom  873 type  1   force =    -0.00005155   -0.00067171   -0.00004928
     atom  874 type  1   force =    -0.00274728   -0.00233646    0.00292004
     atom  875 type  1   force =    -0.00057272    0.00109978    0.00044014
     atom  876 type  1   force =    -0.00005466   -0.00021055   -0.00008743
     atom  877 type  1   force =     0.00014894    0.00018592    0.00018065
     atom  878 type  1   force =     0.00062778   -0.01060454    0.00013704
     atom  879 type  1   force =     0.00009756    0.00048584   -0.00048598
     atom  880 type  1   force =    -0.00716917   -0.00252734    0.00315797
     atom  881 type  1   force =     0.00003965    0.00031168   -0.00003252
     atom  882 type  1   force =     0.00167591   -0.00452622   -0.00151445
     atom  883 type  1   force =     0.00002295   -0.00228085    0.00010566
     atom  884 type  1   force =     0.00055312    0.00023862   -0.00024211
     atom  885 type  1   force =     0.00165738   -0.00137018    0.00108795
     atom  886 type  1   force =     0.00116277   -0.00037124    0.00149216
     atom  887 type  1   force =     0.00106187   -0.00115646    0.00106433
     atom  888 type  1   force =    -0.00083879    0.00067782    0.00002600
     atom  889 type  1   force =     0.00107714   -0.00136786    0.00167211
     atom  890 type  1   force =     0.00015311    0.00025190   -0.00003907
     atom  891 type  1   force =     0.00034726    0.00005874    0.00103528
     atom  892 type  1   force =    -0.00288926    0.00300848   -0.00111645
     atom  893 type  1   force =    -0.00118779    0.00068110   -0.00150950
     atom  894 type  1   force =    -0.00146455    0.00100025   -0.00147277
     atom  895 type  1   force =     0.00006874   -0.00078577   -0.00014552
     atom  896 type  1   force =     0.00008204   -0.00004899    0.00009516
     atom  897 type  1   force =     0.00176175   -0.00073655    0.00008091
     atom  898 type  1   force =     0.00009530   -0.00005766    0.00008419
     atom  899 type  1   force =     0.00061202    0.00098556   -0.00109783
     atom  900 type  1   force =     0.00516774    0.02017441   -0.00499216
     atom  901 type  1   force =     0.00025077   -0.00028007   -0.00072595
     atom  902 type  1   force =    -0.00002648   -0.00056415    0.00008744
     atom  903 type  1   force =    -0.00018187    0.00027805   -0.00017478
     atom  904 type  1   force =    -0.00025318    0.00032607   -0.00125970
     atom  905 type  1   force =     0.00008008   -0.00058537   -0.00001620
     atom  906 type  1   force =     0.00030561   -0.00024421   -0.00029669
     atom  907 type  1   force =    -0.00040452    0.00082967   -0.00011689
     atom  908 type  1   force =     0.00024324   -0.00057374    0.00023925
     atom  909 type  1   force =     0.00003931    0.00057474   -0.00056310
     atom  910 type  1   force =     0.00113823   -0.00045888   -0.00180527
     atom  911 type  1   force =    -0.00178921   -0.00046119    0.00115015
     atom  912 type  1   force =     0.00032895    0.00049611   -0.00029138
     atom  913 type  1   force =    -0.00017901    0.00043536    0.00045396
     atom  914 type  1   force =     0.00106169    0.00005882    0.00034716
     atom  915 type  1   force =     0.00003516    0.00065963   -0.00085063
     atom  916 type  1   force =     0.00019571    0.00002236    0.00020279
     atom  917 type  1   force =     0.00047570    0.00045025   -0.00018412
     atom  918 type  1   force =     0.00011375   -0.00227593    0.00001451
     atom  919 type  1   force =    -0.00133424    0.00576282   -0.00135085
     atom  920 type  1   force =    -0.00150675    0.00068437   -0.00120146
     atom  921 type  1   force =    -0.00111035    0.00099005    0.00062459
     atom  922 type  1   force =    -0.00613869    0.00866934    0.00915291
     atom  923 type  1   force =     0.00889445    0.00858022   -0.00606565
     atom  924 type  1   force =    -0.00016230   -0.00080527    0.00008013
     atom  925 type  1   force =    -0.00031115   -0.00022387    0.00031757
     atom  926 type  1   force =    -0.00127207    0.00032991   -0.00026026
     atom  927 type  1   force =    -0.00074563   -0.00028486    0.00025402
     atom  928 type  1   force =    -0.00010406    0.00080268   -0.00041618
     atom  929 type  1   force =    -0.00027910    0.00048461    0.00032048
     atom  930 type  1   force =    -0.00054653    0.00055036    0.00002482
     atom  931 type  1   force =    -0.00003655    0.00023678    0.00013988
     atom  932 type  1   force =     0.00149883   -0.00037534    0.00116785
     atom  933 type  1   force =    -0.00024316    0.00024652    0.00054367
     atom  934 type  1   force =    -0.00128572    0.00299162   -0.00286292
     atom  935 type  1   force =    -0.00508332    0.02027134    0.00528665
     atom  936 type  1   force =     0.00007143   -0.00076358    0.00181233
     atom  937 type  1   force =     0.00112045   -0.00097870    0.00089740
     atom  938 type  1   force =     0.00241095   -0.00044895    0.00174801
     atom  939 type  1   force =     0.00033855   -0.00026976    0.00122429
     atom  940 type  1   force =    -0.00130492    0.00017940   -0.00158976
     atom  941 type  1   force =    -0.00028575   -0.00010874   -0.00028537
     atom  942 type  1   force =    -0.00059920    0.00041273   -0.00086668
     atom  943 type  1   force =    -0.00107793   -0.00017849   -0.00037685
     atom  944 type  1   force =    -0.00038586   -0.00017443   -0.00104747
     atom  945 type  1   force =    -0.00088401    0.00040942   -0.00059408
     atom  946 type  1   force =    -0.00161640    0.00018657   -0.00129778
     atom  947 type  1   force =     0.00127254   -0.00026505    0.00032488
     atom  948 type  1   force =     0.00176416   -0.00043836    0.00237369
     atom  949 type  1   force =     0.00090360   -0.00098836    0.00109409
     atom  950 type  1   force =     0.00763670   -0.03076010   -0.00699465
     atom  951 type  1   force =     0.00122503   -0.00325899    0.00769577
     atom  952 type  1   force =     0.00264959   -0.00143859    0.00263434
     atom  953 type  1   force =    -0.00157171   -0.00025734   -0.00225853
     atom  954 type  1   force =    -0.00078237    0.00031089   -0.00016330
     atom  955 type  1   force =    -0.00230509    0.00159765   -0.00228145
     atom  956 type  1   force =    -0.00189508    0.00005973   -0.00114793
     atom  957 type  1   force =    -0.00212403    0.00128916   -0.00210916
     atom  958 type  1   force =     0.00092441    0.00008947    0.00137400
     atom  959 type  1   force =     0.00317125   -0.00141093    0.00310140
     atom  960 type  1   force =     0.01000127   -0.00130322    0.00967221
     atom  961 type  1   force =     0.00777390   -0.00326552    0.00114766
     atom  962 type  1   force =    -0.00006076    0.00016063   -0.00005345
     atom  963 type  1   force =    -0.00231012   -0.00024781   -0.00155099
     atom  964 type  1   force =    -0.00119011    0.00007112   -0.00186287
     atom  965 type  1   force =     0.00139703    0.00007292    0.00089109
     atom  966 type  1   force =    -0.00655892   -0.03065125    0.00760249
     atom  967 type  1   force =    -0.00016822    0.00031187   -0.00076716
     atom  968 type  1   force =    -0.00007185    0.00076390   -0.00181248
     atom  969 type  1   force =    -0.00003199    0.00011855    0.00000583
     atom  970 type  1   force =    -0.00009907   -0.00001416    0.00094928
     atom  971 type  1   force =     0.00355897   -0.00567594    0.00353606
     atom  972 type  1   force =    -0.00176200    0.00073690   -0.00008127
     atom  973 type  1   force =     0.00017535   -0.00012691    0.00017681
     atom  974 type  1   force =     0.00168259   -0.00227759    0.00169551
     atom  975 type  1   force =     0.00248743    0.00002783    0.00138527
     atom  976 type  1   force =     0.00133418   -0.00576323    0.00135060
     atom  977 type  1   force =     0.00000623    0.00012022   -0.00003295
     atom  978 type  1   force =     0.00158165    0.00034342    0.00064695
     atom  979 type  1   force =     0.00148439    0.00000794    0.00244594
     atom  980 type  1   force =    -0.00492550    0.00087233   -0.00484079
     atom  981 type  1   force =    -0.00044549    0.00132064   -0.00286262
     atom  982 type  1   force =    -0.00077133   -0.00031437    0.00029353
     atom  983 type  1   force =    -0.00090754   -0.00017518   -0.00028647
     atom  984 type  1   force =     0.00000713   -0.00050553   -0.00038582
     atom  985 type  1   force =     0.00028068   -0.00033519   -0.00075865
     atom  986 type  1   force =    -0.00306313    0.00115540   -0.00303777
     atom  987 type  1   force =    -0.00861381    0.00567130   -0.00050796
     atom  988 type  1   force =    -0.00149897    0.00053714   -0.00150800
     atom  989 type  1   force =    -0.00003113    0.00011825   -0.00037983
     atom  990 type  1   force =    -0.00061916    0.00564497   -0.00852610
     atom  991 type  1   force =    -0.00289786    0.00134179   -0.00039318
     atom  992 type  1   force =    -0.00037510    0.00012394   -0.00003468
     atom  993 type  1   force =    -0.00027725   -0.00018273   -0.00089849
     atom  994 type  1   force =    -0.00040122   -0.00050807    0.00000739
     atom  995 type  1   force =     0.00171844   -0.00227424    0.00167801
     atom  996 type  1   force =     0.00068246    0.00032991    0.00155872
     atom  997 type  1   force =     0.00096526   -0.00000868   -0.00013880
     atom  998 type  1   force =     0.00129914   -0.00075776    0.00127214
     atom  999 type  2   force =     0.00000143    0.00000137    0.00000379
       
     --------------------------------------------------------------------------------------------
     TDDFT Force Corrected                                               
     --------------------------------------------------------------------------------------------
     atom    1 type  1   force =     0.00095862   -0.00049862    0.00093702
     atom    2 type  1   force =     0.00111021   -0.00079591    0.00136049
     atom    3 type  1   force =     0.00139708   -0.00079561    0.00108551
     atom    4 type  1   force =     0.00151388   -0.00069733    0.00148124
     atom    5 type  1   force =    -0.00102574    0.00020062   -0.00101537
     atom    6 type  1   force =    -0.00154321    0.00078061   -0.00150899
     atom    7 type  1   force =    -0.00024366   -0.00000166   -0.00065809
     atom    8 type  1   force =    -0.00067544   -0.00000589   -0.00023826
     atom    9 type  1   force =     0.00097227   -0.00045146    0.00097966
     atom   10 type  1   force =    -0.00025057    0.00028031    0.00072552
     atom   11 type  1   force =     0.00002993   -0.00043757    0.00083713
     atom   12 type  1   force =     0.00020244   -0.00030131    0.00096853
     atom   13 type  1   force =     0.00101043   -0.00045364    0.00095429
     atom   14 type  1   force =     0.00127191   -0.00033022    0.00026085
     atom   15 type  1   force =     0.00084494   -0.00043435    0.00002354
     atom   16 type  1   force =     0.00151364   -0.00083361    0.00110228
     atom   17 type  1   force =     0.00099050   -0.00087347    0.00096919
     atom   18 type  1   force =    -0.00009552    0.00005768   -0.00008409
     atom   19 type  1   force =    -0.00009141    0.00009237   -0.00009728
     atom   20 type  1   force =     0.00054215   -0.00005961    0.00011199
     atom   21 type  1   force =    -0.00099520    0.00052792   -0.00096108
     atom   22 type  1   force =    -0.00018341    0.00062690   -0.00109543
     atom   23 type  1   force =    -0.00005938   -0.00067176    0.00005474
     atom   24 type  1   force =    -0.00000633   -0.00012029    0.00003301
     atom   25 type  1   force =    -0.00017560    0.00012696   -0.00017668
     atom   26 type  1   force =    -0.00028881    0.00030584   -0.00101363
     atom   27 type  1   force =     0.00003061    0.00026951    0.00004123
     atom   28 type  1   force =    -0.00133338    0.00062194   -0.00100759
     atom   29 type  1   force =    -0.00048019   -0.00024754    0.00010066
     atom   30 type  1   force =     0.00003203   -0.00011830   -0.00000587
     atom   31 type  1   force =    -0.00117668    0.00071365   -0.00139509
     atom   32 type  1   force =    -0.00111275    0.00062206   -0.00017328
     atom   33 type  1   force =    -0.00142519    0.00071459   -0.00115561
     atom   34 type  1   force =     0.00010748   -0.00026042   -0.00047621
     atom   35 type  1   force =    -0.00098424    0.00052512   -0.00096569
     atom   36 type  1   force =     0.00004314   -0.00066623   -0.00004848
     atom   37 type  1   force =    -0.00103510    0.00062637   -0.00130689
     atom   38 type  1   force =    -0.00101351    0.00031570   -0.00030052
     atom   39 type  1   force =     0.00025312   -0.00032593    0.00125942
     atom   40 type  1   force =     0.00111719   -0.00083659    0.00150026
     atom   41 type  1   force =     0.00012791   -0.00006778    0.00052375
     atom   42 type  1   force =    -0.00008193    0.00004923   -0.00009529
     atom   43 type  1   force =     0.00098825   -0.00029208    0.00018658
     atom   44 type  1   force =     0.00074540    0.00028447   -0.00025373
     atom   45 type  1   force =     0.00078205   -0.00031104    0.00016362
     atom   46 type  1   force =     0.00028463   -0.00004226   -0.00018273
     atom   47 type  1   force =     0.00006054   -0.00016059    0.00005356
     atom   48 type  1   force =     0.00009443   -0.00043536    0.00009745
     atom   49 type  1   force =    -0.00052733    0.00032087   -0.00030613
     atom   50 type  1   force =    -0.00024188   -0.00001494   -0.00109965
     atom   51 type  1   force =    -0.00112041   -0.00001509   -0.00024269
     atom   52 type  1   force =    -0.00031681    0.00032439   -0.00050706
     atom   53 type  1   force =    -0.00079209    0.00053454   -0.00077912
     atom   54 type  1   force =    -0.00009075    0.00003659   -0.00008698
     atom   55 type  1   force =     0.00016789   -0.00031165    0.00076727
     atom   56 type  1   force =    -0.00018169   -0.00004011    0.00027691
     atom   57 type  1   force =    -0.00017983    0.00018805    0.00064277
     atom   58 type  1   force =    -0.00006070    0.00080407    0.00021717
     atom   59 type  1   force =    -0.00030536    0.00024408    0.00029638
     atom   60 type  1   force =    -0.00023789    0.00034226    0.00018948
     atom   61 type  1   force =     0.00065398    0.00018387   -0.00017772
     atom   62 type  1   force =     0.00048492    0.00047473   -0.00024961
     atom   63 type  1   force =     0.00031072    0.00022370   -0.00031717
     atom   64 type  1   force =     0.00070197    0.00004735   -0.00034555
     atom   65 type  1   force =     0.00012906   -0.00016318    0.00013420
     atom   66 type  1   force =     0.00145169   -0.00078247    0.00181370
     atom   67 type  1   force =     0.00146424   -0.00099941    0.00147263
     atom   68 type  1   force =     0.00027045   -0.00059700    0.00093558
     atom   69 type  1   force =     0.00036402    0.00012891   -0.00052751
     atom   70 type  1   force =     0.00023803   -0.00038518   -0.00048710
     atom   71 type  1   force =     0.00001867   -0.00039142   -0.00049015
     atom   72 type  1   force =    -0.00092452   -0.00008977   -0.00137391
     atom   73 type  1   force =    -0.00264915    0.00143819   -0.00263421
     atom   74 type  1   force =    -0.00213376    0.00083524   -0.00169430
     atom   75 type  1   force =    -0.00140449    0.00066152   -0.00141406
     atom   76 type  1   force =     0.00011409   -0.00004707    0.00011674
     atom   77 type  1   force =    -0.00031839   -0.00033585   -0.00009710
     atom   78 type  1   force =    -0.00139714   -0.00007267   -0.00089134
     atom   79 type  1   force =    -0.00097832    0.00062511   -0.00007705
     atom   80 type  1   force =    -0.00049960   -0.00036516    0.00024870
     atom   81 type  1   force =    -0.00007835    0.00062553   -0.00097429
     atom   82 type  1   force =    -0.00011777   -0.00035536   -0.00030542
     atom   83 type  1   force =    -0.00053873    0.00012609    0.00036948
     atom   84 type  1   force =    -0.00050140   -0.00036729    0.00003379
     atom   85 type  1   force =     0.00011365   -0.00004114    0.00011555
     atom   86 type  1   force =    -0.00169188    0.00083625   -0.00213929
     atom   87 type  1   force =    -0.00024317    0.00049813    0.00047312
     atom   88 type  1   force =    -0.00034886    0.00006010    0.00069413
     atom   89 type  1   force =     0.00092955   -0.00060217    0.00028107
     atom   90 type  1   force =     0.00180893   -0.00079010    0.00146951
     atom   91 type  1   force =     0.00020496    0.00033525   -0.00024670
     atom   92 type  1   force =     0.00023403    0.00078135   -0.00007640
     atom   93 type  1   force =     0.00077110    0.00031404   -0.00029327
     atom   94 type  1   force =    -0.00003179    0.00048771    0.00012403
     atom   95 type  1   force =     0.00149919   -0.00053660    0.00150771
     atom   96 type  1   force =     0.00187370   -0.00119205    0.00187899
     atom   97 type  1   force =     0.00045458    0.00051533   -0.00062948
     atom   98 type  1   force =     0.00008730   -0.00075786   -0.00052715
     atom   99 type  1   force =    -0.00054501   -0.00073905    0.00009426
     atom  100 type  1   force =    -0.00063416    0.00052142    0.00046155
     atom  101 type  1   force =    -0.00027722   -0.00004066   -0.00027589
     atom  102 type  1   force =    -0.00131466    0.00101929   -0.00132595
     atom  103 type  1   force =    -0.00028024    0.00033537    0.00075831
     atom  104 type  1   force =     0.00014000    0.00050988   -0.00004619
     atom  105 type  1   force =    -0.00020414    0.00018980    0.00030721
     atom  106 type  1   force =     0.00067142   -0.00000585    0.00013890
     atom  107 type  1   force =     0.00043122   -0.00019988   -0.00003293
     atom  108 type  1   force =     0.00046918   -0.00013262   -0.00027643
     atom  109 type  1   force =     0.00106025   -0.00063565    0.00105796
     atom  110 type  1   force =     0.00008315   -0.00004100    0.00013236
     atom  111 type  1   force =     0.00019901    0.00000327   -0.00031405
     atom  112 type  1   force =     0.00028502   -0.00035705    0.00085199
     atom  113 type  1   force =     0.00032145    0.00020012   -0.00021054
     atom  114 type  1   force =     0.00023596   -0.00064401    0.00065958
     atom  115 type  1   force =    -0.00004186    0.00015917    0.00090502
     atom  116 type  1   force =    -0.00011540    0.00021586    0.00006907
     atom  117 type  1   force =    -0.00032978   -0.00040268    0.00023161
     atom  118 type  1   force =    -0.00009442    0.00043543   -0.00009732
     atom  119 type  1   force =    -0.00112064    0.00097849   -0.00089734
     atom  120 type  1   force =     0.00017893   -0.00043555   -0.00045361
     atom  121 type  1   force =    -0.00015287   -0.00025159    0.00003876
     atom  122 type  1   force =    -0.00241067    0.00044885   -0.00174747
     atom  123 type  1   force =    -0.00028484    0.00004220    0.00018278
     atom  124 type  1   force =    -0.00023929    0.00004581   -0.00079589
     atom  125 type  1   force =    -0.00033879    0.00026999   -0.00122420
     atom  126 type  1   force =    -0.00149891    0.00037585   -0.00116849
     atom  127 type  1   force =    -0.00003516    0.00009341    0.00014401
     atom  128 type  1   force =     0.00018183    0.00003984   -0.00027710
     atom  129 type  1   force =     0.00014563    0.00008601   -0.00003780
     atom  130 type  1   force =    -0.00116262    0.00037160   -0.00149217
     atom  131 type  1   force =    -0.00127227    0.00026473   -0.00032453
     atom  132 type  1   force =     0.00022997   -0.00039741   -0.00031493
     atom  133 type  1   force =    -0.00047559   -0.00044993    0.00018382
     atom  134 type  1   force =    -0.00090391    0.00098844   -0.00109398
     atom  135 type  1   force =    -0.00080469    0.00005170   -0.00024887
     atom  136 type  1   force =     0.00003645   -0.00023693   -0.00013969
     atom  137 type  1   force =    -0.00176415    0.00043836   -0.00237360
     atom  138 type  1   force =     0.00013538   -0.00004177    0.00007131
     atom  139 type  1   force =     0.00084974   -0.00036030    0.00029226
     atom  140 type  1   force =    -0.00031000    0.00001242    0.00020042
     atom  141 type  1   force =     0.00090793    0.00015894   -0.00004435
     atom  142 type  1   force =     0.00007851    0.00020830   -0.00012652
     atom  143 type  1   force =     0.00067151   -0.00064440    0.00023492
     atom  144 type  1   force =    -0.00027716   -0.00012087    0.00046488
     atom  145 type  1   force =    -0.00003308   -0.00020266    0.00041573
     atom  146 type  1   force =     0.00015105   -0.00000934    0.00066407
     atom  147 type  1   force =     0.00069016    0.00058150   -0.00026548
     atom  148 type  1   force =     0.00008870    0.00033611   -0.00020573
     atom  149 type  1   force =     0.00096794   -0.00053634    0.00034184
     atom  150 type  1   force =     0.00003128   -0.00011800    0.00037983
     atom  151 type  1   force =     0.00030882    0.00003034   -0.00031991
     atom  152 type  1   force =     0.00009578   -0.00027744    0.00009557
     atom  153 type  1   force =     0.00027753    0.00018273    0.00089839
     atom  154 type  1   force =     0.00034915   -0.00053989    0.00094077
     atom  155 type  1   force =     0.00018312   -0.00062660    0.00109547
     atom  156 type  1   force =     0.00020447   -0.00080862    0.00001640
     atom  157 type  1   force =    -0.00158732    0.00110938   -0.00118475
     atom  158 type  1   force =    -0.00019559   -0.00002215   -0.00020289
     atom  159 type  1   force =     0.00021621   -0.00034327   -0.00022176
     atom  160 type  1   force =    -0.00010599    0.00050617   -0.00061203
     atom  161 type  1   force =    -0.00100007    0.00022691   -0.00003144
     atom  162 type  1   force =    -0.00034720   -0.00005878   -0.00103555
     atom  163 type  1   force =    -0.00004076    0.00023336   -0.00098765
     atom  164 type  1   force =    -0.00059198    0.00001302    0.00030125
     atom  165 type  1   force =    -0.00094333    0.00048397   -0.00040315
     atom  166 type  1   force =    -0.00113643    0.00044227   -0.00096834
     atom  167 type  1   force =     0.00004923    0.00009620   -0.00013445
     atom  168 type  1   force =    -0.00024352    0.00057369   -0.00023927
     atom  169 type  1   force =    -0.00096503    0.00044902   -0.00115383
     atom  170 type  1   force =     0.00024321   -0.00024626   -0.00054371
     atom  171 type  1   force =     0.00029589   -0.00029428    0.00063132
     atom  172 type  1   force =    -0.00003072   -0.00026955   -0.00004118
     atom  173 type  1   force =     0.00132529   -0.00033131    0.00098560
     atom  174 type  1   force =     0.00093803   -0.00086948    0.00127809
     atom  175 type  1   force =    -0.00013555   -0.00019556   -0.00004396
     atom  176 type  1   force =     0.00127377   -0.00086660    0.00093402
     atom  177 type  1   force =     0.00040140    0.00050830   -0.00000754
     atom  178 type  1   force =     0.00111314   -0.00062206    0.00017332
     atom  179 type  1   force =     0.00013530   -0.00028193    0.00014690
     atom  180 type  1   force =    -0.00031211    0.00001962    0.00029716
     atom  181 type  1   force =    -0.00000712    0.00050528    0.00038588
     atom  182 type  1   force =    -0.00019743    0.00032132    0.00007867
     atom  183 type  1   force =    -0.00099147    0.00093671   -0.00097491
     atom  184 type  1   force =     0.00000496   -0.00078794    0.00021651
     atom  185 type  1   force =    -0.00106124   -0.00005907   -0.00034666
     atom  186 type  1   force =     0.00027544   -0.00001875   -0.00024713
     atom  187 type  1   force =    -0.00022870   -0.00032519    0.00022244
     atom  188 type  1   force =    -0.00026151   -0.00003245    0.00028651
     atom  189 type  1   force =    -0.00055332   -0.00023889    0.00024228
     atom  190 type  1   force =    -0.00014326    0.00009856    0.00005825
     atom  191 type  1   force =    -0.00040578    0.00048266   -0.00092341
     atom  192 type  1   force =     0.00065718   -0.00028919    0.00028736
     atom  193 type  1   force =    -0.00004120   -0.00019879   -0.00013856
     atom  194 type  1   force =     0.00100597   -0.00033414    0.00130899
     atom  195 type  1   force =     0.00090773    0.00017529    0.00028631
     atom  196 type  1   force =     0.00037503   -0.00012393    0.00003487
     atom  197 type  1   force =    -0.00027199    0.00058844    0.00067378
     atom  198 type  1   force =    -0.00119079    0.00111197   -0.00158130
     atom  199 type  1   force =     0.00029020    0.00002543   -0.00057261
     atom  200 type  1   force =    -0.00063198    0.00050064   -0.00009045
     atom  201 type  1   force =     0.00017472    0.00087291   -0.00009861
     atom  202 type  1   force =    -0.00001762    0.00011858   -0.00005218
     atom  203 type  1   force =    -0.00031418   -0.00064871    0.00054913
     atom  204 type  1   force =     0.00053927   -0.00012606   -0.00036969
     atom  205 type  1   force =     0.00053445    0.00000462   -0.00026566
     atom  206 type  1   force =    -0.00018769    0.00027613    0.00036687
     atom  207 type  1   force =     0.00068340   -0.00065342    0.00028158
     atom  208 type  1   force =    -0.00011388    0.00004080   -0.00011543
     atom  209 type  1   force =     0.00030278   -0.00000883    0.00125710
     atom  210 type  1   force =     0.00075908   -0.00050170    0.00031169
     atom  211 type  1   force =     0.00073675    0.00018678   -0.00038216
     atom  212 type  1   force =     0.00007796   -0.00062520    0.00097444
     atom  213 type  1   force =     0.00041852    0.00006541   -0.00024256
     atom  214 type  1   force =    -0.00008889   -0.00033608    0.00020612
     atom  215 type  1   force =    -0.00006749    0.00136475   -0.00160334
     atom  216 type  1   force =     0.00000661   -0.00099232   -0.00005517
     atom  217 type  1   force =    -0.00034704    0.00040036   -0.00130717
     atom  218 type  1   force =    -0.00069721    0.00005424   -0.00161097
     atom  219 type  1   force =    -0.00127412    0.00086627   -0.00093417
     atom  220 type  1   force =    -0.00056119   -0.00044047    0.00059955
     atom  221 type  1   force =    -0.00139761    0.00132409    0.00033147
     atom  222 type  1   force =    -0.00061486   -0.00023023    0.00020705
     atom  223 type  1   force =     0.00016393    0.00055006   -0.00051179
     atom  224 type  1   force =     0.00031219   -0.00001966   -0.00029716
     atom  225 type  1   force =    -0.00030922   -0.00003031    0.00032003
     atom  226 type  1   force =    -0.00052404    0.00055663    0.00016056
     atom  227 type  1   force =     0.00021774   -0.00024873   -0.00060739
     atom  228 type  1   force =     0.00030840    0.00131313   -0.00138356
     atom  229 type  1   force =     0.00019776   -0.00032142   -0.00007880
     atom  230 type  1   force =    -0.00023400    0.00006700    0.00041735
     atom  231 type  1   force =    -0.00007082   -0.00098362    0.00002179
     atom  232 type  1   force =    -0.00161225    0.00136941   -0.00003290
     atom  233 type  1   force =    -0.00093775    0.00086879   -0.00127793
     atom  234 type  1   force =     0.00059412   -0.00044507   -0.00055353
     atom  235 type  1   force =    -0.00130696    0.00041263   -0.00036700
     atom  236 type  1   force =    -0.00163290    0.00004798   -0.00067805
     atom  237 type  1   force =     0.00037522    0.00028121   -0.00019486
     atom  238 type  1   force =    -0.00027444    0.00001919    0.00053529
     atom  239 type  1   force =    -0.00011397    0.00004660   -0.00011701
     atom  240 type  1   force =     0.00029930   -0.00065881    0.00068309
     atom  241 type  1   force =    -0.00037647    0.00018335    0.00072083
     atom  242 type  1   force =     0.00097905   -0.00062519    0.00007704
     atom  243 type  1   force =     0.00126382   -0.00002211    0.00032192
     atom  244 type  1   force =     0.00030573   -0.00049730    0.00075321
     atom  245 type  1   force =    -0.00036420   -0.00012874    0.00052765
     atom  246 type  1   force =     0.00055354   -0.00064909   -0.00031574
     atom  247 type  1   force =    -0.00004880    0.00011452   -0.00001753
     atom  248 type  1   force =    -0.00008934    0.00086391    0.00015663
     atom  249 type  1   force =    -0.00009863    0.00028434    0.00001181
     atom  250 type  1   force =     0.00021066    0.00046916   -0.00035049
     atom  251 type  1   force =    -0.00027029   -0.00050806    0.00052669
     atom  252 type  1   force =     0.00004769    0.00029711   -0.00000857
     atom  253 type  1   force =     0.00059943   -0.00041261    0.00086661
     atom  254 type  1   force =    -0.00059443    0.00044506    0.00055390
     atom  255 type  1   force =     0.00004090    0.00033709   -0.00006560
     atom  256 type  1   force =    -0.00027560    0.00001873    0.00024726
     atom  257 type  1   force =     0.00222015   -0.00100246    0.00190648
     atom  258 type  1   force =     0.00028617    0.00012443   -0.00018788
     atom  259 type  1   force =     0.00016043    0.00065375   -0.00024803
     atom  260 type  1   force =     0.00094332   -0.00048352    0.00040290
     atom  261 type  1   force =     0.00178918    0.00046084   -0.00115012
     atom  262 type  1   force =    -0.00027070    0.00059747   -0.00093533
     atom  263 type  1   force =    -0.00038168    0.00028113   -0.00004517
     atom  264 type  1   force =    -0.00005376   -0.00072900   -0.00000224
     atom  265 type  1   force =    -0.00048830    0.00052769   -0.00064015
     atom  266 type  1   force =    -0.00068220   -0.00032992   -0.00155853
     atom  267 type  1   force =    -0.00084984    0.00035991   -0.00029230
     atom  268 type  1   force =     0.00023218   -0.00038607   -0.00050151
     atom  269 type  1   force =    -0.00002218   -0.00009721    0.00031816
     atom  270 type  1   force =     0.00006741    0.00010999   -0.00026895
     atom  271 type  1   force =    -0.00014528    0.00035666    0.00014876
     atom  272 type  1   force =    -0.00008688   -0.00047940    0.00005045
     atom  273 type  1   force =     0.00011517   -0.00021575   -0.00006878
     atom  274 type  1   force =     0.00010828    0.00054664   -0.00052742
     atom  275 type  1   force =     0.00008707   -0.00002130   -0.00011181
     atom  276 type  1   force =     0.00009930    0.00001413   -0.00094879
     atom  277 type  1   force =    -0.00089373   -0.00003185    0.00028765
     atom  278 type  1   force =    -0.00023043    0.00016606    0.00066132
     atom  279 type  1   force =     0.00034432   -0.00047391   -0.00020546
     atom  280 type  1   force =    -0.00036502    0.00086572   -0.00101488
     atom  281 type  1   force =     0.00034911   -0.00006050   -0.00069447
     atom  282 type  1   force =     0.00083832   -0.00067790   -0.00002535
     atom  283 type  1   force =    -0.00163920    0.00109729   -0.00143356
     atom  284 type  1   force =    -0.00139153    0.00036741   -0.00151732
     atom  285 type  1   force =     0.00005779    0.00066451    0.00003896
     atom  286 type  1   force =     0.00031641   -0.00004633    0.00046486
     atom  287 type  1   force =     0.00100040   -0.00022689    0.00003145
     atom  288 type  1   force =     0.00012032    0.00000921   -0.00008364
     atom  289 type  1   force =    -0.00030484    0.00013494   -0.00008847
     atom  290 type  1   force =     0.00127088   -0.00085943    0.00109094
     atom  291 type  1   force =     0.00031593   -0.00008650    0.00090042
     atom  292 type  1   force =     0.00031577   -0.00039390   -0.00014486
     atom  293 type  1   force =    -0.00029031   -0.00002532    0.00057267
     atom  294 type  1   force =     0.00052319    0.00011344   -0.00037073
     atom  295 type  1   force =    -0.00041854   -0.00006557    0.00024279
     atom  296 type  1   force =     0.00038611    0.00017436    0.00104779
     atom  297 type  1   force =     0.00013815   -0.00000907    0.00041164
     atom  298 type  1   force =     0.00028080   -0.00021996    0.00080431
     atom  299 type  1   force =     0.00063799   -0.00053279    0.00050245
     atom  300 type  1   force =     0.00014350   -0.00009857   -0.00005810
     atom  301 type  1   force =    -0.00008465   -0.00000610    0.00020666
     atom  302 type  1   force =    -0.00006751   -0.00010978    0.00026875
     atom  303 type  1   force =     0.00027089   -0.00028565   -0.00045531
     atom  304 type  1   force =     0.00001364    0.00052807   -0.00007933
     atom  305 type  1   force =     0.00130499   -0.00017918    0.00158989
     atom  306 type  1   force =     0.00052419   -0.00055638   -0.00016087
     atom  307 type  1   force =     0.00144866   -0.00048993    0.00039855
     atom  308 type  1   force =     0.00119042   -0.00111155    0.00158120
     atom  309 type  1   force =    -0.00003136    0.00020650   -0.00018941
     atom  310 type  1   force =     0.00027699    0.00012106   -0.00046450
     atom  311 type  1   force =    -0.00171827    0.00227363   -0.00167766
     atom  312 type  1   force =     0.00024000   -0.00066271   -0.00014891
     atom  313 type  1   force =     0.00014882    0.00038766   -0.00031061
     atom  314 type  1   force =     0.00031737   -0.00055805   -0.00068796
     atom  315 type  1   force =    -0.00138095    0.00032118   -0.00032746
     atom  316 type  1   force =    -0.00044464    0.00015671    0.00025742
     atom  317 type  1   force =     0.00003249   -0.00033873   -0.00035835
     atom  318 type  1   force =    -0.00006211   -0.00044165    0.00008923
     atom  319 type  1   force =    -0.00002329    0.00228049   -0.00010539
     atom  320 type  1   force =     0.00023821   -0.00034245   -0.00018988
     atom  321 type  1   force =    -0.00020541   -0.00033533    0.00024701
     atom  322 type  1   force =    -0.00011377    0.00227587   -0.00001456
     atom  323 type  1   force =     0.00008081   -0.00046203   -0.00004981
     atom  324 type  1   force =    -0.00038245   -0.00035230    0.00003710
     atom  325 type  1   force =    -0.00046882    0.00013255    0.00027631
     atom  326 type  1   force =    -0.00018862    0.00020343   -0.00001973
     atom  327 type  1   force =    -0.00015978   -0.00065383    0.00024754
     atom  328 type  1   force =    -0.00168300    0.00227729   -0.00169535
     atom  329 type  1   force =    -0.00031658    0.00031394   -0.00138542
     atom  330 type  1   force =     0.00025920    0.00015672   -0.00044498
     atom  331 type  1   force =    -0.00031619    0.00039376    0.00014512
     atom  332 type  1   force =    -0.00070183   -0.00056518    0.00032704
     atom  333 type  1   force =     0.00025994   -0.00010825   -0.00006853
     atom  334 type  1   force =     0.00021656   -0.00000281   -0.00008432
     atom  335 type  1   force =    -0.00007042    0.00054468    0.00000145
     atom  336 type  1   force =    -0.00045184   -0.00028636    0.00026700
     atom  337 type  1   force =     0.00038943   -0.00048649    0.00145332
     atom  338 type  1   force =     0.00158749   -0.00110914    0.00118466
     atom  339 type  1   force =     0.00161591   -0.00018620    0.00129726
     atom  340 type  1   force =    -0.00016410   -0.00055015    0.00051209
     atom  341 type  1   force =    -0.00004939   -0.00009607    0.00013432
     atom  342 type  1   force =     0.00048818   -0.00052774    0.00063978
     atom  343 type  1   force =     0.00080540   -0.00022487    0.00029576
     atom  344 type  1   force =     0.00042658   -0.00003033    0.00011577
     atom  345 type  1   force =     0.00107763    0.00017862    0.00037653
     atom  346 type  1   force =     0.00023372   -0.00006696   -0.00041777
     atom  347 type  1   force =    -0.00037317    0.00013112    0.00051844
     atom  348 type  1   force =     0.00059240   -0.00001311   -0.00030141
     atom  349 type  1   force =     0.00047726   -0.00006320    0.00028806
     atom  350 type  1   force =     0.00005131    0.00067147    0.00004952
     atom  351 type  1   force =    -0.00008719    0.00002132    0.00011227
     atom  352 type  1   force =     0.00004054   -0.00023306    0.00098748
     atom  353 type  1   force =     0.00089816   -0.00008501    0.00031495
     atom  354 type  1   force =    -0.00014855   -0.00038755    0.00031018
     atom  355 type  1   force =    -0.00008719    0.00013094   -0.00030351
     atom  356 type  1   force =     0.00108883   -0.00086477    0.00128116
     atom  357 type  1   force =     0.00065926    0.00015591   -0.00022552
     atom  358 type  1   force =     0.00029154   -0.00004846   -0.00089058
     atom  359 type  1   force =    -0.00102486    0.00087003   -0.00037588
     atom  360 type  1   force =    -0.00021127   -0.00046912    0.00035086
     atom  361 type  1   force =    -0.00141960    0.00109289   -0.00164248
     atom  362 type  1   force =    -0.00153160    0.00037277   -0.00139412
     atom  363 type  1   force =    -0.00070251   -0.00004750    0.00034563
     atom  364 type  1   force =    -0.00003458   -0.00066016    0.00085009
     atom  365 type  1   force =    -0.00096551    0.00000881    0.00013862
     atom  366 type  1   force =    -0.00012032   -0.00000899    0.00008347
     atom  367 type  1   force =    -0.00052232    0.00054786    0.00010757
     atom  368 type  1   force =    -0.00007823   -0.00020836    0.00012624
     atom  369 type  1   force =     0.00003448   -0.00048716   -0.00007320
     atom  370 type  1   force =     0.00013795    0.00035157   -0.00013985
     atom  371 type  1   force =    -0.00025966    0.00010826    0.00006874
     atom  372 type  1   force =     0.00031182   -0.00009089   -0.00002472
     atom  373 type  1   force =    -0.00092935    0.00060245   -0.00028109
     atom  374 type  1   force =    -0.00113912    0.00045903    0.00180461
     atom  375 type  1   force =    -0.00001691   -0.00070802   -0.00003905
     atom  376 type  1   force =    -0.00004772    0.00029255   -0.00036719
     atom  377 type  1   force =    -0.00028480    0.00035651   -0.00085208
     atom  378 type  1   force =    -0.00051026   -0.00038287    0.00023393
     atom  379 type  1   force =    -0.00063795    0.00053239   -0.00050217
     atom  380 type  1   force =    -0.00158172   -0.00034337   -0.00064726
     atom  381 type  1   force =     0.00056197    0.00044016   -0.00060004
     atom  382 type  1   force =     0.00088416   -0.00040914    0.00059391
     atom  383 type  1   force =     0.00026173    0.00003222   -0.00028671
     atom  384 type  1   force =    -0.00004995    0.00034539    0.00002931
     atom  385 type  1   force =    -0.00024050    0.00066283    0.00014970
     atom  386 type  1   force =     0.00040601   -0.00048256    0.00092359
     atom  387 type  1   force =     0.00191257   -0.00100703    0.00221687
     atom  388 type  1   force =    -0.00019441    0.00013801    0.00027971
     atom  389 type  1   force =     0.00000147    0.00028285    0.00003918
     atom  390 type  1   force =     0.00052570   -0.00050999   -0.00026920
     atom  391 type  1   force =    -0.00034419    0.00047401    0.00020542
     atom  392 type  1   force =     0.00001211    0.00027455   -0.00010172
     atom  393 type  1   force =     0.00018152    0.00021154    0.00015964
     atom  394 type  1   force =    -0.00000555    0.00078780   -0.00021590
     atom  395 type  1   force =     0.00038029    0.00053364   -0.00031594
     atom  396 type  1   force =     0.00014529   -0.00035686   -0.00014849
     atom  397 type  1   force =     0.00011417   -0.00026688    0.00011444
     atom  398 type  1   force =     0.00096459   -0.00044830    0.00115332
     atom  399 type  1   force =     0.00161173   -0.00082617    0.00088634
     atom  400 type  1   force =     0.00044472   -0.00015680   -0.00025744
     atom  401 type  1   force =     0.00015855    0.00021122    0.00017476
     atom  402 type  1   force =    -0.00021567    0.00034345    0.00022124
     atom  403 type  1   force =    -0.00051843    0.00097275    0.00028653
     atom  404 type  1   force =    -0.00065931   -0.00015598    0.00022549
     atom  405 type  1   force =     0.00004224   -0.00015950   -0.00090482
     atom  406 type  1   force =    -0.00075134    0.00004396   -0.00074914
     atom  407 type  1   force =    -0.00107654    0.00136712   -0.00167202
     atom  408 type  1   force =    -0.00032601   -0.00069963    0.00058944
     atom  409 type  1   force =    -0.00023184    0.00082832    0.00008147
     atom  410 type  1   force =     0.00010440   -0.00080266    0.00041562
     atom  411 type  1   force =    -0.00012520    0.00004576   -0.00006117
     atom  412 type  1   force =    -0.00019871   -0.00000327    0.00031374
     atom  413 type  1   force =    -0.00003990   -0.00057478    0.00056346
     atom  414 type  1   force =     0.00058934    0.00063323   -0.00129061
     atom  415 type  1   force =    -0.00043159    0.00019963    0.00003320
     atom  416 type  1   force =    -0.00007527    0.00003425   -0.00012234
     atom  417 type  1   force =     0.00003325    0.00020277   -0.00041621
     atom  418 type  1   force =    -0.00128095    0.00063663    0.00059396
     atom  419 type  1   force =     0.00054661   -0.00055034   -0.00002508
     atom  420 type  1   force =    -0.00090819   -0.00015909    0.00004431
     atom  421 type  1   force =     0.00058073   -0.00071407   -0.00031885
     atom  422 type  1   force =    -0.00165761    0.00136978   -0.00108801
     atom  423 type  1   force =     0.00030989   -0.00001241   -0.00020035
     atom  424 type  1   force =     0.00006757    0.00083249   -0.00022431
     atom  425 type  1   force =     0.00040401   -0.00082946    0.00011744
     atom  426 type  1   force =     0.00113664   -0.00044199    0.00096856
     atom  427 type  1   force =    -0.00025958   -0.00015660    0.00044523
     atom  428 type  1   force =     0.00087306   -0.00082932    0.00163180
     atom  429 type  1   force =     0.00030420    0.00094278   -0.00052696
     atom  430 type  1   force =     0.00023023   -0.00016616   -0.00066124
     atom  431 type  1   force =     0.00022828    0.00032500   -0.00022203
     atom  432 type  1   force =    -0.00013793   -0.00035147    0.00013972
     atom  433 type  1   force =    -0.00030410    0.00055666    0.00036385
     atom  434 type  1   force =    -0.00020415    0.00080865   -0.00001671
     atom  435 type  1   force =     0.00012874    0.00068410    0.00003074
     atom  436 type  1   force =    -0.00020745    0.00084630    0.00030016
     atom  437 type  1   force =    -0.00006793   -0.00083267    0.00022458
     atom  438 type  1   force =     0.00156621   -0.00088436    0.00135820
     atom  439 type  1   force =     0.00032757   -0.00025798    0.00100161
     atom  440 type  1   force =     0.00079186   -0.00053417    0.00077911
     atom  441 type  1   force =     0.00090037    0.00042077   -0.00020876
     atom  442 type  1   force =     0.00023224   -0.00082814   -0.00008194
     atom  443 type  1   force =    -0.00010003    0.00077498    0.00005153
     atom  444 type  1   force =     0.00033529   -0.00036075   -0.00034288
     atom  445 type  1   force =     0.00008761   -0.00013107    0.00030354
     atom  446 type  1   force =    -0.00106206    0.00115605   -0.00106410
     atom  447 type  1   force =    -0.00055807    0.00027114    0.00051542
     atom  448 type  1   force =    -0.00084543    0.00043429   -0.00002372
     atom  449 type  1   force =    -0.00019945   -0.00087320    0.00032619
     atom  450 type  1   force =     0.00016860   -0.00095856   -0.00007888
     atom  451 type  1   force =     0.00031558   -0.00089451   -0.00018823
     atom  452 type  1   force =     0.00045179    0.00028635   -0.00026701
     atom  453 type  1   force =    -0.00008497   -0.00048645    0.00022731
     atom  454 type  1   force =    -0.00098710    0.00022604    0.00098258
     atom  455 type  1   force =    -0.00096328    0.00063223   -0.00119102
     atom  456 type  1   force =    -0.00167805    0.00087182   -0.00169345
     atom  457 type  1   force =     0.00098146    0.00021270   -0.00098496
     atom  458 type  1   force =    -0.00032940   -0.00049604    0.00029146
     atom  459 type  1   force =     0.00128151   -0.00063658   -0.00059369
     atom  460 type  1   force =     0.00162411   -0.00066544    0.00163565
     atom  461 type  1   force =     0.00032525    0.00069958   -0.00058898
     atom  462 type  1   force =     0.00044408    0.00016336   -0.00007474
     atom  463 type  1   force =     0.00052707   -0.00032061    0.00030594
     atom  464 type  1   force =    -0.00008301    0.00017570    0.00044249
     atom  465 type  1   force =    -0.00000894    0.00019860    0.00056929
     atom  466 type  1   force =     0.00006316    0.00074827   -0.00011529
     atom  467 type  1   force =     0.00104663   -0.00044493    0.00105593
     atom  468 type  1   force =     0.00100607   -0.00026991    0.00034369
     atom  469 type  1   force =     0.00058327    0.00021035   -0.00001856
     atom  470 type  1   force =     0.00031433    0.00085262   -0.00021855
     atom  471 type  1   force =     0.00009166   -0.00009256    0.00009742
     atom  472 type  1   force =    -0.00033749   -0.00035571    0.00032861
     atom  473 type  1   force =    -0.00009354   -0.00092958    0.00018273
     atom  474 type  1   force =    -0.00052597    0.00050997    0.00026898
     atom  475 type  1   force =     0.00050574    0.00026200   -0.00054963
     atom  476 type  1   force =     0.00027034    0.00050781   -0.00052662
     atom  477 type  1   force =     0.00027907   -0.00048460   -0.00032036
     atom  478 type  1   force =    -0.00117216    0.00063090   -0.00097161
     atom  479 type  1   force =     0.00022171   -0.00050725   -0.00007209
     atom  480 type  1   force =    -0.00058971   -0.00063269    0.00129058
     atom  481 type  1   force =     0.00031715   -0.00032447    0.00050727
     atom  482 type  1   force =    -0.00058022    0.00071377    0.00031842
     atom  483 type  1   force =    -0.00019427    0.00040738    0.00087946
     atom  484 type  1   force =     0.00135713   -0.00087816    0.00155501
     atom  485 type  1   force =     0.00003721    0.00069931    0.00011987
     atom  486 type  1   force =     0.00030483   -0.00013490    0.00008901
     atom  487 type  1   force =    -0.00027101    0.00028555    0.00045542
     atom  488 type  1   force =    -0.00002968    0.00043722   -0.00083707
     atom  489 type  1   force =     0.00028597    0.00010876    0.00028537
     atom  490 type  1   force =    -0.00008133    0.00046218    0.00005034
     atom  491 type  1   force =     0.00163927   -0.00109806    0.00143385
     atom  492 type  1   force =     0.00001728    0.00070825    0.00003875
     atom  493 type  1   force =     0.00020341   -0.00083727   -0.00033975
     atom  494 type  1   force =    -0.00095846    0.00049841   -0.00093701
     atom  495 type  1   force =    -0.00023697    0.00007262   -0.00072215
     atom  496 type  1   force =    -0.00086246   -0.00029594    0.00026609
     atom  497 type  1   force =     0.00027542   -0.00031088   -0.00085401
     atom  498 type  1   force =    -0.00071699    0.00008080   -0.00025415
     atom  499 type  1   force =    -0.00035447   -0.00082995    0.00021068
     atom  500 type  1   force =     0.00005314    0.00072920    0.00000293
     atom  501 type  1   force =     0.00141942   -0.00109346    0.00164258
     atom  502 type  1   force =     0.00006228    0.00044190   -0.00008940
     atom  503 type  1   force =     0.00230988    0.00024784    0.00155072
     atom  504 type  1   force =    -0.00023837    0.00038541    0.00048759
     atom  505 type  1   force =     0.00174837   -0.00118327    0.00174552
     atom  506 type  1   force =    -0.00003653   -0.00069942   -0.00012049
     atom  507 type  1   force =     0.00004125    0.00019871    0.00013850
     atom  508 type  1   force =    -0.00162446    0.00066623   -0.00163598
     atom  509 type  1   force =     0.00010050   -0.00077490   -0.00005197
     atom  510 type  1   force =    -0.00104665    0.00044563   -0.00105620
     atom  511 type  1   force =     0.00042483    0.00025414   -0.00022250
     atom  512 type  1   force =     0.00140476   -0.00066240    0.00141422
     atom  513 type  1   force =     0.00212432   -0.00128913    0.00210899
     atom  514 type  1   force =     0.00050018    0.00036526   -0.00024909
     atom  515 type  1   force =    -0.00009574    0.00027722   -0.00009564
     atom  516 type  1   force =    -0.00012901   -0.00068426   -0.00003057
     atom  517 type  1   force =    -0.00006351   -0.00074859    0.00011577
     atom  518 type  1   force =    -0.00020972    0.00023571    0.00040668
     atom  519 type  1   force =     0.00157204    0.00025726    0.00225851
     atom  520 type  1   force =     0.00013548    0.00019560    0.00004406
     atom  521 type  1   force =     0.00044529   -0.00132044    0.00286254
     atom  522 type  1   force =     0.00023941   -0.00004568    0.00079635
     atom  523 type  1   force =     0.00025120   -0.00005501    0.00089226
     atom  524 type  1   force =     0.00031873    0.00033619    0.00009667
     atom  525 type  1   force =     0.00289846   -0.00134202    0.00039322
     atom  526 type  1   force =     0.00032982    0.00040301   -0.00023188
     atom  527 type  1   force =    -0.00000418    0.00021963   -0.00005305
     atom  528 type  1   force =     0.00213389   -0.00083614    0.00169444
     atom  529 type  1   force =     0.00306286   -0.00115483    0.00303769
     atom  530 type  1   force =     0.00003490   -0.00009335   -0.00014384
     atom  531 type  1   force =     0.00050457    0.00026618   -0.00024714
     atom  532 type  1   force =    -0.00001893    0.00039151    0.00049050
     atom  533 type  1   force =     0.00051903   -0.00097308   -0.00028710
     atom  534 type  1   force =    -0.00097257    0.00045153   -0.00097983
     atom  535 type  1   force =     0.00000365   -0.00021957    0.00005346
     atom  536 type  1   force =     0.00002759   -0.00031549   -0.00004307
     atom  537 type  1   force =    -0.00017453   -0.00018468   -0.00014600
     atom  538 type  1   force =    -0.00025096    0.00005464   -0.00089203
     atom  539 type  1   force =    -0.00099081    0.00087321   -0.00096916
     atom  540 type  1   force =    -0.00161167    0.00082661   -0.00088642
     atom  541 type  1   force =    -0.00050393   -0.00026620    0.00024683
     atom  542 type  1   force =     0.00008903    0.00021305    0.00005243
     atom  543 type  1   force =    -0.00038062   -0.00053388    0.00031633
     atom  544 type  1   force =    -0.00101028    0.00045337   -0.00095374
     atom  545 type  1   force =     0.00030473   -0.00055671   -0.00036436
     atom  546 type  1   force =     0.00005438    0.00021076    0.00008755
     atom  547 type  1   force =     0.00024710   -0.00027765   -0.00050459
     atom  548 type  1   force =    -0.00030484   -0.00094300    0.00052749
     atom  549 type  1   force =    -0.00003938   -0.00031173    0.00003221
     atom  550 type  1   force =     0.00004648   -0.00021334    0.00001134
     atom  551 type  1   force =    -0.00087373    0.00083007   -0.00163195
     atom  552 type  1   force =    -0.00014880   -0.00018608   -0.00018040
     atom  553 type  1   force =    -0.00088574    0.00005930   -0.00025643
     atom  554 type  1   force =    -0.00023023    0.00039743    0.00031550
     atom  555 type  1   force =     0.00169246   -0.00083726    0.00213961
     atom  556 type  1   force =    -0.00004606    0.00021365   -0.00001181
     atom  557 type  1   force =    -0.00024736    0.00027782    0.00050473
     atom  558 type  1   force =     0.00050196    0.00036748   -0.00003425
     atom  559 type  1   force =    -0.00014548   -0.00008577    0.00003756
     atom  560 type  1   force =     0.00011734    0.00035545    0.00030574
     atom  561 type  1   force =     0.00088533   -0.00005952    0.00025628
     atom  562 type  1   force =     0.00080463   -0.00005134    0.00024836
     atom  563 type  1   force =     0.00009949   -0.00202424    0.00227253
     atom  564 type  1   force =    -0.00008788    0.00075799    0.00052771
     atom  565 type  1   force =     0.00031695   -0.00031462    0.00138532
     atom  566 type  1   force =     0.00861495   -0.00567236    0.00050775
     atom  567 type  1   force =     0.00003129   -0.00020660    0.00018966
     atom  568 type  1   force =     0.00138056   -0.00032162    0.00032739
     atom  569 type  1   force =     0.00078927   -0.00052601    0.00168732
     atom  570 type  1   force =     0.00008373   -0.00056433    0.00008752
     atom  571 type  1   force =    -0.00010860   -0.00054656    0.00052752
     atom  572 type  1   force =     0.00049398   -0.00045693   -0.00059448
     atom  573 type  1   force =    -0.00054210    0.00005953   -0.00011199
     atom  574 type  1   force =    -0.00032757    0.00025826   -0.00100139
     atom  575 type  1   force =    -0.00001229   -0.00027462    0.00010193
     atom  576 type  1   force =    -0.00111692    0.00083608   -0.00150010
     atom  577 type  1   force =     0.00052989   -0.00015257    0.00052672
     atom  578 type  1   force =    -0.00089775    0.00008503   -0.00031489
     atom  579 type  1   force =    -0.00100616    0.00027055   -0.00034417
     atom  580 type  1   force =     0.00020984   -0.00023566   -0.00040670
     atom  581 type  1   force =     0.00153997    0.00117616   -0.00137653
     atom  582 type  1   force =     0.00008442    0.00000620   -0.00020642
     atom  583 type  1   force =    -0.00031354   -0.00085282    0.00021794
     atom  584 type  1   force =    -0.00021623    0.00000321    0.00008393
     atom  585 type  1   force =    -0.00058173    0.00162618   -0.00059720
     atom  586 type  1   force =     0.00008340   -0.00017571   -0.00044304
     atom  587 type  1   force =    -0.00005862    0.00018284    0.00001290
     atom  588 type  1   force =    -0.00023181    0.00038548    0.00050093
     atom  589 type  1   force =    -0.00029189    0.00004875    0.00089113
     atom  590 type  1   force =     0.00131441   -0.00101974    0.00132617
     atom  591 type  1   force =    -0.00003496    0.00048724    0.00007368
     atom  592 type  1   force =     0.00050977    0.00038251   -0.00023376
     atom  593 type  1   force =     0.00053820   -0.00190227    0.00273727
     atom  594 type  1   force =     0.00018880   -0.00020328    0.00001923
     atom  595 type  1   force =     0.00276220   -0.00189839    0.00049129
     atom  596 type  1   force =     0.00054533    0.00073950   -0.00009459
     atom  597 type  1   force =     0.00492532   -0.00087201    0.00484100
     atom  598 type  1   force =     0.00052281   -0.00054807   -0.00010765
     atom  599 type  1   force =    -0.00098850    0.00029207   -0.00018671
     atom  600 type  1   force =    -0.00031621    0.00008683   -0.00090062
     atom  601 type  1   force =     0.00009864   -0.00028433   -0.00001182
     atom  602 type  1   force =    -0.00174829    0.00118248   -0.00174534
     atom  603 type  1   force =    -0.00062360   -0.00043571    0.00050094
     atom  604 type  1   force =    -0.00020220    0.00030109   -0.00096840
     atom  605 type  1   force =     0.00020708   -0.00084633   -0.00029969
     atom  606 type  1   force =    -0.00139062    0.00118735    0.00154703
     atom  607 type  1   force =    -0.00044425   -0.00016360    0.00007505
     atom  608 type  1   force =     0.00008736    0.00047952   -0.00005091
     atom  609 type  1   force =     0.00089451    0.00003180   -0.00028792
     atom  610 type  1   force =     0.00001942    0.00018079   -0.00005711
     atom  611 type  1   force =     0.00061862   -0.00564564    0.00852652
     atom  612 type  1   force =     0.00230677   -0.00202771    0.00006919
     atom  613 type  1   force =     0.00172761   -0.00051667    0.00075787
     atom  614 type  1   force =    -0.00042520   -0.00025403    0.00022267
     atom  615 type  1   force =    -0.00151375    0.00083330   -0.00110242
     atom  616 type  1   force =    -0.00012769    0.00006763   -0.00052367
     atom  617 type  1   force =    -0.00061232   -0.00098538    0.00109772
     atom  618 type  1   force =     0.00133357   -0.00062172    0.00100763
     atom  619 type  1   force =    -0.00007469    0.00078237   -0.00009379
     atom  620 type  1   force =     0.00036485   -0.00086575    0.00101467
     atom  621 type  1   force =     0.00111070   -0.00099010   -0.00062445
     atom  622 type  1   force =     0.00099490   -0.00052760    0.00096068
     atom  623 type  1   force =     0.00070785   -0.00052970    0.00016482
     atom  624 type  1   force =     0.00070126    0.00056518   -0.00032695
     atom  625 type  1   force =     0.00018196   -0.00027778    0.00017532
     atom  626 type  1   force =     0.00117704   -0.00071354    0.00139501
     atom  627 type  1   force =    -0.00025162    0.00042300    0.00028621
     atom  628 type  1   force =    -0.00031197    0.00009082    0.00002481
     atom  629 type  1   force =     0.00716766    0.00252747   -0.00315873
     atom  630 type  1   force =     0.00018023   -0.00018802   -0.00064345
     atom  631 type  1   force =    -0.00000169   -0.00028293   -0.00003896
     atom  632 type  1   force =    -0.00067271    0.00018752   -0.00027811
     atom  633 type  1   force =    -0.00017224   -0.00083036    0.00024500
     atom  634 type  1   force =     0.00007095   -0.00054510   -0.00000213
     atom  635 type  1   force =    -0.00012897    0.00016359   -0.00013424
     atom  636 type  1   force =     0.00057283   -0.00110030   -0.00044100
     atom  637 type  1   force =    -0.00127036    0.00085963   -0.00109098
     atom  638 type  1   force =     0.00024782    0.00002406   -0.00062828
     atom  639 type  1   force =    -0.00062897    0.01060401   -0.00013745
     atom  640 type  1   force =    -0.00065410   -0.00018421    0.00017798
     atom  641 type  1   force =    -0.00016163    0.01053654   -0.00060904
     atom  642 type  1   force =    -0.00063349    0.00003720    0.00023789
     atom  643 type  1   force =    -0.00108923    0.00086538   -0.00128125
     atom  644 type  1   force =    -0.00313878    0.00251127    0.00729040
     atom  645 type  1   force =    -0.00026006    0.00017636   -0.00067256
     atom  646 type  1   force =    -0.00004711   -0.00029713    0.00000797
     atom  647 type  1   force =    -0.00049608   -0.00114178    0.00061486
     atom  648 type  1   force =     0.00023539   -0.00083774   -0.00015886
     atom  649 type  1   force =    -0.00001411   -0.00052831    0.00007968
     atom  650 type  1   force =     0.00098471   -0.00052510    0.00096580
     atom  651 type  1   force =    -0.00031720    0.00055792    0.00068768
     atom  652 type  1   force =     0.00014915   -0.00052322    0.00071339
     atom  653 type  1   force =     0.00029325    0.00041030   -0.00024278
     atom  654 type  1   force =     0.00002204    0.00009713   -0.00031813
     atom  655 type  1   force =     0.00142507   -0.00071426    0.00115531
     atom  656 type  1   force =     0.00102485   -0.00087050    0.00037616
     atom  657 type  1   force =    -0.00008761    0.00078796   -0.00008623
     atom  658 type  1   force =     0.00103497   -0.00062604    0.00130649
     atom  659 type  1   force =    -0.00050604   -0.00026202    0.00054983
     atom  660 type  1   force =     0.00024214    0.00001497    0.00109993
     atom  661 type  1   force =    -0.00023490    0.00083759    0.00015828
     atom  662 type  1   force =     0.00205264   -0.00137740   -0.00197200
     atom  663 type  1   force =     0.00096374   -0.00063292    0.00119156
     atom  664 type  1   force =     0.00017155    0.00083018   -0.00024450
     atom  665 type  1   force =     0.00033749    0.00035543   -0.00032848
     atom  666 type  1   force =     0.00109089   -0.00067862    0.00107801
     atom  667 type  1   force =     0.00008527    0.00048664   -0.00022772
     atom  668 type  1   force =     0.00655814    0.03065123   -0.00760286
     atom  669 type  1   force =    -0.00067176    0.00000586   -0.00013907
     atom  670 type  1   force =    -0.00004131   -0.00033718    0.00006607
     atom  671 type  1   force =    -0.00023449   -0.00078168    0.00007681
     atom  672 type  1   force =    -0.00067184    0.00064408   -0.00023485
     atom  673 type  1   force =    -0.00317100    0.00141092   -0.00310175
     atom  674 type  1   force =    -0.00145161    0.00078312   -0.00181396
     atom  675 type  1   force =     0.00005038   -0.00034530   -0.00002974
     atom  676 type  1   force =    -0.00001942   -0.00018059    0.00005706
     atom  677 type  1   force =    -0.00122496    0.00325839   -0.00769552
     atom  678 type  1   force =    -0.00048525   -0.00047500    0.00024992
     atom  679 type  1   force =    -0.00144821    0.00049020   -0.00039866
     atom  680 type  1   force =     0.00024381   -0.00049815   -0.00047382
     atom  681 type  1   force =    -0.01000211    0.00130282   -0.00967349
     atom  682 type  1   force =    -0.00052377   -0.00011356    0.00037090
     atom  683 type  1   force =     0.00069185   -0.00018473    0.00018502
     atom  684 type  1   force =     0.00020018    0.00087315   -0.00032692
     atom  685 type  1   force =     0.00067247   -0.00018720    0.00027785
     atom  686 type  1   force =     0.00009086   -0.00003644    0.00008691
     atom  687 type  1   force =     0.00063318   -0.00003741   -0.00023753
     atom  688 type  1   force =    -0.00031607    0.00089461    0.00018880
     atom  689 type  1   force =    -0.00098171   -0.00021243    0.00098512
     atom  690 type  1   force =     0.00117197   -0.00063113    0.00097130
     atom  691 type  1   force =     0.00098772   -0.00022605   -0.00098278
     atom  692 type  1   force =     0.00112053    0.00001549    0.00024217
     atom  693 type  1   force =    -0.00067017    0.00056021   -0.00066478
     atom  694 type  1   force =    -0.00022228    0.00050722    0.00007256
     atom  695 type  1   force =    -0.00013544    0.00004182   -0.00007157
     atom  696 type  1   force =    -0.00180914    0.00079096   -0.00146999
     atom  697 type  1   force =     0.00006138   -0.00080422   -0.00021787
     atom  698 type  1   force =    -0.00008396    0.00056434   -0.00008760
     atom  699 type  1   force =    -0.00763885    0.03075963    0.00699408
     atom  700 type  1   force =    -0.00008314    0.00004092   -0.00013210
     atom  701 type  1   force =    -0.00038989    0.00048710   -0.00145310
     atom  702 type  1   force =    -0.00777454    0.00326564   -0.00114811
     atom  703 type  1   force =     0.00037338   -0.00013132   -0.00051862
     atom  704 type  1   force =    -0.00024748   -0.00002396    0.00062769
     atom  705 type  1   force =     0.00026029   -0.00017633    0.00067274
     atom  706 type  1   force =     0.00019946   -0.00019121    0.00067529
     atom  707 type  1   force =    -0.00196087   -0.00136202    0.00203727
     atom  708 type  1   force =     0.00055845   -0.00027105   -0.00051583
     atom  709 type  1   force =    -0.00033470    0.00036024    0.00034281
     atom  710 type  1   force =     0.00005841   -0.00018276   -0.00001263
     atom  711 type  1   force =    -0.00023616    0.00064390   -0.00065978
     atom  712 type  1   force =    -0.00015101    0.00000929   -0.00066366
     atom  713 type  1   force =     0.00007513   -0.00003437    0.00012250
     atom  714 type  1   force =     0.00010581   -0.00050600    0.00061206
     atom  715 type  1   force =     0.00002678    0.00056455   -0.00008781
     atom  716 type  1   force =     0.00167849   -0.00087258    0.00169366
     atom  717 type  1   force =     0.00012532   -0.00004561    0.00006072
     atom  718 type  1   force =     0.00099135   -0.00093653    0.00097491
     atom  719 type  1   force =     0.00118782   -0.00068140    0.00150945
     atom  720 type  1   force =    -0.00016925    0.00095865    0.00007945
     atom  721 type  1   force =     0.00075184   -0.00004450    0.00074928
     atom  722 type  1   force =     0.00063198   -0.00050062    0.00009051
     atom  723 type  1   force =     0.00016190    0.00080512   -0.00007981
     atom  724 type  1   force =     0.00009398    0.00092981   -0.00018328
     atom  725 type  1   force =    -0.00355846    0.00567623   -0.00353549
     atom  726 type  1   force =    -0.00013940   -0.00051013    0.00004557
     atom  727 type  1   force =    -0.00019953    0.00019139   -0.00067565
     atom  728 type  1   force =    -0.00075893    0.00050224   -0.00031195
     atom  729 type  1   force =     0.00018762   -0.00027626   -0.00036694
     atom  730 type  1   force =    -0.00069143    0.00018474   -0.00018486
     atom  731 type  1   force =    -0.00187390    0.00119285   -0.00187936
     atom  732 type  1   force =    -0.00148397   -0.00000795   -0.00244529
     atom  733 type  1   force =    -0.00109076    0.00067905   -0.00107815
     atom  734 type  1   force =     0.00001786   -0.00011859    0.00005183
     atom  735 type  1   force =    -0.00248722   -0.00002767   -0.00138515
     atom  736 type  1   force =     0.00003153   -0.00048789   -0.00012380
     atom  737 type  1   force =     0.00004872   -0.00011461    0.00001755
     atom  738 type  1   force =    -0.00030572    0.00049768   -0.00075308
     atom  739 type  1   force =    -0.00037458   -0.00028136    0.00019446
     atom  740 type  1   force =     0.00150692   -0.00068492    0.00120211
     atom  741 type  1   force =    -0.00006828    0.00078608    0.00014499
     atom  742 type  1   force =    -0.00008061    0.00058534    0.00001654
     atom  743 type  1   force =     0.00154326   -0.00078037    0.00150868
     atom  744 type  1   force =    -0.00129934    0.00075772   -0.00127180
     atom  745 type  1   force =     0.00119005   -0.00007118    0.00186274
     atom  746 type  1   force =     0.00005904    0.00067164   -0.00005453
     atom  747 type  1   force =     0.00086230    0.00029559   -0.00026569
     atom  748 type  1   force =     0.00139750   -0.00132416   -0.00033190
     atom  749 type  1   force =     0.00230495   -0.00159777    0.00228093
     atom  750 type  1   force =     0.00048045    0.00024794   -0.00010098
     atom  751 type  1   force =     0.00023687   -0.00007231    0.00072220
     atom  752 type  1   force =     0.00069758   -0.00005492    0.00161058
     atom  753 type  1   force =     0.00189548   -0.00005999    0.00114847
     atom  754 type  1   force =     0.00028868   -0.00030585    0.00101371
     atom  755 type  1   force =    -0.00020288    0.00083744    0.00033927
     atom  756 type  1   force =     0.00006774   -0.00136510    0.00160350
     atom  757 type  1   force =    -0.00073623   -0.00018695    0.00038202
     atom  758 type  1   force =    -0.00106051    0.00063556   -0.00105754
     atom  759 type  1   force =    -0.00070808    0.00052946   -0.00016453
     atom  760 type  1   force =     0.00019430   -0.00040734   -0.00087925
     atom  761 type  1   force =    -0.00058275   -0.00021045    0.00001844
     atom  762 type  1   force =     0.00007483   -0.00078225    0.00009359
     atom  763 type  1   force =     0.00020415   -0.00018950   -0.00030732
     atom  764 type  1   force =    -0.00068305    0.00065336   -0.00028134
     atom  765 type  1   force =     0.00025136   -0.00042300   -0.00028580
     atom  766 type  1   force =    -0.00156662    0.00088490   -0.00135875
     atom  767 type  1   force =     0.00031414    0.00064878   -0.00054920
     atom  768 type  1   force =    -0.00032173   -0.00020038    0.00021072
     atom  769 type  1   force =    -0.00055342    0.00064919    0.00031557
     atom  770 type  1   force =    -0.00135695    0.00087853   -0.00155534
     atom  771 type  1   force =    -0.00029336   -0.00041013    0.00024257
     atom  772 type  1   force =     0.00037624   -0.00018310   -0.00072010
     atom  773 type  1   force =    -0.00089978   -0.00042108    0.00020868
     atom  774 type  1   force =    -0.00014915    0.00052318   -0.00071356
     atom  775 type  1   force =    -0.00029971    0.00065920   -0.00068331
     atom  776 type  1   force =     0.00000896   -0.00019858   -0.00056941
     atom  777 type  1   force =     0.00008706   -0.00078798    0.00008674
     atom  778 type  1   force =    -0.00010774    0.00026050    0.00047640
     atom  779 type  1   force =     0.00163293   -0.00004854    0.00067773
     atom  780 type  1   force =     0.00071709   -0.00008035    0.00025375
     atom  781 type  1   force =     0.00035422    0.00082971   -0.00021041
     atom  782 type  1   force =     0.00161170   -0.00136930    0.00003266
     atom  783 type  1   force =     0.00101321   -0.00031590    0.00030085
     atom  784 type  1   force =    -0.00030851   -0.00131348    0.00138387
     atom  785 type  1   force =    -0.00027505    0.00031093    0.00085366
     atom  786 type  1   force =    -0.00004291    0.00066668    0.00004826
     atom  787 type  1   force =     0.00062335    0.00043550   -0.00050061
     atom  788 type  1   force =     0.00038264    0.00035213   -0.00003689
     atom  789 type  1   force =     0.00130684   -0.00041310    0.00036752
     atom  790 type  1   force =    -0.00889217   -0.00857962    0.00606529
     atom  791 type  1   force =     0.00038124   -0.00028128    0.00004529
     atom  792 type  1   force =     0.00027732    0.00003990    0.00027572
     atom  793 type  1   force =     0.00128636   -0.00299214    0.00286341
     atom  794 type  1   force =     0.00034709   -0.00040055    0.00130702
     atom  795 type  1   force =    -0.00154008   -0.00117634    0.00137645
     atom  796 type  1   force =    -0.00172765    0.00051691   -0.00075731
     atom  797 type  1   force =    -0.00100572    0.00033380   -0.00130847
     atom  798 type  1   force =    -0.00011412    0.00026726   -0.00011455
     atom  799 type  1   force =    -0.00230622    0.00202772   -0.00006879
     atom  800 type  1   force =    -0.00111061    0.00079590   -0.00136046
     atom  801 type  1   force =    -0.00292647    0.00235241    0.00279674
     atom  802 type  1   force =     0.00027182   -0.00058851   -0.00067353
     atom  803 type  1   force =     0.00274751    0.00233709   -0.00292006
     atom  804 type  1   force =    -0.00065704    0.00028888   -0.00028707
     atom  805 type  1   force =    -0.00167563    0.00452664    0.00151454
     atom  806 type  1   force =    -0.00276141    0.00189804   -0.00049140
     atom  807 type  1   force =     0.00045212   -0.00050533   -0.00008841
     atom  808 type  1   force =    -0.00013542    0.00028202   -0.00014681
     atom  809 type  1   force =    -0.00053880    0.00190239   -0.00273763
     atom  810 type  1   force =    -0.00015839   -0.00021124   -0.00017459
     atom  811 type  1   force =    -0.00021808    0.00024891    0.00060788
     atom  812 type  1   force =    -0.00053001    0.00015224   -0.00052659
     atom  813 type  1   force =    -0.00000717    0.00099236    0.00005575
     atom  814 type  1   force =     0.00153208   -0.00037322    0.00139477
     atom  815 type  1   force =    -0.00045469   -0.00051529    0.00062964
     atom  816 type  1   force =     0.00139161   -0.00036775    0.00151719
     atom  817 type  1   force =    -0.00516756   -0.02017349    0.00499263
     atom  818 type  1   force =     0.00138999   -0.00118737   -0.00154726
     atom  819 type  1   force =     0.00058159   -0.00162594    0.00059726
     atom  820 type  1   force =     0.00004774   -0.00029235    0.00036694
     atom  821 type  1   force =     0.00508382   -0.02026990   -0.00528566
     atom  822 type  1   force =    -0.00003226    0.00033889    0.00035802
     atom  823 type  1   force =    -0.00151391    0.00069717   -0.00148089
     atom  824 type  1   force =    -0.00078942    0.00052646   -0.00168689
     atom  825 type  1   force =    -0.00069013   -0.00058127    0.00026517
     atom  826 type  1   force =    -0.00034942    0.00053995   -0.00094095
     atom  827 type  1   force =    -0.00009952    0.00202463   -0.00227287
     atom  828 type  1   force =    -0.00096800    0.00053594   -0.00034164
     atom  829 type  1   force =    -0.00018170   -0.00021141   -0.00015988
     atom  830 type  1   force =    -0.00009799   -0.00048595    0.00048660
     atom  831 type  1   force =     0.00148638    0.00450979   -0.00164747
     atom  832 type  1   force =     0.00061508    0.00023065   -0.00020744
     atom  833 type  1   force =     0.00063444   -0.00052140   -0.00046185
     atom  834 type  1   force =     0.00007140    0.00098392   -0.00002230
     atom  835 type  1   force =     0.00288953   -0.00300901    0.00111740
     atom  836 type  1   force =     0.00613860   -0.00866875   -0.00915000
     atom  837 type  1   force =    -0.00049345    0.00045659    0.00059424
     atom  838 type  1   force =    -0.00132525    0.00033104   -0.00098562
     atom  839 type  1   force =    -0.00029608    0.00029437   -0.00063161
     atom  840 type  1   force =    -0.00139709    0.00079530   -0.00108522
     atom  841 type  1   force =    -0.00148635   -0.00450966    0.00164759
     atom  842 type  1   force =     0.00024397    0.00000161    0.00065807
     atom  843 type  1   force =    -0.00002773    0.00031539    0.00004305
     atom  844 type  1   force =     0.00313695   -0.00251057   -0.00729264
     atom  845 type  1   force =     0.00292697   -0.00235220   -0.00279585
     atom  846 type  1   force =     0.00102611   -0.00020042    0.00101506
     atom  847 type  1   force =    -0.00008892   -0.00021269   -0.00005268
     atom  848 type  1   force =     0.00049547    0.00114154   -0.00061482
     atom  849 type  1   force =    -0.00045148    0.00050488    0.00008802
     atom  850 type  1   force =     0.00067567    0.00000613    0.00023798
     atom  851 type  1   force =     0.00017450    0.00018460    0.00014575
     atom  852 type  1   force =     0.00016093   -0.01053678    0.00060876
     atom  853 type  1   force =     0.00067043   -0.00056036    0.00066490
     atom  854 type  1   force =     0.00027475   -0.00001901   -0.00053567
     atom  855 type  1   force =    -0.00080540    0.00022452   -0.00029519
     atom  856 type  1   force =    -0.00191317    0.00100800   -0.00221714
     atom  857 type  1   force =    -0.00042662    0.00003021   -0.00011535
     atom  858 type  1   force =    -0.00005706   -0.00066452   -0.00003970
     atom  859 type  1   force =    -0.00126388    0.00002251   -0.00032240
     atom  860 type  1   force =    -0.00205193    0.00137728    0.00197232
     atom  861 type  1   force =     0.00019402   -0.00013784   -0.00027947
     atom  862 type  1   force =    -0.00031633    0.00004647   -0.00046511
     atom  863 type  1   force =     0.00196108    0.00136215   -0.00203703
     atom  864 type  1   force =     0.00008899   -0.00086422   -0.00015624
     atom  865 type  1   force =    -0.00017438   -0.00087281    0.00009828
     atom  866 type  1   force =    -0.00047721    0.00006304   -0.00028780
     atom  867 type  1   force =    -0.00028589   -0.00012404    0.00018747
     atom  868 type  1   force =    -0.00053478   -0.00000478    0.00026600
     atom  869 type  1   force =    -0.00222034    0.00100324   -0.00190667
     atom  870 type  1   force =    -0.00028080    0.00021994   -0.00080487
     atom  871 type  1   force =    -0.00030274    0.00000910   -0.00125711
     atom  872 type  1   force =    -0.00013817    0.00000919   -0.00041183
     atom  873 type  1   force =    -0.00005155   -0.00067171   -0.00004929
     atom  874 type  1   force =    -0.00274727   -0.00233647    0.00292003
     atom  875 type  1   force =    -0.00057272    0.00109978    0.00044014
     atom  876 type  1   force =    -0.00005466   -0.00021055   -0.00008744
     atom  877 type  1   force =     0.00014894    0.00018591    0.00018065
     atom  878 type  1   force =     0.00062778   -0.01060454    0.00013703
     atom  879 type  1   force =     0.00009756    0.00048584   -0.00048598
     atom  880 type  1   force =    -0.00716917   -0.00252734    0.00315796
     atom  881 type  1   force =     0.00003965    0.00031168   -0.00003252
     atom  882 type  1   force =     0.00167591   -0.00452623   -0.00151446
     atom  883 type  1   force =     0.00002295   -0.00228085    0.00010565
     atom  884 type  1   force =     0.00055312    0.00023862   -0.00024212
     atom  885 type  1   force =     0.00165738   -0.00137018    0.00108795
     atom  886 type  1   force =     0.00116278   -0.00037125    0.00149215
     atom  887 type  1   force =     0.00106187   -0.00115646    0.00106433
     atom  888 type  1   force =    -0.00083879    0.00067782    0.00002600
     atom  889 type  1   force =     0.00107714   -0.00136787    0.00167211
     atom  890 type  1   force =     0.00015311    0.00025190   -0.00003908
     atom  891 type  1   force =     0.00034726    0.00005873    0.00103527
     atom  892 type  1   force =    -0.00288926    0.00300848   -0.00111645
     atom  893 type  1   force =    -0.00118778    0.00068110   -0.00150950
     atom  894 type  1   force =    -0.00146455    0.00100024   -0.00147277
     atom  895 type  1   force =     0.00006874   -0.00078578   -0.00014553
     atom  896 type  1   force =     0.00008204   -0.00004899    0.00009515
     atom  897 type  1   force =     0.00176175   -0.00073656    0.00008090
     atom  898 type  1   force =     0.00009530   -0.00005766    0.00008418
     atom  899 type  1   force =     0.00061202    0.00098555   -0.00109783
     atom  900 type  1   force =     0.00516774    0.02017441   -0.00499216
     atom  901 type  1   force =     0.00025077   -0.00028007   -0.00072596
     atom  902 type  1   force =    -0.00002648   -0.00056416    0.00008744
     atom  903 type  1   force =    -0.00018187    0.00027805   -0.00017478
     atom  904 type  1   force =    -0.00025318    0.00032607   -0.00125971
     atom  905 type  1   force =     0.00008008   -0.00058538   -0.00001621
     atom  906 type  1   force =     0.00030561   -0.00024422   -0.00029670
     atom  907 type  1   force =    -0.00040452    0.00082966   -0.00011689
     atom  908 type  1   force =     0.00024325   -0.00057375    0.00023924
     atom  909 type  1   force =     0.00003931    0.00057474   -0.00056311
     atom  910 type  1   force =     0.00113823   -0.00045889   -0.00180527
     atom  911 type  1   force =    -0.00178921   -0.00046119    0.00115015
     atom  912 type  1   force =     0.00032895    0.00049611   -0.00029139
     atom  913 type  1   force =    -0.00017901    0.00043536    0.00045395
     atom  914 type  1   force =     0.00106169    0.00005882    0.00034716
     atom  915 type  1   force =     0.00003517    0.00065963   -0.00085063
     atom  916 type  1   force =     0.00019571    0.00002236    0.00020278
     atom  917 type  1   force =     0.00047570    0.00045024   -0.00018413
     atom  918 type  1   force =     0.00011376   -0.00227593    0.00001451
     atom  919 type  1   force =    -0.00133423    0.00576282   -0.00135085
     atom  920 type  1   force =    -0.00150675    0.00068437   -0.00120147
     atom  921 type  1   force =    -0.00111035    0.00099005    0.00062458
     atom  922 type  1   force =    -0.00613869    0.00866934    0.00915291
     atom  923 type  1   force =     0.00889445    0.00858022   -0.00606566
     atom  924 type  1   force =    -0.00016230   -0.00080527    0.00008012
     atom  925 type  1   force =    -0.00031115   -0.00022388    0.00031757
     atom  926 type  1   force =    -0.00127207    0.00032991   -0.00026027
     atom  927 type  1   force =    -0.00074563   -0.00028486    0.00025401
     atom  928 type  1   force =    -0.00010405    0.00080268   -0.00041619
     atom  929 type  1   force =    -0.00027910    0.00048461    0.00032048
     atom  930 type  1   force =    -0.00054653    0.00055036    0.00002482
     atom  931 type  1   force =    -0.00003655    0.00023678    0.00013988
     atom  932 type  1   force =     0.00149883   -0.00037534    0.00116785
     atom  933 type  1   force =    -0.00024316    0.00024651    0.00054366
     atom  934 type  1   force =    -0.00128572    0.00299162   -0.00286293
     atom  935 type  1   force =    -0.00508332    0.02027133    0.00528664
     atom  936 type  1   force =     0.00007143   -0.00076358    0.00181233
     atom  937 type  1   force =     0.00112045   -0.00097871    0.00089740
     atom  938 type  1   force =     0.00241095   -0.00044895    0.00174800
     atom  939 type  1   force =     0.00033855   -0.00026976    0.00122428
     atom  940 type  1   force =    -0.00130492    0.00017939   -0.00158976
     atom  941 type  1   force =    -0.00028575   -0.00010875   -0.00028538
     atom  942 type  1   force =    -0.00059920    0.00041273   -0.00086668
     atom  943 type  1   force =    -0.00107793   -0.00017849   -0.00037686
     atom  944 type  1   force =    -0.00038586   -0.00017444   -0.00104748
     atom  945 type  1   force =    -0.00088401    0.00040942   -0.00059408
     atom  946 type  1   force =    -0.00161640    0.00018657   -0.00129779
     atom  947 type  1   force =     0.00127254   -0.00026505    0.00032488
     atom  948 type  1   force =     0.00176416   -0.00043836    0.00237369
     atom  949 type  1   force =     0.00090360   -0.00098837    0.00109408
     atom  950 type  1   force =     0.00763670   -0.03076011   -0.00699466
     atom  951 type  1   force =     0.00122503   -0.00325899    0.00769576
     atom  952 type  1   force =     0.00264959   -0.00143860    0.00263434
     atom  953 type  1   force =    -0.00157171   -0.00025734   -0.00225853
     atom  954 type  1   force =    -0.00078237    0.00031088   -0.00016330
     atom  955 type  1   force =    -0.00230509    0.00159765   -0.00228145
     atom  956 type  1   force =    -0.00189508    0.00005973   -0.00114793
     atom  957 type  1   force =    -0.00212403    0.00128916   -0.00210916
     atom  958 type  1   force =     0.00092441    0.00008947    0.00137399
     atom  959 type  1   force =     0.00317125   -0.00141093    0.00310139
     atom  960 type  1   force =     0.01000127   -0.00130323    0.00967220
     atom  961 type  1   force =     0.00777390   -0.00326552    0.00114765
     atom  962 type  1   force =    -0.00006076    0.00016062   -0.00005346
     atom  963 type  1   force =    -0.00231012   -0.00024781   -0.00155100
     atom  964 type  1   force =    -0.00119011    0.00007111   -0.00186288
     atom  965 type  1   force =     0.00139703    0.00007292    0.00089109
     atom  966 type  1   force =    -0.00655892   -0.03065125    0.00760249
     atom  967 type  1   force =    -0.00016822    0.00031186   -0.00076717
     atom  968 type  1   force =    -0.00007184    0.00076389   -0.00181249
     atom  969 type  1   force =    -0.00003199    0.00011854    0.00000582
     atom  970 type  1   force =    -0.00009906   -0.00001417    0.00094927
     atom  971 type  1   force =     0.00355897   -0.00567594    0.00353605
     atom  972 type  1   force =    -0.00176200    0.00073690   -0.00008128
     atom  973 type  1   force =     0.00017535   -0.00012691    0.00017681
     atom  974 type  1   force =     0.00168259   -0.00227759    0.00169550
     atom  975 type  1   force =     0.00248743    0.00002782    0.00138527
     atom  976 type  1   force =     0.00133418   -0.00576323    0.00135059
     atom  977 type  1   force =     0.00000623    0.00012022   -0.00003296
     atom  978 type  1   force =     0.00158165    0.00034342    0.00064695
     atom  979 type  1   force =     0.00148439    0.00000794    0.00244594
     atom  980 type  1   force =    -0.00492550    0.00087232   -0.00484080
     atom  981 type  1   force =    -0.00044549    0.00132063   -0.00286262
     atom  982 type  1   force =    -0.00077133   -0.00031437    0.00029353
     atom  983 type  1   force =    -0.00090753   -0.00017518   -0.00028648
     atom  984 type  1   force =     0.00000713   -0.00050554   -0.00038583
     atom  985 type  1   force =     0.00028068   -0.00033519   -0.00075865
     atom  986 type  1   force =    -0.00306313    0.00115540   -0.00303778
     atom  987 type  1   force =    -0.00861381    0.00567129   -0.00050797
     atom  988 type  1   force =    -0.00149897    0.00053714   -0.00150801
     atom  989 type  1   force =    -0.00003113    0.00011825   -0.00037983
     atom  990 type  1   force =    -0.00061916    0.00564497   -0.00852611
     atom  991 type  1   force =    -0.00289786    0.00134179   -0.00039319
     atom  992 type  1   force =    -0.00037510    0.00012393   -0.00003469
     atom  993 type  1   force =    -0.00027725   -0.00018273   -0.00089849
     atom  994 type  1   force =    -0.00040122   -0.00050807    0.00000738
     atom  995 type  1   force =     0.00171844   -0.00227424    0.00167801
     atom  996 type  1   force =     0.00068246    0.00032991    0.00155871
     atom  997 type  1   force =     0.00096526   -0.00000868   -0.00013880
     atom  998 type  1   force =     0.00129914   -0.00075776    0.00127213
     atom  999 type  2   force =     0.00000143    0.00000137    0.00000378
 
     Wbse         :     3h14m CPU        3h27m WALL

     wbse_readin  :     67.50s CPU     80.96s WALL (       1 calls)
     wbse_fetch_n :      0.00s CPU      0.01s WALL (       1 calls)
     read_xml     :      5.58s CPU      6.71s WALL (       1 calls)
     init_vloc    :      0.04s CPU      0.04s WALL (       2 calls)
     fft          :     28.83s CPU     29.50s WALL (   10729 calls)
     fft_scatter  :   3537.93s CPU   3580.38s WALL ( 5630729 calls)
     v_of_rho     :      0.09s CPU      0.10s WALL (       1 calls)
     v_xc         :      0.51s CPU      0.53s WALL (       6 calls)
     v_h          :      0.00s CPU      0.00s WALL (       1 calls)
     read_wave    :     61.91s CPU     74.24s WALL (       1 calls)
     davcio       :      1.59s CPU    473.85s WALL (    4071 calls)
     init_us_1    :      0.04s CPU      0.05s WALL (       2 calls)
     do_setup     :      0.29s CPU      0.71s WALL (       1 calls)
     init_pw_ar   :      0.20s CPU      0.62s WALL (       1 calls)
     init_at_1    :      0.00s CPU      0.00s WALL (       1 calls)
     storesqvc    :      0.00s CPU      0.00s WALL (       1 calls)
     wbse_dv_setu :      0.25s CPU      0.27s WALL (       1 calls)
     setup_dmuxc  :      0.04s CPU      0.05s WALL (       1 calls)
     chidiago     :  11612.63s CPU  12339.43s WALL (       1 calls)
     paramgs      :    182.96s CPU    185.29s WALL (      77 calls)
     west_apply_l :   3410.24s CPU   3720.82s WALL (     501 calls)
     wbse_calc_de :    762.64s CPU    910.99s WALL (     560 calls)
     fftw         :   4936.37s CPU   4991.83s WALL ( 5620000 calls)
     wbse_dv_of_d :     53.42s CPU     54.05s WALL (     559 calls)
     init_us_2    :    108.78s CPU    110.21s WALL (    1126 calls)
     h_psi        :   1451.98s CPU   1475.37s WALL (    1002 calls)
     h_psi:pot    :   1442.09s CPU   1465.36s WALL (    1002 calls)
     vloc_psi     :    435.17s CPU    439.74s WALL (    1002 calls)
     h_psi:calbec :    521.08s CPU    525.01s WALL (    1002 calls)
     calbec       :    521.08s CPU    525.01s WALL (    1002 calls)
     add_vuspsi   :    485.82s CPU    500.60s WALL (    1002 calls)
     alphapc      :   1143.09s CPU   1160.86s WALL (    2930 calls)
     build_hr     :    111.37s CPU    123.83s WALL (      77 calls)
     redistr_vr   :      0.00s CPU      0.00s WALL (      76 calls)
     update_vr    :    156.74s CPU    195.11s WALL (      76 calls)
     precd_ag     :    354.57s CPU    440.09s WALL (      76 calls)
     symm_hr      :      0.00s CPU      0.00s WALL (      76 calls)
     chidiago:las :    394.65s CPU    431.89s WALL (      52 calls)
     refresh_vr   :    398.42s CPU    436.02s WALL (     103 calls)
     plep_db      :    333.07s CPU    373.00s WALL (       1 calls)
     tddft_forces :   6655.40s CPU   6808.90s WALL (       1 calls)
     rhs_z        :   1925.89s CPU   1947.86s WALL (       1 calls)
     zvector_cg   :    629.03s CPU    715.82s WALL (       1 calls)
     precd_cg     :     48.17s CPU     63.83s WALL (      55 calls)
 
     Wbse         :     3h14m CPU        3h27m WALL

 
   This run was terminated on:   0:16:45  27Jan2023            

=------------------------------------------------------------------------------=
   JOB DONE.
=------------------------------------------------------------------------------=
