
     Program Wbse v. 2.0.1 svn rev. 1002 starts on  6Jul2022 at  5:47:43 

     This program is part of the open-source West suite
     for massively parallel calculations of excited states in materials; please cite
         "M. Govoni et al., J. Chem. Theory Comput. 11, 2680 (2015);
          URL http://www.west-code.org", 
     in publications or presentations arising from this work.

     Based on the Quantum ESPRESSO v. 6.1 svn rev. 13369
       
     --------------------------------------------------------------------------------------------
     **MPI** Parallelization Status                                      
     --------------------------------------------------------------------------------------------
                   120                   1             1             1           120
     --------------------------------------------------------------------------------------------
                     N         =         I      X      P      X      B      X      Z
                     ^                   ^             ^             ^             ^
                     |                   |             |             |             |
                   #rnk                  |             |             |             |
                                      #image           |             |             |
                                                     #pool           |             |
                                                                   #bgrp           |
                                                                                 #R&G
     --------------------------------------------------------------------------------------------
     #prc =          120
     --------------------------------------------------------------------------------------------
       
     --------------------------------------------------------------------------------------------
     I/O Summary : input_west                                            
     --------------------------------------------------------------------------------------------
     qe_prefix               =          pwscf
     west_prefix             =           west
     outdir                  =             ./
     l_load_qbox_wfc         =              F
     qbox_ks_wfc_filename    =         qb.xml
     which_bse_method        =             FF
     --------------------------------------------------------------------------------------------
       
     --------------------------------------------------------------------------------------------
     I/O Summary : wbse_init                                             
     --------------------------------------------------------------------------------------------
     wbse_init_calculation   =              S
     n_pdep_eigen            =              1
     chi_kernel              =            CHI
     which_spin_channel      =              0
     l_use_localise_repr     =              F
     overlap_thr             =       0.000000
     l_use_bisection_thr     =              F
     qbox_bisec_wfc_filename =      qb.gs.xml
     --------------------------------------------------------------------------------------------
       
     --------------------------------------------------------------------------------------------
     I/O Summary : WBSE_control                                          
     --------------------------------------------------------------------------------------------
     wbse_diag_method        =          david
     wbse_calculation        =              S
     n_plep_eigen            =              4
     n_plep_times            =             12
     n_plep_maxiter          =          10000
     n_plep_read_from_file   =              0
     l_bse_calculation       =              F
     l_hybrid_calculation    =              F
     l_exx_fraction          =       0.000000
     l_h_ovlp_thr            =       0.000000
     l_h_loc                 =              F
     l_h_bis                 =              F
     l_h_qbox_bis_wfc_fname  =      qb.gs.xml
     if_random_init          =              F
     l_restart_step          =              0
     l_cg_diagonalization    =              F
     l_subspace              =              F
     n_trunc_bands           =              0
     l_sf_kernel             =              T
     l_alda0                 =              F
     sf_cut_1                =    1000.000000
     sf_cut_2                =       0.000100
     l_tddft_force           =              T
     force_state             =              2
     snd_coeff               =       0.010000
     wbse_zv_alpha_mix       =       0.700000
     wbse_zv_nmix_wbse       =              4
     wbse_zv_scf_tr2         =       0.000000
     l_diag_term_only        =              F
     l_preconditioning       =              F
     l_pre_shift             =              F
     l_qp_correction         =              F
     spin_excitation         =        flipped
     trev_plep               =       0.000010
     trev_plep_rel           =       0.000000
     scissor_ope             =       0.000000
     eps_macro               =       1.000000
     --------------------------------------------------------------------------------------------

     Reading data from directory:
     ./pwscf.save

   Info: using nr1, nr2, nr3 values from input

   Info: using nr1, nr2, nr3 values from input

     IMPORTANT: XC functional enforced from input :
     Exchange-correlation      = PBE ( 1  4  3  4 0 0)
     Any further DFT definition will be discarded
     Please, verify this is what you really want

 
     Parallelization info
     --------------------
     sticks:   dense  smooth     PW     G-vecs:    dense   smooth      PW
     Min          91      91     21                 7292     7292     902
     Max          94      94     24                 7306     7306     920
     Sum       11057   11057   2757               875727   875727  109127
 
     Generating pointlists ...
     new r_m :   0.0565 (alat units)  1.1435 (a.u.) for type    1
     new r_m :   0.0565 (alat units)  1.1435 (a.u.) for type    2
       
     --------------------------------------------------------------------------------------------
     System Overview                                                     
     --------------------------------------------------------------------------------------------
     gamma_only           =              T
     ecutwfc [Ry]         =      85.000000
     omega [au^3]         =   8.276275E+03
     glob. #G             =          54564
     nbnd                 =            800
     nkstot               =              2
     nspin                =              2
     nelec                =     862.000000
     nelup                =     432.000000
     neldw                =     430.000000
     npol                 =              1
     lsda                 =              T
     noncolin             =              F
     lspinorb             =              F
     domag                =              F
     --------------------------------------------------------------------------------------------

     sFFT G-space:   437864 G-vectors     R-space: ( 120, 120, 120)
     dFFT G-space:   437864 G-vectors     R-space: ( 120, 120, 120)

     Cell [a.u.]          =      20.227629      0.000000      0.000000
                          =       0.000000     20.227629      0.000000
                          =       0.000000      0.000000     20.227629
      
     number of ks points=     2
                       cart. coord. in units 2pi/alat
        k(    1) = (   0.0000000   0.0000000   0.0000000), wk =   1.0000000
        k(    2) = (   0.0000000   0.0000000   0.0000000), wk =   1.0000000

                       cryst. coord.
        k(    1) = (   0.0000000   0.0000000   0.0000000), wk =   1.0000000
        k(    2) = (   0.0000000   0.0000000   0.0000000), wk =   1.0000000
 
     F. Gygi div      =   2.404601E-01
       
     --------------------------------------------------------------------------------------------
     Parallelization for nvecx                                           
     --------------------------------------------------------------------------------------------
     nglob                =             48
     nlevel               =              1
     Min nglob/nlevel     =             48
     Max nglob/nlevel     =             48
     --------------------------------------------------------------------------------------------
       
     --------------------------------------------------------------------------------------------
     Parallelization for band_paralel                                    
     --------------------------------------------------------------------------------------------
     nglob                =            432
     nlevel               =              1
     Min nglob/nlevel     =            432
     Max nglob/nlevel     =            432
     --------------------------------------------------------------------------------------------

     [MEM] ----------------------------------------------------------
     [MEM] **Memory** analysis: QE
     [MEM] ----------------------------------------------------------
     [MEM] Allocated arrays           est. size (Mb)     dimensions
     [MEM] ----------------------------------------------------------
     [MEM] Kohn-Sham Wavefunctions       5.53 Mb     (    453,  800)
     [MEM] NL pseudopotentials          11.89 Mb     (    453, 1720)
     [MEM] Each V/rho on FFT grid        0.22 Mb     (  14400)
     [MEM] Each G-vector array           0.03 Mb     (   3648)
     [MEM] G-vector shells               0.01 Mb     (   1281)
     [MEM] ----------------------------------------------------------
     [MEM] TOT                          17.68 Mb
     [MEM] ----------------------------------------------------------
     [MEM] 
     [MEM] ----------------------------------------------------------
     [MEM] **Memory** analysis: WBSE global
     [MEM] ----------------------------------------------------------
     [MEM] Allocated arrays           est. size (Mb)     dimensions
     [MEM] ----------------------------------------------------------
     [MEM] dvg_exc                     143.33 Mb     (    453,  432,   48)
     [MEM] dng_exc                     143.33 Mb     (    453,  432,   48)
     [MEM] hr_distr                      0.02 Mb     (     48,   48)
     [MEM] vr_distr                      0.02 Mb     (     48,   48)
     [MEM] ----------------------------------------------------------
     [MEM] TOT                         286.70 Mb
     [MEM] ----------------------------------------------------------
     [MEM] 
     [MEM] ----------------------------------------------------------
     [MEM] **Memory** analysis: WBSE temporary
     [MEM] ----------------------------------------------------------
     [MEM] Allocated arrays           est. size (Mb)     dimensions
     [MEM] ----------------------------------------------------------
     [MEM] dvpsi                         2.99 Mb     (    453,  432)
     [MEM] dpsi                          2.99 Mb     (    453,  432)
     [MEM] ----------------------------------------------------------
     [MEM] Total estimate                5.97 Mb
     [MEM] ----------------------------------------------------------
     Lowest energy electron-hole pairs are used as initial vectors ...
     Calculating the electron-hole pairs for initiating trial vectors ...

              1        57         2       432         1           0.089003224512
              2        58         2       432         2           0.100949325090
              3        49         2       431         1           0.107733646247
              4        50         2       431         2           0.119679746826
              5        59         2       432         3           0.164492699396
              6        60         2       432         4           0.165342777672
              7        61         2       432         5           0.166659633092
              8        62         2       432         6           0.169394598323
              9        63         2       432         7           0.169839807222
             10        64         2       432         8           0.171038012780
             11        41         2       430         1           0.179166709110
             12        51         2       431         3           0.183223121132
             13        52         2       431         4           0.184073199408
             14        53         2       431         5           0.185390054827
             15        54         2       431         6           0.188125020058
             16        55         2       431         7           0.188570228958
     Finished calculating the cv couples.
     Finished setting initial vectors.

                       *----------*              *----------*               *----------*
     #     Iteration = | starting |   WBSE_dim = |        4 |   Diago_dim = |        4 |  x 1/2
                       *----------*              *----------*               *----------*

                       *----------*              *----------*               *----------*
     #     Iteration = | starting |   WBSE_dim = |        4 |   Diago_dim = |        4 |  x 2/2
                       *----------*              *----------*               *----------*
     s-DIAGOX done in < 00.1s             
     --------------------------------------------------------------------------------------------
        
        0.02593543   0.05621770   0.06950972   0.10901680
        
     --------------------------------------------------------------------------------------------
     Tot. elapsed time 28.9s,  time spent in last iteration 28.9s
     --------------------------------------------------------------------------------------------

                       *----------*              *----------*               *----------*
     #     Iteration = |        1 |   WBSE_dim = |        4 |   Diago_dim = |        8 |
                       *----------*              *----------*               *----------*
     s-DIAGOX done in < 00.1s             
     --------------------------------------------------------------------------------------------
        
        0.02334851   0.05461568   0.06810785   0.10885719
        
     --------------------------------------------------------------------------------------------
     Tot. elapsed time 45.4s,  time spent in last iteration 16.5s
     --------------------------------------------------------------------------------------------

                       *----------*              *----------*               *----------*
     #     Iteration = |        2 |   WBSE_dim = |        4 |   Diago_dim = |       12 |
                       *----------*              *----------*               *----------*
     s-DIAGOX done in < 00.1s             
     --------------------------------------------------------------------------------------------
        
        0.02074326   0.05280069   0.06652419   0.10868612
        
     --------------------------------------------------------------------------------------------
     Tot. elapsed time 01m-02.1s,  time spent in last iteration 16.7s
     --------------------------------------------------------------------------------------------

                       *----------*              *----------*               *----------*
     #     Iteration = |        3 |   WBSE_dim = |        4 |   Diago_dim = |       16 |
                       *----------*              *----------*               *----------*
     s-DIAGOX done in < 00.1s             
     --------------------------------------------------------------------------------------------
        
        0.01851103   0.05112939   0.06506902   0.10853590
        
     --------------------------------------------------------------------------------------------
     Tot. elapsed time 01m-19.1s,  time spent in last iteration 16.9s
     --------------------------------------------------------------------------------------------

                       *----------*              *----------*               *----------*
     #     Iteration = |        4 |   WBSE_dim = |        4 |   Diago_dim = |       20 |
                       *----------*              *----------*               *----------*
     s-DIAGOX done in < 00.1s             
     --------------------------------------------------------------------------------------------
        
        0.01660729   0.04954370   0.06370898   0.10839879
        
     --------------------------------------------------------------------------------------------
     Tot. elapsed time 01m-36.2s,  time spent in last iteration 17.1s
     --------------------------------------------------------------------------------------------

                       *----------*              *----------*               *----------*
     #     Iteration = |        5 |   WBSE_dim = |        4 |   Diago_dim = |       24 |
                       *----------*              *----------*               *----------*
     s-DIAGOX done in < 00.1s             
     --------------------------------------------------------------------------------------------
        
        0.01497374   0.04808666   0.06245422   0.10827631
        
     --------------------------------------------------------------------------------------------
     Tot. elapsed time 01m-53.7s,  time spent in last iteration 17.5s
     --------------------------------------------------------------------------------------------

                       *----------*              *----------*               *----------*
     #     Iteration = |        6 |   WBSE_dim = |        4 |   Diago_dim = |       28 |
                       *----------*              *----------*               *----------*
     s-DIAGOX done in < 00.1s             
     --------------------------------------------------------------------------------------------
        
        0.01364860   0.04678368   0.06133428   0.10816876
        
     --------------------------------------------------------------------------------------------
     Tot. elapsed time 02m-11.6s,  time spent in last iteration 17.8s
     --------------------------------------------------------------------------------------------

                       *----------*              *----------*               *----------*
     #     Iteration = |        7 |   WBSE_dim = |        4 |   Diago_dim = |       32 |
                       *----------*              *----------*               *----------*
     s-DIAGOX done in < 00.1s             
     --------------------------------------------------------------------------------------------
        
        0.01257996   0.04562509   0.06033255   0.10807405
        
     --------------------------------------------------------------------------------------------
     Tot. elapsed time 02m-29.4s,  time spent in last iteration 17.8s
     --------------------------------------------------------------------------------------------

                       *----------*              *----------*               *----------*
     #     Iteration = |        8 |   WBSE_dim = |        4 |   Diago_dim = |       36 |
                       *----------*              *----------*               *----------*
     s-DIAGOX done in < 00.1s             
     --------------------------------------------------------------------------------------------
        
        0.01170688   0.04457180   0.05941900   0.10798802
        
     --------------------------------------------------------------------------------------------
     Tot. elapsed time 02m-47.6s,  time spent in last iteration 18.1s
     --------------------------------------------------------------------------------------------

                       *----------*              *----------*               *----------*
     #     Iteration = |        9 |   WBSE_dim = |        4 |   Diago_dim = |       40 |
                       *----------*              *----------*               *----------*
     s-DIAGOX done in < 00.1s             
     --------------------------------------------------------------------------------------------
        
        0.01098194   0.04360311   0.05857576   0.10790831
        
     --------------------------------------------------------------------------------------------
     Tot. elapsed time 03m-06.1s,  time spent in last iteration 18.4s
     --------------------------------------------------------------------------------------------

                       *----------*              *----------*               *----------*
     #     Iteration = |       10 |   WBSE_dim = |        4 |   Diago_dim = |       44 |
                       *----------*              *----------*               *----------*
     s-DIAGOX done in < 00.1s             
     --------------------------------------------------------------------------------------------
        
        0.01036460   0.04269136   0.05778152   0.10783220
        
     --------------------------------------------------------------------------------------------
     Tot. elapsed time 03m-24.8s,  time spent in last iteration 18.6s
     --------------------------------------------------------------------------------------------

                       *----------*              *----------*               *----------*
     #     Iteration = |       11 |   WBSE_dim = |        4 |   Diago_dim = |       48 |
                       *----------*              *----------*               *----------*
     s-DIAGOX done in < 00.1s             
     --------------------------------------------------------------------------------------------
        
        0.00983272   0.04182105   0.05702056   0.10775797
        
     --------------------------------------------------------------------------------------------
     Tot. elapsed time 03m-43.7s,  time spent in last iteration 18.9s
     --------------------------------------------------------------------------------------------

       Refresh the basis set

                       *----------*              *----------*               *----------*
     #     Iteration = |       12 |   WBSE_dim = |        4 |   Diago_dim = |        8 |
                       *----------*              *----------*               *----------*
     s-DIAGOX done in < 00.1s             
     --------------------------------------------------------------------------------------------
        
        0.00958730   0.04139817   0.05665033   0.10772163
        
     --------------------------------------------------------------------------------------------
     Tot. elapsed time 04m-03.2s,  time spent in last iteration 16.5s
     --------------------------------------------------------------------------------------------

                       *----------*              *----------*               *----------*
     #     Iteration = |       13 |   WBSE_dim = |        4 |   Diago_dim = |       12 |
                       *----------*              *----------*               *----------*
     s-DIAGOX done in < 00.1s             
     --------------------------------------------------------------------------------------------
        
        0.00934518   0.04098047   0.05628447   0.10768599
        
     --------------------------------------------------------------------------------------------
     Tot. elapsed time 04m-19.9s,  time spent in last iteration 16.7s
     --------------------------------------------------------------------------------------------

                       *----------*              *----------*               *----------*
     #     Iteration = |       14 |   WBSE_dim = |        4 |   Diago_dim = |       16 |
                       *----------*              *----------*               *----------*
     s-DIAGOX done in < 00.1s             
     --------------------------------------------------------------------------------------------
        
        0.00910947   0.04057074   0.05592410   0.10765106
        
     --------------------------------------------------------------------------------------------
     Tot. elapsed time 04m-36.8s,  time spent in last iteration 16.9s
     --------------------------------------------------------------------------------------------

                       *----------*              *----------*               *----------*
     #     Iteration = |       15 |   WBSE_dim = |        4 |   Diago_dim = |       20 |
                       *----------*              *----------*               *----------*
     s-DIAGOX done in < 00.1s             
     --------------------------------------------------------------------------------------------
        
        0.00888227   0.04017067   0.05557152   0.10761675
        
     --------------------------------------------------------------------------------------------
     Tot. elapsed time 04m-54.0s,  time spent in last iteration 17.1s
     --------------------------------------------------------------------------------------------

                       *----------*              *----------*               *----------*
     #     Iteration = |       16 |   WBSE_dim = |        4 |   Diago_dim = |       24 |
                       *----------*              *----------*               *----------*
     s-DIAGOX done in < 00.1s             
     --------------------------------------------------------------------------------------------
        
        0.00866559   0.03978211   0.05522834   0.10758302
        
     --------------------------------------------------------------------------------------------
     Tot. elapsed time 05m-11.5s,  time spent in last iteration 17.4s
     --------------------------------------------------------------------------------------------

                       *----------*              *----------*               *----------*
     #     Iteration = |       17 |   WBSE_dim = |        4 |   Diago_dim = |       28 |
                       *----------*              *----------*               *----------*
     s-DIAGOX done in < 00.1s             
     --------------------------------------------------------------------------------------------
        
        0.00846197   0.03940550   0.05489550   0.10754969
        
     --------------------------------------------------------------------------------------------
     Tot. elapsed time 05m-29.2s,  time spent in last iteration 17.6s
     --------------------------------------------------------------------------------------------

                       *----------*              *----------*               *----------*
     #     Iteration = |       18 |   WBSE_dim = |        4 |   Diago_dim = |       32 |
                       *----------*              *----------*               *----------*
     s-DIAGOX done in < 00.1s             
     --------------------------------------------------------------------------------------------
        
        0.00827493   0.03904500   0.05457620   0.10751698
        
     --------------------------------------------------------------------------------------------
     Tot. elapsed time 05m-47.1s,  time spent in last iteration 17.9s
     --------------------------------------------------------------------------------------------

                       *----------*              *----------*               *----------*
     #     Iteration = |       19 |   WBSE_dim = |        4 |   Diago_dim = |       36 |
                       *----------*              *----------*               *----------*
     s-DIAGOX done in < 00.1s             
     --------------------------------------------------------------------------------------------
        
        0.00810924   0.03870511   0.05427621   0.10748516
        
     --------------------------------------------------------------------------------------------
     Tot. elapsed time 06m-05.3s,  time spent in last iteration 18.1s
     --------------------------------------------------------------------------------------------

                       *----------*              *----------*               *----------*
     #     Iteration = |       20 |   WBSE_dim = |        4 |   Diago_dim = |       40 |
                       *----------*              *----------*               *----------*
     s-DIAGOX done in < 00.1s             
     --------------------------------------------------------------------------------------------
        
        0.00796140   0.03838793   0.05399488   0.10745434
        
     --------------------------------------------------------------------------------------------
     Tot. elapsed time 06m-23.8s,  time spent in last iteration 18.4s
     --------------------------------------------------------------------------------------------

                       *----------*              *----------*               *----------*
     #     Iteration = |       21 |   WBSE_dim = |        4 |   Diago_dim = |       44 |
                       *----------*              *----------*               *----------*
     s-DIAGOX done in < 00.1s             
     --------------------------------------------------------------------------------------------
        
        0.00782980   0.03808837   0.05372858   0.10742400
        
     --------------------------------------------------------------------------------------------
     Tot. elapsed time 06m-42.4s,  time spent in last iteration 18.6s
     --------------------------------------------------------------------------------------------

                       *----------*              *----------*               *----------*
     #     Iteration = |       22 |   WBSE_dim = |        4 |   Diago_dim = |       48 |
                       *----------*              *----------*               *----------*
     s-DIAGOX done in < 00.1s             
     --------------------------------------------------------------------------------------------
        
        0.00772090   0.03783365   0.05350088   0.10739701
        
     --------------------------------------------------------------------------------------------
     Tot. elapsed time 07m-01.5s,  time spent in last iteration 19.0s
     --------------------------------------------------------------------------------------------

       Refresh the basis set

                       *----------*              *----------*               *----------*
     #     Iteration = |       23 |   WBSE_dim = |        4 |   Diago_dim = |        8 |
                       *----------*              *----------*               *----------*
     s-DIAGOX done in < 00.1s             
     --------------------------------------------------------------------------------------------
        
        0.00766724   0.03770879   0.05339009   0.10738346
        
     --------------------------------------------------------------------------------------------
     Tot. elapsed time 07m-21.0s,  time spent in last iteration 16.5s
     --------------------------------------------------------------------------------------------

                       *----------*              *----------*               *----------*
     #     Iteration = |       24 |   WBSE_dim = |        4 |   Diago_dim = |       12 |
                       *----------*              *----------*               *----------*
     s-DIAGOX done in < 00.1s             
     --------------------------------------------------------------------------------------------
        
        0.00759484   0.03753045   0.05323095   0.10736405
        
     --------------------------------------------------------------------------------------------
     Tot. elapsed time 07m-37.7s,  time spent in last iteration 16.7s
     --------------------------------------------------------------------------------------------

                       *----------*              *----------*               *----------*
     #     Iteration = |       25 |   WBSE_dim = |        4 |   Diago_dim = |       16 |
                       *----------*              *----------*               *----------*
     s-DIAGOX done in < 00.1s             
     --------------------------------------------------------------------------------------------
        
        0.00752424   0.03734360   0.05306252   0.10734349
        
     --------------------------------------------------------------------------------------------
     Tot. elapsed time 07m-54.7s,  time spent in last iteration 16.9s
     --------------------------------------------------------------------------------------------

                       *----------*              *----------*               *----------*
     #     Iteration = |       26 |   WBSE_dim = |        4 |   Diago_dim = |       20 |
                       *----------*              *----------*               *----------*
     s-DIAGOX done in < 00.1s             
     --------------------------------------------------------------------------------------------
        
        0.00746050   0.03716453   0.05289964   0.10732342
        
     --------------------------------------------------------------------------------------------
     Tot. elapsed time 08m-11.9s,  time spent in last iteration 17.1s
     --------------------------------------------------------------------------------------------

                       *----------*              *----------*               *----------*
     #     Iteration = |       27 |   WBSE_dim = |        4 |   Diago_dim = |       24 |
                       *----------*              *----------*               *----------*
     s-DIAGOX done in < 00.1s             
     --------------------------------------------------------------------------------------------
        
        0.00740367   0.03699653   0.05274585   0.10730414
        
     --------------------------------------------------------------------------------------------
     Tot. elapsed time 08m-29.3s,  time spent in last iteration 17.4s
     --------------------------------------------------------------------------------------------

                       *----------*              *----------*               *----------*
     #     Iteration = |       28 |   WBSE_dim = |        4 |   Diago_dim = |       28 |
                       *----------*              *----------*               *----------*
     s-DIAGOX done in < 00.1s             
     --------------------------------------------------------------------------------------------
        
        0.00735377   0.03684184   0.05260338   0.10728585
        
     --------------------------------------------------------------------------------------------
     Tot. elapsed time 08m-47.0s,  time spent in last iteration 17.7s
     --------------------------------------------------------------------------------------------

                       *----------*              *----------*               *----------*
     #     Iteration = |       29 |   WBSE_dim = |        4 |   Diago_dim = |       32 |
                       *----------*              *----------*               *----------*
     s-DIAGOX done in < 00.1s             
     --------------------------------------------------------------------------------------------
        
        0.00731112   0.03670299   0.05247465   0.10726888
        
     --------------------------------------------------------------------------------------------
     Tot. elapsed time 09m-05.0s,  time spent in last iteration 17.9s
     --------------------------------------------------------------------------------------------

                       *----------*              *----------*               *----------*
     #     Iteration = |       30 |   WBSE_dim = |        4 |   Diago_dim = |       36 |
                       *----------*              *----------*               *----------*
     s-DIAGOX done in < 00.1s             
     --------------------------------------------------------------------------------------------
        
        0.00727455   0.03657885   0.05235932   0.10725313
        
     --------------------------------------------------------------------------------------------
     Tot. elapsed time 09m-23.2s,  time spent in last iteration 18.1s
     --------------------------------------------------------------------------------------------

                       *----------*              *----------*               *----------*
     #     Iteration = |       31 |   WBSE_dim = |        4 |   Diago_dim = |       40 |
                       *----------*              *----------*               *----------*
     s-DIAGOX done in < 00.1s             
     --------------------------------------------------------------------------------------------
        
        0.00724308   0.03646746   0.05225520   0.10723841
        
     --------------------------------------------------------------------------------------------
     Tot. elapsed time 09m-41.6s,  time spent in last iteration 18.4s
     --------------------------------------------------------------------------------------------

                       *----------*              *----------*               *----------*
     #     Iteration = |       32 |   WBSE_dim = |        4 |   Diago_dim = |       44 |
                       *----------*              *----------*               *----------*
     s-DIAGOX done in < 00.1s             
     --------------------------------------------------------------------------------------------
        
        0.00721529   0.03636519   0.05215995   0.10722428
        
     --------------------------------------------------------------------------------------------
     Tot. elapsed time 10m-00.3s,  time spent in last iteration 18.7s
     --------------------------------------------------------------------------------------------

                       *----------*              *----------*               *----------*
     #     Iteration = |       33 |   WBSE_dim = |        4 |   Diago_dim = |       48 |
                       *----------*              *----------*               *----------*
     s-DIAGOX done in < 00.1s             
     --------------------------------------------------------------------------------------------
        
        0.00719166   0.03627603   0.05207697   0.10721136
        
     --------------------------------------------------------------------------------------------
     Tot. elapsed time 10m-19.2s,  time spent in last iteration 18.9s
     --------------------------------------------------------------------------------------------

       Refresh the basis set

                       *----------*              *----------*               *----------*
     #     Iteration = |       34 |   WBSE_dim = |        4 |   Diago_dim = |        8 |
                       *----------*              *----------*               *----------*
     s-DIAGOX done in < 00.1s             
     --------------------------------------------------------------------------------------------
        
        0.00717356   0.03620668   0.05201237   0.10720106
        
     --------------------------------------------------------------------------------------------
     Tot. elapsed time 10m-38.6s,  time spent in last iteration 16.5s
     --------------------------------------------------------------------------------------------

                       *----------*              *----------*               *----------*
     #     Iteration = |       35 |   WBSE_dim = |        4 |   Diago_dim = |       12 |
                       *----------*              *----------*               *----------*
     s-DIAGOX done in < 00.1s             
     --------------------------------------------------------------------------------------------
        
        0.00715456   0.03613174   0.05194186   0.10718988
        
     --------------------------------------------------------------------------------------------
     Tot. elapsed time 10m-55.3s,  time spent in last iteration 16.6s
     --------------------------------------------------------------------------------------------

                       *----------*              *----------*               *----------*
     #     Iteration = |       36 |   WBSE_dim = |        4 |   Diago_dim = |       16 |
                       *----------*              *----------*               *----------*
     s-DIAGOX done in < 00.1s             
     --------------------------------------------------------------------------------------------
        
        0.00713611   0.03605771   0.05187162   0.10717870
        
     --------------------------------------------------------------------------------------------
     Tot. elapsed time 11m-12.3s,  time spent in last iteration 16.9s
     --------------------------------------------------------------------------------------------

                       *----------*              *----------*               *----------*
     #     Iteration = |       37 |   WBSE_dim = |        4 |   Diago_dim = |       20 |
                       *----------*              *----------*               *----------*
     s-DIAGOX done in < 00.1s             
     --------------------------------------------------------------------------------------------
        
        0.00711798   0.03598464   0.05180212   0.10716747
        
     --------------------------------------------------------------------------------------------
     Tot. elapsed time 11m-29.5s,  time spent in last iteration 17.2s
     --------------------------------------------------------------------------------------------

                       *----------*              *----------*               *----------*
     #     Iteration = |       38 |   WBSE_dim = |        4 |   Diago_dim = |       24 |
                       *----------*              *----------*               *----------*
     s-DIAGOX done in < 00.1s             
     --------------------------------------------------------------------------------------------
        
        0.00710055   0.03591288   0.05173370   0.10715616
        
     --------------------------------------------------------------------------------------------
     Tot. elapsed time 11m-47.0s,  time spent in last iteration 17.4s
     --------------------------------------------------------------------------------------------

                       *----------*              *----------*               *----------*
     #     Iteration = |       39 |   WBSE_dim = |        4 |   Diago_dim = |       28 |
                       *----------*              *----------*               *----------*
     s-DIAGOX done in < 00.1s             
     --------------------------------------------------------------------------------------------
        
        0.00708379   0.03584283   0.05166682   0.10714476
        
     --------------------------------------------------------------------------------------------
     Tot. elapsed time 12m-04.7s,  time spent in last iteration 17.7s
     --------------------------------------------------------------------------------------------

                       *----------*              *----------*               *----------*
     #     Iteration = |       40 |   WBSE_dim = |        4 |   Diago_dim = |       32 |
                       *----------*              *----------*               *----------*
     s-DIAGOX done in < 00.1s             
     --------------------------------------------------------------------------------------------
        
        0.00706834   0.03577678   0.05160369   0.10713360
        
     --------------------------------------------------------------------------------------------
     Tot. elapsed time 12m-22.6s,  time spent in last iteration 17.9s
     --------------------------------------------------------------------------------------------

                       *----------*              *----------*               *----------*
     #     Iteration = |       41 |   WBSE_dim = |        4 |   Diago_dim = |       36 |
                       *----------*              *----------*               *----------*
     s-DIAGOX done in < 00.1s             
     --------------------------------------------------------------------------------------------
        
        0.00705429   0.03571544   0.05154507   0.10712278
        
     --------------------------------------------------------------------------------------------
     Tot. elapsed time 12m-40.8s,  time spent in last iteration 18.1s
     --------------------------------------------------------------------------------------------

                       *----------*              *----------*               *----------*
     #     Iteration = |       42 |   WBSE_dim = |        4 |   Diago_dim = |       40 |
                       *----------*              *----------*               *----------*
     s-DIAGOX done in < 00.1s             
     --------------------------------------------------------------------------------------------
        
        0.00704165   0.03565893   0.05149107   0.10711233
        
     --------------------------------------------------------------------------------------------
     Tot. elapsed time 12m-59.2s,  time spent in last iteration 18.4s
     --------------------------------------------------------------------------------------------

                       *----------*              *----------*               *----------*
     #     Iteration = |       43 |   WBSE_dim = |        4 |   Diago_dim = |       44 |
                       *----------*              *----------*               *----------*
     s-DIAGOX done in < 00.1s             
     --------------------------------------------------------------------------------------------
        
        0.00703074   0.03560971   0.05144412   0.10710277
        
     --------------------------------------------------------------------------------------------
     Tot. elapsed time 13m-17.8s,  time spent in last iteration 18.6s
     --------------------------------------------------------------------------------------------

                       *----------*              *----------*               *----------*
     #     Iteration = |       44 |   WBSE_dim = |        4 |   Diago_dim = |       48 |
                       *----------*              *----------*               *----------*
     s-DIAGOX done in < 00.1s             
     --------------------------------------------------------------------------------------------
        
        0.00702321   0.03557546   0.05141151   0.10709579
        
     --------------------------------------------------------------------------------------------
     Tot. elapsed time 13m-36.7s,  time spent in last iteration 18.8s
     --------------------------------------------------------------------------------------------

       Refresh the basis set

                       *----------*              *----------*               *----------*
     #     Iteration = |       45 |   WBSE_dim = |        4 |   Diago_dim = |        8 |
                       *----------*              *----------*               *----------*
     s-DIAGOX done in < 00.1s             
     --------------------------------------------------------------------------------------------
        
        0.00701712   0.03554707   0.05138438   0.10708988
        
     --------------------------------------------------------------------------------------------
     Tot. elapsed time 13m-56.1s,  time spent in last iteration 16.5s
     --------------------------------------------------------------------------------------------

                       *----------*              *----------*               *----------*
     #     Iteration = |       46 |   WBSE_dim = |        4 |   Diago_dim = |       12 |
                       *----------*              *----------*               *----------*
     s-DIAGOX done in < 00.1s             
     --------------------------------------------------------------------------------------------
        
        0.00700949   0.03550967   0.05134834   0.10708205
        
     --------------------------------------------------------------------------------------------
     Tot. elapsed time 14m-12.8s,  time spent in last iteration 16.6s
     --------------------------------------------------------------------------------------------

                       *----------*              *----------*               *----------*
     #     Iteration = |       47 |   WBSE_dim = |        4 |   Diago_dim = |       16 |
                       *----------*              *----------*               *----------*
     s-DIAGOX done in < 00.1s             
     --------------------------------------------------------------------------------------------
        
        0.00700204   0.03547101   0.05131076   0.10707382
        
     --------------------------------------------------------------------------------------------
     Tot. elapsed time 14m-29.8s,  time spent in last iteration 16.9s
     --------------------------------------------------------------------------------------------

                       *----------*              *----------*               *----------*
     #     Iteration = |       48 |   WBSE_dim = |        4 |   Diago_dim = |       20 |
                       *----------*              *----------*               *----------*
     s-DIAGOX done in < 00.1s             
     --------------------------------------------------------------------------------------------
        
        0.00699517   0.03543376   0.05127421   0.10706572
        
     --------------------------------------------------------------------------------------------
     Tot. elapsed time 14m-47.1s,  time spent in last iteration 17.2s
     --------------------------------------------------------------------------------------------

                       *----------*              *----------*               *----------*
     #     Iteration = |       49 |   WBSE_dim = |        4 |   Diago_dim = |       24 |
                       *----------*              *----------*               *----------*
     s-DIAGOX done in < 00.1s             
     --------------------------------------------------------------------------------------------
        
        0.00698898   0.03539869   0.05123955   0.10705788
        
     --------------------------------------------------------------------------------------------
     Tot. elapsed time 15m-04.6s,  time spent in last iteration 17.4s
     --------------------------------------------------------------------------------------------

                       *----------*              *----------*               *----------*
     #     Iteration = |       50 |   WBSE_dim = |        4 |   Diago_dim = |       28 |
                       *----------*              *----------*               *----------*
     s-DIAGOX done in < 00.1s             
     --------------------------------------------------------------------------------------------
        
        0.00698349   0.03536627   0.05120730   0.10705038
        
     --------------------------------------------------------------------------------------------
     Tot. elapsed time 15m-22.3s,  time spent in last iteration 17.7s
     --------------------------------------------------------------------------------------------

                       *----------*              *----------*               *----------*
     #     Iteration = |       51 |   WBSE_dim = |        4 |   Diago_dim = |       32 |
                       *----------*              *----------*               *----------*
     s-DIAGOX done in < 00.1s             
     --------------------------------------------------------------------------------------------
        
        0.00697875   0.03533716   0.05117817   0.10704340
        
     --------------------------------------------------------------------------------------------
     Tot. elapsed time 15m-40.2s,  time spent in last iteration 17.9s
     --------------------------------------------------------------------------------------------

                       *----------*              *----------*               *----------*
     #     Iteration = |       52 |   WBSE_dim = |        4 |   Diago_dim = |       36 |
                       *----------*              *----------*               *----------*
     s-DIAGOX done in < 00.1s             
     --------------------------------------------------------------------------------------------
        
        0.00697464   0.03531108   0.05115198   0.10703688
        
     --------------------------------------------------------------------------------------------
     Tot. elapsed time 15m-58.4s,  time spent in last iteration 18.1s
     --------------------------------------------------------------------------------------------

                       *----------*              *----------*               *----------*
     #     Iteration = |       53 |   WBSE_dim = |        4 |   Diago_dim = |       40 |
                       *----------*              *----------*               *----------*
     s-DIAGOX done in < 00.1s             
     --------------------------------------------------------------------------------------------
        
        0.00697110   0.03528760   0.05112830   0.10703075
        
     --------------------------------------------------------------------------------------------
     Tot. elapsed time 16m-16.8s,  time spent in last iteration 18.4s
     --------------------------------------------------------------------------------------------

                       *----------*              *----------*               *----------*
     #     Iteration = |       54 |   WBSE_dim = |        4 |   Diago_dim = |       44 |
                       *----------*              *----------*               *----------*
     s-DIAGOX done in < 00.1s             
     --------------------------------------------------------------------------------------------
        
        0.00696796   0.03526620   0.05110677   0.10702489
        
     --------------------------------------------------------------------------------------------
     Tot. elapsed time 16m-35.4s,  time spent in last iteration 18.6s
     --------------------------------------------------------------------------------------------

                       *----------*              *----------*               *----------*
     #     Iteration = |       55 |   WBSE_dim = |        4 |   Diago_dim = |       48 |
                       *----------*              *----------*               *----------*
     s-DIAGOX done in < 00.1s             
     --------------------------------------------------------------------------------------------
        
        0.00696525   0.03524743   0.05108795   0.10701949
        
     --------------------------------------------------------------------------------------------
     Tot. elapsed time 16m-54.4s,  time spent in last iteration 18.9s
     --------------------------------------------------------------------------------------------

       Refresh the basis set

                       *----------*              *----------*               *----------*
     #     Iteration = |       56 |   WBSE_dim = |        4 |   Diago_dim = |        8 |
                       *----------*              *----------*               *----------*
     s-DIAGOX done in < 00.1s             
     --------------------------------------------------------------------------------------------
        
        0.00696295   0.03523112   0.05107155   0.10701467
        
     --------------------------------------------------------------------------------------------
     Tot. elapsed time 17m-14.0s,  time spent in last iteration 16.6s
     --------------------------------------------------------------------------------------------

                       *----------*              *----------*               *----------*
     #     Iteration = |       57 |   WBSE_dim = |        4 |   Diago_dim = |       12 |
                       *----------*              *----------*               *----------*
     s-DIAGOX done in < 00.1s             
     --------------------------------------------------------------------------------------------
        
        0.00696063   0.03521442   0.05105459   0.10700970
        
     --------------------------------------------------------------------------------------------
     Tot. elapsed time 17m-30.7s,  time spent in last iteration 16.7s
     --------------------------------------------------------------------------------------------

                       *----------*              *----------*               *----------*
     #     Iteration = |       58 |   WBSE_dim = |        4 |   Diago_dim = |       16 |
                       *----------*              *----------*               *----------*
     s-DIAGOX done in < 00.1s             
     --------------------------------------------------------------------------------------------
        
        0.00695838   0.03519795   0.05103776   0.10700474
        
     --------------------------------------------------------------------------------------------
     Tot. elapsed time 17m-47.7s,  time spent in last iteration 16.9s
     --------------------------------------------------------------------------------------------

                       *----------*              *----------*               *----------*
     #     Iteration = |       59 |   WBSE_dim = |        4 |   Diago_dim = |       20 |
                       *----------*              *----------*               *----------*
     s-DIAGOX done in < 00.1s             
     --------------------------------------------------------------------------------------------
        
        0.00695614   0.03518161   0.05102102   0.10699972
        
     --------------------------------------------------------------------------------------------
     Tot. elapsed time 18m-04.9s,  time spent in last iteration 17.2s
     --------------------------------------------------------------------------------------------

                       *----------*              *----------*               *----------*
     #     Iteration = |       60 |   WBSE_dim = |        4 |   Diago_dim = |       24 |
                       *----------*              *----------*               *----------*
     s-DIAGOX done in < 00.1s             
     --------------------------------------------------------------------------------------------
        
        0.00695397   0.03516556   0.05100452   0.10699465
        
     --------------------------------------------------------------------------------------------
     Tot. elapsed time 18m-22.3s,  time spent in last iteration 17.4s
     --------------------------------------------------------------------------------------------

                       *----------*              *----------*               *----------*
     #     Iteration = |       61 |   WBSE_dim = |        4 |   Diago_dim = |       28 |
                       *----------*              *----------*               *----------*
     s-DIAGOX done in < 00.1s             
     --------------------------------------------------------------------------------------------
        
        0.00695188   0.03514990   0.05098841   0.10698954
        
     --------------------------------------------------------------------------------------------
     Tot. elapsed time 18m-40.0s,  time spent in last iteration 17.6s
     --------------------------------------------------------------------------------------------

                       *----------*              *----------*               *----------*
     #     Iteration = |       62 |   WBSE_dim = |        4 |   Diago_dim = |       32 |
                       *----------*              *----------*               *----------*
     s-DIAGOX done in < 00.1s             
     --------------------------------------------------------------------------------------------
        
        0.00694993   0.03513510   0.05097317   0.10698452
        
     --------------------------------------------------------------------------------------------
     Tot. elapsed time 18m-57.9s,  time spent in last iteration 17.9s
     --------------------------------------------------------------------------------------------

                       *----------*              *----------*               *----------*
     #     Iteration = |       63 |   WBSE_dim = |        4 |   Diago_dim = |       36 |
                       *----------*              *----------*               *----------*
     s-DIAGOX done in < 00.1s             
     --------------------------------------------------------------------------------------------
        
        0.00694815   0.03512138   0.05095904   0.10697965
        
     --------------------------------------------------------------------------------------------
     Tot. elapsed time 19m-16.1s,  time spent in last iteration 18.1s
     --------------------------------------------------------------------------------------------

                       *----------*              *----------*               *----------*
     #     Iteration = |       64 |   WBSE_dim = |        4 |   Diago_dim = |       40 |
                       *----------*              *----------*               *----------*
     s-DIAGOX done in < 00.1s             
     --------------------------------------------------------------------------------------------
        
        0.00694654   0.03510882   0.05094611   0.10697497
        
     --------------------------------------------------------------------------------------------
     Tot. elapsed time 19m-34.5s,  time spent in last iteration 18.4s
     --------------------------------------------------------------------------------------------

                       *----------*              *----------*               *----------*
     #     Iteration = |       65 |   WBSE_dim = |        4 |   Diago_dim = |       44 |
                       *----------*              *----------*               *----------*
     s-DIAGOX done in < 00.1s             
     --------------------------------------------------------------------------------------------
        
        0.00694516   0.03509793   0.05093490   0.10697071
        
     --------------------------------------------------------------------------------------------
     Tot. elapsed time 19m-53.2s,  time spent in last iteration 18.6s
     --------------------------------------------------------------------------------------------

                       *----------*              *----------*               *----------*
     #     Iteration = |       66 |   WBSE_dim = |        4 |   Diago_dim = |       48 |
                       *----------*              *----------*               *----------*
     s-DIAGOX done in < 00.1s             
     --------------------------------------------------------------------------------------------
        
        0.00694417   0.03509013   0.05092689   0.10696750
        
     --------------------------------------------------------------------------------------------
     Tot. elapsed time 20m-12.1s,  time spent in last iteration 18.9s
     --------------------------------------------------------------------------------------------

       Refresh the basis set

                       *----------*              *----------*               *----------*
     #     Iteration = |       67 |   WBSE_dim = |        4 |   Diago_dim = |        8 |
                       *----------*              *----------*               *----------*
     s-DIAGOX done in < 00.1s             
     --------------------------------------------------------------------------------------------
        
        0.00694332   0.03508328   0.05091982   0.10696462
        
     --------------------------------------------------------------------------------------------
     Tot. elapsed time 20m-31.5s,  time spent in last iteration 16.4s
     --------------------------------------------------------------------------------------------

                       *----------*              *----------*               *----------*
     #     Iteration = |       68 |   WBSE_dim = |        4 |   Diago_dim = |       12 |
                       *----------*              *----------*               *----------*
     s-DIAGOX done in < 00.1s             
     --------------------------------------------------------------------------------------------
        
        0.00694230   0.03507462   0.05091083   0.10696096
        
     --------------------------------------------------------------------------------------------
     Tot. elapsed time 20m-48.2s,  time spent in last iteration 16.7s
     --------------------------------------------------------------------------------------------

                       *----------*              *----------*               *----------*
     #     Iteration = |       69 |   WBSE_dim = |        4 |   Diago_dim = |       16 |
                       *----------*              *----------*               *----------*
     s-DIAGOX done in < 00.1s             
     --------------------------------------------------------------------------------------------
        
        0.00694129   0.03506571   0.05090151   0.10695712
        
     --------------------------------------------------------------------------------------------
     Tot. elapsed time 21m-05.2s,  time spent in last iteration 16.9s
     --------------------------------------------------------------------------------------------

                       *----------*              *----------*               *----------*
     #     Iteration = |       70 |   WBSE_dim = |        4 |   Diago_dim = |       20 |
                       *----------*              *----------*               *----------*
     s-DIAGOX done in < 00.1s             
     --------------------------------------------------------------------------------------------
        
        0.00694036   0.03505711   0.05089242   0.10695334
        
     --------------------------------------------------------------------------------------------
     Tot. elapsed time 21m-22.4s,  time spent in last iteration 17.2s
     --------------------------------------------------------------------------------------------

                       *----------*              *----------*               *----------*
     #     Iteration = |       71 |   WBSE_dim = |        4 |   Diago_dim = |       24 |
                       *----------*              *----------*               *----------*
     s-DIAGOX done in < 00.1s             
     --------------------------------------------------------------------------------------------
        
        0.00693952   0.03504900   0.05088379   0.10694966
        
     --------------------------------------------------------------------------------------------
     Tot. elapsed time 21m-39.8s,  time spent in last iteration 17.4s
     --------------------------------------------------------------------------------------------

                       *----------*              *----------*               *----------*
     #     Iteration = |       72 |   WBSE_dim = |        4 |   Diago_dim = |       28 |
                       *----------*              *----------*               *----------*
     s-DIAGOX done in < 00.1s             
     --------------------------------------------------------------------------------------------
        
        0.00693876   0.03504150   0.05087577   0.10694616
        
     --------------------------------------------------------------------------------------------
     Tot. elapsed time 21m-57.6s,  time spent in last iteration 17.7s
     --------------------------------------------------------------------------------------------

                       *----------*              *----------*               *----------*
     #     Iteration = |       73 |   WBSE_dim = |        4 |   Diago_dim = |       32 |
                       *----------*              *----------*               *----------*
     s-DIAGOX done in < 00.1s             
     --------------------------------------------------------------------------------------------
        
        0.00693811   0.03503475   0.05086849   0.10694287
        
     --------------------------------------------------------------------------------------------
     Tot. elapsed time 22m-15.7s,  time spent in last iteration 18.1s
     --------------------------------------------------------------------------------------------

                       *----------*              *----------*               *----------*
     #     Iteration = |       74 |   WBSE_dim = |        4 |   Diago_dim = |       36 |
                       *----------*              *----------*               *----------*
     s-DIAGOX done in < 00.1s             
     --------------------------------------------------------------------------------------------
        
        0.00693754   0.03502870   0.05086194   0.10693981
        
     --------------------------------------------------------------------------------------------
     Tot. elapsed time 22m-33.9s,  time spent in last iteration 18.2s
     --------------------------------------------------------------------------------------------

                       *----------*              *----------*               *----------*
     #     Iteration = |       75 |   WBSE_dim = |        4 |   Diago_dim = |       40 |
                       *----------*              *----------*               *----------*
     s-DIAGOX done in < 00.1s             
     --------------------------------------------------------------------------------------------
        
        0.00693704   0.03502327   0.05085603   0.10693693
        
     --------------------------------------------------------------------------------------------
     Tot. elapsed time 22m-52.3s,  time spent in last iteration 18.4s
     --------------------------------------------------------------------------------------------

                       *----------*              *----------*               *----------*
     #     Iteration = |       76 |   WBSE_dim = |        4 |   Diago_dim = |       44 |
                       *----------*              *----------*               *----------*
     s-DIAGOX done in < 00.1s             
     --------------------------------------------------------------------------------------------
        
        0.00693660   0.03501831   0.05085065   0.10693418
        
     --------------------------------------------------------------------------------------------
     Tot. elapsed time 23m-11.0s,  time spent in last iteration 18.6s
     --------------------------------------------------------------------------------------------

                       *----------*              *----------*               *----------*
     #     Iteration = |       77 |   WBSE_dim = |        4 |   Diago_dim = |       48 |
                       *----------*              *----------*               *----------*
     s-DIAGOX done in < 00.1s             
     --------------------------------------------------------------------------------------------
        
        0.00693621   0.03501384   0.05084582   0.10693157
        
     --------------------------------------------------------------------------------------------
     Tot. elapsed time 23m-30.0s,  time spent in last iteration 18.9s
     --------------------------------------------------------------------------------------------

       Refresh the basis set

                       *----------*              *----------*               *----------*
     #     Iteration = |       78 |   WBSE_dim = |        4 |   Diago_dim = |        8 |
                       *----------*              *----------*               *----------*
     s-DIAGOX done in < 00.1s             
     --------------------------------------------------------------------------------------------
        
        0.00693586   0.03500986   0.05084149   0.10692918
        
     --------------------------------------------------------------------------------------------
     Tot. elapsed time 23m-49.3s,  time spent in last iteration 16.3s
     --------------------------------------------------------------------------------------------

                       *----------*              *----------*               *----------*
     #     Iteration = |       79 |   WBSE_dim = |        4 |   Diago_dim = |       12 |
                       *----------*              *----------*               *----------*
     s-DIAGOX done in < 00.1s             
     --------------------------------------------------------------------------------------------
        
        0.00693553   0.03500591   0.05083716   0.10692679
        
     --------------------------------------------------------------------------------------------
     Tot. elapsed time 24m-06.0s,  time spent in last iteration 16.6s
     --------------------------------------------------------------------------------------------

                       *----------*              *----------*               *----------*
     #     Iteration = |       80 |   WBSE_dim = |        4 |   Diago_dim = |       16 |
                       *----------*              *----------*               *----------*
     s-DIAGOX done in < 00.1s             
     --------------------------------------------------------------------------------------------
        
        0.00693520   0.03500202   0.05083288   0.10692441
        
     --------------------------------------------------------------------------------------------
     Tot. elapsed time 24m-23.0s,  time spent in last iteration 16.9s
     --------------------------------------------------------------------------------------------

                       *----------*              *----------*               *----------*
     #     Iteration = |       81 |   WBSE_dim = |        4 |   Diago_dim = |       20 |
                       *----------*              *----------*               *----------*
     s-DIAGOX done in < 00.1s             
     --------------------------------------------------------------------------------------------
        
        0.00693487   0.03499816   0.05082863   0.10692200
        
     --------------------------------------------------------------------------------------------
     Tot. elapsed time 24m-40.2s,  time spent in last iteration 17.1s
     --------------------------------------------------------------------------------------------

                       *----------*              *----------*               *----------*
     #     Iteration = |       82 |   WBSE_dim = |        4 |   Diago_dim = |       24 |
                       *----------*              *----------*               *----------*
     s-DIAGOX done in < 00.1s             
     --------------------------------------------------------------------------------------------
        
        0.00693455   0.03499436   0.05082443   0.10691956
        
     --------------------------------------------------------------------------------------------
     Tot. elapsed time 24m-57.6s,  time spent in last iteration 17.4s
     --------------------------------------------------------------------------------------------

                       *----------*              *----------*               *----------*
     #     Iteration = |       83 |   WBSE_dim = |        4 |   Diago_dim = |       28 |
                       *----------*              *----------*               *----------*
     s-DIAGOX done in < 00.1s             
     --------------------------------------------------------------------------------------------
        
        0.00693425   0.03499067   0.05082033   0.10691711
        
     --------------------------------------------------------------------------------------------
     Tot. elapsed time 25m-15.3s,  time spent in last iteration 17.6s
     --------------------------------------------------------------------------------------------

                       *----------*              *----------*               *----------*
     #     Iteration = |       84 |   WBSE_dim = |        4 |   Diago_dim = |       32 |
                       *----------*              *----------*               *----------*
     s-DIAGOX done in < 00.1s             
     --------------------------------------------------------------------------------------------
        
        0.00693396   0.03498717   0.05081645   0.10691469
        
     --------------------------------------------------------------------------------------------
     Tot. elapsed time 25m-33.3s,  time spent in last iteration 17.9s
     --------------------------------------------------------------------------------------------

                       *----------*              *----------*               *----------*
     #     Iteration = |       85 |   WBSE_dim = |        4 |   Diago_dim = |       36 |
                       *----------*              *----------*               *----------*
     s-DIAGOX done in < 00.1s             
     --------------------------------------------------------------------------------------------
        
        0.00693369   0.03498392   0.05081285   0.10691235
        
     --------------------------------------------------------------------------------------------
     Tot. elapsed time 25m-51.4s,  time spent in last iteration 18.1s
     --------------------------------------------------------------------------------------------

                       *----------*              *----------*               *----------*
     #     Iteration = |       86 |   WBSE_dim = |        4 |   Diago_dim = |       40 |
                       *----------*              *----------*               *----------*
     s-DIAGOX done in < 00.1s             
     --------------------------------------------------------------------------------------------
        
        0.00693345   0.03498096   0.05080957   0.10691011
        
     --------------------------------------------------------------------------------------------
     Tot. elapsed time 26m-09.9s,  time spent in last iteration 18.4s
     --------------------------------------------------------------------------------------------

                       *----------*              *----------*               *----------*
     #     Iteration = |       87 |   WBSE_dim = |        4 |   Diago_dim = |       44 |
                       *----------*              *----------*               *----------*
     s-DIAGOX done in < 00.1s             
     --------------------------------------------------------------------------------------------
        
        0.00693325   0.03497840   0.05080672   0.10690806
        
     --------------------------------------------------------------------------------------------
     Tot. elapsed time 26m-28.6s,  time spent in last iteration 18.6s
     --------------------------------------------------------------------------------------------

                       *----------*              *----------*               *----------*
     #     Iteration = |       88 |   WBSE_dim = |        4 |   Diago_dim = |       48 |
                       *----------*              *----------*               *----------*
     s-DIAGOX done in < 00.1s             
     --------------------------------------------------------------------------------------------
        
        0.00693310   0.03497652   0.05080464   0.10690649
        
     --------------------------------------------------------------------------------------------
     Tot. elapsed time 26m-47.5s,  time spent in last iteration 18.9s
     --------------------------------------------------------------------------------------------

       Refresh the basis set

                       *----------*              *----------*               *----------*
     #     Iteration = |       89 |   WBSE_dim = |        4 |   Diago_dim = |        8 |
                       *----------*              *----------*               *----------*
     s-DIAGOX done in < 00.1s             
     --------------------------------------------------------------------------------------------
        
        0.00693296   0.03497483   0.05080276   0.10690505
        
     --------------------------------------------------------------------------------------------
     Tot. elapsed time 27m-07.0s,  time spent in last iteration 16.4s
     --------------------------------------------------------------------------------------------

                       *----------*              *----------*               *----------*
     #     Iteration = |       90 |   WBSE_dim = |        4 |   Diago_dim = |       12 |
                       *----------*              *----------*               *----------*
     s-DIAGOX done in < 00.1s             
     --------------------------------------------------------------------------------------------
        
        0.00693280   0.03497276   0.05080043   0.10690326
        
     --------------------------------------------------------------------------------------------
     Tot. elapsed time 27m-23.7s,  time spent in last iteration 16.7s
     --------------------------------------------------------------------------------------------

                       *----------*              *----------*               *----------*
     #     Iteration = |       91 |   WBSE_dim = |        4 |   Diago_dim = |       16 |
                       *----------*              *----------*               *----------*
     s-DIAGOX done in < 00.1s             
     --------------------------------------------------------------------------------------------
        
        0.00693265   0.03497062   0.05079803   0.10690139
        
     --------------------------------------------------------------------------------------------
     Tot. elapsed time 27m-40.6s,  time spent in last iteration 16.9s
     --------------------------------------------------------------------------------------------

                       *----------*              *----------*               *----------*
     #     Iteration = |       92 |   WBSE_dim = |        4 |   Diago_dim = |       20 |
                       *----------*              *----------*               *----------*
     s-DIAGOX done in < 00.1s             
     --------------------------------------------------------------------------------------------
        
        0.00693250   0.03496857   0.05079568   0.10689954
        
     --------------------------------------------------------------------------------------------
     Tot. elapsed time 27m-57.8s,  time spent in last iteration 17.2s
     --------------------------------------------------------------------------------------------

                       *----------*              *----------*               *----------*
     #     Iteration = |       93 |   WBSE_dim = |        4 |   Diago_dim = |       24 |
                       *----------*              *----------*               *----------*
     s-DIAGOX done in < 00.1s             
     --------------------------------------------------------------------------------------------
        
        0.00693237   0.03496662   0.05079345   0.10689775
        
     --------------------------------------------------------------------------------------------
     Tot. elapsed time 28m-17.8s,  time spent in last iteration 20.0s
     --------------------------------------------------------------------------------------------

                       *----------*              *----------*               *----------*
     #     Iteration = |       94 |   WBSE_dim = |        4 |   Diago_dim = |       28 |
                       *----------*              *----------*               *----------*
     s-DIAGOX done in < 00.1s             
     --------------------------------------------------------------------------------------------
        
        0.00693226   0.03496483   0.05079139   0.10689605
        
     --------------------------------------------------------------------------------------------
     Tot. elapsed time 28m-35.5s,  time spent in last iteration 17.6s
     --------------------------------------------------------------------------------------------

                       *----------*              *----------*               *----------*
     #     Iteration = |       95 |   WBSE_dim = |        4 |   Diago_dim = |       32 |
                       *----------*              *----------*               *----------*
     s-DIAGOX done in < 00.1s             
     --------------------------------------------------------------------------------------------
        
        0.00693215   0.03496321   0.05078950   0.10689444
        
     --------------------------------------------------------------------------------------------
     Tot. elapsed time 28m-53.8s,  time spent in last iteration 18.2s
     --------------------------------------------------------------------------------------------

                       *----------*              *----------*               *----------*
     #     Iteration = |       96 |   WBSE_dim = |        4 |   Diago_dim = |       36 |
                       *----------*              *----------*               *----------*
     s-DIAGOX done in < 00.1s             
     --------------------------------------------------------------------------------------------
        
        0.00693206   0.03496176   0.05078781   0.10689295
        
     --------------------------------------------------------------------------------------------
     Tot. elapsed time 29m-12.0s,  time spent in last iteration 18.1s
     --------------------------------------------------------------------------------------------

                       *----------*              *----------*               *----------*
     #     Iteration = |       97 |   WBSE_dim = |        4 |   Diago_dim = |       40 |
                       *----------*              *----------*               *----------*
     s-DIAGOX done in < 00.1s             
     --------------------------------------------------------------------------------------------
        
        0.00693198   0.03496046   0.05078628   0.10689154
        
     --------------------------------------------------------------------------------------------
     Tot. elapsed time 29m-30.6s,  time spent in last iteration 18.5s
     --------------------------------------------------------------------------------------------

                       *----------*              *----------*               *----------*
     #     Iteration = |       98 |   WBSE_dim = |        4 |   Diago_dim = |       44 |
                       *----------*              *----------*               *----------*
     s-DIAGOX done in < 00.1s             
     --------------------------------------------------------------------------------------------
        
        0.00693191   0.03495927   0.05078489   0.10689020
        
     --------------------------------------------------------------------------------------------
     Tot. elapsed time 29m-49.2s,  time spent in last iteration 18.6s
     --------------------------------------------------------------------------------------------

                       *----------*              *----------*               *----------*
     #     Iteration = |       99 |   WBSE_dim = |        4 |   Diago_dim = |       48 |
                       *----------*              *----------*               *----------*
     s-DIAGOX done in < 00.1s             
     --------------------------------------------------------------------------------------------
        
        0.00693185   0.03495817   0.05078361   0.10688890
        
     --------------------------------------------------------------------------------------------
     Tot. elapsed time 30m-08.1s,  time spent in last iteration 18.9s
     --------------------------------------------------------------------------------------------

       Refresh the basis set

                       *----------*              *----------*               *----------*
     #     Iteration = |      100 |   WBSE_dim = |        4 |   Diago_dim = |        8 |
                       *----------*              *----------*               *----------*
     s-DIAGOX done in < 00.1s             
     --------------------------------------------------------------------------------------------
        
        0.00693179   0.03495719   0.05078245   0.10688769
        
     --------------------------------------------------------------------------------------------
     Tot. elapsed time 30m-27.5s,  time spent in last iteration 16.4s
     --------------------------------------------------------------------------------------------

                       *----------*              *----------*               *----------*
     #     Iteration = |      101 |   WBSE_dim = |        4 |   Diago_dim = |       12 |
                       *----------*              *----------*               *----------*
     s-DIAGOX done in < 00.1s             
     --------------------------------------------------------------------------------------------
        
        0.00693174   0.03495623   0.05078132   0.10688651
        
     --------------------------------------------------------------------------------------------
     Tot. elapsed time 30m-44.2s,  time spent in last iteration 16.6s
     --------------------------------------------------------------------------------------------

                       *----------*              *----------*               *----------*
     #     Iteration = |      102 |   WBSE_dim = |        4 |   Diago_dim = |       16 |
                       *----------*              *----------*               *----------*
     s-DIAGOX done in < 00.1s             
     --------------------------------------------------------------------------------------------
        
        0.00693169   0.03495529   0.05078020   0.10688534
        
     --------------------------------------------------------------------------------------------
     Tot. elapsed time 31m-01.2s,  time spent in last iteration 16.9s
     --------------------------------------------------------------------------------------------

                       *----------*              *----------*               *----------*
     #     Iteration = |      103 |   WBSE_dim = |        4 |   Diago_dim = |       20 |
                       *----------*              *----------*               *----------*
     s-DIAGOX done in < 00.1s             
     --------------------------------------------------------------------------------------------
        
        0.00693163   0.03495436   0.05077909   0.10688415
        
     --------------------------------------------------------------------------------------------
     Tot. elapsed time 31m-18.3s,  time spent in last iteration 17.1s
     --------------------------------------------------------------------------------------------

                       *----------*              *----------*               *----------*
     #     Iteration = |      104 |   WBSE_dim = |        4 |   Diago_dim = |       24 |
                       *----------*              *----------*               *----------*
     s-DIAGOX done in < 00.1s             
     --------------------------------------------------------------------------------------------
        
        0.00693158   0.03495344   0.05077800   0.10688295
        
     --------------------------------------------------------------------------------------------
     Tot. elapsed time 31m-35.8s,  time spent in last iteration 17.4s
     --------------------------------------------------------------------------------------------

                       *----------*              *----------*               *----------*
     #     Iteration = |      105 |   WBSE_dim = |        4 |   Diago_dim = |       28 |
                       *----------*              *----------*               *----------*
     s-DIAGOX done in < 00.1s             
     --------------------------------------------------------------------------------------------
        
        0.00693153   0.03495254   0.05077693   0.10688175
        
     --------------------------------------------------------------------------------------------
     Tot. elapsed time 31m-53.6s,  time spent in last iteration 17.7s
     --------------------------------------------------------------------------------------------

                       *----------*              *----------*               *----------*
     #     Iteration = |      106 |   WBSE_dim = |        4 |   Diago_dim = |       32 |
                       *----------*              *----------*               *----------*
     s-DIAGOX done in < 00.1s             
     --------------------------------------------------------------------------------------------
        
        0.00693148   0.03495170   0.05077592   0.10688056
        
     --------------------------------------------------------------------------------------------
     Tot. elapsed time 32m-11.7s,  time spent in last iteration 18.1s
     --------------------------------------------------------------------------------------------

                       *----------*              *----------*               *----------*
     #     Iteration = |      107 |   WBSE_dim = |        4 |   Diago_dim = |       36 |
                       *----------*              *----------*               *----------*
     s-DIAGOX done in < 00.1s             
     --------------------------------------------------------------------------------------------
        
        0.00693144   0.03495091   0.05077498   0.10687940
        
     --------------------------------------------------------------------------------------------
     Tot. elapsed time 32m-29.9s,  time spent in last iteration 18.1s
     --------------------------------------------------------------------------------------------

                       *----------*              *----------*               *----------*
     #     Iteration = |      108 |   WBSE_dim = |        4 |   Diago_dim = |       40 |
                       *----------*              *----------*               *----------*
     s-DIAGOX done in < 00.1s             
     --------------------------------------------------------------------------------------------
        
        0.00693140   0.03495020   0.05077412   0.10687830
        
     --------------------------------------------------------------------------------------------
     Tot. elapsed time 32m-48.3s,  time spent in last iteration 18.4s
     --------------------------------------------------------------------------------------------

                       *----------*              *----------*               *----------*
     #     Iteration = |      109 |   WBSE_dim = |        4 |   Diago_dim = |       44 |
                       *----------*              *----------*               *----------*
     s-DIAGOX done in < 00.1s             
     --------------------------------------------------------------------------------------------
        
        0.00693137   0.03494958   0.05077338   0.10687729
        
     --------------------------------------------------------------------------------------------
     Tot. elapsed time 33m-07.0s,  time spent in last iteration 18.6s
     --------------------------------------------------------------------------------------------

                       *----------*              *----------*               *----------*
     #     Iteration = |      110 |   WBSE_dim = |        4 |   Diago_dim = |       48 |
                       *----------*              *----------*               *----------*
     s-DIAGOX done in < 00.1s             
     --------------------------------------------------------------------------------------------
        
        0.00693134   0.03494912   0.05077282   0.10687651
        
     --------------------------------------------------------------------------------------------
     Tot. elapsed time 33m-25.9s,  time spent in last iteration 18.9s
     --------------------------------------------------------------------------------------------

       Refresh the basis set

                       *----------*              *----------*               *----------*
     #     Iteration = |      111 |   WBSE_dim = |        4 |   Diago_dim = |        8 |
                       *----------*              *----------*               *----------*
     s-DIAGOX done in < 00.1s             
     --------------------------------------------------------------------------------------------
        
        0.00693132   0.03494870   0.05077232   0.10687578
        
     --------------------------------------------------------------------------------------------
     Tot. elapsed time 33m-45.3s,  time spent in last iteration 16.3s
     --------------------------------------------------------------------------------------------

                       *----------*              *----------*               *----------*
     #     Iteration = |      112 |   WBSE_dim = |        4 |   Diago_dim = |       12 |
                       *----------*              *----------*               *----------*
     s-DIAGOX done in < 00.1s             
     --------------------------------------------------------------------------------------------
        
        0.00693129   0.03494819   0.05077171   0.10687489
        
     --------------------------------------------------------------------------------------------
     Tot. elapsed time 34m-02.0s,  time spent in last iteration 16.6s
     --------------------------------------------------------------------------------------------

                       *----------*              *----------*               *----------*
     #     Iteration = |      113 |   WBSE_dim = |        4 |   Diago_dim = |       16 |
                       *----------*              *----------*               *----------*
     s-DIAGOX done in < 00.1s             
     --------------------------------------------------------------------------------------------
        
        0.00693126   0.03494767   0.05077107   0.10687397
        
     --------------------------------------------------------------------------------------------
     Tot. elapsed time 34m-19.0s,  time spent in last iteration 16.9s
     --------------------------------------------------------------------------------------------

                       *----------*              *----------*               *----------*
     #     Iteration = |      114 |   WBSE_dim = |        4 |   Diago_dim = |       20 |
                       *----------*              *----------*               *----------*
     s-DIAGOX done in < 00.1s             
     --------------------------------------------------------------------------------------------
        
        0.00693124   0.03494717   0.05077046   0.10687305
        
     --------------------------------------------------------------------------------------------
     Tot. elapsed time 34m-36.2s,  time spent in last iteration 17.1s
     --------------------------------------------------------------------------------------------

                       *----------*              *----------*               *----------*
     #     Iteration = |      115 |   WBSE_dim = |        4 |   Diago_dim = |       24 |
                       *----------*              *----------*               *----------*
     s-DIAGOX done in < 00.1s             
     --------------------------------------------------------------------------------------------
        
        0.00693122   0.03494670   0.05076987   0.10687216
        
     --------------------------------------------------------------------------------------------
     Tot. elapsed time 34m-53.6s,  time spent in last iteration 17.4s
     --------------------------------------------------------------------------------------------

                       *----------*              *----------*               *----------*
     #     Iteration = |      116 |   WBSE_dim = |        4 |   Diago_dim = |       28 |
                       *----------*              *----------*               *----------*
     s-DIAGOX done in < 00.1s             
     --------------------------------------------------------------------------------------------
        
        0.00693120   0.03494626   0.05076933   0.10687132
        
     --------------------------------------------------------------------------------------------
     Tot. elapsed time 35m-11.3s,  time spent in last iteration 17.6s
     --------------------------------------------------------------------------------------------

                       *----------*              *----------*               *----------*
     #     Iteration = |      117 |   WBSE_dim = |        4 |   Diago_dim = |       32 |
                       *----------*              *----------*               *----------*
     s-DIAGOX done in < 00.1s             
     --------------------------------------------------------------------------------------------
        
        0.00693118   0.03494587   0.05076883   0.10687053
        
     --------------------------------------------------------------------------------------------
     Tot. elapsed time 35m-29.2s,  time spent in last iteration 17.9s
     --------------------------------------------------------------------------------------------

                       *----------*              *----------*               *----------*
     #     Iteration = |      118 |   WBSE_dim = |        4 |   Diago_dim = |       36 |
                       *----------*              *----------*               *----------*
     s-DIAGOX done in < 00.1s             
     --------------------------------------------------------------------------------------------
        
        0.00693117   0.03494551   0.05076839   0.10686978
        
     --------------------------------------------------------------------------------------------
     Tot. elapsed time 35m-47.4s,  time spent in last iteration 18.1s
     --------------------------------------------------------------------------------------------

                       *----------*              *----------*               *----------*
     #     Iteration = |      119 |   WBSE_dim = |        4 |   Diago_dim = |       40 |
                       *----------*              *----------*               *----------*
     s-DIAGOX done in < 00.1s             
     --------------------------------------------------------------------------------------------
        
        0.00693115   0.03494519   0.05076799   0.10686909
        
     --------------------------------------------------------------------------------------------
     Tot. elapsed time 36m-05.9s,  time spent in last iteration 18.4s
     --------------------------------------------------------------------------------------------

                       *----------*              *----------*               *----------*
     #     Iteration = |      120 |   WBSE_dim = |        4 |   Diago_dim = |       44 |
                       *----------*              *----------*               *----------*
     s-DIAGOX done in < 00.1s             
     --------------------------------------------------------------------------------------------
        
        0.00693114   0.03494490   0.05076762   0.10686842
        
     --------------------------------------------------------------------------------------------
     Tot. elapsed time 36m-24.5s,  time spent in last iteration 18.6s
     --------------------------------------------------------------------------------------------

                       *----------*              *----------*               *----------*
     #     Iteration = |      121 |   WBSE_dim = |        4 |   Diago_dim = |       48 |
                       *----------*              *----------*               *----------*
     s-DIAGOX done in < 00.1s             
     --------------------------------------------------------------------------------------------
        
        0.00693113   0.03494463   0.05076727   0.10686777
        
     --------------------------------------------------------------------------------------------
     Tot. elapsed time 36m-43.4s,  time spent in last iteration 18.9s
     --------------------------------------------------------------------------------------------

       Refresh the basis set

                       *----------*              *----------*               *----------*
     #     Iteration = |      122 |   WBSE_dim = |        4 |   Diago_dim = |        8 |
                       *----------*              *----------*               *----------*
     s-DIAGOX done in < 00.1s             
     --------------------------------------------------------------------------------------------
        
        0.00693112   0.03494439   0.05076696   0.10686716
        
     --------------------------------------------------------------------------------------------
     Tot. elapsed time 37m-02.8s,  time spent in last iteration 16.3s
     --------------------------------------------------------------------------------------------

                       *----------*              *----------*               *----------*
     #     Iteration = |      123 |   WBSE_dim = |        4 |   Diago_dim = |       12 |
                       *----------*              *----------*               *----------*
     s-DIAGOX done in < 00.1s             
     --------------------------------------------------------------------------------------------
        
        0.00693111   0.03494415   0.05076666   0.10686657
        
     --------------------------------------------------------------------------------------------
     Tot. elapsed time 37m-19.6s,  time spent in last iteration 16.8s
     --------------------------------------------------------------------------------------------

                       *----------*              *----------*               *----------*
     #     Iteration = |      124 |   WBSE_dim = |        4 |   Diago_dim = |       16 |
                       *----------*              *----------*               *----------*
     s-DIAGOX done in < 00.1s             
     --------------------------------------------------------------------------------------------
        
        0.00693110   0.03494392   0.05076636   0.10686598
        
     --------------------------------------------------------------------------------------------
     Tot. elapsed time 37m-36.6s,  time spent in last iteration 16.9s
     --------------------------------------------------------------------------------------------

                       *----------*              *----------*               *----------*
     #     Iteration = |      125 |   WBSE_dim = |        4 |   Diago_dim = |       20 |
                       *----------*              *----------*               *----------*
     s-DIAGOX done in < 00.1s             
     --------------------------------------------------------------------------------------------
        
        0.00693109   0.03494369   0.05076607   0.10686539
        
     --------------------------------------------------------------------------------------------
     Tot. elapsed time 37m-53.8s,  time spent in last iteration 17.2s
     --------------------------------------------------------------------------------------------

                       *----------*              *----------*               *----------*
     #     Iteration = |      126 |   WBSE_dim = |        4 |   Diago_dim = |       24 |
                       *----------*              *----------*               *----------*
     s-DIAGOX done in < 00.1s             
     --------------------------------------------------------------------------------------------
        
        0.00693108   0.03494347   0.05076578   0.10686479
        
     --------------------------------------------------------------------------------------------
     Tot. elapsed time 38m-11.3s,  time spent in last iteration 17.4s
     --------------------------------------------------------------------------------------------

                       *----------*              *----------*               *----------*
     #     Iteration = |      127 |   WBSE_dim = |        4 |   Diago_dim = |       28 |
                       *----------*              *----------*               *----------*
     s-DIAGOX done in < 00.1s             
     --------------------------------------------------------------------------------------------
        
        0.00693107   0.03494325   0.05076550   0.10686420
        
     --------------------------------------------------------------------------------------------
     Tot. elapsed time 38m-29.0s,  time spent in last iteration 17.6s
     --------------------------------------------------------------------------------------------

                       *----------*              *----------*               *----------*
     #     Iteration = |      128 |   WBSE_dim = |        4 |   Diago_dim = |       32 |
                       *----------*              *----------*               *----------*
     s-DIAGOX done in < 00.1s             
     --------------------------------------------------------------------------------------------
        
        0.00693107   0.03494304   0.05076523   0.10686360
        
     --------------------------------------------------------------------------------------------
     Tot. elapsed time 38m-46.9s,  time spent in last iteration 17.9s
     --------------------------------------------------------------------------------------------

                       *----------*              *----------*               *----------*
     #     Iteration = |      129 |   WBSE_dim = |        4 |   Diago_dim = |       36 |
                       *----------*              *----------*               *----------*
     s-DIAGOX done in < 00.1s             
     --------------------------------------------------------------------------------------------
        
        0.00693106   0.03494285   0.05076498   0.10686303
        
     --------------------------------------------------------------------------------------------
     Tot. elapsed time 39m-05.1s,  time spent in last iteration 18.1s
     --------------------------------------------------------------------------------------------

                       *----------*              *----------*               *----------*
     #     Iteration = |      130 |   WBSE_dim = |        4 |   Diago_dim = |       40 |
                       *----------*              *----------*               *----------*
     s-DIAGOX done in < 00.1s             
     --------------------------------------------------------------------------------------------
        
        0.00693105   0.03494268   0.05076476   0.10686248
        
     --------------------------------------------------------------------------------------------
     Tot. elapsed time 39m-23.5s,  time spent in last iteration 18.4s
     --------------------------------------------------------------------------------------------

                       *----------*              *----------*               *----------*
     #     Iteration = |      131 |   WBSE_dim = |        4 |   Diago_dim = |       44 |
                       *----------*              *----------*               *----------*
     s-DIAGOX done in < 00.1s             
     --------------------------------------------------------------------------------------------
        
        0.00693104   0.03494252   0.05076456   0.10686198
        
     --------------------------------------------------------------------------------------------
     Tot. elapsed time 39m-42.1s,  time spent in last iteration 18.6s
     --------------------------------------------------------------------------------------------

                       *----------*              *----------*               *----------*
     #     Iteration = |      132 |   WBSE_dim = |        4 |   Diago_dim = |       48 |
                       *----------*              *----------*               *----------*
     s-DIAGOX done in < 00.1s             
     --------------------------------------------------------------------------------------------
        
        0.00693104   0.03494241   0.05076441   0.10686159
        
     --------------------------------------------------------------------------------------------
     Tot. elapsed time 40m-01.1s,  time spent in last iteration 18.9s
     --------------------------------------------------------------------------------------------

       Refresh the basis set

                       *----------*              *----------*               *----------*
     #     Iteration = |      133 |   WBSE_dim = |        4 |   Diago_dim = |        8 |
                       *----------*              *----------*               *----------*
     s-DIAGOX done in < 00.1s             
     --------------------------------------------------------------------------------------------
        
        0.00693104   0.03494231   0.05076427   0.10686122
        
     --------------------------------------------------------------------------------------------
     Tot. elapsed time 40m-20.4s,  time spent in last iteration 16.3s
     --------------------------------------------------------------------------------------------

                       *----------*              *----------*               *----------*
     #     Iteration = |      134 |   WBSE_dim = |        4 |   Diago_dim = |       12 |
                       *----------*              *----------*               *----------*
     s-DIAGOX done in < 00.1s             
     --------------------------------------------------------------------------------------------
        
        0.00693103   0.03494218   0.05076411   0.10686077
        
     --------------------------------------------------------------------------------------------
     Tot. elapsed time 40m-37.1s,  time spent in last iteration 16.6s
     --------------------------------------------------------------------------------------------

                       *----------*              *----------*               *----------*
     #     Iteration = |      135 |   WBSE_dim = |        4 |   Diago_dim = |       16 |
                       *----------*              *----------*               *----------*
     s-DIAGOX done in < 00.1s             
     --------------------------------------------------------------------------------------------
        
        0.00693103   0.03494205   0.05076394   0.10686031
        
     --------------------------------------------------------------------------------------------
     Tot. elapsed time 40m-54.1s,  time spent in last iteration 16.9s
     --------------------------------------------------------------------------------------------

                       *----------*              *----------*               *----------*
     #     Iteration = |      136 |   WBSE_dim = |        4 |   Diago_dim = |       20 |
                       *----------*              *----------*               *----------*
     s-DIAGOX done in < 00.1s             
     --------------------------------------------------------------------------------------------
        
        0.00693102   0.03494193   0.05076378   0.10685985
        
     --------------------------------------------------------------------------------------------
     Tot. elapsed time 41m-11.3s,  time spent in last iteration 17.1s
     --------------------------------------------------------------------------------------------

                       *----------*              *----------*               *----------*
     #     Iteration = |      137 |   WBSE_dim = |        4 |   Diago_dim = |       24 |
                       *----------*              *----------*               *----------*
     s-DIAGOX done in < 00.1s             
     --------------------------------------------------------------------------------------------
        
        0.00693102   0.03494181   0.05076362   0.10685941
        
     --------------------------------------------------------------------------------------------
     Tot. elapsed time 41m-28.7s,  time spent in last iteration 17.4s
     --------------------------------------------------------------------------------------------

                       *----------*              *----------*               *----------*
     #     Iteration = |      138 |   WBSE_dim = |        4 |   Diago_dim = |       28 |
                       *----------*              *----------*               *----------*
     s-DIAGOX done in < 00.1s             
     --------------------------------------------------------------------------------------------
        
        0.00693102   0.03494171   0.05076348   0.10685899
        
     --------------------------------------------------------------------------------------------
     Tot. elapsed time 41m-46.4s,  time spent in last iteration 17.6s
     --------------------------------------------------------------------------------------------

                       *----------*              *----------*               *----------*
     #     Iteration = |      139 |   WBSE_dim = |        4 |   Diago_dim = |       32 |
                       *----------*              *----------*               *----------*
     s-DIAGOX done in < 00.1s             
     --------------------------------------------------------------------------------------------
        
        0.00693101   0.03494161   0.05076335   0.10685859
        
     --------------------------------------------------------------------------------------------
     Tot. elapsed time 42m-04.3s,  time spent in last iteration 17.9s
     --------------------------------------------------------------------------------------------

                       *----------*              *----------*               *----------*
     #     Iteration = |      140 |   WBSE_dim = |        4 |   Diago_dim = |       36 |
                       *----------*              *----------*               *----------*
     s-DIAGOX done in < 00.1s             
     --------------------------------------------------------------------------------------------
        
        0.00693101   0.03494152   0.05076323   0.10685822
        
     --------------------------------------------------------------------------------------------
     Tot. elapsed time 42m-22.6s,  time spent in last iteration 18.2s
     --------------------------------------------------------------------------------------------

                       *----------*              *----------*               *----------*
     #     Iteration = |      141 |   WBSE_dim = |        4 |   Diago_dim = |       40 |
                       *----------*              *----------*               *----------*
     s-DIAGOX done in < 00.1s             
     --------------------------------------------------------------------------------------------
        
        0.00693101   0.03494145   0.05076312   0.10685787
        
     --------------------------------------------------------------------------------------------
     Tot. elapsed time 42m-41.0s,  time spent in last iteration 18.4s
     --------------------------------------------------------------------------------------------

                       *----------*              *----------*               *----------*
     #     Iteration = |      142 |   WBSE_dim = |        4 |   Diago_dim = |       44 |
                       *----------*              *----------*               *----------*
     s-DIAGOX done in < 00.1s             
     --------------------------------------------------------------------------------------------
        
        0.00693100   0.03494137   0.05076302   0.10685754
        
     --------------------------------------------------------------------------------------------
     Tot. elapsed time 42m-59.7s,  time spent in last iteration 18.6s
     --------------------------------------------------------------------------------------------

                       *----------*              *----------*               *----------*
     #     Iteration = |      143 |   WBSE_dim = |        4 |   Diago_dim = |       48 |
                       *----------*              *----------*               *----------*
     s-DIAGOX done in < 00.1s             
     --------------------------------------------------------------------------------------------
        
        0.00693100   0.03494131   0.05076293   0.10685721
        
     --------------------------------------------------------------------------------------------
     Tot. elapsed time 43m-18.6s,  time spent in last iteration 18.9s
     --------------------------------------------------------------------------------------------

       Refresh the basis set

                       *----------*              *----------*               *----------*
     #     Iteration = |      144 |   WBSE_dim = |        4 |   Diago_dim = |        8 |
                       *----------*              *----------*               *----------*
     s-DIAGOX done in < 00.1s             
     --------------------------------------------------------------------------------------------
        
        0.00693100   0.03494125   0.05076284   0.10685690
        
     --------------------------------------------------------------------------------------------
     Tot. elapsed time 43m-38.0s,  time spent in last iteration 16.3s
     --------------------------------------------------------------------------------------------

                       *----------*              *----------*               *----------*
     #     Iteration = |      145 |   WBSE_dim = |        4 |   Diago_dim = |       12 |
                       *----------*              *----------*               *----------*
     s-DIAGOX done in < 00.1s             
     --------------------------------------------------------------------------------------------
        
        0.00693100   0.03494119   0.05076276   0.10685660
        
     --------------------------------------------------------------------------------------------
     Tot. elapsed time 43m-54.7s,  time spent in last iteration 16.7s
     --------------------------------------------------------------------------------------------

                       *----------*              *----------*               *----------*
     #     Iteration = |      146 |   WBSE_dim = |        4 |   Diago_dim = |       16 |
                       *----------*              *----------*               *----------*
     s-DIAGOX done in < 00.1s             
     --------------------------------------------------------------------------------------------
        
        0.00693100   0.03494113   0.05076268   0.10685631
        
     --------------------------------------------------------------------------------------------
     Tot. elapsed time 44m-11.6s,  time spent in last iteration 16.9s
     --------------------------------------------------------------------------------------------

                       *----------*              *----------*               *----------*
     #     Iteration = |      147 |   WBSE_dim = |        4 |   Diago_dim = |       20 |
                       *----------*              *----------*               *----------*
     s-DIAGOX done in < 00.1s             
     --------------------------------------------------------------------------------------------
        
        0.00693100   0.03494107   0.05076260   0.10685601
        
     --------------------------------------------------------------------------------------------
     Tot. elapsed time 44m-28.9s,  time spent in last iteration 17.2s
     --------------------------------------------------------------------------------------------

                       *----------*              *----------*               *----------*
     #     Iteration = |      148 |   WBSE_dim = |        4 |   Diago_dim = |       24 |
                       *----------*              *----------*               *----------*
     s-DIAGOX done in < 00.1s             
     --------------------------------------------------------------------------------------------
        
        0.00693099   0.03494102   0.05076253   0.10685571
        
     --------------------------------------------------------------------------------------------
     Tot. elapsed time 44m-46.3s,  time spent in last iteration 17.4s
     --------------------------------------------------------------------------------------------

                       *----------*              *----------*               *----------*
     #     Iteration = |      149 |   WBSE_dim = |        4 |   Diago_dim = |       28 |
                       *----------*              *----------*               *----------*
     s-DIAGOX done in < 00.1s             
     --------------------------------------------------------------------------------------------
        
        0.00693099   0.03494096   0.05076245   0.10685541
        
     --------------------------------------------------------------------------------------------
     Tot. elapsed time 45m-04.0s,  time spent in last iteration 17.6s
     --------------------------------------------------------------------------------------------

                       *----------*              *----------*               *----------*
     #     Iteration = |      150 |   WBSE_dim = |        4 |   Diago_dim = |       32 |
                       *----------*              *----------*               *----------*
     s-DIAGOX done in < 00.1s             
     --------------------------------------------------------------------------------------------
        
        0.00693099   0.03494091   0.05076238   0.10685512
        
     --------------------------------------------------------------------------------------------
     Tot. elapsed time 45m-21.9s,  time spent in last iteration 17.9s
     --------------------------------------------------------------------------------------------

                       *----------*              *----------*               *----------*
     #     Iteration = |      151 |   WBSE_dim = |        4 |   Diago_dim = |       36 |
                       *----------*              *----------*               *----------*
     s-DIAGOX done in < 00.1s             
     --------------------------------------------------------------------------------------------
        
        0.00693099   0.03494087   0.05076231   0.10685483
        
     --------------------------------------------------------------------------------------------
     Tot. elapsed time 45m-40.1s,  time spent in last iteration 18.1s
     --------------------------------------------------------------------------------------------

                       *----------*              *----------*               *----------*
     #     Iteration = |      152 |   WBSE_dim = |        4 |   Diago_dim = |       40 |
                       *----------*              *----------*               *----------*
     s-DIAGOX done in < 00.1s             
     --------------------------------------------------------------------------------------------
        
        0.00693099   0.03494082   0.05076225   0.10685456
        
     --------------------------------------------------------------------------------------------
     Tot. elapsed time 45m-58.6s,  time spent in last iteration 18.4s
     --------------------------------------------------------------------------------------------

                       *----------*              *----------*               *----------*
     #     Iteration = |      153 |   WBSE_dim = |        4 |   Diago_dim = |       44 |
                       *----------*              *----------*               *----------*
     s-DIAGOX done in < 00.1s             
     --------------------------------------------------------------------------------------------
        
        0.00693099   0.03494079   0.05076220   0.10685430
        
     --------------------------------------------------------------------------------------------
     Tot. elapsed time 46m-17.2s,  time spent in last iteration 18.6s
     --------------------------------------------------------------------------------------------

                       *----------*              *----------*               *----------*
     #     Iteration = |      154 |   WBSE_dim = |        4 |   Diago_dim = |       48 |
                       *----------*              *----------*               *----------*
     s-DIAGOX done in < 00.1s             
     --------------------------------------------------------------------------------------------
        
        0.00693099   0.03494076   0.05076216   0.10685411
        
     --------------------------------------------------------------------------------------------
     Tot. elapsed time 46m-36.1s,  time spent in last iteration 18.8s
     --------------------------------------------------------------------------------------------

       Refresh the basis set

                       *----------*              *----------*               *----------*
     #     Iteration = |      155 |   WBSE_dim = |        4 |   Diago_dim = |        8 |
                       *----------*              *----------*               *----------*
     s-DIAGOX done in < 00.1s             
     --------------------------------------------------------------------------------------------
        
        0.00693099   0.03494073   0.05076212   0.10685392
        
     --------------------------------------------------------------------------------------------
     Tot. elapsed time 46m-55.6s,  time spent in last iteration 16.6s
     --------------------------------------------------------------------------------------------

                       *----------*              *----------*               *----------*
     #     Iteration = |      156 |   WBSE_dim = |        4 |   Diago_dim = |       12 |
                       *----------*              *----------*               *----------*
     s-DIAGOX done in < 00.1s             
     --------------------------------------------------------------------------------------------
        
        0.00693099   0.03494070   0.05076208   0.10685369
        
     --------------------------------------------------------------------------------------------
     Tot. elapsed time 47m-12.5s,  time spent in last iteration 16.8s
     --------------------------------------------------------------------------------------------

                       *----------*              *----------*               *----------*
     #     Iteration = |      157 |   WBSE_dim = |        4 |   Diago_dim = |       16 |
                       *----------*              *----------*               *----------*
     s-DIAGOX done in < 00.1s             
     --------------------------------------------------------------------------------------------
        
        0.00693098   0.03494067   0.05076203   0.10685346
        
     --------------------------------------------------------------------------------------------
     Tot. elapsed time 47m-29.5s,  time spent in last iteration 16.9s
     --------------------------------------------------------------------------------------------

                       *----------*              *----------*               *----------*
     #     Iteration = |      158 |   WBSE_dim = |        4 |   Diago_dim = |       20 |
                       *----------*              *----------*               *----------*
     s-DIAGOX done in < 00.1s             
     --------------------------------------------------------------------------------------------
        
        0.00693098   0.03494064   0.05076199   0.10685323
        
     --------------------------------------------------------------------------------------------
     Tot. elapsed time 47m-46.7s,  time spent in last iteration 17.2s
     --------------------------------------------------------------------------------------------

                       *----------*              *----------*               *----------*
     #     Iteration = |      159 |   WBSE_dim = |        4 |   Diago_dim = |       24 |
                       *----------*              *----------*               *----------*
     s-DIAGOX done in < 00.1s             
     --------------------------------------------------------------------------------------------
        
        0.00693098   0.03494061   0.05076195   0.10685301
        
     --------------------------------------------------------------------------------------------
     Tot. elapsed time 48m-04.1s,  time spent in last iteration 17.4s
     --------------------------------------------------------------------------------------------

                       *----------*              *----------*               *----------*
     #     Iteration = |      160 |   WBSE_dim = |        4 |   Diago_dim = |       28 |
                       *----------*              *----------*               *----------*
     s-DIAGOX done in < 00.1s             
     --------------------------------------------------------------------------------------------
        
        0.00693098   0.03494058   0.05076191   0.10685280
        
     --------------------------------------------------------------------------------------------
     Tot. elapsed time 48m-21.8s,  time spent in last iteration 17.7s
     --------------------------------------------------------------------------------------------

                       *----------*              *----------*               *----------*
     #     Iteration = |      161 |   WBSE_dim = |        3 |   Diago_dim = |       31 |
                       *----------*              *----------*               *----------*
     s-DIAGOX done in < 00.1s             
     --------------------------------------------------------------------------------------------
        
        0.00693098   0.03494056   0.05076187   0.10685260
        
     --------------------------------------------------------------------------------------------
     Tot. elapsed time 48m-35.9s,  time spent in last iteration 13.9s
     --------------------------------------------------------------------------------------------

                       *----------*              *----------*               *----------*
     #     Iteration = |      162 |   WBSE_dim = |        3 |   Diago_dim = |       34 |
                       *----------*              *----------*               *----------*
     s-DIAGOX done in < 00.1s             
     --------------------------------------------------------------------------------------------
        
        0.00693098   0.03494054   0.05076184   0.10685241
        
     --------------------------------------------------------------------------------------------
     Tot. elapsed time 48m-49.9s,  time spent in last iteration 14.0s
     --------------------------------------------------------------------------------------------

                       *----------*              *----------*               *----------*
     #     Iteration = |      163 |   WBSE_dim = |        3 |   Diago_dim = |       37 |
                       *----------*              *----------*               *----------*
     s-DIAGOX done in < 00.1s             
     --------------------------------------------------------------------------------------------
        
        0.00693098   0.03494052   0.05076181   0.10685224
        
     --------------------------------------------------------------------------------------------
     Tot. elapsed time 49m-04.1s,  time spent in last iteration 14.1s
     --------------------------------------------------------------------------------------------

                       *----------*              *----------*               *----------*
     #     Iteration = |      164 |   WBSE_dim = |        3 |   Diago_dim = |       40 |
                       *----------*              *----------*               *----------*
     s-DIAGOX done in < 00.1s             
     --------------------------------------------------------------------------------------------
        
        0.00693098   0.03494050   0.05076179   0.10685207
        
     --------------------------------------------------------------------------------------------
     Tot. elapsed time 49m-18.4s,  time spent in last iteration 14.3s
     --------------------------------------------------------------------------------------------

                       *----------*              *----------*               *----------*
     #     Iteration = |      165 |   WBSE_dim = |        3 |   Diago_dim = |       43 |
                       *----------*              *----------*               *----------*
     s-DIAGOX done in < 00.1s             
     --------------------------------------------------------------------------------------------
        
        0.00693098   0.03494048   0.05076176   0.10685191
        
     --------------------------------------------------------------------------------------------
     Tot. elapsed time 49m-32.9s,  time spent in last iteration 14.4s
     --------------------------------------------------------------------------------------------

                       *----------*              *----------*               *----------*
     #     Iteration = |      166 |   WBSE_dim = |        3 |   Diago_dim = |       46 |
                       *----------*              *----------*               *----------*
     s-DIAGOX done in < 00.1s             
     --------------------------------------------------------------------------------------------
        
        0.00693098   0.03494030   0.05076147   0.10684908
        
     --------------------------------------------------------------------------------------------
     Tot. elapsed time 49m-47.6s,  time spent in last iteration 14.6s
     --------------------------------------------------------------------------------------------

       Refresh the basis set

                       *----------*              *----------*               *----------*
     #     Iteration = |      167 |   WBSE_dim = |        3 |   Diago_dim = |        7 |
                       *----------*              *----------*               *----------*
     s-DIAGOX done in < 00.1s             
     --------------------------------------------------------------------------------------------
        
        0.00693098   0.03494027   0.05076142   0.10684839
        
     --------------------------------------------------------------------------------------------
     Tot. elapsed time 50m-03.2s,  time spent in last iteration 12.7s
     --------------------------------------------------------------------------------------------

                       *----------*              *----------*               *----------*
     #     Iteration = |      168 |   WBSE_dim = |        3 |   Diago_dim = |       10 |
                       *----------*              *----------*               *----------*
     s-DIAGOX done in < 00.1s             
     --------------------------------------------------------------------------------------------
        
        0.00693098   0.03494025   0.05076140   0.10684811
        
     --------------------------------------------------------------------------------------------
     Tot. elapsed time 50m-16.2s,  time spent in last iteration 12.9s
     --------------------------------------------------------------------------------------------

                       *----------*              *----------*               *----------*
     #     Iteration = |      169 |   WBSE_dim = |        3 |   Diago_dim = |       13 |
                       *----------*              *----------*               *----------*
     s-DIAGOX done in < 00.1s             
     --------------------------------------------------------------------------------------------
        
        0.00693098   0.03494025   0.05076139   0.10684795
        
     --------------------------------------------------------------------------------------------
     Tot. elapsed time 50m-29.2s,  time spent in last iteration 13.0s
     --------------------------------------------------------------------------------------------

                       *----------*              *----------*               *----------*
     #     Iteration = |      170 |   WBSE_dim = |        3 |   Diago_dim = |       16 |
                       *----------*              *----------*               *----------*
     s-DIAGOX done in < 00.1s             
     --------------------------------------------------------------------------------------------
        
        0.00693098   0.03494024   0.05076138   0.10684784
        
     --------------------------------------------------------------------------------------------
     Tot. elapsed time 50m-42.4s,  time spent in last iteration 13.2s
     --------------------------------------------------------------------------------------------

                       *----------*              *----------*               *----------*
     #     Iteration = |      171 |   WBSE_dim = |        3 |   Diago_dim = |       19 |
                       *----------*              *----------*               *----------*
     s-DIAGOX done in < 00.1s             
     --------------------------------------------------------------------------------------------
        
        0.00693098   0.03494024   0.05076138   0.10684776
        
     --------------------------------------------------------------------------------------------
     Tot. elapsed time 50m-55.8s,  time spent in last iteration 13.3s
     --------------------------------------------------------------------------------------------

                       *----------*              *----------*               *----------*
     #     Iteration = |      172 |   WBSE_dim = |        3 |   Diago_dim = |       22 |
                       *----------*              *----------*               *----------*
     s-DIAGOX done in < 00.1s             
     --------------------------------------------------------------------------------------------
        
        0.00693098   0.03494024   0.05076137   0.10684769
        
     --------------------------------------------------------------------------------------------
     Tot. elapsed time 51m-09.3s,  time spent in last iteration 13.4s
     --------------------------------------------------------------------------------------------

                       *----------*              *----------*               *----------*
     #     Iteration = |      173 |   WBSE_dim = |        1 |   Diago_dim = |       23 |
                       *----------*              *----------*               *----------*
     s-DIAGOX done in < 00.1s             
     --------------------------------------------------------------------------------------------
        
        0.00693098   0.03494023   0.05076137   0.10684763
        
     --------------------------------------------------------------------------------------------
     Tot. elapsed time 51m-15.1s,  time spent in last iteration 05.7s
     --------------------------------------------------------------------------------------------

                       *----------*              *----------*               *----------*
     #     Iteration = |      174 |   WBSE_dim = |        1 |   Diago_dim = |       24 |
                       *----------*              *----------*               *----------*
     s-DIAGOX done in < 00.1s             
     --------------------------------------------------------------------------------------------
        
        0.00693098   0.03494023   0.05076137   0.10684758
        
     --------------------------------------------------------------------------------------------
     Tot. elapsed time 51m-20.9s,  time spent in last iteration 05.7s
     --------------------------------------------------------------------------------------------

                       *----------*              *----------*               *----------*
     #     Iteration = |      175 |   WBSE_dim = |        1 |   Diago_dim = |       25 |
                       *----------*              *----------*               *----------*
     s-DIAGOX done in < 00.1s             
     --------------------------------------------------------------------------------------------
        
        0.00693098   0.03494023   0.05076137   0.10684753
        
     --------------------------------------------------------------------------------------------
     Tot. elapsed time 51m-26.7s,  time spent in last iteration 05.8s
     --------------------------------------------------------------------------------------------

                       *----------*              *----------*               *----------*
     #     Iteration = |      176 |   WBSE_dim = |        1 |   Diago_dim = |       26 |
                       *----------*              *----------*               *----------*
     s-DIAGOX done in < 00.1s             
     --------------------------------------------------------------------------------------------
        
        0.00693098   0.03494023   0.05076137   0.10684749
        
     --------------------------------------------------------------------------------------------
     Tot. elapsed time 51m-32.6s,  time spent in last iteration 05.8s
     --------------------------------------------------------------------------------------------

                       *----------*              *----------*               *----------*
     #     Iteration = |      177 |   WBSE_dim = |        1 |   Diago_dim = |       27 |
                       *----------*              *----------*               *----------*
     s-DIAGOX done in < 00.1s             
     --------------------------------------------------------------------------------------------
        
        0.00693098   0.03494023   0.05076137   0.10684748
        
     --------------------------------------------------------------------------------------------
     Tot. elapsed time 51m-38.4s,  time spent in last iteration 05.8s
     --------------------------------------------------------------------------------------------
      
     --------------------------------------------------------------------------------------------
     Database written in 15.8s               
     In location : ./west.wbse.david.save
     --------------------------------------------------------------------------------------------
       
     --------------------------------------------------------------------------------------------
     Convergence achieved !!! in      177 steps                          
     --------------------------------------------------------------------------------------------
       
     --------------------------------------------------------------------------------------------
     TDDFT Force : First Part                                            
     --------------------------------------------------------------------------------------------
     atom    1 type  1   force =    -0.01701165   -0.01590376   -0.00933043
     atom    2 type  1   force =    -0.01216046   -0.00644194    0.00000706
     atom    3 type  1   force =    -0.01350032    0.00168427    0.00771608
     atom    4 type  1   force =    -0.01600841    0.01347413    0.01476484
     atom    5 type  1   force =    -0.01059646   -0.01385234    0.00819543
     atom    6 type  1   force =    -0.00380990   -0.00735712    0.01042932
     atom    7 type  1   force =    -0.00794172    0.00270736   -0.00794162
     atom    8 type  1   force =    -0.00235626    0.00848851   -0.00235599
     atom    9 type  1   force =    -0.02641134   -0.03742484    0.02715272
     atom   10 type  1   force =    -0.02065750   -0.01565990    0.01621588
     atom   11 type  1   force =    -0.02210331    0.00929437    0.01367781
     atom   12 type  1   force =    -0.03165519    0.02885672    0.00711157
     atom   13 type  1   force =    -0.02019196   -0.02611864    0.01183467
     atom   14 type  1   force =    -0.00324378   -0.01163788    0.00225667
     atom   15 type  1   force =    -0.01201128    0.00133905    0.01432198
     atom   16 type  1   force =    -0.00616472    0.01200246    0.01396247
     atom   17 type  1   force =    -0.03084410   -0.04089630   -0.01899506
     atom   18 type  1   force =    -0.01863642   -0.00780719   -0.01602948
     atom   19 type  1   force =    -0.02056293    0.01106784   -0.02056337
     atom   20 type  1   force =    -0.01783950    0.01573909   -0.01783969
     atom   21 type  1   force =    -0.00933054   -0.01590378   -0.01701211
     atom   22 type  1   force =     0.00000676   -0.00644187   -0.01216059
     atom   23 type  1   force =    -0.01479005    0.00507684   -0.00853535
     atom   24 type  1   force =    -0.00433953    0.01398288   -0.01181267
     atom   25 type  1   force =    -0.02001471    0.02225667   -0.01846992
     atom   26 type  1   force =    -0.01809644    0.01974241   -0.00142946
     atom   27 type  1   force =    -0.02442834    0.02706448    0.02866207
     atom   28 type  1   force =    -0.04612554    0.02438206    0.04452830
     atom   29 type  1   force =    -0.01155997    0.01591415    0.00696505
     atom   30 type  1   force =    -0.00779784    0.01866526    0.01420205
     atom   31 type  1   force =    -0.01359794    0.01532747   -0.01359773
     atom   32 type  1   force =    -0.00326248    0.00800613   -0.00326196
     atom   33 type  1   force =    -0.02773736    0.04001348    0.03247849
     atom   34 type  1   force =    -0.05205145    0.04737476    0.03153531
     atom   35 type  1   force =    -0.13228212    0.09077066    0.03770760
     atom   36 type  1   force =    -0.11395369    0.02301956   -0.01043973
     atom   37 type  1   force =    -0.02737491    0.02787891    0.01373772
     atom   38 type  1   force =    -0.00932392    0.02786847    0.00401949
     atom   39 type  1   force =    -0.03639930    0.02697572    0.02657627
     atom   40 type  1   force =    -0.01666096    0.01245441    0.02310267
     atom   41 type  1   force =    -0.05800775    0.06677463   -0.02175428
     atom   42 type  1   force =    -0.05776950    0.03823213   -0.03133910
     atom   43 type  1   force =    -0.06573407    0.03364035   -0.06573494
     atom   44 type  1   force =    -0.03459029    0.00212244   -0.03459065
     atom   45 type  1   force =    -0.01846992    0.02225661   -0.02001510
     atom   46 type  1   force =    -0.00142992    0.01974228   -0.01809649
     atom   47 type  1   force =    -0.04334622    0.02477729   -0.01378024
     atom   48 type  1   force =     0.00284671    0.01076954   -0.01995931
     atom   49 type  1   force =    -0.02948879   -0.00675909   -0.02234719
     atom   50 type  1   force =    -0.02175404   -0.01369706    0.00654715
     atom   51 type  1   force =    -0.02724226   -0.02703145    0.02961086
     atom   52 type  1   force =    -0.02636474   -0.02822336    0.02522815
     atom   53 type  1   force =    -0.02213548   -0.00580374    0.01771792
     atom   54 type  1   force =    -0.01201984   -0.01185606    0.01937491
     atom   55 type  1   force =    -0.00996020   -0.01636930   -0.00995994
     atom   56 type  1   force =    -0.00144435   -0.01471596   -0.00144394
     atom   57 type  1   force =    -0.09644425   -0.02151217    0.09974084
     atom   58 type  1   force =    -0.09813947   -0.03719579    0.04097088
     atom   59 type  1   force =    -0.10138233   -0.10006316    0.02785275
     atom   60 type  1   force =    -0.04714600   -0.05023971   -0.01408054
     atom   61 type  1   force =    -0.06187442   -0.00225897    0.01246868
     atom   62 type  1   force =    -0.00450907   -0.01652792    0.00236407
     atom   63 type  1   force =    -0.03313516   -0.02674554    0.02770903
     atom   64 type  1   force =    -0.00898633   -0.02405357    0.01878419
     atom   65 type  1   force =    -0.14972393   -0.02575990   -0.07482658
     atom   66 type  1   force =    -0.05807105   -0.03000450   -0.04339785
     atom   67 type  1   force =    -0.04432197   -0.03917035   -0.04432292
     atom   68 type  1   force =    -0.01893128   -0.02110532   -0.01893157
     atom   69 type  1   force =    -0.02234733   -0.00675907   -0.02948949
     atom   70 type  1   force =     0.00654661   -0.01369696   -0.02175417
     atom   71 type  1   force =    -0.03033601   -0.02925365   -0.01903137
     atom   72 type  1   force =     0.00474849   -0.02453167   -0.01739159
     atom   73 type  1   force =     0.00819493   -0.01385217   -0.01059629
     atom   74 type  1   force =     0.01042898   -0.00735701   -0.00380965
     atom   75 type  1   force =     0.00374185    0.00089104    0.00374214
     atom   76 type  1   force =     0.01079671    0.00978368    0.01079692
     atom   77 type  1   force =     0.01626985   -0.01658124    0.00542700
     atom   78 type  1   force =     0.01637409   -0.01283210    0.01434830
     atom   79 type  1   force =     0.01432169    0.00133917   -0.01201106
     atom   80 type  1   force =     0.01396240    0.01200254   -0.00616448
     atom   81 type  1   force =     0.00542670   -0.01658148    0.01627017
     atom   82 type  1   force =     0.01434813   -0.01283237    0.01637422
     atom   83 type  1   force =     0.00559430    0.00022419    0.01063821
     atom   84 type  1   force =     0.02057248    0.01923870    0.00509079
     atom   85 type  1   force =     0.02988344   -0.04268845    0.02237755
     atom   86 type  1   force =     0.02291562   -0.02715594    0.00674556
     atom   87 type  1   force =     0.01622043    0.00124778    0.01622049
     atom   88 type  1   force =     0.02417709    0.02617122    0.02417695
     atom   89 type  1   force =     0.01649625   -0.02680823   -0.00892960
     atom   90 type  1   force =     0.01874558   -0.01691644   -0.01300586
     atom   91 type  1   force =     0.00771571    0.00168426   -0.01350058
     atom   92 type  1   force =     0.01476435    0.01347399   -0.01600834
     atom   93 type  1   force =     0.02715183   -0.03742397   -0.02641155
     atom   94 type  1   force =     0.01621549   -0.01565937   -0.02065743
     atom   95 type  1   force =     0.02288042    0.00320722   -0.00437518
     atom   96 type  1   force =     0.02921904    0.03753667   -0.01867350
     atom   97 type  1   force =     0.00696457    0.01591399   -0.01155973
     atom   98 type  1   force =     0.01420163    0.01866507   -0.00779746
     atom   99 type  1   force =     0.00500131    0.01454630    0.00500174
     atom  100 type  1   force =     0.02225557    0.00976280    0.02225599
     atom  101 type  1   force =     0.01593144    0.01741967    0.00523467
     atom  102 type  1   force =     0.02685231    0.03100395    0.02918085
     atom  103 type  1   force =     0.02657568    0.02697525   -0.03639867
     atom  104 type  1   force =     0.02310239    0.01245407   -0.01666033
     atom  105 type  1   force =     0.00523430    0.01741974    0.01593155
     atom  106 type  1   force =     0.02918050    0.03100408    0.02685219
     atom  107 type  1   force =     0.02114748    0.02618551    0.02002904
     atom  108 type  1   force =     0.09245771    0.03081066    0.02450635
     atom  109 type  1   force =     0.03817741    0.04345417    0.02264844
     atom  110 type  1   force =     0.08563055    0.11337767    0.02766054
     atom  111 type  1   force =     0.04274194    0.03000475    0.04274207
     atom  112 type  1   force =     0.10632208    0.04525479    0.10632187
     atom  113 type  1   force =     0.01356014    0.02647019   -0.00448550
     atom  114 type  1   force =     0.04588904    0.04646534   -0.02005375
     atom  115 type  1   force =     0.02866086    0.02706415   -0.02442855
     atom  116 type  1   force =     0.04452683    0.02438181   -0.04612494
     atom  117 type  1   force =     0.03247783    0.04001276   -0.02773729
     atom  118 type  1   force =     0.03153511    0.04737409   -0.05205111
     atom  119 type  1   force =     0.12241765    0.09304586   -0.00479041
     atom  120 type  1   force =     0.17214923    0.16087078   -0.15265352
     atom  121 type  1   force =     0.01771703   -0.00580369   -0.02213497
     atom  122 type  1   force =     0.01937425   -0.01185597   -0.01201927
     atom  123 type  1   force =     0.00636474   -0.01479468    0.00636516
     atom  124 type  1   force =     0.01621777   -0.01958576    0.01621812
     atom  125 type  1   force =     0.02706807   -0.00090730    0.01036364
     atom  126 type  1   force =     0.04355477   -0.01951708    0.04859114
     atom  127 type  1   force =     0.02770813   -0.02674504   -0.03313435
     atom  128 type  1   force =     0.01878376   -0.02405318   -0.00898576
     atom  129 type  1   force =     0.01036303   -0.00090718    0.02706849
     atom  130 type  1   force =     0.04859074   -0.01951714    0.04355504
     atom  131 type  1   force =     0.02447472   -0.02607029    0.02250731
     atom  132 type  1   force =     0.04452552   -0.04900858    0.01861776
     atom  133 type  1   force =     0.13020669    0.00014965    0.08339978
     atom  134 type  1   force =     0.18751934   -0.15094596    0.13554297
     atom  135 type  1   force =     0.04156317   -0.03151827    0.04156354
     atom  136 type  1   force =     0.04471782   -0.06303236    0.04471788
     atom  137 type  1   force =     0.05142031   -0.00009225   -0.00538105
     atom  138 type  1   force =     0.09543586   -0.03506253   -0.03601892
     atom  139 type  1   force =     0.02960968   -0.02703103   -0.02724267
     atom  140 type  1   force =     0.02522714   -0.02822277   -0.02636457
     atom  141 type  1   force =     0.09973551   -0.02151163   -0.09644130
     atom  142 type  1   force =     0.04096893   -0.03719516   -0.09813690
     atom  143 type  1   force =     0.10146850   -0.09672955   -0.02324514
     atom  144 type  1   force =     0.04290791   -0.10026129   -0.04008525
     atom  145 type  1   force =     0.01183444   -0.02611794   -0.02019148
     atom  146 type  1   force =     0.00225668   -0.01163757   -0.00324368
     atom  147 type  1   force =     0.01063813    0.00022444    0.00559460
     atom  148 type  1   force =     0.00509105    0.01923889    0.02057288
     atom  149 type  1   force =    -0.00892893   -0.02680814    0.01649664
     atom  150 type  1   force =    -0.01300540   -0.01691649    0.01874612
     atom  151 type  1   force =    -0.00853488    0.00507715   -0.01479005
     atom  152 type  1   force =    -0.01181225    0.01398304   -0.00433923
     atom  153 type  1   force =     0.02237738   -0.04268806    0.02988359
     atom  154 type  1   force =     0.00674581   -0.02715588    0.02291577
     atom  155 type  1   force =     0.01685717    0.00807424    0.01685704
     atom  156 type  1   force =     0.01114201    0.06322703    0.01114124
     atom  157 type  1   force =    -0.01033514   -0.07306358    0.01515346
     atom  158 type  1   force =    -0.01976940   -0.02228481   -0.00039299
     atom  159 type  1   force =    -0.00437481    0.00320739    0.02288079
     atom  160 type  1   force =    -0.01867331    0.03753744    0.02921935
     atom  161 type  1   force =     0.01515333   -0.07306249   -0.01033593
     atom  162 type  1   force =    -0.00039258   -0.02228423   -0.01976984
     atom  163 type  1   force =     0.01367781    0.00929450   -0.02210345
     atom  164 type  1   force =     0.00711185    0.02885677   -0.03165526
     atom  165 type  1   force =    -0.01899405   -0.04089565   -0.03084446
     atom  166 type  1   force =    -0.01602889   -0.00780704   -0.01863666
     atom  167 type  1   force =    -0.00838852    0.01996376   -0.00838904
     atom  168 type  1   force =    -0.02650590    0.05234346   -0.02650661
     atom  169 type  1   force =     0.01373768    0.02787865   -0.02737460
     atom  170 type  1   force =     0.00401977    0.02786821   -0.00932330
     atom  171 type  1   force =     0.02002924    0.02618516    0.02114809
     atom  172 type  1   force =     0.02450715    0.03081015    0.09245858
     atom  173 type  1   force =    -0.00448511    0.02647037    0.01356081
     atom  174 type  1   force =    -0.02005342    0.04646596    0.04589019
     atom  175 type  1   force =    -0.01377940    0.02477696   -0.04334589
     atom  176 type  1   force =    -0.01995858    0.01076935    0.00284733
     atom  177 type  1   force =     0.02264898    0.04345447    0.03817771
     atom  178 type  1   force =     0.02766226    0.11337871    0.08563079
     atom  179 type  1   force =    -0.01034905    0.10611740    0.04517650
     atom  180 type  1   force =    -0.10055980    0.14942122    0.04385706
     atom  181 type  1   force =    -0.00478885    0.09304712    0.12242013
     atom  182 type  1   force =    -0.15265553    0.16087812    0.17215520
     atom  183 type  1   force =     0.04517674    0.10611587   -0.01035008
     atom  184 type  1   force =     0.04385919    0.14941918   -0.10056025
     atom  185 type  1   force =     0.03770736    0.09076834   -0.13228034
     atom  186 type  1   force =    -0.01043887    0.02301840   -0.11395214
     atom  187 type  1   force =    -0.02175346    0.06677471   -0.05800851
     atom  188 type  1   force =    -0.03133830    0.03823194   -0.05776983
     atom  189 type  1   force =    -0.10516374    0.16007239   -0.10516919
     atom  190 type  1   force =    -0.14134429   -0.00625371   -0.14134711
     atom  191 type  1   force =     0.01246859   -0.00225929   -0.06187298
     atom  192 type  1   force =     0.00236443   -0.01652800   -0.00450861
     atom  193 type  1   force =     0.02250731   -0.02607016    0.02447520
     atom  194 type  1   force =     0.01861775   -0.04900832    0.04452589
     atom  195 type  1   force =    -0.00538011   -0.00009262    0.05142118
     atom  196 type  1   force =    -0.03601806   -0.03506362    0.09543863
     atom  197 type  1   force =    -0.01903033   -0.02925341   -0.03033554
     atom  198 type  1   force =    -0.01739094   -0.02453167    0.00474875
     atom  199 type  1   force =     0.08340046    0.00014947    0.13020729
     atom  200 type  1   force =     0.13554964   -0.15094865    0.18752093
     atom  201 type  1   force =     0.07490614   -0.15403788    0.07490619
     atom  202 type  1   force =     0.00314830   -0.13860762    0.00314706
     atom  203 type  1   force =    -0.11692245   -0.10221149    0.12504708
     atom  204 type  1   force =    -0.18692184   -0.17131239   -0.11544578
     atom  205 type  1   force =    -0.02324315   -0.09673290    0.10147250
     atom  206 type  1   force =    -0.04008425   -0.10026365    0.04290967
     atom  207 type  1   force =     0.12504661   -0.10221248   -0.11692023
     atom  208 type  1   force =    -0.11543606   -0.17130613   -0.18691922
     atom  209 type  1   force =     0.02785187   -0.10005951   -0.10138003
     atom  210 type  1   force =    -0.01407965   -0.05023863   -0.04714541
     atom  211 type  1   force =    -0.07482264   -0.02576020   -0.14972336
     atom  212 type  1   force =    -0.04339636   -0.03000428   -0.05807117
     atom  213 type  1   force =    -0.06822512   -0.16405341   -0.06822890
     atom  214 type  1   force =    -0.04358372   -0.06674056   -0.04358508
     atom  215 type  2   force =     0.14078076    0.18290616    0.14077867
       
     --------------------------------------------------------------------------------------------
     TDDFT Force : Second Part                                           
     --------------------------------------------------------------------------------------------
     atom    1 type  1   force =     0.01699697    0.01385148    0.01043688
     atom    2 type  1   force =     0.01249728    0.00474903    0.00123557
     atom    3 type  1   force =     0.01379800   -0.00297842   -0.00647068
     atom    4 type  1   force =     0.01638325   -0.01348418   -0.01455365
     atom    5 type  1   force =     0.01059855    0.01230316   -0.00744557
     atom    6 type  1   force =     0.00374107    0.00621340   -0.01024919
     atom    7 type  1   force =     0.00935115   -0.00422650    0.00934991
     atom    8 type  1   force =     0.00324897   -0.00862943    0.00324734
     atom    9 type  1   force =     0.02600304    0.03401748   -0.02648920
     atom   10 type  1   force =     0.02065321    0.01283458   -0.01700104
     atom   11 type  1   force =     0.02317627   -0.01416494   -0.01704988
     atom   12 type  1   force =     0.03644348   -0.03307763   -0.01201742
     atom   13 type  1   force =     0.01969257    0.02340791   -0.01234685
     atom   14 type  1   force =     0.00393598    0.00960855   -0.00309862
     atom   15 type  1   force =     0.01227174   -0.00246228   -0.01477613
     atom   16 type  1   force =     0.00661221   -0.01235594   -0.01497677
     atom   17 type  1   force =     0.03066750    0.03703937    0.01702868
     atom   18 type  1   force =     0.02007319    0.00387470    0.01566834
     atom   19 type  1   force =     0.02251443   -0.01648415    0.02251513
     atom   20 type  1   force =     0.02061427   -0.01824110    0.02061394
     atom   21 type  1   force =     0.01043903    0.01385127    0.01699761
     atom   22 type  1   force =     0.00123763    0.00474850    0.01249652
     atom   23 type  1   force =     0.01760809   -0.00860452    0.00802942
     atom   24 type  1   force =     0.00747384   -0.01515497    0.01192461
     atom   25 type  1   force =     0.02208760   -0.02332961    0.02375811
     atom   26 type  1   force =     0.01939361   -0.01824650    0.00512908
     atom   27 type  1   force =     0.02483156   -0.02339831   -0.02381790
     atom   28 type  1   force =     0.04332946   -0.01958374   -0.04108494
     atom   29 type  1   force =     0.01211338   -0.01508983   -0.00570998
     atom   30 type  1   force =     0.00734612   -0.01708452   -0.01404398
     atom   31 type  1   force =     0.01663500   -0.01369254    0.01663265
     atom   32 type  1   force =     0.00415607   -0.00611429    0.00415231
     atom   33 type  1   force =     0.02851724   -0.03787295   -0.03464783
     atom   34 type  1   force =     0.05240873   -0.04301868   -0.03605974
     atom   35 type  1   force =     0.13400438   -0.07942693   -0.05234361
     atom   36 type  1   force =     0.11605629   -0.01518359    0.00246183
     atom   37 type  1   force =     0.03028318   -0.02745341   -0.01695903
     atom   38 type  1   force =     0.01233002   -0.02599181   -0.00550734
     atom   39 type  1   force =     0.03407858   -0.02346787   -0.02748836
     atom   40 type  1   force =     0.01552189   -0.01054140   -0.02412498
     atom   41 type  1   force =     0.06991397   -0.07585121    0.02272199
     atom   42 type  1   force =     0.06937429   -0.03836105    0.03280863
     atom   43 type  1   force =     0.07602964   -0.03131212    0.07603186
     atom   44 type  1   force =     0.03910622    0.00261185    0.03910576
     atom   45 type  1   force =     0.02375973   -0.02332942    0.02208825
     atom   46 type  1   force =     0.00513218   -0.01824543    0.01939259
     atom   47 type  1   force =     0.05022480   -0.02141510    0.01134102
     atom   48 type  1   force =     0.00228374   -0.00790619    0.02004584
     atom   49 type  1   force =     0.02986598    0.01012309    0.02639992
     atom   50 type  1   force =     0.02180110    0.01374505   -0.00374998
     atom   51 type  1   force =     0.02685515    0.02518893   -0.02680376
     atom   52 type  1   force =     0.02537214    0.02590014   -0.02378317
     atom   53 type  1   force =     0.02080665    0.00567960   -0.01515929
     atom   54 type  1   force =     0.01043450    0.01131312   -0.01884377
     atom   55 type  1   force =     0.01078879    0.01597799    0.01078626
     atom   56 type  1   force =     0.00178161    0.01362770    0.00177896
     atom   57 type  1   force =     0.09076019    0.01646768   -0.09400326
     atom   58 type  1   force =     0.09065697    0.03422736   -0.04123926
     atom   59 type  1   force =     0.09842166    0.09403295   -0.03046107
     atom   60 type  1   force =     0.04621822    0.04709650    0.01159064
     atom   61 type  1   force =     0.05907380    0.00466679   -0.01500458
     atom   62 type  1   force =     0.00513711    0.01676181   -0.00291621
     atom   63 type  1   force =     0.03090063    0.02484371   -0.02702858
     atom   64 type  1   force =     0.00795389    0.02256015   -0.01861833
     atom   65 type  1   force =     0.15311260    0.03916072    0.06520816
     atom   66 type  1   force =     0.05972330    0.03291141    0.04145036
     atom   67 type  1   force =     0.04409303    0.04007925    0.04409574
     atom   68 type  1   force =     0.01935828    0.02006266    0.01935779
     atom   69 type  1   force =     0.02640380    0.01012310    0.02986748
     atom   70 type  1   force =    -0.00374496    0.01374440    0.02179927
     atom   71 type  1   force =     0.03044771    0.02900489    0.01707097
     atom   72 type  1   force =    -0.00343453    0.02295251    0.01691876
     atom   73 type  1   force =    -0.00744317    0.01230212    0.01059638
     atom   74 type  1   force =    -0.01024810    0.00621290    0.00373907
     atom   75 type  1   force =    -0.00357765   -0.00154184   -0.00357905
     atom   76 type  1   force =    -0.01112740   -0.01003166   -0.01112816
     atom   77 type  1   force =    -0.01618106    0.01526943   -0.00566856
     atom   78 type  1   force =    -0.01642771    0.01148279   -0.01460210
     atom   79 type  1   force =    -0.01477553   -0.00246259    0.01226972
     atom   80 type  1   force =    -0.01497735   -0.01235563    0.00660994
     atom   81 type  1   force =    -0.00566636    0.01526978   -0.01618092
     atom   82 type  1   force =    -0.01460111    0.01148245   -0.01642630
     atom   83 type  1   force =    -0.00531009   -0.00164326   -0.01102988
     atom   84 type  1   force =    -0.02129558   -0.01989912   -0.00478143
     atom   85 type  1   force =    -0.02944798    0.04087050   -0.02171122
     atom   86 type  1   force =    -0.02331266    0.02355844   -0.00634525
     atom   87 type  1   force =    -0.01671918   -0.00249277   -0.01671889
     atom   88 type  1   force =    -0.02589297   -0.02844191   -0.02589148
     atom   89 type  1   force =    -0.01554915    0.02470317    0.00912975
     atom   90 type  1   force =    -0.01809592    0.01476518    0.01304228
     atom   91 type  1   force =    -0.00646853   -0.00297878    0.01379786
     atom   92 type  1   force =    -0.01455189   -0.01348328    0.01638193
     atom   93 type  1   force =    -0.02648667    0.03401224    0.02600115
     atom   94 type  1   force =    -0.01700103    0.01283201    0.02065113
     atom   95 type  1   force =    -0.02402318   -0.00564734    0.00465401
     atom   96 type  1   force =    -0.03398237   -0.03999535    0.01978769
     atom   97 type  1   force =    -0.00570777   -0.01508888    0.01211145
     atom   98 type  1   force =    -0.01404238   -0.01708339    0.00734307
     atom   99 type  1   force =    -0.00507017   -0.01324202   -0.00507279
     atom  100 type  1   force =    -0.02265902   -0.00841695   -0.02266027
     atom  101 type  1   force =    -0.01650231   -0.01685632   -0.00564241
     atom  102 type  1   force =    -0.02725832   -0.02944876   -0.03062479
     atom  103 type  1   force =    -0.02748668   -0.02346446    0.03407211
     atom  104 type  1   force =    -0.02412623   -0.01054042    0.01551485
     atom  105 type  1   force =    -0.00564036   -0.01685661   -0.01650228
     atom  106 type  1   force =    -0.03062317   -0.02944818   -0.02725613
     atom  107 type  1   force =    -0.02058699   -0.02394344   -0.01997414
     atom  108 type  1   force =    -0.08880048   -0.02707602   -0.02151604
     atom  109 type  1   force =    -0.04147469   -0.04358019   -0.02363421
     atom  110 type  1   force =    -0.09564692   -0.10868131   -0.02440010
     atom  111 type  1   force =    -0.04378815   -0.02770404   -0.04378704
     atom  112 type  1   force =    -0.10781107   -0.03867435   -0.10780333
     atom  113 type  1   force =    -0.01173734   -0.02560316    0.00437887
     atom  114 type  1   force =    -0.04415655   -0.04219357    0.02098349
     atom  115 type  1   force =    -0.02381095   -0.02339494    0.02483094
     atom  116 type  1   force =    -0.04107765   -0.01957930    0.04332301
     atom  117 type  1   force =    -0.03464583   -0.03786863    0.02851608
     atom  118 type  1   force =    -0.03605945   -0.04301291    0.05240382
     atom  119 type  1   force =    -0.12024100   -0.08330108    0.00834116
     atom  120 type  1   force =    -0.17117822   -0.12940101    0.14802412
     atom  121 type  1   force =    -0.01515420    0.00567897    0.02080189
     atom  122 type  1   force =    -0.01884139    0.01131239    0.01042948
     atom  123 type  1   force =    -0.00639377    0.01401821   -0.00639636
     atom  124 type  1   force =    -0.01625840    0.01856896   -0.01625927
     atom  125 type  1   force =    -0.02676483    0.00180056   -0.01114119
     atom  126 type  1   force =    -0.04229844    0.01877631   -0.04861705
     atom  127 type  1   force =    -0.02702617    0.02484081    0.03089373
     atom  128 type  1   force =    -0.01861916    0.02255887    0.00794866
     atom  129 type  1   force =    -0.01113687    0.00180061   -0.02676432
     atom  130 type  1   force =    -0.04861406    0.01877609   -0.04229356
     atom  131 type  1   force =    -0.02432357    0.02486453   -0.02184229
     atom  132 type  1   force =    -0.04379645    0.04666684   -0.01805501
     atom  133 type  1   force =    -0.12932141    0.00147102   -0.07833729
     atom  134 type  1   force =    -0.18149670    0.13760732   -0.12889172
     atom  135 type  1   force =    -0.04131472    0.03056777   -0.04131290
     atom  136 type  1   force =    -0.04408779    0.06204670   -0.04408317
     atom  137 type  1   force =    -0.04668012    0.00145961    0.00612096
     atom  138 type  1   force =    -0.08827860    0.03119946    0.03648699
     atom  139 type  1   force =    -0.02679649    0.02518612    0.02685352
     atom  140 type  1   force =    -0.02377918    0.02589672    0.02536863
     atom  141 type  1   force =    -0.09398827    0.01646411    0.09074699
     atom  142 type  1   force =    -0.04123662    0.03422269    0.09064165
     atom  143 type  1   force =    -0.09864068    0.09055186    0.02805693
     atom  144 type  1   force =    -0.04196071    0.09439881    0.04031350
     atom  145 type  1   force =    -0.01234792    0.02340530    0.01968810
     atom  146 type  1   force =    -0.00310081    0.00960841    0.00393290
     atom  147 type  1   force =    -0.01103137   -0.00164310   -0.00531210
     atom  148 type  1   force =    -0.00478363   -0.01989976   -0.02129727
     atom  149 type  1   force =     0.00912824    0.02470538   -0.01555363
     atom  150 type  1   force =     0.01304178    0.01476759   -0.01809831
     atom  151 type  1   force =     0.00802764   -0.00860489    0.01760633
     atom  152 type  1   force =     0.01192357   -0.01515523    0.00747155
     atom  153 type  1   force =    -0.02171545    0.04087280   -0.02944768
     atom  154 type  1   force =    -0.00634843    0.02356057   -0.02331126
     atom  155 type  1   force =    -0.01809859   -0.01240140   -0.01809624
     atom  156 type  1   force =    -0.01518291   -0.07307758   -0.01517938
     atom  157 type  1   force =     0.01044032    0.06876253   -0.01587713
     atom  158 type  1   force =     0.01942755    0.01636878   -0.00182777
     atom  159 type  1   force =     0.00465222   -0.00564669   -0.02402386
     atom  160 type  1   force =     0.01978692   -0.03999784   -0.03398213
     atom  161 type  1   force =    -0.01588109    0.06875653    0.01044469
     atom  162 type  1   force =    -0.00183105    0.01636628    0.01942923
     atom  163 type  1   force =    -0.01705146   -0.01416564    0.02317598
     atom  164 type  1   force =    -0.01201978   -0.03307687    0.03644226
     atom  165 type  1   force =     0.01702382    0.03703639    0.03066798
     atom  166 type  1   force =     0.01566644    0.00387414    0.02007247
     atom  167 type  1   force =     0.00668888   -0.02935222    0.00669153
     atom  168 type  1   force =     0.02889495   -0.06445921    0.02889707
     atom  169 type  1   force =    -0.01696071   -0.02745152    0.03027999
     atom  170 type  1   force =    -0.00550994   -0.02599145    0.01232532
     atom  171 type  1   force =    -0.01997750   -0.02394400   -0.02059216
     atom  172 type  1   force =    -0.02152344   -0.02707936   -0.08880979
     atom  173 type  1   force =     0.00437695   -0.02560454   -0.01174079
     atom  174 type  1   force =     0.02098260   -0.04219886   -0.04416205
     atom  175 type  1   force =     0.01133681   -0.02141389    0.05021986
     atom  176 type  1   force =     0.02004353   -0.00790699    0.00227678
     atom  177 type  1   force =    -0.02363724   -0.04358178   -0.04147504
     atom  178 type  1   force =    -0.02440857   -0.10868882   -0.09564633
     atom  179 type  1   force =     0.01071037   -0.11305240   -0.05851256
     atom  180 type  1   force =     0.11810774   -0.15618994   -0.07689866
     atom  181 type  1   force =     0.00833475   -0.08331303   -0.12025127
     atom  182 type  1   force =     0.14803455   -0.12943298   -0.17119379
     atom  183 type  1   force =    -0.05851567   -0.11304683    0.01071439
     atom  184 type  1   force =    -0.07690880   -0.15618057    0.11810929
     atom  185 type  1   force =    -0.05234872   -0.07941358    0.13399471
     atom  186 type  1   force =     0.00245394   -0.01517955    0.11604610
     atom  187 type  1   force =     0.02271868   -0.07584986    0.06991472
     atom  188 type  1   force =     0.03280567   -0.03836011    0.06937350
     atom  189 type  1   force =     0.10748708   -0.13407754    0.10750120
     atom  190 type  1   force =     0.15477274    0.03528588    0.15478269
     atom  191 type  1   force =    -0.01500792    0.00466737    0.05906255
     atom  192 type  1   force =    -0.00292041    0.01676162    0.00512843
     atom  193 type  1   force =    -0.02184667    0.02486487   -0.02433015
     atom  194 type  1   force =    -0.01806096    0.04667093   -0.04380167
     atom  195 type  1   force =     0.00611673    0.00145900   -0.04669089
     atom  196 type  1   force =     0.03648754    0.03120387   -0.08829424
     atom  197 type  1   force =     0.01706602    0.02900398    0.03044122
     atom  198 type  1   force =     0.01691727    0.02295350   -0.00343959
     atom  199 type  1   force =    -0.07835094    0.00146952   -0.12932555
     atom  200 type  1   force =    -0.12892785    0.13762174   -0.18150211
     atom  201 type  1   force =    -0.07119321    0.15382571   -0.07117822
     atom  202 type  1   force =    -0.00321507    0.13437696   -0.00320434
     atom  203 type  1   force =     0.14684277    0.08022680   -0.14597489
     atom  204 type  1   force =     0.18210301    0.16244704    0.09985162
     atom  205 type  1   force =     0.02805438    0.09056487   -0.09865237
     atom  206 type  1   force =     0.04031383    0.09441236   -0.04196241
     atom  207 type  1   force =    -0.14598287    0.08022273    0.14684786
     atom  208 type  1   force =     0.09981364    0.16242829    0.18209573
     atom  209 type  1   force =    -0.03046212    0.09401938    0.09841103
     atom  210 type  1   force =     0.01158451    0.04709153    0.04621293
     atom  211 type  1   force =     0.06519142    0.03916219    0.15310811
     atom  212 type  1   force =     0.04144424    0.03291076    0.05972070
     atom  213 type  1   force =     0.06358776    0.16371407    0.06360516
     atom  214 type  1   force =     0.04237193    0.06485978    0.04237741
     atom  215 type  2   force =    -0.15013397   -0.16760713   -0.15011948
       
     --------------------------------------------------------------------------------------------
     TDDFT Force : Build RHS of the Z-Vector Eq                          
     --------------------------------------------------------------------------------------------
       
     --------------------------------------------------------------------------------------------
     TDDFT Force : Solve the Z-Vector Eq CG                              
     --------------------------------------------------------------------------------------------

                            *-------------*
     # Norm of z_rhs_vec  = |  4.1176E-02 |
                            *-------------*
     Initial residual =  0.30373077E+02
          Residual(00001) =  0.27457724E+00
          Residual(00002) =  0.70722181E-01
          Residual(00003) =  0.84499414E-02
          Residual(00004) =  0.40611775E-02
          Residual(00005) =  0.24579286E-02
          Residual(00006) =  0.28723647E-02
          Residual(00007) =  0.17871743E-02
          Residual(00008) =  0.13280125E-02
          Residual(00009) =  0.55239692E-03
          Residual(00010) =  0.35137560E-03
          Residual(00011) =  0.13456473E-03
          Residual(00012) =  0.60657016E-04
          Residual(00013) =  0.29857212E-04
          Residual(00014) =  0.17851476E-04
          Residual(00015) =  0.95655637E-05
          Residual(00016) =  0.46858910E-05
          Residual(00017) =  0.19408523E-05
          Residual(00018) =  0.97302007E-06
          Residual(00019) =  0.40402017E-06
          Residual(00020) =  0.19147613E-06
          Residual(00021) =  0.86342474E-07
          Residual(00022) =  0.49725035E-07
          Residual(00023) =  0.24085144E-07
          Residual(00024) =  0.11577879E-07
          Residual(00025) =  0.58997337E-08
          Residual(00026) =  0.27912364E-08
          Residual(00027) =  0.11790131E-08
          Residual(00028) =  0.49611807E-09
          Residual(00029) =  0.25884884E-09
          Residual(00030) =  0.14325987E-09
          Residual(00031) =  0.61037753E-10
          Residual(00032) =  0.32833946E-10
          Residual(00033) =  0.16196218E-10
          Residual(00034) =  0.93412411E-11
          Residual(00035) =  0.45318273E-11
          Residual(00036) =  0.24463224E-11
          Residual(00037) =  0.12432121E-11
          Residual(00038) =  0.61376457E-12
       
     --------------------------------------------------------------------------------------------
     TDDFT Force : Z-Vector Part                                         
     --------------------------------------------------------------------------------------------
     atom    1 type  1   force =     0.00004465    0.00202698   -0.00108666
     atom    2 type  1   force =    -0.00041381    0.00171188   -0.00126895
     atom    3 type  1   force =    -0.00026562    0.00125609   -0.00125392
     atom    4 type  1   force =    -0.00039193   -0.00004514   -0.00024227
     atom    5 type  1   force =     0.00005898    0.00153661   -0.00076457
     atom    6 type  1   force =     0.00005357    0.00116131   -0.00017720
     atom    7 type  1   force =    -0.00135091    0.00151602   -0.00134979
     atom    8 type  1   force =    -0.00092063    0.00017023   -0.00091929
     atom    9 type  1   force =     0.00052991    0.00329663   -0.00083897
     atom   10 type  1   force =    -0.00010650    0.00290504    0.00087337
     atom   11 type  1   force =    -0.00099422    0.00487613    0.00341684
     atom   12 type  1   force =    -0.00439926    0.00393454    0.00509283
     atom   13 type  1   force =     0.00045356    0.00265931    0.00024376
     atom   14 type  1   force =    -0.00055790    0.00178194    0.00084244
     atom   15 type  1   force =    -0.00022512    0.00107333    0.00044654
     atom   16 type  1   force =    -0.00053798    0.00044183    0.00104768
     atom   17 type  1   force =    -0.00007658    0.00385439    0.00182796
     atom   18 type  1   force =    -0.00143274    0.00399764    0.00042039
     atom   19 type  1   force =    -0.00193792    0.00530552   -0.00193824
     atom   20 type  1   force =    -0.00291811    0.00253892   -0.00291761
     atom   21 type  1   force =    -0.00108871    0.00202724    0.00004442
     atom   22 type  1   force =    -0.00127071    0.00171235   -0.00041292
     atom   23 type  1   force =    -0.00272320    0.00327345    0.00030976
     atom   24 type  1   force =    -0.00315021    0.00120728   -0.00011902
     atom   25 type  1   force =    -0.00199851    0.00109377   -0.00513511
     atom   26 type  1   force =    -0.00134688   -0.00152677   -0.00374166
     atom   27 type  1   force =    -0.00041624   -0.00369719   -0.00476193
     atom   28 type  1   force =     0.00353690   -0.00426603   -0.00413922
     atom   29 type  1   force =    -0.00053137   -0.00081431   -0.00121661
     atom   30 type  1   force =     0.00047339   -0.00153181   -0.00015409
     atom   31 type  1   force =    -0.00279331   -0.00124921   -0.00279117
     atom   32 type  1   force =    -0.00078946   -0.00185505   -0.00078586
     atom   33 type  1   force =    -0.00070024   -0.00218730    0.00215763
     atom   34 type  1   force =    -0.00056866   -0.00384004    0.00438620
     atom   35 type  1   force =    -0.00165374   -0.01248976    0.01506637
     atom   36 type  1   force =    -0.00261280   -0.00786798    0.00799548
     atom   37 type  1   force =    -0.00300165   -0.00052154    0.00336779
     atom   38 type  1   force =    -0.00311133   -0.00174164    0.00152224
     atom   39 type  1   force =     0.00228392   -0.00369542    0.00081137
     atom   40 type  1   force =     0.00122025   -0.00195186    0.00088716
     atom   41 type  1   force =    -0.01024452    0.00791741   -0.00063148
     atom   42 type  1   force =    -0.01231076    0.00048481   -0.00189697
     atom   43 type  1   force =    -0.00838936   -0.00073028   -0.00839073
     atom   44 type  1   force =    -0.00385904   -0.00554300   -0.00385817
     atom   45 type  1   force =    -0.00513670    0.00109363   -0.00199876
     atom   46 type  1   force =    -0.00374429   -0.00152770   -0.00134590
     atom   47 type  1   force =    -0.00655993   -0.00339723    0.00241265
     atom   48 type  1   force =    -0.00531265   -0.00295814    0.00002800
     atom   49 type  1   force =    -0.00030322   -0.00334211   -0.00410143
     atom   50 type  1   force =    -0.00003755   -0.00011044   -0.00273543
     atom   51 type  1   force =     0.00042565    0.00197685   -0.00282166
     atom   52 type  1   force =     0.00092455    0.00235749   -0.00140945
     atom   53 type  1   force =     0.00152238   -0.00016473   -0.00271914
     atom   54 type  1   force =     0.00147560    0.00054938   -0.00061604
     atom   55 type  1   force =    -0.00083437    0.00044332   -0.00083210
     atom   56 type  1   force =    -0.00035822    0.00117181   -0.00035598
     atom   57 type  1   force =     0.00683466    0.00262761   -0.00673465
     atom   58 type  1   force =     0.00729640    0.00264002    0.00034305
     atom   59 type  1   force =     0.00340710    0.00562404    0.00043324
     atom   60 type  1   force =     0.00073609    0.00273418    0.00308430
     atom   61 type  1   force =     0.00272584   -0.00229466    0.00277759
     atom   62 type  1   force =    -0.00066385   -0.00041949    0.00053704
     atom   63 type  1   force =     0.00229069    0.00193901   -0.00065358
     atom   64 type  1   force =     0.00092816    0.00163393   -0.00015042
     atom   65 type  1   force =    -0.00190356   -0.01302924    0.00976090
     atom   66 type  1   force =    -0.00137032   -0.00312165    0.00177409
     atom   67 type  1   force =     0.00023302   -0.00095641    0.00023139
     atom   68 type  1   force =    -0.00049760    0.00112067   -0.00049687
     atom   69 type  1   force =    -0.00410516   -0.00334231   -0.00030407
     atom   70 type  1   force =    -0.00273989   -0.00010973   -0.00003559
     atom   71 type  1   force =    -0.00001529    0.00039740    0.00193561
     atom   72 type  1   force =    -0.00127708    0.00168641    0.00038086
     atom   73 type  1   force =    -0.00076642    0.00153746    0.00006095
     atom   74 type  1   force =    -0.00017796    0.00116171    0.00005531
     atom   75 type  1   force =    -0.00017056    0.00064463   -0.00016947
     atom   76 type  1   force =     0.00036257    0.00021743    0.00036309
     atom   77 type  1   force =    -0.00009659    0.00126261    0.00027576
     atom   78 type  1   force =    -0.00001590    0.00142887    0.00017563
     atom   79 type  1   force =     0.00044628    0.00107355   -0.00022331
     atom   80 type  1   force =     0.00104842    0.00044137   -0.00053591
     atom   81 type  1   force =     0.00027384    0.00126247   -0.00009708
     atom   82 type  1   force =     0.00017494    0.00142942   -0.00001749
     atom   83 type  1   force =    -0.00013311    0.00137577    0.00035729
     atom   84 type  1   force =     0.00084242    0.00082361   -0.00002180
     atom   85 type  1   force =    -0.00021853    0.00185723   -0.00044879
     atom   86 type  1   force =     0.00043737    0.00358732   -0.00034294
     atom   87 type  1   force =     0.00051317    0.00121580    0.00051278
     atom   88 type  1   force =     0.00168526    0.00216409    0.00168391
     atom   89 type  1   force =    -0.00072507    0.00193044    0.00039518
     atom   90 type  1   force =    -0.00062513    0.00218909   -0.00015295
     atom   91 type  1   force =    -0.00125569    0.00125649   -0.00026525
     atom   92 type  1   force =    -0.00024354   -0.00004594   -0.00039072
     atom   93 type  1   force =    -0.00084044    0.00330105    0.00053189
     atom   94 type  1   force =     0.00087363    0.00290706   -0.00010449
     atom   95 type  1   force =     0.00109461    0.00237956   -0.00014189
     atom   96 type  1   force =     0.00474457    0.00245618   -0.00140913
     atom   97 type  1   force =    -0.00121833   -0.00081509   -0.00052969
     atom   98 type  1   force =    -0.00015519   -0.00153273    0.00047604
     atom   99 type  1   force =     0.00011020   -0.00138030    0.00011236
     atom  100 type  1   force =     0.00027968   -0.00143930    0.00028056
     atom  101 type  1   force =     0.00051572   -0.00058146    0.00039722
     atom  102 type  1   force =     0.00044116   -0.00151518    0.00142627
     atom  103 type  1   force =     0.00081019   -0.00369830    0.00228954
     atom  104 type  1   force =     0.00088881   -0.00195244    0.00122656
     atom  105 type  1   force =     0.00039557   -0.00058122    0.00051558
     atom  106 type  1   force =     0.00142495   -0.00151585    0.00043914
     atom  107 type  1   force =    -0.00065425   -0.00226780   -0.00011219
     atom  108 type  1   force =    -0.00371858   -0.00378223   -0.00290123
     atom  109 type  1   force =     0.00337651    0.00045966    0.00031201
     atom  110 type  1   force =     0.01064840   -0.00366054   -0.00173757
     atom  111 type  1   force =     0.00093453   -0.00187662    0.00093308
     atom  112 type  1   force =    -0.00016298   -0.00743152   -0.00016996
     atom  113 type  1   force =    -0.00175173   -0.00082724    0.00002952
     atom  114 type  1   force =    -0.00145800   -0.00419765   -0.00075306
     atom  115 type  1   force =    -0.00476751   -0.00370018   -0.00041527
     atom  116 type  1   force =    -0.00414600   -0.00426873    0.00354370
     atom  117 type  1   force =     0.00215624   -0.00219080   -0.00069907
     atom  118 type  1   force =     0.00438671   -0.00384518   -0.00056404
     atom  119 type  1   force =    -0.00166112   -0.01020931   -0.00403783
     atom  120 type  1   force =    -0.00299211   -0.02250359    0.00674727
     atom  121 type  1   force =    -0.00272369   -0.00016490    0.00152700
     atom  122 type  1   force =    -0.00061776    0.00055015    0.00148003
     atom  123 type  1   force =     0.00007760    0.00081819    0.00007975
     atom  124 type  1   force =     0.00007124    0.00108361    0.00007174
     atom  125 type  1   force =    -0.00029453   -0.00092401    0.00077005
     atom  126 type  1   force =    -0.00133226    0.00067200   -0.00027398
     atom  127 type  1   force =    -0.00065482    0.00194131    0.00229676
     atom  128 type  1   force =    -0.00014931    0.00163494    0.00093279
     atom  129 type  1   force =     0.00076637   -0.00092400   -0.00029552
     atom  130 type  1   force =    -0.00027671    0.00067189   -0.00133740
     atom  131 type  1   force =    -0.00020774    0.00122586   -0.00050945
     atom  132 type  1   force =    -0.00027164    0.00178232   -0.00169516
     atom  133 type  1   force =    -0.00252255   -0.00147749   -0.00512650
     atom  134 type  1   force =    -0.00289531    0.00809043   -0.01442802
     atom  135 type  1   force =    -0.00012885    0.00085492   -0.00013092
     atom  136 type  1   force =    -0.00097787    0.00110344   -0.00098310
     atom  137 type  1   force =    -0.00458127   -0.00115367   -0.00096788
     atom  138 type  1   force =    -0.00708232    0.00352491   -0.00049366
     atom  139 type  1   force =    -0.00282778    0.00197910    0.00042738
     atom  140 type  1   force =    -0.00141247    0.00236035    0.00092793
     atom  141 type  1   force =    -0.00674636    0.00262719    0.00684599
     atom  142 type  1   force =     0.00034242    0.00264377    0.00730865
     atom  143 type  1   force =    -0.00276519    0.00514914   -0.00134096
     atom  144 type  1   force =    -0.00085981    0.00606860   -0.00019930
     atom  145 type  1   force =     0.00024554    0.00266140    0.00045776
     atom  146 type  1   force =     0.00084412    0.00178177   -0.00055472
     atom  147 type  1   force =     0.00035884    0.00137542   -0.00013133
     atom  148 type  1   force =    -0.00001997    0.00082401    0.00084370
     atom  149 type  1   force =     0.00039664    0.00192796   -0.00072079
     atom  150 type  1   force =    -0.00015299    0.00218675   -0.00062324
     atom  151 type  1   force =     0.00031116    0.00327343   -0.00272137
     atom  152 type  1   force =    -0.00011835    0.00120742   -0.00314819
     atom  153 type  1   force =    -0.00044468    0.00185467   -0.00021893
     atom  154 type  1   force =    -0.00033997    0.00358523    0.00043572
     atom  155 type  1   force =     0.00136307    0.00432083    0.00136087
     atom  156 type  1   force =     0.00410602    0.01014824    0.00410329
     atom  157 type  1   force =     0.00003856    0.00461999    0.00044183
     atom  158 type  1   force =     0.00028717    0.00599856    0.00220505
     atom  159 type  1   force =    -0.00014052    0.00237877    0.00109492
     atom  160 type  1   force =    -0.00140853    0.00245783    0.00474402
     atom  161 type  1   force =     0.00044570    0.00462485    0.00003510
     atom  162 type  1   force =     0.00220797    0.00600043    0.00028581
     atom  163 type  1   force =     0.00341836    0.00487667   -0.00099379
     atom  164 type  1   force =     0.00509475    0.00393372   -0.00439795
     atom  165 type  1   force =     0.00183158    0.00385656   -0.00007666
     atom  166 type  1   force =     0.00042173    0.00399800   -0.00143189
     atom  167 type  1   force =     0.00153200    0.00924984    0.00152990
     atom  168 type  1   force =    -0.00264284    0.01271054   -0.00264419
     atom  169 type  1   force =     0.00336914   -0.00052323   -0.00299873
     atom  170 type  1   force =     0.00152464   -0.00174172   -0.00310725
     atom  171 type  1   force =    -0.00010911   -0.00226694   -0.00064961
     atom  172 type  1   force =    -0.00289473   -0.00377840   -0.00371056
     atom  173 type  1   force =     0.00003084   -0.00082599   -0.00174894
     atom  174 type  1   force =    -0.00075219   -0.00419299   -0.00145365
     atom  175 type  1   force =     0.00241597   -0.00339794   -0.00655527
     atom  176 type  1   force =     0.00002972   -0.00295726   -0.00530639
     atom  177 type  1   force =     0.00031477    0.00046095    0.00337634
     atom  178 type  1   force =    -0.00173158   -0.00365464    0.01064736
     atom  179 type  1   force =    -0.00009298    0.00693289    0.01344934
     atom  180 type  1   force =    -0.02105379    0.01123999    0.03599509
     atom  181 type  1   force =    -0.00403337   -0.01019896   -0.00165395
     atom  182 type  1   force =     0.00673653   -0.02248757   -0.00297927
     atom  183 type  1   force =     0.01345213    0.00692892   -0.00009610
     atom  184 type  1   force =     0.03600276    0.01123303   -0.02105508
     atom  185 type  1   force =     0.01507107   -0.01250045   -0.00164636
     atom  186 type  1   force =     0.00800241   -0.00787110   -0.00260447
     atom  187 type  1   force =    -0.00062871    0.00791598   -0.01024499
     atom  188 type  1   force =    -0.00189481    0.00048409   -0.01230959
     atom  189 type  1   force =    -0.01154501    0.00369149   -0.01155557
     atom  190 type  1   force =    -0.01514073   -0.03706435   -0.01514732
     atom  191 type  1   force =     0.00278095   -0.00229489    0.00273559
     atom  192 type  1   force =     0.00054087   -0.00041923   -0.00065576
     atom  193 type  1   force =    -0.00050512    0.00122529   -0.00020174
     atom  194 type  1   force =    -0.00169027    0.00177740   -0.00026625
     atom  195 type  1   force =    -0.00096468   -0.00115275   -0.00457145
     atom  196 type  1   force =    -0.00049521    0.00352171   -0.00706991
     atom  197 type  1   force =     0.00193948    0.00039814   -0.00000942
     atom  198 type  1   force =     0.00038153    0.00168532   -0.00127231
     atom  199 type  1   force =    -0.00511347   -0.00147651   -0.00251899
     atom  200 type  1   force =    -0.01440208    0.00808076   -0.00289276
     atom  201 type  1   force =    -0.00213353    0.00132627   -0.00214781
     atom  202 type  1   force =     0.00018461    0.00385111    0.00017507
     atom  203 type  1   force =    -0.00048116    0.00714303    0.00160836
     atom  204 type  1   force =     0.00293801    0.00408365    0.01964136
     atom  205 type  1   force =    -0.00133841    0.00513840   -0.00275656
     atom  206 type  1   force =    -0.00020056    0.00605782   -0.00085982
     atom  207 type  1   force =     0.00161819    0.00714102   -0.00048682
     atom  208 type  1   force =     0.01966514    0.00409525    0.00294219
     atom  209 type  1   force =     0.00043719    0.00563467    0.00341594
     atom  210 type  1   force =     0.00308861    0.00273860    0.00074129
     atom  211 type  1   force =     0.00977366   -0.01302976   -0.00190010
     atom  212 type  1   force =     0.00177876   -0.00312158   -0.00136749
     atom  213 type  1   force =     0.00292405    0.00078673    0.00291116
     atom  214 type  1   force =     0.00151879    0.00161615    0.00151421
     atom  215 type  2   force =     0.00726070   -0.00613058    0.00724625
       
     --------------------------------------------------------------------------------------------
     TDDFT Force Total                                                   
     --------------------------------------------------------------------------------------------
     atom    1 type  1   force =     0.00002997   -0.00002530    0.00001980
     atom    2 type  1   force =    -0.00007699    0.00001897   -0.00002632
     atom    3 type  1   force =     0.00003206   -0.00003806   -0.00000852
     atom    4 type  1   force =    -0.00001709   -0.00005519   -0.00003108
     atom    5 type  1   force =     0.00006108   -0.00001257   -0.00001471
     atom    6 type  1   force =    -0.00001526    0.00001759    0.00000294
     atom    7 type  1   force =     0.00005852   -0.00000312    0.00005849
     atom    8 type  1   force =    -0.00002792    0.00002931   -0.00002793
     atom    9 type  1   force =     0.00012161   -0.00011073   -0.00017545
     atom   10 type  1   force =    -0.00011079    0.00007971    0.00008820
     atom   11 type  1   force =     0.00007874    0.00000556    0.00004476
     atom   12 type  1   force =     0.00038903   -0.00028637    0.00018697
     atom   13 type  1   force =    -0.00004582   -0.00005143   -0.00026842
     atom   14 type  1   force =     0.00013429   -0.00024739    0.00000049
     atom   15 type  1   force =     0.00003535   -0.00004990   -0.00000761
     atom   16 type  1   force =    -0.00009049    0.00008835    0.00003339
     atom   17 type  1   force =    -0.00025318   -0.00000253   -0.00013841
     atom   18 type  1   force =     0.00000403    0.00006515    0.00005926
     atom   19 type  1   force =     0.00001358   -0.00011080    0.00001352
     atom   20 type  1   force =    -0.00014334    0.00003691   -0.00014337
     atom   21 type  1   force =     0.00001979   -0.00002528    0.00002992
     atom   22 type  1   force =    -0.00002632    0.00001897   -0.00007698
     atom   23 type  1   force =     0.00009484   -0.00025423   -0.00019616
     atom   24 type  1   force =    -0.00001590    0.00003519   -0.00000708
     atom   25 type  1   force =     0.00007438    0.00002083    0.00015309
     atom   26 type  1   force =    -0.00004970   -0.00003086   -0.00004204
     atom   27 type  1   force =    -0.00001303   -0.00003102    0.00008224
     atom   28 type  1   force =     0.00074083    0.00053229   -0.00069586
     atom   29 type  1   force =     0.00002204    0.00001000    0.00003846
     atom   30 type  1   force =     0.00002167    0.00004893    0.00000397
     atom   31 type  1   force =     0.00024374    0.00038572    0.00024374
     atom   32 type  1   force =     0.00010413    0.00003678    0.00010449
     atom   33 type  1   force =     0.00007964   -0.00004678   -0.00001171
     atom   34 type  1   force =    -0.00021139    0.00051603   -0.00013822
     atom   35 type  1   force =     0.00006852   -0.00114603    0.00043036
     atom   36 type  1   force =    -0.00051020   -0.00003201    0.00001759
     atom   37 type  1   force =    -0.00009339   -0.00009603    0.00014647
     atom   38 type  1   force =    -0.00010523    0.00013502    0.00003438
     atom   39 type  1   force =    -0.00003680   -0.00018756   -0.00010072
     atom   40 type  1   force =     0.00008119   -0.00003885   -0.00013515
     atom   41 type  1   force =     0.00166171   -0.00115917    0.00033624
     atom   42 type  1   force =    -0.00070596    0.00035590   -0.00042743
     atom   43 type  1   force =     0.00190622    0.00159796    0.00190618
     atom   44 type  1   force =     0.00065690   -0.00080871    0.00065694
     atom   45 type  1   force =     0.00015311    0.00002082    0.00007439
     atom   46 type  1   force =    -0.00004202   -0.00003085   -0.00004980
     atom   47 type  1   force =     0.00031865   -0.00003505   -0.00002657
     atom   48 type  1   force =    -0.00018220   -0.00009479    0.00011453
     atom   49 type  1   force =     0.00007397    0.00002188   -0.00004870
     atom   50 type  1   force =     0.00000951   -0.00006244    0.00006173
     atom   51 type  1   force =     0.00003854    0.00013433   -0.00001456
     atom   52 type  1   force =    -0.00006804    0.00003427    0.00003553
     atom   53 type  1   force =     0.00019355   -0.00028886   -0.00016050
     atom   54 type  1   force =    -0.00010974    0.00000643   -0.00008489
     atom   55 type  1   force =    -0.00000578    0.00005202   -0.00000578
     atom   56 type  1   force =    -0.00002097    0.00008355   -0.00002096
     atom   57 type  1   force =     0.00115060   -0.00241688   -0.00099707
     atom   58 type  1   force =    -0.00018610   -0.00032841    0.00007468
     atom   59 type  1   force =     0.00044644   -0.00040617   -0.00217508
     atom   60 type  1   force =    -0.00019169   -0.00040904    0.00059440
     atom   61 type  1   force =    -0.00007478    0.00011315    0.00024170
     atom   62 type  1   force =    -0.00003581   -0.00018560   -0.00001511
     atom   63 type  1   force =     0.00005616    0.00003718    0.00002687
     atom   64 type  1   force =    -0.00010428    0.00014051    0.00001545
     atom   65 type  1   force =     0.00148510    0.00037158    0.00014248
     atom   66 type  1   force =     0.00028193   -0.00021474   -0.00017341
     atom   67 type  1   force =     0.00000409   -0.00004752    0.00000421
     atom   68 type  1   force =    -0.00007061    0.00007801   -0.00007065
     atom   69 type  1   force =    -0.00004869    0.00002171    0.00007392
     atom   70 type  1   force =     0.00006176   -0.00006229    0.00000951
     atom   71 type  1   force =     0.00009642    0.00014864   -0.00002479
     atom   72 type  1   force =     0.00003687    0.00010725   -0.00009197
     atom   73 type  1   force =    -0.00001467   -0.00001260    0.00006104
     atom   74 type  1   force =     0.00000293    0.00001759   -0.00001527
     atom   75 type  1   force =    -0.00000636   -0.00000618   -0.00000637
     atom   76 type  1   force =     0.00003188   -0.00003055    0.00003185
     atom   77 type  1   force =    -0.00000780   -0.00004920    0.00003420
     atom   78 type  1   force =    -0.00006952    0.00007956   -0.00007817
     atom   79 type  1   force =    -0.00000756   -0.00004987    0.00003535
     atom   80 type  1   force =     0.00003348    0.00008828   -0.00009045
     atom   81 type  1   force =     0.00003418   -0.00004923   -0.00000783
     atom   82 type  1   force =    -0.00007804    0.00007951   -0.00006957
     atom   83 type  1   force =     0.00015111   -0.00004331   -0.00003438
     atom   84 type  1   force =     0.00011932    0.00016320    0.00028755
     atom   85 type  1   force =     0.00021694    0.00003928    0.00021754
     atom   86 type  1   force =     0.00004033   -0.00001017    0.00005738
     atom   87 type  1   force =     0.00001442   -0.00002918    0.00001438
     atom   88 type  1   force =    -0.00003062   -0.00010661   -0.00003062
     atom   89 type  1   force =     0.00022203   -0.00017461    0.00059534
     atom   90 type  1   force =     0.00002453    0.00003783   -0.00011654
     atom   91 type  1   force =    -0.00000851   -0.00003804    0.00003202
     atom   92 type  1   force =    -0.00003108   -0.00005523   -0.00001712
     atom   93 type  1   force =    -0.00017528   -0.00011068    0.00012149
     atom   94 type  1   force =     0.00008809    0.00007971   -0.00011079
     atom   95 type  1   force =    -0.00004815   -0.00006057    0.00013694
     atom   96 type  1   force =    -0.00001876   -0.00000250   -0.00029495
     atom   97 type  1   force =     0.00003847    0.00001002    0.00002203
     atom   98 type  1   force =     0.00000407    0.00004895    0.00002164
     atom   99 type  1   force =     0.00004134   -0.00007602    0.00004131
     atom  100 type  1   force =    -0.00012378   -0.00009344   -0.00012373
     atom  101 type  1   force =    -0.00005515   -0.00001811   -0.00001052
     atom  102 type  1   force =     0.00003515    0.00004001   -0.00001767
     atom  103 type  1   force =    -0.00010081   -0.00018751   -0.00003702
     atom  104 type  1   force =    -0.00013503   -0.00003879    0.00008108
     atom  105 type  1   force =    -0.00001049   -0.00001808   -0.00005515
     atom  106 type  1   force =    -0.00001772    0.00004006    0.00003519
     atom  107 type  1   force =    -0.00009376   -0.00002573   -0.00005729
     atom  108 type  1   force =    -0.00006135   -0.00004760    0.00008909
     atom  109 type  1   force =     0.00007923    0.00033364   -0.00067375
     atom  110 type  1   force =     0.00063203    0.00103583    0.00152286
     atom  111 type  1   force =    -0.00011168    0.00042409   -0.00011189
     atom  112 type  1   force =    -0.00165197   -0.00085107   -0.00165142
     atom  113 type  1   force =     0.00007107    0.00003979   -0.00007711
     atom  114 type  1   force =     0.00027448    0.00007413    0.00017667
     atom  115 type  1   force =     0.00008240   -0.00003097   -0.00001289
     atom  116 type  1   force =    -0.00069683    0.00053379    0.00074178
     atom  117 type  1   force =    -0.00001176   -0.00004667    0.00007972
     atom  118 type  1   force =    -0.00013764    0.00051601   -0.00021133
     atom  119 type  1   force =     0.00051553   -0.00046452   -0.00048709
     atom  120 type  1   force =    -0.00202110    0.00896618    0.00211787
     atom  121 type  1   force =    -0.00016086   -0.00028963    0.00019391
     atom  122 type  1   force =    -0.00008489    0.00000657   -0.00010975
     atom  123 type  1   force =     0.00004856    0.00004173    0.00004855
     atom  124 type  1   force =     0.00003061    0.00006681    0.00003058
     atom  125 type  1   force =     0.00000871   -0.00003075   -0.00000749
     atom  126 type  1   force =    -0.00007594   -0.00006877   -0.00029989
     atom  127 type  1   force =     0.00002714    0.00003707    0.00005615
     atom  128 type  1   force =     0.00001529    0.00014063   -0.00010431
     atom  129 type  1   force =    -0.00000747   -0.00003057    0.00000865
     atom  130 type  1   force =    -0.00030003   -0.00006917   -0.00007593
     atom  131 type  1   force =    -0.00005659    0.00002009    0.00015556
     atom  132 type  1   force =     0.00045743   -0.00055942   -0.00113240
     atom  133 type  1   force =    -0.00163727    0.00014318   -0.00006401
     atom  134 type  1   force =     0.00312733   -0.00524821   -0.00777677
     atom  135 type  1   force =     0.00011960   -0.00009557    0.00011971
     atom  136 type  1   force =    -0.00034785    0.00011777   -0.00034839
     atom  137 type  1   force =     0.00015892    0.00021370   -0.00022797
     atom  138 type  1   force =     0.00007494   -0.00033815   -0.00002559
     atom  139 type  1   force =    -0.00001459    0.00013419    0.00003823
     atom  140 type  1   force =     0.00003549    0.00003430   -0.00006802
     atom  141 type  1   force =    -0.00099912   -0.00242033    0.00115168
     atom  142 type  1   force =     0.00007473   -0.00032870   -0.00018660
     atom  143 type  1   force =     0.00006263   -0.00102856    0.00347084
     atom  144 type  1   force =     0.00008740    0.00020612    0.00002894
     atom  145 type  1   force =    -0.00026795   -0.00005125   -0.00004563
     atom  146 type  1   force =    -0.00000001   -0.00024739    0.00013449
     atom  147 type  1   force =    -0.00003440   -0.00004324    0.00015117
     atom  148 type  1   force =     0.00028744    0.00016315    0.00011932
     atom  149 type  1   force =     0.00059595   -0.00017480    0.00022222
     atom  150 type  1   force =    -0.00011662    0.00003785    0.00002456
     atom  151 type  1   force =    -0.00019608   -0.00025431    0.00009490
     atom  152 type  1   force =    -0.00000703    0.00003523   -0.00001587
     atom  153 type  1   force =     0.00021725    0.00003942    0.00021698
     atom  154 type  1   force =     0.00005741   -0.00001008    0.00004023
     atom  155 type  1   force =     0.00012164   -0.00000633    0.00012167
     atom  156 type  1   force =     0.00006512    0.00029769    0.00006515
     atom  157 type  1   force =     0.00014374    0.00031894   -0.00028184
     atom  158 type  1   force =    -0.00005468    0.00008253   -0.00001571
     atom  159 type  1   force =     0.00013689   -0.00006053   -0.00004814
     atom  160 type  1   force =    -0.00029491   -0.00000257   -0.00001875
     atom  161 type  1   force =    -0.00028206    0.00031889    0.00014385
     atom  162 type  1   force =    -0.00001565    0.00008247   -0.00005480
     atom  163 type  1   force =     0.00004471    0.00000553    0.00007874
     atom  164 type  1   force =     0.00018682   -0.00028638    0.00038905
     atom  165 type  1   force =    -0.00013865   -0.00000270   -0.00025314
     atom  166 type  1   force =     0.00005929    0.00006511    0.00000392
     atom  167 type  1   force =    -0.00016764   -0.00013862   -0.00016761
     atom  168 type  1   force =    -0.00025379    0.00059479   -0.00025373
     atom  169 type  1   force =     0.00014612   -0.00009610   -0.00009334
     atom  170 type  1   force =     0.00003448    0.00013504   -0.00010523
     atom  171 type  1   force =    -0.00005737   -0.00002579   -0.00009368
     atom  172 type  1   force =     0.00008899   -0.00004761   -0.00006177
     atom  173 type  1   force =    -0.00007732    0.00003984    0.00007109
     atom  174 type  1   force =     0.00017699    0.00007411    0.00027450
     atom  175 type  1   force =    -0.00002662   -0.00003487    0.00031871
     atom  176 type  1   force =     0.00011467   -0.00009490   -0.00018228
     atom  177 type  1   force =    -0.00067348    0.00033365    0.00007900
     atom  178 type  1   force =     0.00152211    0.00103525    0.00063182
     atom  179 type  1   force =     0.00026833   -0.00000211    0.00011328
     atom  180 type  1   force =    -0.00350585    0.00447127    0.00295350
     atom  181 type  1   force =    -0.00048747   -0.00046487    0.00051490
     atom  182 type  1   force =     0.00211554    0.00895757   -0.00201787
     atom  183 type  1   force =     0.00011319   -0.00000205    0.00026822
     atom  184 type  1   force =     0.00295315    0.00447164   -0.00350604
     atom  185 type  1   force =     0.00042971   -0.00114568    0.00006801
     atom  186 type  1   force =     0.00001748   -0.00003225   -0.00051051
     atom  187 type  1   force =     0.00033652   -0.00115917    0.00166122
     atom  188 type  1   force =    -0.00042744    0.00035592   -0.00070591
     atom  189 type  1   force =    -0.00922167    0.02968633   -0.00922356
     atom  190 type  1   force =    -0.00171227   -0.00803218   -0.00171174
     atom  191 type  1   force =     0.00024162    0.00011320   -0.00007483
     atom  192 type  1   force =    -0.00001512   -0.00018560   -0.00003594
     atom  193 type  1   force =     0.00015553    0.00002000   -0.00005669
     atom  194 type  1   force =    -0.00113348   -0.00055999    0.00045797
     atom  195 type  1   force =    -0.00022806    0.00021363    0.00015884
     atom  196 type  1   force =    -0.00002572   -0.00033804    0.00007448
     atom  197 type  1   force =    -0.00002483    0.00014871    0.00009627
     atom  198 type  1   force =    -0.00009214    0.00010715    0.00003685
     atom  199 type  1   force =    -0.00006396    0.00014247   -0.00163725
     atom  200 type  1   force =    -0.00778030   -0.00524614    0.00312606
     atom  201 type  1   force =     0.00157941    0.00111410    0.00158017
     atom  202 type  1   force =     0.00011783   -0.00037955    0.00011779
     atom  203 type  1   force =     0.02943915   -0.01484167   -0.01931944
     atom  204 type  1   force =    -0.00188082   -0.00478170    0.00404720
     atom  205 type  1   force =     0.00347281   -0.00102963    0.00006357
     atom  206 type  1   force =     0.00002901    0.00020653    0.00008744
     atom  207 type  1   force =    -0.01931807   -0.01484873    0.02944081
     atom  208 type  1   force =     0.00404272   -0.00478259   -0.00188130
     atom  209 type  1   force =    -0.00217306   -0.00040546    0.00044694
     atom  210 type  1   force =     0.00059348   -0.00040851   -0.00019119
     atom  211 type  1   force =     0.00014243    0.00037223    0.00148465
     atom  212 type  1   force =    -0.00017336   -0.00021510    0.00028204
     atom  213 type  1   force =    -0.00171331    0.00044739   -0.00171257
     atom  214 type  1   force =     0.00030699   -0.00026463    0.00030654
     atom  215 type  2   force =    -0.00209251    0.00916844   -0.00209456
       
     --------------------------------------------------------------------------------------------
     TDDFT Force Corrected                                               
     --------------------------------------------------------------------------------------------
     atom    1 type  1   force =     0.00002652   -0.00002298    0.00001628
     atom    2 type  1   force =    -0.00008045    0.00002128   -0.00002984
     atom    3 type  1   force =     0.00002860   -0.00003574   -0.00001204
     atom    4 type  1   force =    -0.00002055   -0.00005288   -0.00003460
     atom    5 type  1   force =     0.00005762   -0.00001026   -0.00001823
     atom    6 type  1   force =    -0.00001872    0.00001991   -0.00000058
     atom    7 type  1   force =     0.00005506   -0.00000080    0.00005497
     atom    8 type  1   force =    -0.00003138    0.00003163   -0.00003145
     atom    9 type  1   force =     0.00011815   -0.00010841   -0.00017897
     atom   10 type  1   force =    -0.00011425    0.00008203    0.00008468
     atom   11 type  1   force =     0.00007528    0.00000788    0.00004124
     atom   12 type  1   force =     0.00038557   -0.00028405    0.00018345
     atom   13 type  1   force =    -0.00004928   -0.00004911   -0.00027194
     atom   14 type  1   force =     0.00013083   -0.00024507   -0.00000303
     atom   15 type  1   force =     0.00003189   -0.00004758   -0.00001113
     atom   16 type  1   force =    -0.00009395    0.00009067    0.00002987
     atom   17 type  1   force =    -0.00025664   -0.00000022   -0.00014193
     atom   18 type  1   force =     0.00000057    0.00006746    0.00005574
     atom   19 type  1   force =     0.00001012   -0.00010848    0.00001000
     atom   20 type  1   force =    -0.00014680    0.00003922   -0.00014689
     atom   21 type  1   force =     0.00001633   -0.00002296    0.00002640
     atom   22 type  1   force =    -0.00002978    0.00002129   -0.00008050
     atom   23 type  1   force =     0.00009138   -0.00025191   -0.00019968
     atom   24 type  1   force =    -0.00001935    0.00003751   -0.00001060
     atom   25 type  1   force =     0.00007093    0.00002315    0.00014957
     atom   26 type  1   force =    -0.00005316   -0.00002854   -0.00004556
     atom   27 type  1   force =    -0.00001649   -0.00002870    0.00007872
     atom   28 type  1   force =     0.00073737    0.00053461   -0.00069938
     atom   29 type  1   force =     0.00001858    0.00001232    0.00003494
     atom   30 type  1   force =     0.00001821    0.00005125    0.00000046
     atom   31 type  1   force =     0.00024028    0.00038804    0.00024023
     atom   32 type  1   force =     0.00010067    0.00003910    0.00010097
     atom   33 type  1   force =     0.00007618   -0.00004446   -0.00001523
     atom   34 type  1   force =    -0.00021485    0.00051835   -0.00014174
     atom   35 type  1   force =     0.00006506   -0.00114371    0.00042684
     atom   36 type  1   force =    -0.00051366   -0.00002969    0.00001407
     atom   37 type  1   force =    -0.00009684   -0.00009371    0.00014296
     atom   38 type  1   force =    -0.00010869    0.00013734    0.00003086
     atom   39 type  1   force =    -0.00004026   -0.00018524   -0.00010424
     atom   40 type  1   force =     0.00007773   -0.00003653   -0.00013867
     atom   41 type  1   force =     0.00165825   -0.00115685    0.00033272
     atom   42 type  1   force =    -0.00070942    0.00035822   -0.00043095
     atom   43 type  1   force =     0.00190276    0.00160027    0.00190266
     atom   44 type  1   force =     0.00065344   -0.00080639    0.00065342
     atom   45 type  1   force =     0.00014965    0.00002314    0.00007087
     atom   46 type  1   force =    -0.00004548   -0.00002853   -0.00005332
     atom   47 type  1   force =     0.00031519   -0.00003273   -0.00003009
     atom   48 type  1   force =    -0.00018566   -0.00009247    0.00011101
     atom   49 type  1   force =     0.00007051    0.00002420   -0.00005221
     atom   50 type  1   force =     0.00000605   -0.00006013    0.00005821
     atom   51 type  1   force =     0.00003508    0.00013665   -0.00001808
     atom   52 type  1   force =    -0.00007150    0.00003659    0.00003201
     atom   53 type  1   force =     0.00019009   -0.00028654   -0.00016402
     atom   54 type  1   force =    -0.00011320    0.00000875   -0.00008841
     atom   55 type  1   force =    -0.00000924    0.00005433   -0.00000930
     atom   56 type  1   force =    -0.00002442    0.00008587   -0.00002447
     atom   57 type  1   force =     0.00114714   -0.00241456   -0.00100058
     atom   58 type  1   force =    -0.00018955   -0.00032610    0.00007116
     atom   59 type  1   force =     0.00044298   -0.00040386   -0.00217860
     atom   60 type  1   force =    -0.00019515   -0.00040672    0.00059088
     atom   61 type  1   force =    -0.00007824    0.00011547    0.00023818
     atom   62 type  1   force =    -0.00003927   -0.00018328   -0.00001863
     atom   63 type  1   force =     0.00005270    0.00003950    0.00002336
     atom   64 type  1   force =    -0.00010773    0.00014283    0.00001193
     atom   65 type  1   force =     0.00148164    0.00037389    0.00013896
     atom   66 type  1   force =     0.00027847   -0.00021242   -0.00017693
     atom   67 type  1   force =     0.00000063   -0.00004520    0.00000069
     atom   68 type  1   force =    -0.00007407    0.00008033   -0.00007417
     atom   69 type  1   force =    -0.00005215    0.00002403    0.00007040
     atom   70 type  1   force =     0.00005830   -0.00005997    0.00000599
     atom   71 type  1   force =     0.00009296    0.00015096   -0.00002831
     atom   72 type  1   force =     0.00003341    0.00010957   -0.00009549
     atom   73 type  1   force =    -0.00001813   -0.00001028    0.00005752
     atom   74 type  1   force =    -0.00000053    0.00001991   -0.00001879
     atom   75 type  1   force =    -0.00000981   -0.00000386   -0.00000989
     atom   76 type  1   force =     0.00002842   -0.00002823    0.00002833
     atom   77 type  1   force =    -0.00001126   -0.00004688    0.00003068
     atom   78 type  1   force =    -0.00007298    0.00008188   -0.00008169
     atom   79 type  1   force =    -0.00001102   -0.00004755    0.00003184
     atom   80 type  1   force =     0.00003002    0.00009060   -0.00009397
     atom   81 type  1   force =     0.00003072   -0.00004691   -0.00001135
     atom   82 type  1   force =    -0.00008150    0.00008182   -0.00007309
     atom   83 type  1   force =     0.00014765   -0.00004099   -0.00003790
     atom   84 type  1   force =     0.00011586    0.00016552    0.00028403
     atom   85 type  1   force =     0.00021348    0.00004160    0.00021403
     atom   86 type  1   force =     0.00003688   -0.00000785    0.00005386
     atom   87 type  1   force =     0.00001096   -0.00002686    0.00001086
     atom   88 type  1   force =    -0.00003408   -0.00010429   -0.00003414
     atom   89 type  1   force =     0.00021857   -0.00017230    0.00059182
     atom   90 type  1   force =     0.00002107    0.00004015   -0.00012006
     atom   91 type  1   force =    -0.00001197   -0.00003572    0.00002851
     atom   92 type  1   force =    -0.00003454   -0.00005291   -0.00002064
     atom   93 type  1   force =    -0.00017874   -0.00010836    0.00011797
     atom   94 type  1   force =     0.00008463    0.00008202   -0.00011431
     atom   95 type  1   force =    -0.00005161   -0.00005825    0.00013342
     atom   96 type  1   force =    -0.00002222   -0.00000018   -0.00029847
     atom   97 type  1   force =     0.00003502    0.00001234    0.00001851
     atom   98 type  1   force =     0.00000061    0.00005127    0.00001812
     atom   99 type  1   force =     0.00003788   -0.00007370    0.00003779
     atom  100 type  1   force =    -0.00012724   -0.00009112   -0.00012724
     atom  101 type  1   force =    -0.00005860   -0.00001580   -0.00001404
     atom  102 type  1   force =     0.00003169    0.00004233   -0.00002119
     atom  103 type  1   force =    -0.00010427   -0.00018519   -0.00004054
     atom  104 type  1   force =    -0.00013849   -0.00003648    0.00007756
     atom  105 type  1   force =    -0.00001395   -0.00001577   -0.00005866
     atom  106 type  1   force =    -0.00002117    0.00004237    0.00003167
     atom  107 type  1   force =    -0.00009722   -0.00002341   -0.00006081
     atom  108 type  1   force =    -0.00006481   -0.00004528    0.00008557
     atom  109 type  1   force =     0.00007577    0.00033596   -0.00067727
     atom  110 type  1   force =     0.00062857    0.00103814    0.00151934
     atom  111 type  1   force =    -0.00011514    0.00042641   -0.00011541
     atom  112 type  1   force =    -0.00165543   -0.00084875   -0.00165494
     atom  113 type  1   force =     0.00006762    0.00004211   -0.00008063
     atom  114 type  1   force =     0.00027102    0.00007645    0.00017316
     atom  115 type  1   force =     0.00007895   -0.00002865   -0.00001641
     atom  116 type  1   force =    -0.00070029    0.00053610    0.00073826
     atom  117 type  1   force =    -0.00001522   -0.00004435    0.00007621
     atom  118 type  1   force =    -0.00014110    0.00051832   -0.00021485
     atom  119 type  1   force =     0.00051207   -0.00046221   -0.00049061
     atom  120 type  1   force =    -0.00202456    0.00896849    0.00211435
     atom  121 type  1   force =    -0.00016431   -0.00028731    0.00019039
     atom  122 type  1   force =    -0.00008835    0.00000889   -0.00011327
     atom  123 type  1   force =     0.00004510    0.00004404    0.00004503
     atom  124 type  1   force =     0.00002715    0.00006913    0.00002706
     atom  125 type  1   force =     0.00000525   -0.00002843   -0.00001101
     atom  126 type  1   force =    -0.00007940   -0.00006645   -0.00030341
     atom  127 type  1   force =     0.00002368    0.00003939    0.00005263
     atom  128 type  1   force =     0.00001183    0.00014295   -0.00010783
     atom  129 type  1   force =    -0.00001093   -0.00002825    0.00000513
     atom  130 type  1   force =    -0.00030349   -0.00006685   -0.00007945
     atom  131 type  1   force =    -0.00006005    0.00002241    0.00015204
     atom  132 type  1   force =     0.00045397   -0.00055710   -0.00113592
     atom  133 type  1   force =    -0.00164072    0.00014549   -0.00006753
     atom  134 type  1   force =     0.00312387   -0.00524589   -0.00778029
     atom  135 type  1   force =     0.00011614   -0.00009325    0.00011619
     atom  136 type  1   force =    -0.00035131    0.00012009   -0.00035191
     atom  137 type  1   force =     0.00015546    0.00021601   -0.00023149
     atom  138 type  1   force =     0.00007148   -0.00033584   -0.00002911
     atom  139 type  1   force =    -0.00001805    0.00013651    0.00003471
     atom  140 type  1   force =     0.00003203    0.00003662   -0.00007154
     atom  141 type  1   force =    -0.00100258   -0.00241801    0.00114816
     atom  142 type  1   force =     0.00007127   -0.00032638   -0.00019011
     atom  143 type  1   force =     0.00005917   -0.00102624    0.00346732
     atom  144 type  1   force =     0.00008394    0.00020844    0.00002543
     atom  145 type  1   force =    -0.00027140   -0.00004893   -0.00004914
     atom  146 type  1   force =    -0.00000347   -0.00024508    0.00013098
     atom  147 type  1   force =    -0.00003786   -0.00004092    0.00014765
     atom  148 type  1   force =     0.00028398    0.00016547    0.00011580
     atom  149 type  1   force =     0.00059249   -0.00017248    0.00021870
     atom  150 type  1   force =    -0.00012008    0.00004017    0.00002105
     atom  151 type  1   force =    -0.00019954   -0.00025200    0.00009138
     atom  152 type  1   force =    -0.00001049    0.00003755   -0.00001939
     atom  153 type  1   force =     0.00021379    0.00004173    0.00021346
     atom  154 type  1   force =     0.00005396   -0.00000776    0.00003671
     atom  155 type  1   force =     0.00011819   -0.00000401    0.00011815
     atom  156 type  1   force =     0.00006166    0.00030001    0.00006163
     atom  157 type  1   force =     0.00014028    0.00032126   -0.00028536
     atom  158 type  1   force =    -0.00005814    0.00008485   -0.00001923
     atom  159 type  1   force =     0.00013343   -0.00005821   -0.00005166
     atom  160 type  1   force =    -0.00029837   -0.00000025   -0.00002227
     atom  161 type  1   force =    -0.00028552    0.00032121    0.00014033
     atom  162 type  1   force =    -0.00001911    0.00008479   -0.00005832
     atom  163 type  1   force =     0.00004125    0.00000784    0.00007522
     atom  164 type  1   force =     0.00018336   -0.00028406    0.00038553
     atom  165 type  1   force =    -0.00014211   -0.00000039   -0.00025666
     atom  166 type  1   force =     0.00005583    0.00006742    0.00000040
     atom  167 type  1   force =    -0.00017110   -0.00013630   -0.00017113
     atom  168 type  1   force =    -0.00025725    0.00059711   -0.00025725
     atom  169 type  1   force =     0.00014266   -0.00009378   -0.00009686
     atom  170 type  1   force =     0.00003102    0.00013736   -0.00010875
     atom  171 type  1   force =    -0.00006083   -0.00002347   -0.00009720
     atom  172 type  1   force =     0.00008553   -0.00004530   -0.00006529
     atom  173 type  1   force =    -0.00008078    0.00004216    0.00006757
     atom  174 type  1   force =     0.00017353    0.00007643    0.00027098
     atom  175 type  1   force =    -0.00003008   -0.00003255    0.00031519
     atom  176 type  1   force =     0.00011121   -0.00009258   -0.00018580
     atom  177 type  1   force =    -0.00067694    0.00033596    0.00007548
     atom  178 type  1   force =     0.00151865    0.00103757    0.00062830
     atom  179 type  1   force =     0.00026487    0.00000021    0.00010976
     atom  180 type  1   force =    -0.00350931    0.00447359    0.00294998
     atom  181 type  1   force =    -0.00049093   -0.00046255    0.00051139
     atom  182 type  1   force =     0.00211208    0.00895989   -0.00202139
     atom  183 type  1   force =     0.00010974    0.00000027    0.00026470
     atom  184 type  1   force =     0.00294969    0.00447396   -0.00350956
     atom  185 type  1   force =     0.00042625   -0.00114336    0.00006449
     atom  186 type  1   force =     0.00001402   -0.00002994   -0.00051403
     atom  187 type  1   force =     0.00033306   -0.00115685    0.00165770
     atom  188 type  1   force =    -0.00043090    0.00035824   -0.00070943
     atom  189 type  1   force =    -0.00922512    0.02968865   -0.00922708
     atom  190 type  1   force =    -0.00171573   -0.00802987   -0.00171526
     atom  191 type  1   force =     0.00023816    0.00011552   -0.00007835
     atom  192 type  1   force =    -0.00001857   -0.00018329   -0.00003946
     atom  193 type  1   force =     0.00015207    0.00002231   -0.00006021
     atom  194 type  1   force =    -0.00113694   -0.00055767    0.00045445
     atom  195 type  1   force =    -0.00023152    0.00021595    0.00015532
     atom  196 type  1   force =    -0.00002918   -0.00033572    0.00007096
     atom  197 type  1   force =    -0.00002829    0.00015103    0.00009275
     atom  198 type  1   force =    -0.00009560    0.00010946    0.00003333
     atom  199 type  1   force =    -0.00006741    0.00014479   -0.00164076
     atom  200 type  1   force =    -0.00778376   -0.00524383    0.00312254
     atom  201 type  1   force =     0.00157595    0.00111642    0.00157665
     atom  202 type  1   force =     0.00011437   -0.00037723    0.00011427
     atom  203 type  1   force =     0.02943569   -0.01483935   -0.01932296
     atom  204 type  1   force =    -0.00188428   -0.00477938    0.00404368
     atom  205 type  1   force =     0.00346935   -0.00102731    0.00006006
     atom  206 type  1   force =     0.00002555    0.00020885    0.00008392
     atom  207 type  1   force =    -0.01932153   -0.01484641    0.02943729
     atom  208 type  1   force =     0.00403927   -0.00478028   -0.00188481
     atom  209 type  1   force =    -0.00217652   -0.00040314    0.00044342
     atom  210 type  1   force =     0.00059002   -0.00040619   -0.00019471
     atom  211 type  1   force =     0.00013897    0.00037455    0.00148113
     atom  212 type  1   force =    -0.00017681   -0.00021278    0.00027852
     atom  213 type  1   force =    -0.00171677    0.00044971   -0.00171609
     atom  214 type  1   force =     0.00030354   -0.00026232    0.00030302
     atom  215 type  2   force =    -0.00209597    0.00917076   -0.00209808
 
     Wbse         :     1h 7m CPU        1h12m WALL

     wbse_readin  :     31.36s CPU     33.86s WALL (       1 calls)
     wbse_fetch_n :      0.01s CPU      0.01s WALL (       1 calls)
     read_xml     :      1.61s CPU      2.30s WALL (       1 calls)
     init_vloc    :      0.03s CPU      0.03s WALL (       2 calls)
     fft          :     21.76s CPU     22.43s WALL (   14650 calls)
     fft_scatter  :   2449.40s CPU   2473.42s WALL ( 3309214 calls)
     v_of_rho     :      0.03s CPU      0.03s WALL (       1 calls)
     v_xc         :      0.03s CPU      0.03s WALL (       1 calls)
     v_h          :      0.00s CPU      0.00s WALL (       1 calls)
     read_wave    :     29.74s CPU     31.53s WALL (       1 calls)
     davcio       :      1.23s CPU     26.07s WALL (    7293 calls)
     init_us_1    :      0.02s CPU      0.02s WALL (       2 calls)
     do_setup     :      0.05s CPU      0.07s WALL (       1 calls)
     init_pw_ar   :      0.04s CPU      0.06s WALL (       1 calls)
     init_at_1    :      0.00s CPU      0.00s WALL (       1 calls)
     storesqvc    :      0.00s CPU      0.00s WALL (       1 calls)
     wbse_dv_setu :      0.06s CPU      0.06s WALL (       1 calls)
     setup_dmuxc  :      0.01s CPU      0.01s WALL (       1 calls)
     gather_grid  :      0.02s CPU      0.04s WALL (       8 calls)
     write_cube   :      6.04s CPU     31.69s WALL (       8 calls)
     chidiago     :   3996.33s CPU   4302.54s WALL (       1 calls)
     paramgs      :    115.07s CPU    116.51s WALL (     178 calls)
     west_apply_l :   2463.79s CPU   2508.86s WALL (     728 calls)
     wbse_calc_de :    602.30s CPU    613.01s WALL (     768 calls)
     fftw         :   2873.66s CPU   2901.13s WALL ( 3294564 calls)
     wbse_dv_of_d :     25.81s CPU     26.26s WALL (     768 calls)
     init_us_2    :      7.43s CPU      7.59s WALL (    1544 calls)
     h_psi_bgrp   :    702.23s CPU    710.22s WALL (    1456 calls)
     h_psi        :    702.22s CPU    710.22s WALL (    1456 calls)
     h_psi:pot    :    699.78s CPU    707.74s WALL (    1456 calls)
     vloc_psi     :    548.93s CPU    553.98s WALL (    1456 calls)
     h_psi:calbec :     82.66s CPU     84.97s WALL (    1456 calls)
     calbec       :     82.66s CPU     84.97s WALL (    1456 calls)
     add_vuspsi   :     68.18s CPU     68.78s WALL (    1456 calls)
     alphapc      :    129.05s CPU    131.34s WALL (    2978 calls)
     build_hr     :     72.12s CPU    122.05s WALL (     178 calls)
     diagox       :      0.05s CPU      0.09s WALL (     178 calls)
     redistr_vr   :      0.00s CPU      0.00s WALL (     177 calls)
     update_vr    :    190.19s CPU    339.00s WALL (     177 calls)
     symm_hr      :      0.00s CPU      0.00s WALL (     177 calls)
     chidiago:las :     28.11s CPU     44.50s WALL (      16 calls)
     refresh_vr   :     28.32s CPU     45.27s WALL (      31 calls)
     plep_db      :     12.75s CPU     15.86s WALL (       1 calls)
     precd_cg     :      3.10s CPU      3.46s WALL (      38 calls)
 
     Wbse         :     1h 7m CPU        1h12m WALL

 
   This run was terminated on:   7: 0: 4   6Jul2022            

=------------------------------------------------------------------------------=
   JOB DONE.
=------------------------------------------------------------------------------=
