MPI startup(): shm:dapl fabric is unknown or has been removed from the product, please use ofi or shm:ofi instead.

     Program WBSE v. 5.5.0 git rev. v5.5.0-44-g79ff716 starts on  1Sep2023 at  3:16:48 

     This program is part of the open-source West suite
     for massively parallel calculations of excited states in materials; please cite
         "M. Govoni et al., J. Chem. Theory Comput. 11, 2680 (2015);
          URL http://www.west-code.org",
     in publications or presentations arising from this work.

     Based on the Quantum ESPRESSO v. 7.2

     I/O is Little Endian
 
     --------------------------------------------------------------------------------------------
     **MPI** Parallelization Status
     --------------------------------------------------------------------------------------------
                   112                   1             1             4            28
     --------------------------------------------------------------------------------------------
                     N         =         I      X      P      X      B      X      Z
                     ^                   ^             ^             ^             ^
                     |                   |             |             |             |
                   #rnk                  |             |             |             |
                                      #image           |             |             |
                                                     #pool           |             |
                                                                   #bgrp           |
                                                                                 #R&G
     --------------------------------------------------------------------------------------------
     **OPENMP** Parallelization Status
     #thr/rnk               =            1
     --------------------------------------------------------------------------------------------
     #prc = (rnk) * (thr) =          112
     --------------------------------------------------------------------------------------------

     --------------------------------------------------------------------------------------------
     I/O Summary : input_west
     --------------------------------------------------------------------------------------------
     qe_prefix : pwscf
     west_prefix : pwscf
     outdir : ./
     --------------------------------------------------------------------------------------------

     Reading xml data from directory:

     ./pwscf.save/

     IMPORTANT: XC functional enforced from input :
     Exchange-correlation= PBE
                           (   1   4   3   4   0   0   0)
     Any further DFT definition will be discarded
     Please, verify this is what you really want

 
     Parallelization info
     --------------------
     sticks:   dense  smooth     PW     G-vecs:    dense   smooth      PW
     Min         673     673    167                48962    48962    6120
     Max         676     676    170                48968    48968    6126
     Sum       18883   18883   4717              1371043  1371043  171439
 
     Using Slab Decomposition
 

     --------------------------------------------------------------------------------------------
     I/O Summary : wbse_init_control
     --------------------------------------------------------------------------------------------
     wbse_init_calculation : S
     solver : TDDFT
     bse_method : PDEP
     n_pdep_eigen_to_use : 792
     localization : N
     wfc_from_qbox : qb_wfc
     bisection_info : bis_info
     chi_kernel : CHI
     overlap_thr : 0.0
     spin_channel : 0
     n_trunc_bands : 0
     --------------------------------------------------------------------------------------------

     --------------------------------------------------------------------------------------------
     I/O Summary : wbse_control
     --------------------------------------------------------------------------------------------
     wbse_calculation : D
     qp_correction : 
     scissor_ope : 0.0
     n_liouville_eigen : 4
     n_liouville_times : 10
     n_liouville_maxiter : 1000
     n_liouville_read_from_file : 0
     trev_liouville : 1e-10
     trev_liouville_rel : 1e-08
     n_lanczos : 1000
     n_steps_write_restart : 100
     wbse_ipol : XX
     l_dipole_realspace : False
     wbse_epsinfty : 1.0
     spin_excitation : S
     l_preconditioning : False
     l_pre_shift : False
     l_spin_flip : True
     l_spin_flip_kernel : True
     l_spin_flip_alda0 : False
     l_print_spin_flip_kernel : False
     spin_flip_cut : 0.001
     l_forces : True
     forces_state : 4
     forces_zeq_cg_tr : 1e-10
     forces_zeq_n_cg_maxiter : 500
     ddvxc_fd_coeff : 0.01
     forces_inexact_krylov : 0
     forces_inexact_krylov_tr : 1e-16
     l_minimize_exx_if_active : False
     n_exx_lowrank : 400
     l_reduce_io : True
     --------------------------------------------------------------------------------------------
 
     --------------------------------------------------------------------------------------------
     System Overview
     --------------------------------------------------------------------------------------------
     gamma_only           =              T
     ecutwfc [Ry]         =      80.000000
     ecutrho [Ry]         =     320.000000
     omega [au^3]         =   1.418367E+04
     nbnd                 =            400
     nkstot               =              2
     nspin                =              2
     nelec                =     792.000000
     nelup                =     397.000000
     neldw                =     395.000000
     npol                 =              1
     lsda                 =              T
     noncolin             =              F
     lspinorb             =              F
     --------------------------------------------------------------------------------------------

     3DFFT grid
        s : ( 180, 180, 120)
        p : ( 180, 180, 120)

     Direct Lattice Cell [a.u.]
        a1 = (    29.2463078     0.0000000     0.0000000)
        a2 = (   -14.6231539    25.3280455     0.0000000)
        a3 = (     0.0000000     0.0000000    19.1476692)

     Reciprocal Lattice Cell [a.u.]
        b1 = (     0.2148369     0.1240361     0.0000000)
        b2 = (     0.0000000     0.2480723     0.0000000)
        b3 = (     0.0000000     0.0000000     0.3281436)
 

     Brillouin Zone sampling [cryst. coord.]
 
        k(000001) = (     0.0000000     0.0000000     0.0000000)
     Divergence =   1.942923E-01
 
     --------------------------------------------------------------------------------------------
     Parallelization for nvecx
     --------------------------------------------------------------------------------------------
     nglob                =             40
     nlevel               =              1
     Min nglob/nlevel     =             40
     Max nglob/nlevel     =             40
     --------------------------------------------------------------------------------------------
 
     --------------------------------------------------------------------------------------------
     Parallelization for nbndval
     --------------------------------------------------------------------------------------------
     nglob                =            397
     nlevel               =              4
     Min nglob/nlevel     =             99
     Max nglob/nlevel     =            100
     --------------------------------------------------------------------------------------------

     [MEM] ----------------------------------------------------------
     [MEM] **Memory** analysis: QE
     [MEM] ----------------------------------------------------------
     [MEM] Allocated arrays           est. size (Mb)     dimensions
     [MEM] ----------------------------------------------------------
     [MEM] Kohn-Sham Wavefunctions      18.69 Mb     (   3062,  400)
     [MEM] NL pseudopotentials          74.01 Mb     (   3062, 1584)
     [MEM] Each V/rho on FFT grid        2.47 Mb     ( 162000)
     [MEM] Each G-vector array           0.19 Mb     (  24483)
     [MEM] G-vector shells               0.09 Mb     (  12410)
     [MEM] ----------------------------------------------------------
     [MEM] Total estimate               95.45 Mb
     [MEM] ----------------------------------------------------------
     [MEM]
     [MEM] ----------------------------------------------------------
     [MEM] **Memory** analysis: WBSE global
     [MEM] ----------------------------------------------------------
     [MEM] Allocated arrays           est. size (Mb)     dimensions
     [MEM] ----------------------------------------------------------
     [MEM] dvg_exc                     185.02 Mb     (   3062,   99,   40)
     [MEM] dng_exc                     185.02 Mb     (   3062,   99,   40)
     [MEM] hr_distr                      0.01 Mb     (     40,   40)
     [MEM] vr_distr                      0.01 Mb     (     40,   40)
     [MEM] ----------------------------------------------------------
     [MEM] Total estimate              370.07 Mb
     [MEM] ----------------------------------------------------------
     [MEM]
     [MEM] ----------------------------------------------------------
     [MEM] **Memory** analysis: WBSE temporary
     [MEM] ----------------------------------------------------------
     [MEM] Allocated arrays           est. size (Mb)     dimensions
     [MEM] ----------------------------------------------------------
     [MEM] dvpsi                         9.25 Mb     (   3062,  198)
     [MEM] dpsi                          9.25 Mb     (   3062,  198)
     [MEM] Liouville workspace           4.63 Mb     (   3062,   99)
     [MEM] forces                       37.00 Mb     (   3062,  792)
     [MEM] ----------------------------------------------------------
     [MEM] Total estimate               60.13 Mb
     [MEM] ----------------------------------------------------------
 
     Using lowest energy electron-hole pairs as initial guess

                       *----------*              *----------*               *----------*
     #     Iteration = | starting |   WBSE_dim = |        4 |   Diago_dim = |        4 |
                       *----------*              *----------*               *----------*
     s-DIAGOX done in < 00.1s with LAPACK
     --------------------------------------------------------------------------------------------
 
        0.02617   0.04844   0.04852   0.07079
 
     --------------------------------------------------------------------------------------------
     Tot. elapsed time 12.3s,  time spent in last iteration 12.3s
     --------------------------------------------------------------------------------------------

                       *----------*              *----------*               *----------*
     #     Iteration = |        1 |   WBSE_dim = |        4 |   Diago_dim = |        8 |
                       *----------*              *----------*               *----------*
     s-DIAGOX done in < 00.1s with LAPACK
     --------------------------------------------------------------------------------------------
     Max diff =  0.147E-02
 
        0.02470   0.04761   0.04770   0.07079
 
     --------------------------------------------------------------------------------------------
     Tot. elapsed time 25.2s,  time spent in last iteration 12.8s
     --------------------------------------------------------------------------------------------

                       *----------*              *----------*               *----------*
     #     Iteration = |        2 |   WBSE_dim = |        4 |   Diago_dim = |       12 |
                       *----------*              *----------*               *----------*
     s-DIAGOX done in < 00.1s with LAPACK
     --------------------------------------------------------------------------------------------
     Max diff =  0.161E-02
 
        0.02309   0.04664   0.04674   0.07079
 
     --------------------------------------------------------------------------------------------
     Tot. elapsed time 38.8s,  time spent in last iteration 13.6s
     --------------------------------------------------------------------------------------------

                       *----------*              *----------*               *----------*
     #     Iteration = |        3 |   WBSE_dim = |        4 |   Diago_dim = |       16 |
                       *----------*              *----------*               *----------*
     s-DIAGOX done in < 00.1s with LAPACK
     --------------------------------------------------------------------------------------------
     Max diff =  0.146E-02
 
        0.02163   0.04572   0.04582   0.07079
 
     --------------------------------------------------------------------------------------------
     Tot. elapsed time 52.6s,  time spent in last iteration 13.7s
     --------------------------------------------------------------------------------------------

                       *----------*              *----------*               *----------*
     #     Iteration = |        4 |   WBSE_dim = |        4 |   Diago_dim = |       20 |
                       *----------*              *----------*               *----------*
     s-DIAGOX done in < 00.1s with LAPACK
     --------------------------------------------------------------------------------------------
     Max diff =  0.139E-02
 
        0.02024   0.04478   0.04488   0.07079
 
     --------------------------------------------------------------------------------------------
     Tot. elapsed time 01m-07.0s,  time spent in last iteration 14.4s
     --------------------------------------------------------------------------------------------

                       *----------*              *----------*               *----------*
     #     Iteration = |        5 |   WBSE_dim = |        4 |   Diago_dim = |       24 |
                       *----------*              *----------*               *----------*
     s-DIAGOX done in < 00.1s with LAPACK
     --------------------------------------------------------------------------------------------
     Max diff =  0.128E-02
 
        0.01896   0.04385   0.04396   0.07079
 
     --------------------------------------------------------------------------------------------
     Tot. elapsed time 01m-21.7s,  time spent in last iteration 14.6s
     --------------------------------------------------------------------------------------------

                       *----------*              *----------*               *----------*
     #     Iteration = |        6 |   WBSE_dim = |        4 |   Diago_dim = |       28 |
                       *----------*              *----------*               *----------*
     s-DIAGOX done in < 00.1s with LAPACK
     --------------------------------------------------------------------------------------------
     Max diff =  0.119E-02
 
        0.01778   0.04294   0.04305   0.07079
 
     --------------------------------------------------------------------------------------------
     Tot. elapsed time 01m-36.9s,  time spent in last iteration 15.2s
     --------------------------------------------------------------------------------------------

                       *----------*              *----------*               *----------*
     #     Iteration = |        7 |   WBSE_dim = |        4 |   Diago_dim = |       32 |
                       *----------*              *----------*               *----------*
     s-DIAGOX done in < 00.1s with LAPACK
     --------------------------------------------------------------------------------------------
     Max diff =  0.104E-02
 
        0.01673   0.04208   0.04219   0.07079
 
     --------------------------------------------------------------------------------------------
     Tot. elapsed time 01m-52.6s,  time spent in last iteration 15.6s
     --------------------------------------------------------------------------------------------

                       *----------*              *----------*               *----------*
     #     Iteration = |        8 |   WBSE_dim = |        4 |   Diago_dim = |       36 |
                       *----------*              *----------*               *----------*
     s-DIAGOX done in < 00.1s with LAPACK
     --------------------------------------------------------------------------------------------
     Max diff =  0.905E-03
 
        0.01583   0.04127   0.04139   0.07079
 
     --------------------------------------------------------------------------------------------
     Tot. elapsed time 02m-08.8s,  time spent in last iteration 16.2s
     --------------------------------------------------------------------------------------------

                       *----------*              *----------*               *----------*
     #     Iteration = |        9 |   WBSE_dim = |        4 |   Diago_dim = |       40 |
                       *----------*              *----------*               *----------*
     s-DIAGOX done in < 00.1s with LAPACK
     --------------------------------------------------------------------------------------------
     Max diff =  0.803E-03
 
        0.01503   0.04051   0.04063   0.07079
 
     --------------------------------------------------------------------------------------------
     Tot. elapsed time 02m-25.4s,  time spent in last iteration 16.5s
     --------------------------------------------------------------------------------------------

       Refresh the basis set

                       *----------*              *----------*               *----------*
     #     Iteration = |       10 |   WBSE_dim = |        4 |   Diago_dim = |        8 |
                       *----------*              *----------*               *----------*
     s-DIAGOX done in < 00.1s with LAPACK
     --------------------------------------------------------------------------------------------
     Max diff =  0.383E-03
 
        0.01464   0.04013   0.04025   0.07079
 
     --------------------------------------------------------------------------------------------
     Tot. elapsed time 02m-41.3s,  time spent in last iteration 12.9s
     --------------------------------------------------------------------------------------------

                       *----------*              *----------*               *----------*
     #     Iteration = |       11 |   WBSE_dim = |        4 |   Diago_dim = |       12 |
                       *----------*              *----------*               *----------*
     s-DIAGOX done in < 00.1s with LAPACK
     --------------------------------------------------------------------------------------------
     Max diff =  0.392E-03
 
        0.01425   0.03974   0.03987   0.07079
 
     --------------------------------------------------------------------------------------------
     Tot. elapsed time 02m-54.6s,  time spent in last iteration 13.2s
     --------------------------------------------------------------------------------------------

                       *----------*              *----------*               *----------*
     #     Iteration = |       12 |   WBSE_dim = |        4 |   Diago_dim = |       16 |
                       *----------*              *----------*               *----------*
     s-DIAGOX done in < 00.1s with LAPACK
     --------------------------------------------------------------------------------------------
     Max diff =  0.405E-03
 
        0.01385   0.03934   0.03947   0.07079
 
     --------------------------------------------------------------------------------------------
     Tot. elapsed time 03m-08.5s,  time spent in last iteration 13.9s
     --------------------------------------------------------------------------------------------

                       *----------*              *----------*               *----------*
     #     Iteration = |       13 |   WBSE_dim = |        4 |   Diago_dim = |       20 |
                       *----------*              *----------*               *----------*
     s-DIAGOX done in < 00.1s with LAPACK
     --------------------------------------------------------------------------------------------
     Max diff =  0.413E-03
 
        0.01343   0.03893   0.03905   0.07079
 
     --------------------------------------------------------------------------------------------
     Tot. elapsed time 03m-22.7s,  time spent in last iteration 14.2s
     --------------------------------------------------------------------------------------------

                       *----------*              *----------*               *----------*
     #     Iteration = |       14 |   WBSE_dim = |        4 |   Diago_dim = |       24 |
                       *----------*              *----------*               *----------*
     s-DIAGOX done in < 00.1s with LAPACK
     --------------------------------------------------------------------------------------------
     Max diff =  0.412E-03
 
        0.01303   0.03851   0.03864   0.07079
 
     --------------------------------------------------------------------------------------------
     Tot. elapsed time 03m-37.6s,  time spent in last iteration 14.8s
     --------------------------------------------------------------------------------------------

                       *----------*              *----------*               *----------*
     #     Iteration = |       15 |   WBSE_dim = |        4 |   Diago_dim = |       28 |
                       *----------*              *----------*               *----------*
     s-DIAGOX done in < 00.1s with LAPACK
     --------------------------------------------------------------------------------------------
     Max diff =  0.410E-03
 
        0.01263   0.03810   0.03824   0.07079
 
     --------------------------------------------------------------------------------------------
     Tot. elapsed time 03m-52.8s,  time spent in last iteration 15.1s
     --------------------------------------------------------------------------------------------

                       *----------*              *----------*               *----------*
     #     Iteration = |       16 |   WBSE_dim = |        4 |   Diago_dim = |       32 |
                       *----------*              *----------*               *----------*
     s-DIAGOX done in < 00.1s with LAPACK
     --------------------------------------------------------------------------------------------
     Max diff =  0.399E-03
 
        0.01224   0.03770   0.03784   0.07079
 
     --------------------------------------------------------------------------------------------
     Tot. elapsed time 04m-08.6s,  time spent in last iteration 15.8s
     --------------------------------------------------------------------------------------------

                       *----------*              *----------*               *----------*
     #     Iteration = |       17 |   WBSE_dim = |        4 |   Diago_dim = |       36 |
                       *----------*              *----------*               *----------*
     s-DIAGOX done in < 00.1s with LAPACK
     --------------------------------------------------------------------------------------------
     Max diff =  0.398E-03
 
        0.01186   0.03731   0.03744   0.07079
 
     --------------------------------------------------------------------------------------------
     Tot. elapsed time 04m-24.7s,  time spent in last iteration 16.1s
     --------------------------------------------------------------------------------------------

                       *----------*              *----------*               *----------*
     #     Iteration = |       18 |   WBSE_dim = |        4 |   Diago_dim = |       40 |
                       *----------*              *----------*               *----------*
     s-DIAGOX done in < 00.1s with LAPACK
     --------------------------------------------------------------------------------------------
     Max diff =  0.354E-03
 
        0.01152   0.03695   0.03709   0.07079
 
     --------------------------------------------------------------------------------------------
     Tot. elapsed time 04m-41.5s,  time spent in last iteration 16.8s
     --------------------------------------------------------------------------------------------

       Refresh the basis set

                       *----------*              *----------*               *----------*
     #     Iteration = |       19 |   WBSE_dim = |        4 |   Diago_dim = |        8 |
                       *----------*              *----------*               *----------*
     s-DIAGOX done in < 00.1s with LAPACK
     --------------------------------------------------------------------------------------------
     Max diff =  0.183E-03
 
        0.01134   0.03677   0.03691   0.07079
 
     --------------------------------------------------------------------------------------------
     Tot. elapsed time 04m-57.3s,  time spent in last iteration 12.8s
     --------------------------------------------------------------------------------------------

                       *----------*              *----------*               *----------*
     #     Iteration = |       20 |   WBSE_dim = |        4 |   Diago_dim = |       12 |
                       *----------*              *----------*               *----------*
     s-DIAGOX done in < 00.1s with LAPACK
     --------------------------------------------------------------------------------------------
     Max diff =  0.256E-03
 
        0.01110   0.03651   0.03665   0.07079
 
     --------------------------------------------------------------------------------------------
     Tot. elapsed time 05m-10.8s,  time spent in last iteration 13.4s
     --------------------------------------------------------------------------------------------

                       *----------*              *----------*               *----------*
     #     Iteration = |       21 |   WBSE_dim = |        4 |   Diago_dim = |       16 |
                       *----------*              *----------*               *----------*
     s-DIAGOX done in < 00.1s with LAPACK
     --------------------------------------------------------------------------------------------
     Max diff =  0.265E-03
 
        0.01087   0.03625   0.03639   0.07079
 
     --------------------------------------------------------------------------------------------
     Tot. elapsed time 05m-24.6s,  time spent in last iteration 13.7s
     --------------------------------------------------------------------------------------------

                       *----------*              *----------*               *----------*
     #     Iteration = |       22 |   WBSE_dim = |        4 |   Diago_dim = |       20 |
                       *----------*              *----------*               *----------*
     s-DIAGOX done in < 00.1s with LAPACK
     --------------------------------------------------------------------------------------------
     Max diff =  0.256E-03
 
        0.01065   0.03599   0.03613   0.07079
 
     --------------------------------------------------------------------------------------------
     Tot. elapsed time 05m-39.1s,  time spent in last iteration 14.5s
     --------------------------------------------------------------------------------------------

                       *----------*              *----------*               *----------*
     #     Iteration = |       23 |   WBSE_dim = |        4 |   Diago_dim = |       24 |
                       *----------*              *----------*               *----------*
     s-DIAGOX done in < 00.1s with LAPACK
     --------------------------------------------------------------------------------------------
     Max diff =  0.247E-03
 
        0.01045   0.03575   0.03589   0.07079
 
     --------------------------------------------------------------------------------------------
     Tot. elapsed time 05m-53.8s,  time spent in last iteration 14.7s
     --------------------------------------------------------------------------------------------

                       *----------*              *----------*               *----------*
     #     Iteration = |       24 |   WBSE_dim = |        4 |   Diago_dim = |       28 |
                       *----------*              *----------*               *----------*
     s-DIAGOX done in < 00.1s with LAPACK
     --------------------------------------------------------------------------------------------
     Max diff =  0.238E-03
 
        0.01026   0.03551   0.03565   0.07079
 
     --------------------------------------------------------------------------------------------
     Tot. elapsed time 06m-09.2s,  time spent in last iteration 15.3s
     --------------------------------------------------------------------------------------------

                       *----------*              *----------*               *----------*
     #     Iteration = |       25 |   WBSE_dim = |        4 |   Diago_dim = |       32 |
                       *----------*              *----------*               *----------*
     s-DIAGOX done in < 00.1s with LAPACK
     --------------------------------------------------------------------------------------------
     Max diff =  0.229E-03
 
        0.01009   0.03528   0.03542   0.07079
 
     --------------------------------------------------------------------------------------------
     Tot. elapsed time 06m-24.9s,  time spent in last iteration 15.6s
     --------------------------------------------------------------------------------------------

                       *----------*              *----------*               *----------*
     #     Iteration = |       26 |   WBSE_dim = |        4 |   Diago_dim = |       36 |
                       *----------*              *----------*               *----------*
     s-DIAGOX done in < 00.1s with LAPACK
     --------------------------------------------------------------------------------------------
     Max diff =  0.216E-03
 
        0.00994   0.03506   0.03521   0.07079
 
     --------------------------------------------------------------------------------------------
     Tot. elapsed time 06m-41.2s,  time spent in last iteration 16.2s
     --------------------------------------------------------------------------------------------

                       *----------*              *----------*               *----------*
     #     Iteration = |       27 |   WBSE_dim = |        4 |   Diago_dim = |       40 |
                       *----------*              *----------*               *----------*
     s-DIAGOX done in < 00.1s with LAPACK
     --------------------------------------------------------------------------------------------
     Max diff =  0.195E-03
 
        0.00980   0.03487   0.03501   0.07079
 
     --------------------------------------------------------------------------------------------
     Tot. elapsed time 06m-57.8s,  time spent in last iteration 16.6s
     --------------------------------------------------------------------------------------------

       Refresh the basis set

                       *----------*              *----------*               *----------*
     #     Iteration = |       28 |   WBSE_dim = |        4 |   Diago_dim = |        8 |
                       *----------*              *----------*               *----------*
     s-DIAGOX done in < 00.1s with LAPACK
     --------------------------------------------------------------------------------------------
     Max diff =  0.155E-03
 
        0.00969   0.03471   0.03486   0.07079
 
     --------------------------------------------------------------------------------------------
     Tot. elapsed time 07m-13.7s,  time spent in last iteration 12.9s
     --------------------------------------------------------------------------------------------

                       *----------*              *----------*               *----------*
     #     Iteration = |       29 |   WBSE_dim = |        4 |   Diago_dim = |       12 |
                       *----------*              *----------*               *----------*
     s-DIAGOX done in < 00.1s with LAPACK
     --------------------------------------------------------------------------------------------
     Max diff =  0.167E-03
 
        0.00958   0.03454   0.03469   0.07079
 
     --------------------------------------------------------------------------------------------
     Tot. elapsed time 07m-27.0s,  time spent in last iteration 13.3s
     --------------------------------------------------------------------------------------------

                       *----------*              *----------*               *----------*
     #     Iteration = |       30 |   WBSE_dim = |        4 |   Diago_dim = |       16 |
                       *----------*              *----------*               *----------*
     s-DIAGOX done in < 00.1s with LAPACK
     --------------------------------------------------------------------------------------------
     Max diff =  0.167E-03
 
        0.00946   0.03438   0.03452   0.07079
 
     --------------------------------------------------------------------------------------------
     Tot. elapsed time 07m-40.9s,  time spent in last iteration 13.9s
     --------------------------------------------------------------------------------------------

                       *----------*              *----------*               *----------*
     #     Iteration = |       31 |   WBSE_dim = |        4 |   Diago_dim = |       20 |
                       *----------*              *----------*               *----------*
     s-DIAGOX done in < 00.1s with LAPACK
     --------------------------------------------------------------------------------------------
     Max diff =  0.163E-03
 
        0.00934   0.03421   0.03436   0.07079
 
     --------------------------------------------------------------------------------------------
     Tot. elapsed time 07m-55.2s,  time spent in last iteration 14.2s
     --------------------------------------------------------------------------------------------

                       *----------*              *----------*               *----------*
     #     Iteration = |       32 |   WBSE_dim = |        4 |   Diago_dim = |       24 |
                       *----------*              *----------*               *----------*
     s-DIAGOX done in < 00.1s with LAPACK
     --------------------------------------------------------------------------------------------
     Max diff =  0.161E-03
 
        0.00923   0.03405   0.03420   0.07079
 
     --------------------------------------------------------------------------------------------
     Tot. elapsed time 08m-10.2s,  time spent in last iteration 14.9s
     --------------------------------------------------------------------------------------------

                       *----------*              *----------*               *----------*
     #     Iteration = |       33 |   WBSE_dim = |        4 |   Diago_dim = |       28 |
                       *----------*              *----------*               *----------*
     s-DIAGOX done in < 00.1s with LAPACK
     --------------------------------------------------------------------------------------------
     Max diff =  0.158E-03
 
        0.00912   0.03389   0.03404   0.07079
 
     --------------------------------------------------------------------------------------------
     Tot. elapsed time 08m-25.4s,  time spent in last iteration 15.1s
     --------------------------------------------------------------------------------------------

                       *----------*              *----------*               *----------*
     #     Iteration = |       34 |   WBSE_dim = |        4 |   Diago_dim = |       32 |
                       *----------*              *----------*               *----------*
     s-DIAGOX done in < 00.1s with LAPACK
     --------------------------------------------------------------------------------------------
     Max diff =  0.156E-03
 
        0.00901   0.03374   0.03389   0.07079
 
     --------------------------------------------------------------------------------------------
     Tot. elapsed time 08m-41.3s,  time spent in last iteration 15.8s
     --------------------------------------------------------------------------------------------

                       *----------*              *----------*               *----------*
     #     Iteration = |       35 |   WBSE_dim = |        4 |   Diago_dim = |       36 |
                       *----------*              *----------*               *----------*
     s-DIAGOX done in < 00.1s with LAPACK
     --------------------------------------------------------------------------------------------
     Max diff =  0.146E-03
 
        0.00890   0.03359   0.03374   0.07079
 
     --------------------------------------------------------------------------------------------
     Tot. elapsed time 08m-57.4s,  time spent in last iteration 16.1s
     --------------------------------------------------------------------------------------------

                       *----------*              *----------*               *----------*
     #     Iteration = |       36 |   WBSE_dim = |        4 |   Diago_dim = |       40 |
                       *----------*              *----------*               *----------*
     s-DIAGOX done in < 00.1s with LAPACK
     --------------------------------------------------------------------------------------------
     Max diff =  0.109E-03
 
        0.00883   0.03348   0.03363   0.07079
 
     --------------------------------------------------------------------------------------------
     Tot. elapsed time 09m-14.2s,  time spent in last iteration 16.7s
     --------------------------------------------------------------------------------------------

       Refresh the basis set

                       *----------*              *----------*               *----------*
     #     Iteration = |       37 |   WBSE_dim = |        4 |   Diago_dim = |        8 |
                       *----------*              *----------*               *----------*
     s-DIAGOX done in < 00.1s with LAPACK
     --------------------------------------------------------------------------------------------
     Max diff =  0.921E-04
 
        0.00876   0.03339   0.03354   0.07079
 
     --------------------------------------------------------------------------------------------
     Tot. elapsed time 09m-30.0s,  time spent in last iteration 12.9s
     --------------------------------------------------------------------------------------------

                       *----------*              *----------*               *----------*
     #     Iteration = |       38 |   WBSE_dim = |        4 |   Diago_dim = |       12 |
                       *----------*              *----------*               *----------*
     s-DIAGOX done in < 00.1s with LAPACK
     --------------------------------------------------------------------------------------------
     Max diff =  0.117E-03
 
        0.00868   0.03327   0.03342   0.07079
 
     --------------------------------------------------------------------------------------------
     Tot. elapsed time 09m-43.5s,  time spent in last iteration 13.4s
     --------------------------------------------------------------------------------------------

                       *----------*              *----------*               *----------*
     #     Iteration = |       39 |   WBSE_dim = |        4 |   Diago_dim = |       16 |
                       *----------*              *----------*               *----------*
     s-DIAGOX done in < 00.1s with LAPACK
     --------------------------------------------------------------------------------------------
     Max diff =  0.119E-03
 
        0.00860   0.03315   0.03331   0.07079
 
     --------------------------------------------------------------------------------------------
     Tot. elapsed time 09m-57.3s,  time spent in last iteration 13.7s
     --------------------------------------------------------------------------------------------

                       *----------*              *----------*               *----------*
     #     Iteration = |       40 |   WBSE_dim = |        4 |   Diago_dim = |       20 |
                       *----------*              *----------*               *----------*
     s-DIAGOX done in < 00.1s with LAPACK
     --------------------------------------------------------------------------------------------
     Max diff =  0.114E-03
 
        0.00853   0.03304   0.03319   0.07079
 
     --------------------------------------------------------------------------------------------
     Tot. elapsed time 10m-11.6s,  time spent in last iteration 14.3s
     --------------------------------------------------------------------------------------------

                       *----------*              *----------*               *----------*
     #     Iteration = |       41 |   WBSE_dim = |        4 |   Diago_dim = |       24 |
                       *----------*              *----------*               *----------*
     s-DIAGOX done in < 00.1s with LAPACK
     --------------------------------------------------------------------------------------------
     Max diff =  0.110E-03
 
        0.00846   0.03293   0.03308   0.07079
 
     --------------------------------------------------------------------------------------------
     Tot. elapsed time 10m-26.4s,  time spent in last iteration 14.7s
     --------------------------------------------------------------------------------------------

                       *----------*              *----------*               *----------*
     #     Iteration = |       42 |   WBSE_dim = |        4 |   Diago_dim = |       28 |
                       *----------*              *----------*               *----------*
     s-DIAGOX done in < 00.1s with LAPACK
     --------------------------------------------------------------------------------------------
     Max diff =  0.105E-03
 
        0.00840   0.03283   0.03298   0.07079
 
     --------------------------------------------------------------------------------------------
     Tot. elapsed time 10m-41.7s,  time spent in last iteration 15.3s
     --------------------------------------------------------------------------------------------

                       *----------*              *----------*               *----------*
     #     Iteration = |       43 |   WBSE_dim = |        4 |   Diago_dim = |       32 |
                       *----------*              *----------*               *----------*
     s-DIAGOX done in < 00.1s with LAPACK
     --------------------------------------------------------------------------------------------
     Max diff =  0.101E-03
 
        0.00834   0.03273   0.03288   0.07079
 
     --------------------------------------------------------------------------------------------
     Tot. elapsed time 10m-57.4s,  time spent in last iteration 15.6s
     --------------------------------------------------------------------------------------------

                       *----------*              *----------*               *----------*
     #     Iteration = |       44 |   WBSE_dim = |        4 |   Diago_dim = |       36 |
                       *----------*              *----------*               *----------*
     s-DIAGOX done in < 00.1s with LAPACK
     --------------------------------------------------------------------------------------------
     Max diff =  0.954E-04
 
        0.00829   0.03263   0.03278   0.07079
 
     --------------------------------------------------------------------------------------------
     Tot. elapsed time 11m-13.7s,  time spent in last iteration 16.2s
     --------------------------------------------------------------------------------------------

                       *----------*              *----------*               *----------*
     #     Iteration = |       45 |   WBSE_dim = |        4 |   Diago_dim = |       40 |
                       *----------*              *----------*               *----------*
     s-DIAGOX done in < 00.1s with LAPACK
     --------------------------------------------------------------------------------------------
     Max diff =  0.876E-04
 
        0.00824   0.03254   0.03269   0.07079
 
     --------------------------------------------------------------------------------------------
     Tot. elapsed time 11m-30.4s,  time spent in last iteration 16.7s
     --------------------------------------------------------------------------------------------

       Refresh the basis set

                       *----------*              *----------*               *----------*
     #     Iteration = |       46 |   WBSE_dim = |        4 |   Diago_dim = |        8 |
                       *----------*              *----------*               *----------*
     s-DIAGOX done in < 00.1s with LAPACK
     --------------------------------------------------------------------------------------------
     Max diff =  0.775E-04
 
        0.00820   0.03246   0.03262   0.07079
 
     --------------------------------------------------------------------------------------------
     Tot. elapsed time 11m-46.3s,  time spent in last iteration 12.9s
     --------------------------------------------------------------------------------------------

                       *----------*              *----------*               *----------*
     #     Iteration = |       47 |   WBSE_dim = |        4 |   Diago_dim = |       12 |
                       *----------*              *----------*               *----------*
     s-DIAGOX done in < 00.1s with LAPACK
     --------------------------------------------------------------------------------------------
     Max diff =  0.788E-04
 
        0.00816   0.03239   0.03254   0.07079
 
     --------------------------------------------------------------------------------------------
     Tot. elapsed time 11m-59.7s,  time spent in last iteration 13.3s
     --------------------------------------------------------------------------------------------

                       *----------*              *----------*               *----------*
     #     Iteration = |       48 |   WBSE_dim = |        4 |   Diago_dim = |       16 |
                       *----------*              *----------*               *----------*
     s-DIAGOX done in < 00.1s with LAPACK
     --------------------------------------------------------------------------------------------
     Max diff =  0.783E-04
 
        0.00812   0.03231   0.03246   0.07079
 
     --------------------------------------------------------------------------------------------
     Tot. elapsed time 12m-13.6s,  time spent in last iteration 13.9s
     --------------------------------------------------------------------------------------------

                       *----------*              *----------*               *----------*
     #     Iteration = |       49 |   WBSE_dim = |        4 |   Diago_dim = |       20 |
                       *----------*              *----------*               *----------*
     s-DIAGOX done in < 00.1s with LAPACK
     --------------------------------------------------------------------------------------------
     Max diff =  0.766E-04
 
        0.00807   0.03223   0.03238   0.07079
 
     --------------------------------------------------------------------------------------------
     Tot. elapsed time 12m-27.9s,  time spent in last iteration 14.2s
     --------------------------------------------------------------------------------------------

                       *----------*              *----------*               *----------*
     #     Iteration = |       50 |   WBSE_dim = |        4 |   Diago_dim = |       24 |
                       *----------*              *----------*               *----------*
     s-DIAGOX done in < 00.1s with LAPACK
     --------------------------------------------------------------------------------------------
     Max diff =  0.755E-04
 
        0.00803   0.03216   0.03231   0.07079
 
     --------------------------------------------------------------------------------------------
     Tot. elapsed time 12m-42.8s,  time spent in last iteration 14.8s
     --------------------------------------------------------------------------------------------

                       *----------*              *----------*               *----------*
     #     Iteration = |       51 |   WBSE_dim = |        4 |   Diago_dim = |       28 |
                       *----------*              *----------*               *----------*
     s-DIAGOX done in < 00.1s with LAPACK
     --------------------------------------------------------------------------------------------
     Max diff =  0.735E-04
 
        0.00799   0.03208   0.03224   0.07079
 
     --------------------------------------------------------------------------------------------
     Tot. elapsed time 12m-58.0s,  time spent in last iteration 15.1s
     --------------------------------------------------------------------------------------------

                       *----------*              *----------*               *----------*
     #     Iteration = |       52 |   WBSE_dim = |        4 |   Diago_dim = |       32 |
                       *----------*              *----------*               *----------*
     s-DIAGOX done in < 00.1s with LAPACK
     --------------------------------------------------------------------------------------------
     Max diff =  0.719E-04
 
        0.00795   0.03201   0.03216   0.07079
 
     --------------------------------------------------------------------------------------------
     Tot. elapsed time 13m-13.7s,  time spent in last iteration 15.7s
     --------------------------------------------------------------------------------------------

                       *----------*              *----------*               *----------*
     #     Iteration = |       53 |   WBSE_dim = |        4 |   Diago_dim = |       36 |
                       *----------*              *----------*               *----------*
     s-DIAGOX done in < 00.1s with LAPACK
     --------------------------------------------------------------------------------------------
     Max diff =  0.671E-04
 
        0.00791   0.03194   0.03210   0.07079
 
     --------------------------------------------------------------------------------------------
     Tot. elapsed time 13m-29.9s,  time spent in last iteration 16.2s
     --------------------------------------------------------------------------------------------

                       *----------*              *----------*               *----------*
     #     Iteration = |       54 |   WBSE_dim = |        4 |   Diago_dim = |       40 |
                       *----------*              *----------*               *----------*
     s-DIAGOX done in < 00.1s with LAPACK
     --------------------------------------------------------------------------------------------
     Max diff =  0.516E-04
 
        0.00788   0.03189   0.03205   0.07079
 
     --------------------------------------------------------------------------------------------
     Tot. elapsed time 13m-46.7s,  time spent in last iteration 16.8s
     --------------------------------------------------------------------------------------------

       Refresh the basis set

                       *----------*              *----------*               *----------*
     #     Iteration = |       55 |   WBSE_dim = |        4 |   Diago_dim = |        8 |
                       *----------*              *----------*               *----------*
     s-DIAGOX done in < 00.1s with LAPACK
     --------------------------------------------------------------------------------------------
     Max diff =  0.461E-04
 
        0.00786   0.03185   0.03200   0.07079
 
     --------------------------------------------------------------------------------------------
     Tot. elapsed time 14m-02.6s,  time spent in last iteration 12.9s
     --------------------------------------------------------------------------------------------

                       *----------*              *----------*               *----------*
     #     Iteration = |       56 |   WBSE_dim = |        4 |   Diago_dim = |       12 |
                       *----------*              *----------*               *----------*
     s-DIAGOX done in < 00.1s with LAPACK
     --------------------------------------------------------------------------------------------
     Max diff =  0.565E-04
 
        0.00783   0.03179   0.03194   0.07079
 
     --------------------------------------------------------------------------------------------
     Tot. elapsed time 14m-16.1s,  time spent in last iteration 13.5s
     --------------------------------------------------------------------------------------------

                       *----------*              *----------*               *----------*
     #     Iteration = |       57 |   WBSE_dim = |        4 |   Diago_dim = |       16 |
                       *----------*              *----------*               *----------*
     s-DIAGOX done in < 00.1s with LAPACK
     --------------------------------------------------------------------------------------------
     Max diff =  0.569E-04
 
        0.00780   0.03173   0.03189   0.07079
 
     --------------------------------------------------------------------------------------------
     Tot. elapsed time 14m-30.1s,  time spent in last iteration 13.9s
     --------------------------------------------------------------------------------------------

                       *----------*              *----------*               *----------*
     #     Iteration = |       58 |   WBSE_dim = |        4 |   Diago_dim = |       20 |
                       *----------*              *----------*               *----------*
     s-DIAGOX done in < 00.1s with LAPACK
     --------------------------------------------------------------------------------------------
     Max diff =  0.547E-04
 
        0.00777   0.03168   0.03183   0.07079
 
     --------------------------------------------------------------------------------------------
     Tot. elapsed time 14m-44.5s,  time spent in last iteration 14.3s
     --------------------------------------------------------------------------------------------

                       *----------*              *----------*               *----------*
     #     Iteration = |       59 |   WBSE_dim = |        4 |   Diago_dim = |       24 |
                       *----------*              *----------*               *----------*
     s-DIAGOX done in < 00.1s with LAPACK
     --------------------------------------------------------------------------------------------
     Max diff =  0.526E-04
 
        0.00774   0.03162   0.03178   0.07079
 
     --------------------------------------------------------------------------------------------
     Tot. elapsed time 14m-59.3s,  time spent in last iteration 14.7s
     --------------------------------------------------------------------------------------------

                       *----------*              *----------*               *----------*
     #     Iteration = |       60 |   WBSE_dim = |        4 |   Diago_dim = |       28 |
                       *----------*              *----------*               *----------*
     s-DIAGOX done in < 00.1s with LAPACK
     --------------------------------------------------------------------------------------------
     Max diff =  0.500E-04
 
        0.00772   0.03157   0.03173   0.07079
 
     --------------------------------------------------------------------------------------------
     Tot. elapsed time 15m-14.6s,  time spent in last iteration 15.3s
     --------------------------------------------------------------------------------------------

                       *----------*              *----------*               *----------*
     #     Iteration = |       61 |   WBSE_dim = |        4 |   Diago_dim = |       32 |
                       *----------*              *----------*               *----------*
     s-DIAGOX done in < 00.1s with LAPACK
     --------------------------------------------------------------------------------------------
     Max diff =  0.479E-04
 
        0.00770   0.03153   0.03168   0.07079
 
     --------------------------------------------------------------------------------------------
     Tot. elapsed time 15m-30.3s,  time spent in last iteration 15.7s
     --------------------------------------------------------------------------------------------

                       *----------*              *----------*               *----------*
     #     Iteration = |       62 |   WBSE_dim = |        4 |   Diago_dim = |       36 |
                       *----------*              *----------*               *----------*
     s-DIAGOX done in < 00.1s with LAPACK
     --------------------------------------------------------------------------------------------
     Max diff =  0.453E-04
 
        0.00768   0.03148   0.03164   0.07079
 
     --------------------------------------------------------------------------------------------
     Tot. elapsed time 15m-46.6s,  time spent in last iteration 16.2s
     --------------------------------------------------------------------------------------------

                       *----------*              *----------*               *----------*
     #     Iteration = |       63 |   WBSE_dim = |        4 |   Diago_dim = |       40 |
                       *----------*              *----------*               *----------*
     s-DIAGOX done in < 00.1s with LAPACK
     --------------------------------------------------------------------------------------------
     Max diff =  0.428E-04
 
        0.00766   0.03144   0.03159   0.07079
 
     --------------------------------------------------------------------------------------------
     Tot. elapsed time 16m-03.4s,  time spent in last iteration 16.7s
     --------------------------------------------------------------------------------------------

       Refresh the basis set

                       *----------*              *----------*               *----------*
     #     Iteration = |       64 |   WBSE_dim = |        4 |   Diago_dim = |        8 |
                       *----------*              *----------*               *----------*
     s-DIAGOX done in < 00.1s with LAPACK
     --------------------------------------------------------------------------------------------
     Max diff =  0.389E-04
 
        0.00764   0.03140   0.03155   0.07079
 
     --------------------------------------------------------------------------------------------
     Tot. elapsed time 16m-19.3s,  time spent in last iteration 12.9s
     --------------------------------------------------------------------------------------------

                       *----------*              *----------*               *----------*
     #     Iteration = |       65 |   WBSE_dim = |        4 |   Diago_dim = |       12 |
                       *----------*              *----------*               *----------*
     s-DIAGOX done in < 00.1s with LAPACK
     --------------------------------------------------------------------------------------------
     Max diff =  0.384E-04
 
        0.00762   0.03136   0.03152   0.07079
 
     --------------------------------------------------------------------------------------------
     Tot. elapsed time 16m-32.7s,  time spent in last iteration 13.4s
     --------------------------------------------------------------------------------------------

                       *----------*              *----------*               *----------*
     #     Iteration = |       66 |   WBSE_dim = |        4 |   Diago_dim = |       16 |
                       *----------*              *----------*               *----------*
     s-DIAGOX done in < 00.1s with LAPACK
     --------------------------------------------------------------------------------------------
     Max diff =  0.380E-04
 
        0.00761   0.03132   0.03148   0.07079
 
     --------------------------------------------------------------------------------------------
     Tot. elapsed time 16m-46.7s,  time spent in last iteration 13.9s
     --------------------------------------------------------------------------------------------

                       *----------*              *----------*               *----------*
     #     Iteration = |       67 |   WBSE_dim = |        4 |   Diago_dim = |       20 |
                       *----------*              *----------*               *----------*
     s-DIAGOX done in < 00.1s with LAPACK
     --------------------------------------------------------------------------------------------
     Max diff =  0.373E-04
 
        0.00759   0.03129   0.03144   0.07079
 
     --------------------------------------------------------------------------------------------
     Tot. elapsed time 17m-01.1s,  time spent in last iteration 14.3s
     --------------------------------------------------------------------------------------------

                       *----------*              *----------*               *----------*
     #     Iteration = |       68 |   WBSE_dim = |        4 |   Diago_dim = |       24 |
                       *----------*              *----------*               *----------*
     s-DIAGOX done in < 00.1s with LAPACK
     --------------------------------------------------------------------------------------------
     Max diff =  0.367E-04
 
        0.00757   0.03125   0.03140   0.07079
 
     --------------------------------------------------------------------------------------------
     Tot. elapsed time 17m-15.9s,  time spent in last iteration 14.8s
     --------------------------------------------------------------------------------------------

                       *----------*              *----------*               *----------*
     #     Iteration = |       69 |   WBSE_dim = |        4 |   Diago_dim = |       28 |
                       *----------*              *----------*               *----------*
     s-DIAGOX done in < 00.1s with LAPACK
     --------------------------------------------------------------------------------------------
     Max diff =  0.357E-04
 
        0.00756   0.03121   0.03137   0.07079
 
     --------------------------------------------------------------------------------------------
     Tot. elapsed time 17m-31.2s,  time spent in last iteration 15.2s
     --------------------------------------------------------------------------------------------

                       *----------*              *----------*               *----------*
     #     Iteration = |       70 |   WBSE_dim = |        4 |   Diago_dim = |       32 |
                       *----------*              *----------*               *----------*
     s-DIAGOX done in < 00.1s with LAPACK
     --------------------------------------------------------------------------------------------
     Max diff =  0.347E-04
 
        0.00754   0.03118   0.03133   0.07079
 
     --------------------------------------------------------------------------------------------
     Tot. elapsed time 17m-47.0s,  time spent in last iteration 15.7s
     --------------------------------------------------------------------------------------------

                       *----------*              *----------*               *----------*
     #     Iteration = |       71 |   WBSE_dim = |        4 |   Diago_dim = |       36 |
                       *----------*              *----------*               *----------*
     s-DIAGOX done in < 00.1s with LAPACK
     --------------------------------------------------------------------------------------------
     Max diff =  0.323E-04
 
        0.00753   0.03115   0.03130   0.07079
 
     --------------------------------------------------------------------------------------------
     Tot. elapsed time 18m-03.2s,  time spent in last iteration 16.2s
     --------------------------------------------------------------------------------------------

                       *----------*              *----------*               *----------*
     #     Iteration = |       72 |   WBSE_dim = |        4 |   Diago_dim = |       40 |
                       *----------*              *----------*               *----------*
     s-DIAGOX done in < 00.1s with LAPACK
     --------------------------------------------------------------------------------------------
     Max diff =  0.253E-04
 
        0.00751   0.03112   0.03128   0.07079
 
     --------------------------------------------------------------------------------------------
     Tot. elapsed time 18m-19.9s,  time spent in last iteration 16.7s
     --------------------------------------------------------------------------------------------

       Refresh the basis set

                       *----------*              *----------*               *----------*
     #     Iteration = |       73 |   WBSE_dim = |        4 |   Diago_dim = |        8 |
                       *----------*              *----------*               *----------*
     s-DIAGOX done in < 00.1s with LAPACK
     --------------------------------------------------------------------------------------------
     Max diff =  0.231E-04
 
        0.00750   0.03110   0.03125   0.07079
 
     --------------------------------------------------------------------------------------------
     Tot. elapsed time 18m-36.0s,  time spent in last iteration 13.1s
     --------------------------------------------------------------------------------------------

                       *----------*              *----------*               *----------*
     #     Iteration = |       74 |   WBSE_dim = |        4 |   Diago_dim = |       12 |
                       *----------*              *----------*               *----------*
     s-DIAGOX done in < 00.1s with LAPACK
     --------------------------------------------------------------------------------------------
     Max diff =  0.278E-04
 
        0.00749   0.03107   0.03123   0.07079
 
     --------------------------------------------------------------------------------------------
     Tot. elapsed time 18m-49.4s,  time spent in last iteration 13.4s
     --------------------------------------------------------------------------------------------

                       *----------*              *----------*               *----------*
     #     Iteration = |       75 |   WBSE_dim = |        4 |   Diago_dim = |       16 |
                       *----------*              *----------*               *----------*
     s-DIAGOX done in < 00.1s with LAPACK
     --------------------------------------------------------------------------------------------
     Max diff =  0.279E-04
 
        0.00748   0.03104   0.03120   0.07079
 
     --------------------------------------------------------------------------------------------
     Tot. elapsed time 19m-03.4s,  time spent in last iteration 13.9s
     --------------------------------------------------------------------------------------------

                       *----------*              *----------*               *----------*
     #     Iteration = |       76 |   WBSE_dim = |        4 |   Diago_dim = |       20 |
                       *----------*              *----------*               *----------*
     s-DIAGOX done in < 00.1s with LAPACK
     --------------------------------------------------------------------------------------------
     Max diff =  0.269E-04
 
        0.00747   0.03102   0.03117   0.07079
 
     --------------------------------------------------------------------------------------------
     Tot. elapsed time 19m-17.7s,  time spent in last iteration 14.3s
     --------------------------------------------------------------------------------------------

                       *----------*              *----------*               *----------*
     #     Iteration = |       77 |   WBSE_dim = |        4 |   Diago_dim = |       24 |
                       *----------*              *----------*               *----------*
     s-DIAGOX done in < 00.1s with LAPACK
     --------------------------------------------------------------------------------------------
     Max diff =  0.258E-04
 
        0.00746   0.03099   0.03115   0.07079
 
     --------------------------------------------------------------------------------------------
     Tot. elapsed time 19m-32.5s,  time spent in last iteration 14.7s
     --------------------------------------------------------------------------------------------

                       *----------*              *----------*               *----------*
     #     Iteration = |       78 |   WBSE_dim = |        4 |   Diago_dim = |       28 |
                       *----------*              *----------*               *----------*
     s-DIAGOX done in < 00.1s with LAPACK
     --------------------------------------------------------------------------------------------
     Max diff =  0.245E-04
 
        0.00745   0.03097   0.03112   0.07079
 
     --------------------------------------------------------------------------------------------
     Tot. elapsed time 19m-47.9s,  time spent in last iteration 15.3s
     --------------------------------------------------------------------------------------------

                       *----------*              *----------*               *----------*
     #     Iteration = |       79 |   WBSE_dim = |        4 |   Diago_dim = |       32 |
                       *----------*              *----------*               *----------*
     s-DIAGOX done in < 00.1s with LAPACK
     --------------------------------------------------------------------------------------------
     Max diff =  0.234E-04
 
        0.00744   0.03094   0.03110   0.07079
 
     --------------------------------------------------------------------------------------------
     Tot. elapsed time 20m-03.6s,  time spent in last iteration 15.7s
     --------------------------------------------------------------------------------------------

                       *----------*              *----------*               *----------*
     #     Iteration = |       80 |   WBSE_dim = |        4 |   Diago_dim = |       36 |
                       *----------*              *----------*               *----------*
     s-DIAGOX done in < 00.1s with LAPACK
     --------------------------------------------------------------------------------------------
     Max diff =  0.221E-04
 
        0.00743   0.03092   0.03108   0.07079
 
     --------------------------------------------------------------------------------------------
     Tot. elapsed time 20m-19.8s,  time spent in last iteration 16.2s
     --------------------------------------------------------------------------------------------

                       *----------*              *----------*               *----------*
     #     Iteration = |       81 |   WBSE_dim = |        4 |   Diago_dim = |       40 |
                       *----------*              *----------*               *----------*
     s-DIAGOX done in < 00.1s with LAPACK
     --------------------------------------------------------------------------------------------
     Max diff =  0.213E-04
 
        0.00742   0.03090   0.03105   0.07079
 
     --------------------------------------------------------------------------------------------
     Tot. elapsed time 20m-36.7s,  time spent in last iteration 16.8s
     --------------------------------------------------------------------------------------------

       Refresh the basis set

                       *----------*              *----------*               *----------*
     #     Iteration = |       82 |   WBSE_dim = |        4 |   Diago_dim = |        8 |
                       *----------*              *----------*               *----------*
     s-DIAGOX done in < 00.1s with LAPACK
     --------------------------------------------------------------------------------------------
     Max diff =  0.196E-04
 
        0.00741   0.03088   0.03103   0.07079
 
     --------------------------------------------------------------------------------------------
     Tot. elapsed time 20m-52.5s,  time spent in last iteration 12.8s
     --------------------------------------------------------------------------------------------

                       *----------*              *----------*               *----------*
     #     Iteration = |       83 |   WBSE_dim = |        4 |   Diago_dim = |       12 |
                       *----------*              *----------*               *----------*
     s-DIAGOX done in < 00.1s with LAPACK
     --------------------------------------------------------------------------------------------
     Max diff =  0.190E-04
 
        0.00741   0.03086   0.03102   0.07079
 
     --------------------------------------------------------------------------------------------
     Tot. elapsed time 21m-05.9s,  time spent in last iteration 13.4s
     --------------------------------------------------------------------------------------------

                       *----------*              *----------*               *----------*
     #     Iteration = |       84 |   WBSE_dim = |        4 |   Diago_dim = |       16 |
                       *----------*              *----------*               *----------*
     s-DIAGOX done in < 00.1s with LAPACK
     --------------------------------------------------------------------------------------------
     Max diff =  0.188E-04
 
        0.00740   0.03084   0.03100   0.07079
 
     --------------------------------------------------------------------------------------------
     Tot. elapsed time 21m-19.9s,  time spent in last iteration 13.9s
     --------------------------------------------------------------------------------------------

                       *----------*              *----------*               *----------*
     #     Iteration = |       85 |   WBSE_dim = |        4 |   Diago_dim = |       20 |
                       *----------*              *----------*               *----------*
     s-DIAGOX done in < 00.1s with LAPACK
     --------------------------------------------------------------------------------------------
     Max diff =  0.185E-04
 
        0.00739   0.03082   0.03098   0.07079
 
     --------------------------------------------------------------------------------------------
     Tot. elapsed time 21m-34.2s,  time spent in last iteration 14.3s
     --------------------------------------------------------------------------------------------

                       *----------*              *----------*               *----------*
     #     Iteration = |       86 |   WBSE_dim = |        4 |   Diago_dim = |       24 |
                       *----------*              *----------*               *----------*
     s-DIAGOX done in < 00.1s with LAPACK
     --------------------------------------------------------------------------------------------
     Max diff =  0.182E-04
 
        0.00739   0.03080   0.03096   0.07079
 
     --------------------------------------------------------------------------------------------
     Tot. elapsed time 21m-49.0s,  time spent in last iteration 14.7s
     --------------------------------------------------------------------------------------------

                       *----------*              *----------*               *----------*
     #     Iteration = |       87 |   WBSE_dim = |        4 |   Diago_dim = |       28 |
                       *----------*              *----------*               *----------*
     s-DIAGOX done in < 00.1s with LAPACK
     --------------------------------------------------------------------------------------------
     Max diff =  0.176E-04
 
        0.00738   0.03079   0.03094   0.07079
 
     --------------------------------------------------------------------------------------------
     Tot. elapsed time 22m-04.3s,  time spent in last iteration 15.3s
     --------------------------------------------------------------------------------------------

                       *----------*              *----------*               *----------*
     #     Iteration = |       88 |   WBSE_dim = |        4 |   Diago_dim = |       32 |
                       *----------*              *----------*               *----------*
     s-DIAGOX done in < 00.1s with LAPACK
     --------------------------------------------------------------------------------------------
     Max diff =  0.171E-04
 
        0.00737   0.03077   0.03093   0.07079
 
     --------------------------------------------------------------------------------------------
     Tot. elapsed time 22m-20.1s,  time spent in last iteration 15.7s
     --------------------------------------------------------------------------------------------

                       *----------*              *----------*               *----------*
     #     Iteration = |       89 |   WBSE_dim = |        4 |   Diago_dim = |       36 |
                       *----------*              *----------*               *----------*
     s-DIAGOX done in < 00.1s with LAPACK
     --------------------------------------------------------------------------------------------
     Max diff =  0.159E-04
 
        0.00737   0.03075   0.03091   0.07079
 
     --------------------------------------------------------------------------------------------
     Tot. elapsed time 22m-36.4s,  time spent in last iteration 16.2s
     --------------------------------------------------------------------------------------------

                       *----------*              *----------*               *----------*
     #     Iteration = |       90 |   WBSE_dim = |        4 |   Diago_dim = |       40 |
                       *----------*              *----------*               *----------*
     s-DIAGOX done in < 00.1s with LAPACK
     --------------------------------------------------------------------------------------------
     Max diff =  0.126E-04
 
        0.00736   0.03074   0.03090   0.07079
 
     --------------------------------------------------------------------------------------------
     Tot. elapsed time 22m-53.0s,  time spent in last iteration 16.6s
     --------------------------------------------------------------------------------------------

       Refresh the basis set

                       *----------*              *----------*               *----------*
     #     Iteration = |       91 |   WBSE_dim = |        4 |   Diago_dim = |        8 |
                       *----------*              *----------*               *----------*
     s-DIAGOX done in < 00.1s with LAPACK
     --------------------------------------------------------------------------------------------
     Max diff =  0.117E-04
 
        0.00736   0.03073   0.03089   0.07079
 
     --------------------------------------------------------------------------------------------
     Tot. elapsed time 23m-09.0s,  time spent in last iteration 13.0s
     --------------------------------------------------------------------------------------------

                       *----------*              *----------*               *----------*
     #     Iteration = |       92 |   WBSE_dim = |        4 |   Diago_dim = |       12 |
                       *----------*              *----------*               *----------*
     s-DIAGOX done in < 00.1s with LAPACK
     --------------------------------------------------------------------------------------------
     Max diff =  0.139E-04
 
        0.00735   0.03072   0.03087   0.07079
 
     --------------------------------------------------------------------------------------------
     Tot. elapsed time 23m-22.3s,  time spent in last iteration 13.3s
     --------------------------------------------------------------------------------------------

                       *----------*              *----------*               *----------*
     #     Iteration = |       93 |   WBSE_dim = |        4 |   Diago_dim = |       16 |
                       *----------*              *----------*               *----------*
     s-DIAGOX done in < 00.1s with LAPACK
     --------------------------------------------------------------------------------------------
     Max diff =  0.139E-04
 
        0.00735   0.03070   0.03086   0.07079
 
     --------------------------------------------------------------------------------------------
     Tot. elapsed time 23m-36.3s,  time spent in last iteration 13.9s
     --------------------------------------------------------------------------------------------

                       *----------*              *----------*               *----------*
     #     Iteration = |       94 |   WBSE_dim = |        4 |   Diago_dim = |       20 |
                       *----------*              *----------*               *----------*
     s-DIAGOX done in < 00.1s with LAPACK
     --------------------------------------------------------------------------------------------
     Max diff =  0.134E-04
 
        0.00734   0.03069   0.03084   0.07079
 
     --------------------------------------------------------------------------------------------
     Tot. elapsed time 23m-50.7s,  time spent in last iteration 14.3s
     --------------------------------------------------------------------------------------------

                       *----------*              *----------*               *----------*
     #     Iteration = |       95 |   WBSE_dim = |        4 |   Diago_dim = |       24 |
                       *----------*              *----------*               *----------*
     s-DIAGOX done in < 00.1s with LAPACK
     --------------------------------------------------------------------------------------------
     Max diff =  0.129E-04
 
        0.00734   0.03068   0.03083   0.07079
 
     --------------------------------------------------------------------------------------------
     Tot. elapsed time 24m-05.5s,  time spent in last iteration 14.7s
     --------------------------------------------------------------------------------------------

                       *----------*              *----------*               *----------*
     #     Iteration = |       96 |   WBSE_dim = |        4 |   Diago_dim = |       28 |
                       *----------*              *----------*               *----------*
     s-DIAGOX done in < 00.1s with LAPACK
     --------------------------------------------------------------------------------------------
     Max diff =  0.122E-04
 
        0.00733   0.03066   0.03082   0.07079
 
     --------------------------------------------------------------------------------------------
     Tot. elapsed time 24m-20.8s,  time spent in last iteration 15.3s
     --------------------------------------------------------------------------------------------

                       *----------*              *----------*               *----------*
     #     Iteration = |       97 |   WBSE_dim = |        4 |   Diago_dim = |       32 |
                       *----------*              *----------*               *----------*
     s-DIAGOX done in < 00.1s with LAPACK
     --------------------------------------------------------------------------------------------
     Max diff =  0.116E-04
 
        0.00733   0.03065   0.03081   0.07079
 
     --------------------------------------------------------------------------------------------
     Tot. elapsed time 24m-36.7s,  time spent in last iteration 15.8s
     --------------------------------------------------------------------------------------------

                       *----------*              *----------*               *----------*
     #     Iteration = |       98 |   WBSE_dim = |        4 |   Diago_dim = |       36 |
                       *----------*              *----------*               *----------*
     s-DIAGOX done in < 00.1s with LAPACK
     --------------------------------------------------------------------------------------------
     Max diff =  0.110E-04
 
        0.00733   0.03064   0.03080   0.07079
 
     --------------------------------------------------------------------------------------------
     Tot. elapsed time 24m-52.8s,  time spent in last iteration 16.1s
     --------------------------------------------------------------------------------------------

                       *----------*              *----------*               *----------*
     #     Iteration = |       99 |   WBSE_dim = |        4 |   Diago_dim = |       40 |
                       *----------*              *----------*               *----------*
     s-DIAGOX done in < 00.1s with LAPACK
     --------------------------------------------------------------------------------------------
     Max diff =  0.107E-04
 
        0.00732   0.03063   0.03079   0.07079
 
     --------------------------------------------------------------------------------------------
     Tot. elapsed time 25m-09.6s,  time spent in last iteration 16.7s
     --------------------------------------------------------------------------------------------

       Refresh the basis set

                       *----------*              *----------*               *----------*
     #     Iteration = |      100 |   WBSE_dim = |        4 |   Diago_dim = |        8 |
                       *----------*              *----------*               *----------*
     s-DIAGOX done in < 00.1s with LAPACK
     --------------------------------------------------------------------------------------------
     Max diff =  0.998E-05
 
        0.00732   0.03062   0.03078   0.07079
 
     --------------------------------------------------------------------------------------------
     Tot. elapsed time 25m-25.4s,  time spent in last iteration 12.8s
     --------------------------------------------------------------------------------------------

     [I/O] -------------------------------------------------------
     [I/O] RESTART written in 41.2s
     [I/O] In location   : ./pwscf.wbse.restart
     [I/O] -------------------------------------------------------

                       *----------*              *----------*               *----------*
     #     Iteration = |      101 |   WBSE_dim = |        4 |   Diago_dim = |       12 |
                       *----------*              *----------*               *----------*
     s-DIAGOX done in < 00.1s with LAPACK
     --------------------------------------------------------------------------------------------
     Max diff =  0.955E-05
 
        0.00732   0.03061   0.03077   0.07079
 
     --------------------------------------------------------------------------------------------
     Tot. elapsed time 26m-22.2s,  time spent in last iteration 14.5s
     --------------------------------------------------------------------------------------------

                       *----------*              *----------*               *----------*
     #     Iteration = |      102 |   WBSE_dim = |        4 |   Diago_dim = |       16 |
                       *----------*              *----------*               *----------*
     s-DIAGOX done in < 00.1s with LAPACK
     --------------------------------------------------------------------------------------------
     Max diff =  0.945E-05
 
        0.00731   0.03060   0.03076   0.07079
 
     --------------------------------------------------------------------------------------------
     Tot. elapsed time 26m-36.3s,  time spent in last iteration 14.0s
     --------------------------------------------------------------------------------------------

                       *----------*              *----------*               *----------*
     #     Iteration = |      103 |   WBSE_dim = |        4 |   Diago_dim = |       20 |
                       *----------*              *----------*               *----------*
     s-DIAGOX done in < 00.1s with LAPACK
     --------------------------------------------------------------------------------------------
     Max diff =  0.929E-05
 
        0.00731   0.03059   0.03075   0.07079
 
     --------------------------------------------------------------------------------------------
     Tot. elapsed time 26m-50.6s,  time spent in last iteration 14.3s
     --------------------------------------------------------------------------------------------

                       *----------*              *----------*               *----------*
     #     Iteration = |      104 |   WBSE_dim = |        4 |   Diago_dim = |       24 |
                       *----------*              *----------*               *----------*
     s-DIAGOX done in < 00.1s with LAPACK
     --------------------------------------------------------------------------------------------
     Max diff =  0.912E-05
 
        0.00731   0.03058   0.03074   0.07079
 
     --------------------------------------------------------------------------------------------
     Tot. elapsed time 27m-05.4s,  time spent in last iteration 14.7s
     --------------------------------------------------------------------------------------------

                       *----------*              *----------*               *----------*
     #     Iteration = |      105 |   WBSE_dim = |        4 |   Diago_dim = |       28 |
                       *----------*              *----------*               *----------*
     s-DIAGOX done in < 00.1s with LAPACK
     --------------------------------------------------------------------------------------------
     Max diff =  0.886E-05
 
        0.00730   0.03057   0.03073   0.07079
 
     --------------------------------------------------------------------------------------------
     Tot. elapsed time 27m-20.7s,  time spent in last iteration 15.2s
     --------------------------------------------------------------------------------------------

                       *----------*              *----------*               *----------*
     #     Iteration = |      106 |   WBSE_dim = |        4 |   Diago_dim = |       32 |
                       *----------*              *----------*               *----------*
     s-DIAGOX done in < 00.1s with LAPACK
     --------------------------------------------------------------------------------------------
     Max diff =  0.857E-05
 
        0.00730   0.03057   0.03072   0.07079
 
     --------------------------------------------------------------------------------------------
     Tot. elapsed time 27m-36.5s,  time spent in last iteration 15.7s
     --------------------------------------------------------------------------------------------

                       *----------*              *----------*               *----------*
     #     Iteration = |      107 |   WBSE_dim = |        4 |   Diago_dim = |       36 |
                       *----------*              *----------*               *----------*
     s-DIAGOX done in < 00.1s with LAPACK
     --------------------------------------------------------------------------------------------
     Max diff =  0.798E-05
 
        0.00730   0.03056   0.03071   0.07079
 
     --------------------------------------------------------------------------------------------
     Tot. elapsed time 27m-52.7s,  time spent in last iteration 16.1s
     --------------------------------------------------------------------------------------------

                       *----------*              *----------*               *----------*
     #     Iteration = |      108 |   WBSE_dim = |        4 |   Diago_dim = |       40 |
                       *----------*              *----------*               *----------*
     s-DIAGOX done in < 00.1s with LAPACK
     --------------------------------------------------------------------------------------------
     Max diff =  0.639E-05
 
        0.00730   0.03055   0.03071   0.07079
 
     --------------------------------------------------------------------------------------------
     Tot. elapsed time 28m-09.4s,  time spent in last iteration 16.7s
     --------------------------------------------------------------------------------------------

       Refresh the basis set

                       *----------*              *----------*               *----------*
     #     Iteration = |      109 |   WBSE_dim = |        4 |   Diago_dim = |        8 |
                       *----------*              *----------*               *----------*
     s-DIAGOX done in < 00.1s with LAPACK
     --------------------------------------------------------------------------------------------
     Max diff =  0.597E-05
 
        0.00729   0.03054   0.03070   0.07079
 
     --------------------------------------------------------------------------------------------
     Tot. elapsed time 28m-25.2s,  time spent in last iteration 12.8s
     --------------------------------------------------------------------------------------------

                       *----------*              *----------*               *----------*
     #     Iteration = |      110 |   WBSE_dim = |        4 |   Diago_dim = |       12 |
                       *----------*              *----------*               *----------*
     s-DIAGOX done in < 00.1s with LAPACK
     --------------------------------------------------------------------------------------------
     Max diff =  0.701E-05
 
        0.00729   0.03054   0.03069   0.07079
 
     --------------------------------------------------------------------------------------------
     Tot. elapsed time 28m-38.6s,  time spent in last iteration 13.4s
     --------------------------------------------------------------------------------------------

                       *----------*              *----------*               *----------*
     #     Iteration = |      111 |   WBSE_dim = |        4 |   Diago_dim = |       16 |
                       *----------*              *----------*               *----------*
     s-DIAGOX done in < 00.1s with LAPACK
     --------------------------------------------------------------------------------------------
     Max diff =  0.704E-05
 
        0.00729   0.03053   0.03069   0.07079
 
     --------------------------------------------------------------------------------------------
     Tot. elapsed time 28m-52.5s,  time spent in last iteration 13.8s
     --------------------------------------------------------------------------------------------

                       *----------*              *----------*               *----------*
     #     Iteration = |      112 |   WBSE_dim = |        4 |   Diago_dim = |       20 |
                       *----------*              *----------*               *----------*
     s-DIAGOX done in < 00.1s with LAPACK
     --------------------------------------------------------------------------------------------
     Max diff =  0.679E-05
 
        0.00729   0.03052   0.03068   0.07079
 
     --------------------------------------------------------------------------------------------
     Tot. elapsed time 29m-07.0s,  time spent in last iteration 14.4s
     --------------------------------------------------------------------------------------------

                       *----------*              *----------*               *----------*
     #     Iteration = |      113 |   WBSE_dim = |        4 |   Diago_dim = |       24 |
                       *----------*              *----------*               *----------*
     s-DIAGOX done in < 00.1s with LAPACK
     --------------------------------------------------------------------------------------------
     Max diff =  0.652E-05
 
        0.00729   0.03052   0.03067   0.07079
 
     --------------------------------------------------------------------------------------------
     Tot. elapsed time 29m-21.7s,  time spent in last iteration 14.7s
     --------------------------------------------------------------------------------------------

                       *----------*              *----------*               *----------*
     #     Iteration = |      114 |   WBSE_dim = |        4 |   Diago_dim = |       28 |
                       *----------*              *----------*               *----------*
     s-DIAGOX done in < 00.1s with LAPACK
     --------------------------------------------------------------------------------------------
     Max diff =  0.619E-05
 
        0.00728   0.03051   0.03067   0.07079
 
     --------------------------------------------------------------------------------------------
     Tot. elapsed time 29m-37.1s,  time spent in last iteration 15.3s
     --------------------------------------------------------------------------------------------

                       *----------*              *----------*               *----------*
     #     Iteration = |      115 |   WBSE_dim = |        4 |   Diago_dim = |       32 |
                       *----------*              *----------*               *----------*
     s-DIAGOX done in < 00.1s with LAPACK
     --------------------------------------------------------------------------------------------
     Max diff =  0.588E-05
 
        0.00728   0.03051   0.03066   0.07079
 
     --------------------------------------------------------------------------------------------
     Tot. elapsed time 29m-52.8s,  time spent in last iteration 15.6s
     --------------------------------------------------------------------------------------------

                       *----------*              *----------*               *----------*
     #     Iteration = |      116 |   WBSE_dim = |        4 |   Diago_dim = |       36 |
                       *----------*              *----------*               *----------*
     s-DIAGOX done in < 00.1s with LAPACK
     --------------------------------------------------------------------------------------------
     Max diff =  0.557E-05
 
        0.00728   0.03050   0.03066   0.07079
 
     --------------------------------------------------------------------------------------------
     Tot. elapsed time 30m-08.9s,  time spent in last iteration 16.1s
     --------------------------------------------------------------------------------------------

                       *----------*              *----------*               *----------*
     #     Iteration = |      117 |   WBSE_dim = |        4 |   Diago_dim = |       40 |
                       *----------*              *----------*               *----------*
     s-DIAGOX done in < 00.1s with LAPACK
     --------------------------------------------------------------------------------------------
     Max diff =  0.549E-05
 
        0.00728   0.03049   0.03065   0.07079
 
     --------------------------------------------------------------------------------------------
     Tot. elapsed time 30m-25.5s,  time spent in last iteration 16.5s
     --------------------------------------------------------------------------------------------

       Refresh the basis set

                       *----------*              *----------*               *----------*
     #     Iteration = |      118 |   WBSE_dim = |        4 |   Diago_dim = |        8 |
                       *----------*              *----------*               *----------*
     s-DIAGOX done in < 00.1s with LAPACK
     --------------------------------------------------------------------------------------------
     Max diff =  0.513E-05
 
        0.00728   0.03049   0.03064   0.07079
 
     --------------------------------------------------------------------------------------------
     Tot. elapsed time 30m-41.5s,  time spent in last iteration 13.0s
     --------------------------------------------------------------------------------------------

                       *----------*              *----------*               *----------*
     #     Iteration = |      119 |   WBSE_dim = |        4 |   Diago_dim = |       12 |
                       *----------*              *----------*               *----------*
     s-DIAGOX done in < 00.1s with LAPACK
     --------------------------------------------------------------------------------------------
     Max diff =  0.486E-05
 
        0.00728   0.03048   0.03064   0.07079
 
     --------------------------------------------------------------------------------------------
     Tot. elapsed time 30m-54.8s,  time spent in last iteration 13.3s
     --------------------------------------------------------------------------------------------

                       *----------*              *----------*               *----------*
     #     Iteration = |      120 |   WBSE_dim = |        4 |   Diago_dim = |       16 |
                       *----------*              *----------*               *----------*
     s-DIAGOX done in < 00.1s with LAPACK
     --------------------------------------------------------------------------------------------
     Max diff =  0.481E-05
 
        0.00727   0.03048   0.03063   0.07079
 
     --------------------------------------------------------------------------------------------
     Tot. elapsed time 31m-08.8s,  time spent in last iteration 13.9s
     --------------------------------------------------------------------------------------------

                       *----------*              *----------*               *----------*
     #     Iteration = |      121 |   WBSE_dim = |        4 |   Diago_dim = |       20 |
                       *----------*              *----------*               *----------*
     s-DIAGOX done in < 00.1s with LAPACK
     --------------------------------------------------------------------------------------------
     Max diff =  0.473E-05
 
        0.00727   0.03047   0.03063   0.07079
 
     --------------------------------------------------------------------------------------------
     Tot. elapsed time 31m-23.0s,  time spent in last iteration 14.2s
     --------------------------------------------------------------------------------------------

                       *----------*              *----------*               *----------*
     #     Iteration = |      122 |   WBSE_dim = |        4 |   Diago_dim = |       24 |
                       *----------*              *----------*               *----------*
     s-DIAGOX done in < 00.1s with LAPACK
     --------------------------------------------------------------------------------------------
     Max diff =  0.464E-05
 
        0.00727   0.03047   0.03063   0.07079
 
     --------------------------------------------------------------------------------------------
     Tot. elapsed time 31m-37.8s,  time spent in last iteration 14.8s
     --------------------------------------------------------------------------------------------

                       *----------*              *----------*               *----------*
     #     Iteration = |      123 |   WBSE_dim = |        4 |   Diago_dim = |       28 |
                       *----------*              *----------*               *----------*
     s-DIAGOX done in < 00.1s with LAPACK
     --------------------------------------------------------------------------------------------
     Max diff =  0.451E-05
 
        0.00727   0.03047   0.03062   0.07079
 
     --------------------------------------------------------------------------------------------
     Tot. elapsed time 31m-53.1s,  time spent in last iteration 15.2s
     --------------------------------------------------------------------------------------------

                       *----------*              *----------*               *----------*
     #     Iteration = |      124 |   WBSE_dim = |        4 |   Diago_dim = |       32 |
                       *----------*              *----------*               *----------*
     s-DIAGOX done in < 00.1s with LAPACK
     --------------------------------------------------------------------------------------------
     Max diff =  0.436E-05
 
        0.00727   0.03046   0.03062   0.07079
 
     --------------------------------------------------------------------------------------------
     Tot. elapsed time 32m-08.9s,  time spent in last iteration 15.7s
     --------------------------------------------------------------------------------------------

                       *----------*              *----------*               *----------*
     #     Iteration = |      125 |   WBSE_dim = |        4 |   Diago_dim = |       36 |
                       *----------*              *----------*               *----------*
     s-DIAGOX done in < 00.1s with LAPACK
     --------------------------------------------------------------------------------------------
     Max diff =  0.406E-05
 
        0.00727   0.03046   0.03061   0.07079
 
     --------------------------------------------------------------------------------------------
     Tot. elapsed time 32m-25.0s,  time spent in last iteration 16.0s
     --------------------------------------------------------------------------------------------

                       *----------*              *----------*               *----------*
     #     Iteration = |      126 |   WBSE_dim = |        4 |   Diago_dim = |       40 |
                       *----------*              *----------*               *----------*
     s-DIAGOX done in < 00.1s with LAPACK
     --------------------------------------------------------------------------------------------
     Max diff =  0.328E-05
 
        0.00727   0.03045   0.03061   0.07079
 
     --------------------------------------------------------------------------------------------
     Tot. elapsed time 32m-41.8s,  time spent in last iteration 16.8s
     --------------------------------------------------------------------------------------------

       Refresh the basis set

                       *----------*              *----------*               *----------*
     #     Iteration = |      127 |   WBSE_dim = |        4 |   Diago_dim = |        8 |
                       *----------*              *----------*               *----------*
     s-DIAGOX done in < 00.1s with LAPACK
     --------------------------------------------------------------------------------------------
     Max diff =  0.308E-05
 
        0.00727   0.03045   0.03061   0.07079
 
     --------------------------------------------------------------------------------------------
     Tot. elapsed time 32m-57.5s,  time spent in last iteration 12.8s
     --------------------------------------------------------------------------------------------

                       *----------*              *----------*               *----------*
     #     Iteration = |      128 |   WBSE_dim = |        4 |   Diago_dim = |       12 |
                       *----------*              *----------*               *----------*
     s-DIAGOX done in < 00.1s with LAPACK
     --------------------------------------------------------------------------------------------
     Max diff =  0.359E-05
 
        0.00727   0.03045   0.03060   0.07079
 
     --------------------------------------------------------------------------------------------
     Tot. elapsed time 33m-11.1s,  time spent in last iteration 13.5s
     --------------------------------------------------------------------------------------------

                       *----------*              *----------*               *----------*
     #     Iteration = |      129 |   WBSE_dim = |        4 |   Diago_dim = |       16 |
                       *----------*              *----------*               *----------*
     s-DIAGOX done in < 00.1s with LAPACK
     --------------------------------------------------------------------------------------------
     Max diff =  0.360E-05
 
        0.00726   0.03044   0.03060   0.07079
 
     --------------------------------------------------------------------------------------------
     Tot. elapsed time 33m-24.9s,  time spent in last iteration 13.7s
     --------------------------------------------------------------------------------------------

                       *----------*              *----------*               *----------*
     #     Iteration = |      130 |   WBSE_dim = |        4 |   Diago_dim = |       20 |
                       *----------*              *----------*               *----------*
     s-DIAGOX done in < 00.1s with LAPACK
     --------------------------------------------------------------------------------------------
     Max diff =  0.348E-05
 
        0.00726   0.03044   0.03060   0.07079
 
     --------------------------------------------------------------------------------------------
     Tot. elapsed time 33m-39.4s,  time spent in last iteration 14.4s
     --------------------------------------------------------------------------------------------

                       *----------*              *----------*               *----------*
     #     Iteration = |      131 |   WBSE_dim = |        4 |   Diago_dim = |       24 |
                       *----------*              *----------*               *----------*
     s-DIAGOX done in < 00.1s with LAPACK
     --------------------------------------------------------------------------------------------
     Max diff =  0.334E-05
 
        0.00726   0.03044   0.03059   0.07079
 
     --------------------------------------------------------------------------------------------
     Tot. elapsed time 33m-54.1s,  time spent in last iteration 14.7s
     --------------------------------------------------------------------------------------------

                       *----------*              *----------*               *----------*
     #     Iteration = |      132 |   WBSE_dim = |        4 |   Diago_dim = |       28 |
                       *----------*              *----------*               *----------*
     s-DIAGOX done in < 00.1s with LAPACK
     --------------------------------------------------------------------------------------------
     Max diff =  0.317E-05
 
        0.00726   0.03043   0.03059   0.07079
 
     --------------------------------------------------------------------------------------------
     Tot. elapsed time 34m-09.4s,  time spent in last iteration 15.2s
     --------------------------------------------------------------------------------------------

                       *----------*              *----------*               *----------*
     #     Iteration = |      133 |   WBSE_dim = |        4 |   Diago_dim = |       32 |
                       *----------*              *----------*               *----------*
     s-DIAGOX done in < 00.1s with LAPACK
     --------------------------------------------------------------------------------------------
     Max diff =  0.301E-05
 
        0.00726   0.03043   0.03059   0.07079
 
     --------------------------------------------------------------------------------------------
     Tot. elapsed time 34m-25.0s,  time spent in last iteration 15.6s
     --------------------------------------------------------------------------------------------

                       *----------*              *----------*               *----------*
     #     Iteration = |      134 |   WBSE_dim = |        4 |   Diago_dim = |       36 |
                       *----------*              *----------*               *----------*
     s-DIAGOX done in < 00.1s with LAPACK
     --------------------------------------------------------------------------------------------
     Max diff =  0.286E-05
 
        0.00726   0.03043   0.03058   0.07079
 
     --------------------------------------------------------------------------------------------
     Tot. elapsed time 34m-41.4s,  time spent in last iteration 16.3s
     --------------------------------------------------------------------------------------------

                       *----------*              *----------*               *----------*
     #     Iteration = |      135 |   WBSE_dim = |        4 |   Diago_dim = |       40 |
                       *----------*              *----------*               *----------*
     s-DIAGOX done in < 00.1s with LAPACK
     --------------------------------------------------------------------------------------------
     Max diff =  0.284E-05
 
        0.00726   0.03043   0.03058   0.07079
 
     --------------------------------------------------------------------------------------------
     Tot. elapsed time 34m-58.0s,  time spent in last iteration 16.5s
     --------------------------------------------------------------------------------------------

       Refresh the basis set

                       *----------*              *----------*               *----------*
     #     Iteration = |      136 |   WBSE_dim = |        4 |   Diago_dim = |        8 |
                       *----------*              *----------*               *----------*
     s-DIAGOX done in < 00.1s with LAPACK
     --------------------------------------------------------------------------------------------
     Max diff =  0.267E-05
 
        0.00726   0.03042   0.03058   0.07079
 
     --------------------------------------------------------------------------------------------
     Tot. elapsed time 35m-13.9s,  time spent in last iteration 12.9s
     --------------------------------------------------------------------------------------------

                       *----------*              *----------*               *----------*
     #     Iteration = |      137 |   WBSE_dim = |        4 |   Diago_dim = |       12 |
                       *----------*              *----------*               *----------*
     s-DIAGOX done in < 00.1s with LAPACK
     --------------------------------------------------------------------------------------------
     Max diff =  0.251E-05
 
        0.00726   0.03042   0.03058   0.07079
 
     --------------------------------------------------------------------------------------------
     Tot. elapsed time 35m-27.2s,  time spent in last iteration 13.3s
     --------------------------------------------------------------------------------------------

                       *----------*              *----------*               *----------*
     #     Iteration = |      138 |   WBSE_dim = |        4 |   Diago_dim = |       16 |
                       *----------*              *----------*               *----------*
     s-DIAGOX done in < 00.1s with LAPACK
     --------------------------------------------------------------------------------------------
     Max diff =  0.247E-05
 
        0.00726   0.03042   0.03057   0.07079
 
     --------------------------------------------------------------------------------------------
     Tot. elapsed time 35m-41.3s,  time spent in last iteration 14.0s
     --------------------------------------------------------------------------------------------

                       *----------*              *----------*               *----------*
     #     Iteration = |      139 |   WBSE_dim = |        4 |   Diago_dim = |       20 |
                       *----------*              *----------*               *----------*
     s-DIAGOX done in < 00.1s with LAPACK
     --------------------------------------------------------------------------------------------
     Max diff =  0.243E-05
 
        0.00726   0.03041   0.03057   0.07079
 
     --------------------------------------------------------------------------------------------
     Tot. elapsed time 35m-55.5s,  time spent in last iteration 14.2s
     --------------------------------------------------------------------------------------------

                       *----------*              *----------*               *----------*
     #     Iteration = |      140 |   WBSE_dim = |        4 |   Diago_dim = |       24 |
                       *----------*              *----------*               *----------*
     s-DIAGOX done in < 00.1s with LAPACK
     --------------------------------------------------------------------------------------------
     Max diff =  0.239E-05
 
        0.00726   0.03041   0.03057   0.07079
 
     --------------------------------------------------------------------------------------------
     Tot. elapsed time 36m-10.4s,  time spent in last iteration 14.8s
     --------------------------------------------------------------------------------------------

                       *----------*              *----------*               *----------*
     #     Iteration = |      141 |   WBSE_dim = |        4 |   Diago_dim = |       28 |
                       *----------*              *----------*               *----------*
     s-DIAGOX done in < 00.1s with LAPACK
     --------------------------------------------------------------------------------------------
     Max diff =  0.232E-05
 
        0.00726   0.03041   0.03057   0.07079
 
     --------------------------------------------------------------------------------------------
     Tot. elapsed time 36m-25.6s,  time spent in last iteration 15.1s
     --------------------------------------------------------------------------------------------

                       *----------*              *----------*               *----------*
     #     Iteration = |      142 |   WBSE_dim = |        4 |   Diago_dim = |       32 |
                       *----------*              *----------*               *----------*
     s-DIAGOX done in < 00.1s with LAPACK
     --------------------------------------------------------------------------------------------
     Max diff =  0.225E-05
 
        0.00726   0.03041   0.03056   0.07079
 
     --------------------------------------------------------------------------------------------
     Tot. elapsed time 36m-41.5s,  time spent in last iteration 15.8s
     --------------------------------------------------------------------------------------------

                       *----------*              *----------*               *----------*
     #     Iteration = |      143 |   WBSE_dim = |        4 |   Diago_dim = |       36 |
                       *----------*              *----------*               *----------*
     s-DIAGOX done in < 00.1s with LAPACK
     --------------------------------------------------------------------------------------------
     Max diff =  0.209E-05
 
        0.00726   0.03041   0.03056   0.07079
 
     --------------------------------------------------------------------------------------------
     Tot. elapsed time 36m-57.6s,  time spent in last iteration 16.1s
     --------------------------------------------------------------------------------------------

                       *----------*              *----------*               *----------*
     #     Iteration = |      144 |   WBSE_dim = |        4 |   Diago_dim = |       40 |
                       *----------*              *----------*               *----------*
     s-DIAGOX done in < 00.1s with LAPACK
     --------------------------------------------------------------------------------------------
     Max diff =  0.170E-05
 
        0.00725   0.03040   0.03056   0.07079
 
     --------------------------------------------------------------------------------------------
     Tot. elapsed time 37m-14.3s,  time spent in last iteration 16.6s
     --------------------------------------------------------------------------------------------

       Refresh the basis set

                       *----------*              *----------*               *----------*
     #     Iteration = |      145 |   WBSE_dim = |        4 |   Diago_dim = |        8 |
                       *----------*              *----------*               *----------*
     s-DIAGOX done in < 00.1s with LAPACK
     --------------------------------------------------------------------------------------------
     Max diff =  0.161E-05
 
        0.00725   0.03040   0.03056   0.07079
 
     --------------------------------------------------------------------------------------------
     Tot. elapsed time 37m-30.2s,  time spent in last iteration 12.9s
     --------------------------------------------------------------------------------------------

                       *----------*              *----------*               *----------*
     #     Iteration = |      146 |   WBSE_dim = |        4 |   Diago_dim = |       12 |
                       *----------*              *----------*               *----------*
     s-DIAGOX done in < 00.1s with LAPACK
     --------------------------------------------------------------------------------------------
     Max diff =  0.186E-05
 
        0.00725   0.03040   0.03056   0.07079
 
     --------------------------------------------------------------------------------------------
     Tot. elapsed time 37m-43.6s,  time spent in last iteration 13.4s
     --------------------------------------------------------------------------------------------

                       *----------*              *----------*               *----------*
     #     Iteration = |      147 |   WBSE_dim = |        4 |   Diago_dim = |       16 |
                       *----------*              *----------*               *----------*
     s-DIAGOX done in < 00.1s with LAPACK
     --------------------------------------------------------------------------------------------
     Max diff =  0.187E-05
 
        0.00725   0.03040   0.03055   0.07079
 
     --------------------------------------------------------------------------------------------
     Tot. elapsed time 37m-57.4s,  time spent in last iteration 13.7s
     --------------------------------------------------------------------------------------------

                       *----------*              *----------*               *----------*
     #     Iteration = |      148 |   WBSE_dim = |        4 |   Diago_dim = |       20 |
                       *----------*              *----------*               *----------*
     s-DIAGOX done in < 00.1s with LAPACK
     --------------------------------------------------------------------------------------------
     Max diff =  0.180E-05
 
        0.00725   0.03040   0.03055   0.07079
 
     --------------------------------------------------------------------------------------------
     Tot. elapsed time 38m-11.9s,  time spent in last iteration 14.4s
     --------------------------------------------------------------------------------------------

                       *----------*              *----------*               *----------*
     #     Iteration = |      149 |   WBSE_dim = |        4 |   Diago_dim = |       24 |
                       *----------*              *----------*               *----------*
     s-DIAGOX done in < 00.1s with LAPACK
     --------------------------------------------------------------------------------------------
     Max diff =  0.173E-05
 
        0.00725   0.03040   0.03055   0.07079
 
     --------------------------------------------------------------------------------------------
     Tot. elapsed time 38m-26.6s,  time spent in last iteration 14.6s
     --------------------------------------------------------------------------------------------

                       *----------*              *----------*               *----------*
     #     Iteration = |      150 |   WBSE_dim = |        4 |   Diago_dim = |       28 |
                       *----------*              *----------*               *----------*
     s-DIAGOX done in < 00.1s with LAPACK
     --------------------------------------------------------------------------------------------
     Max diff =  0.164E-05
 
        0.00725   0.03039   0.03055   0.07079
 
     --------------------------------------------------------------------------------------------
     Tot. elapsed time 38m-42.1s,  time spent in last iteration 15.4s
     --------------------------------------------------------------------------------------------

                       *----------*              *----------*               *----------*
     #     Iteration = |      151 |   WBSE_dim = |        4 |   Diago_dim = |       32 |
                       *----------*              *----------*               *----------*
     s-DIAGOX done in < 00.1s with LAPACK
     --------------------------------------------------------------------------------------------
     Max diff =  0.156E-05
 
        0.00725   0.03039   0.03055   0.07079
 
     --------------------------------------------------------------------------------------------
     Tot. elapsed time 38m-57.7s,  time spent in last iteration 15.6s
     --------------------------------------------------------------------------------------------

                       *----------*              *----------*               *----------*
     #     Iteration = |      152 |   WBSE_dim = |        4 |   Diago_dim = |       36 |
                       *----------*              *----------*               *----------*
     s-DIAGOX done in < 00.1s with LAPACK
     --------------------------------------------------------------------------------------------
     Max diff =  0.148E-05
 
        0.00725   0.03039   0.03055   0.07079
 
     --------------------------------------------------------------------------------------------
     Tot. elapsed time 39m-14.0s,  time spent in last iteration 16.2s
     --------------------------------------------------------------------------------------------

                       *----------*              *----------*               *----------*
     #     Iteration = |      153 |   WBSE_dim = |        4 |   Diago_dim = |       40 |
                       *----------*              *----------*               *----------*
     s-DIAGOX done in < 00.1s with LAPACK
     --------------------------------------------------------------------------------------------
     Max diff =  0.148E-05
 
        0.00725   0.03039   0.03054   0.07079
 
     --------------------------------------------------------------------------------------------
     Tot. elapsed time 39m-30.7s,  time spent in last iteration 16.6s
     --------------------------------------------------------------------------------------------

       Refresh the basis set

                       *----------*              *----------*               *----------*
     #     Iteration = |      154 |   WBSE_dim = |        4 |   Diago_dim = |        8 |
                       *----------*              *----------*               *----------*
     s-DIAGOX done in < 00.1s with LAPACK
     --------------------------------------------------------------------------------------------
     Max diff =  0.140E-05
 
        0.00725   0.03039   0.03054   0.07079
 
     --------------------------------------------------------------------------------------------
     Tot. elapsed time 39m-46.6s,  time spent in last iteration 13.0s
     --------------------------------------------------------------------------------------------

                       *----------*              *----------*               *----------*
     #     Iteration = |      155 |   WBSE_dim = |        4 |   Diago_dim = |       12 |
                       *----------*              *----------*               *----------*
     s-DIAGOX done in < 00.1s with LAPACK
     --------------------------------------------------------------------------------------------
     Max diff =  0.131E-05
 
        0.00725   0.03039   0.03054   0.07079
 
     --------------------------------------------------------------------------------------------
     Tot. elapsed time 40m-00.0s,  time spent in last iteration 13.4s
     --------------------------------------------------------------------------------------------

                       *----------*              *----------*               *----------*
     #     Iteration = |      156 |   WBSE_dim = |        4 |   Diago_dim = |       16 |
                       *----------*              *----------*               *----------*
     s-DIAGOX done in < 00.1s with LAPACK
     --------------------------------------------------------------------------------------------
     Max diff =  0.129E-05
 
        0.00725   0.03039   0.03054   0.07079
 
     --------------------------------------------------------------------------------------------
     Tot. elapsed time 40m-14.0s,  time spent in last iteration 13.8s
     --------------------------------------------------------------------------------------------

                       *----------*              *----------*               *----------*
     #     Iteration = |      157 |   WBSE_dim = |        4 |   Diago_dim = |       20 |
                       *----------*              *----------*               *----------*
     s-DIAGOX done in < 00.1s with LAPACK
     --------------------------------------------------------------------------------------------
     Max diff =  0.127E-05
 
        0.00725   0.03038   0.03054   0.07079
 
     --------------------------------------------------------------------------------------------
     Tot. elapsed time 40m-28.2s,  time spent in last iteration 14.2s
     --------------------------------------------------------------------------------------------

                       *----------*              *----------*               *----------*
     #     Iteration = |      158 |   WBSE_dim = |        4 |   Diago_dim = |       24 |
                       *----------*              *----------*               *----------*
     s-DIAGOX done in < 00.1s with LAPACK
     --------------------------------------------------------------------------------------------
     Max diff =  0.125E-05
 
        0.00725   0.03038   0.03054   0.07079
 
     --------------------------------------------------------------------------------------------
     Tot. elapsed time 40m-43.2s,  time spent in last iteration 14.8s
     --------------------------------------------------------------------------------------------

                       *----------*              *----------*               *----------*
     #     Iteration = |      159 |   WBSE_dim = |        4 |   Diago_dim = |       28 |
                       *----------*              *----------*               *----------*
     s-DIAGOX done in < 00.1s with LAPACK
     --------------------------------------------------------------------------------------------
     Max diff =  0.121E-05
 
        0.00725   0.03038   0.03054   0.07079
 
     --------------------------------------------------------------------------------------------
     Tot. elapsed time 40m-58.3s,  time spent in last iteration 15.1s
     --------------------------------------------------------------------------------------------

                       *----------*              *----------*               *----------*
     #     Iteration = |      160 |   WBSE_dim = |        4 |   Diago_dim = |       32 |
                       *----------*              *----------*               *----------*
     s-DIAGOX done in < 00.1s with LAPACK
     --------------------------------------------------------------------------------------------
     Max diff =  0.117E-05
 
        0.00725   0.03038   0.03054   0.07079
 
     --------------------------------------------------------------------------------------------
     Tot. elapsed time 41m-14.2s,  time spent in last iteration 15.8s
     --------------------------------------------------------------------------------------------

                       *----------*              *----------*               *----------*
     #     Iteration = |      161 |   WBSE_dim = |        4 |   Diago_dim = |       36 |
                       *----------*              *----------*               *----------*
     s-DIAGOX done in < 00.1s with LAPACK
     --------------------------------------------------------------------------------------------
     Max diff =  0.109E-05
 
        0.00725   0.03038   0.03053   0.07079
 
     --------------------------------------------------------------------------------------------
     Tot. elapsed time 41m-30.4s,  time spent in last iteration 16.2s
     --------------------------------------------------------------------------------------------

                       *----------*              *----------*               *----------*
     #     Iteration = |      162 |   WBSE_dim = |        4 |   Diago_dim = |       40 |
                       *----------*              *----------*               *----------*
     s-DIAGOX done in < 00.1s with LAPACK
     --------------------------------------------------------------------------------------------
     Max diff =  0.894E-06
 
        0.00725   0.03038   0.03053   0.07079
 
     --------------------------------------------------------------------------------------------
     Tot. elapsed time 41m-47.1s,  time spent in last iteration 16.6s
     --------------------------------------------------------------------------------------------

       Refresh the basis set

                       *----------*              *----------*               *----------*
     #     Iteration = |      163 |   WBSE_dim = |        4 |   Diago_dim = |        8 |
                       *----------*              *----------*               *----------*
     s-DIAGOX done in < 00.1s with LAPACK
     --------------------------------------------------------------------------------------------
     Max diff =  0.847E-06
 
        0.00725   0.03038   0.03053   0.07079
 
     --------------------------------------------------------------------------------------------
     Tot. elapsed time 42m-02.9s,  time spent in last iteration 12.9s
     --------------------------------------------------------------------------------------------

                       *----------*              *----------*               *----------*
     #     Iteration = |      164 |   WBSE_dim = |        4 |   Diago_dim = |       12 |
                       *----------*              *----------*               *----------*
     s-DIAGOX done in < 00.1s with LAPACK
     --------------------------------------------------------------------------------------------
     Max diff =  0.975E-06
 
        0.00725   0.03038   0.03053   0.07079
 
     --------------------------------------------------------------------------------------------
     Tot. elapsed time 42m-16.4s,  time spent in last iteration 13.4s
     --------------------------------------------------------------------------------------------

                       *----------*              *----------*               *----------*
     #     Iteration = |      165 |   WBSE_dim = |        4 |   Diago_dim = |       16 |
                       *----------*              *----------*               *----------*
     s-DIAGOX done in < 00.1s with LAPACK
     --------------------------------------------------------------------------------------------
     Max diff =  0.978E-06
 
        0.00725   0.03038   0.03053   0.07079
 
     --------------------------------------------------------------------------------------------
     Tot. elapsed time 42m-30.3s,  time spent in last iteration 13.8s
     --------------------------------------------------------------------------------------------

                       *----------*              *----------*               *----------*
     #     Iteration = |      166 |   WBSE_dim = |        4 |   Diago_dim = |       20 |
                       *----------*              *----------*               *----------*
     s-DIAGOX done in < 00.1s with LAPACK
     --------------------------------------------------------------------------------------------
     Max diff =  0.944E-06
 
        0.00725   0.03037   0.03053   0.07079
 
     --------------------------------------------------------------------------------------------
     Tot. elapsed time 42m-44.7s,  time spent in last iteration 14.3s
     --------------------------------------------------------------------------------------------

                       *----------*              *----------*               *----------*
     #     Iteration = |      167 |   WBSE_dim = |        4 |   Diago_dim = |       24 |
                       *----------*              *----------*               *----------*
     s-DIAGOX done in < 00.1s with LAPACK
     --------------------------------------------------------------------------------------------
     Max diff =  0.907E-06
 
        0.00725   0.03037   0.03053   0.07079
 
     --------------------------------------------------------------------------------------------
     Tot. elapsed time 42m-59.6s,  time spent in last iteration 14.8s
     --------------------------------------------------------------------------------------------

                       *----------*              *----------*               *----------*
     #     Iteration = |      168 |   WBSE_dim = |        4 |   Diago_dim = |       28 |
                       *----------*              *----------*               *----------*
     s-DIAGOX done in < 00.1s with LAPACK
     --------------------------------------------------------------------------------------------
     Max diff =  0.862E-06
 
        0.00725   0.03037   0.03053   0.07079
 
     --------------------------------------------------------------------------------------------
     Tot. elapsed time 43m-14.9s,  time spent in last iteration 15.2s
     --------------------------------------------------------------------------------------------

                       *----------*              *----------*               *----------*
     #     Iteration = |      169 |   WBSE_dim = |        4 |   Diago_dim = |       32 |
                       *----------*              *----------*               *----------*
     s-DIAGOX done in < 00.1s with LAPACK
     --------------------------------------------------------------------------------------------
     Max diff =  0.820E-06
 
        0.00725   0.03037   0.03053   0.07079
 
     --------------------------------------------------------------------------------------------
     Tot. elapsed time 43m-30.6s,  time spent in last iteration 15.7s
     --------------------------------------------------------------------------------------------

                       *----------*              *----------*               *----------*
     #     Iteration = |      170 |   WBSE_dim = |        4 |   Diago_dim = |       36 |
                       *----------*              *----------*               *----------*
     s-DIAGOX done in < 00.1s with LAPACK
     --------------------------------------------------------------------------------------------
     Max diff =  0.779E-06
 
        0.00725   0.03037   0.03053   0.07079
 
     --------------------------------------------------------------------------------------------
     Tot. elapsed time 43m-46.9s,  time spent in last iteration 16.2s
     --------------------------------------------------------------------------------------------

                       *----------*              *----------*               *----------*
     #     Iteration = |      171 |   WBSE_dim = |        4 |   Diago_dim = |       40 |
                       *----------*              *----------*               *----------*
     s-DIAGOX done in < 00.1s with LAPACK
     --------------------------------------------------------------------------------------------
     Max diff =  0.785E-06
 
        0.00725   0.03037   0.03053   0.07079
 
     --------------------------------------------------------------------------------------------
     Tot. elapsed time 44m-03.5s,  time spent in last iteration 16.6s
     --------------------------------------------------------------------------------------------

       Refresh the basis set

                       *----------*              *----------*               *----------*
     #     Iteration = |      172 |   WBSE_dim = |        4 |   Diago_dim = |        8 |
                       *----------*              *----------*               *----------*
     s-DIAGOX done in < 00.1s with LAPACK
     --------------------------------------------------------------------------------------------
     Max diff =  0.742E-06
 
        0.00725   0.03037   0.03053   0.07079
 
     --------------------------------------------------------------------------------------------
     Tot. elapsed time 44m-19.4s,  time spent in last iteration 12.9s
     --------------------------------------------------------------------------------------------

                       *----------*              *----------*               *----------*
     #     Iteration = |      173 |   WBSE_dim = |        4 |   Diago_dim = |       12 |
                       *----------*              *----------*               *----------*
     s-DIAGOX done in < 00.1s with LAPACK
     --------------------------------------------------------------------------------------------
     Max diff =  0.689E-06
 
        0.00725   0.03037   0.03052   0.07079
 
     --------------------------------------------------------------------------------------------
     Tot. elapsed time 44m-32.9s,  time spent in last iteration 13.4s
     --------------------------------------------------------------------------------------------

                       *----------*              *----------*               *----------*
     #     Iteration = |      174 |   WBSE_dim = |        4 |   Diago_dim = |       16 |
                       *----------*              *----------*               *----------*
     s-DIAGOX done in < 00.1s with LAPACK
     --------------------------------------------------------------------------------------------
     Max diff =  0.679E-06
 
        0.00725   0.03037   0.03052   0.07079
 
     --------------------------------------------------------------------------------------------
     Tot. elapsed time 44m-46.8s,  time spent in last iteration 13.9s
     --------------------------------------------------------------------------------------------

                       *----------*              *----------*               *----------*
     #     Iteration = |      175 |   WBSE_dim = |        4 |   Diago_dim = |       20 |
                       *----------*              *----------*               *----------*
     s-DIAGOX done in < 00.1s with LAPACK
     --------------------------------------------------------------------------------------------
     Max diff =  0.669E-06
 
        0.00725   0.03037   0.03052   0.07079
 
     --------------------------------------------------------------------------------------------
     Tot. elapsed time 45m-01.1s,  time spent in last iteration 14.3s
     --------------------------------------------------------------------------------------------

                       *----------*              *----------*               *----------*
     #     Iteration = |      176 |   WBSE_dim = |        4 |   Diago_dim = |       24 |
                       *----------*              *----------*               *----------*
     s-DIAGOX done in < 00.1s with LAPACK
     --------------------------------------------------------------------------------------------
     Max diff =  0.657E-06
 
        0.00725   0.03037   0.03052   0.07079
 
     --------------------------------------------------------------------------------------------
     Tot. elapsed time 45m-16.0s,  time spent in last iteration 14.8s
     --------------------------------------------------------------------------------------------

                       *----------*              *----------*               *----------*
     #     Iteration = |      177 |   WBSE_dim = |        4 |   Diago_dim = |       28 |
                       *----------*              *----------*               *----------*
     s-DIAGOX done in < 00.1s with LAPACK
     --------------------------------------------------------------------------------------------
     Max diff =  0.639E-06
 
        0.00725   0.03037   0.03052   0.07079
 
     --------------------------------------------------------------------------------------------
     Tot. elapsed time 45m-31.3s,  time spent in last iteration 15.2s
     --------------------------------------------------------------------------------------------

                       *----------*              *----------*               *----------*
     #     Iteration = |      178 |   WBSE_dim = |        4 |   Diago_dim = |       32 |
                       *----------*              *----------*               *----------*
     s-DIAGOX done in < 00.1s with LAPACK
     --------------------------------------------------------------------------------------------
     Max diff =  0.619E-06
 
        0.00725   0.03037   0.03052   0.07079
 
     --------------------------------------------------------------------------------------------
     Tot. elapsed time 45m-47.1s,  time spent in last iteration 15.7s
     --------------------------------------------------------------------------------------------

                       *----------*              *----------*               *----------*
     #     Iteration = |      179 |   WBSE_dim = |        4 |   Diago_dim = |       36 |
                       *----------*              *----------*               *----------*
     s-DIAGOX done in < 00.1s with LAPACK
     --------------------------------------------------------------------------------------------
     Max diff =  0.578E-06
 
        0.00725   0.03037   0.03052   0.07079
 
     --------------------------------------------------------------------------------------------
     Tot. elapsed time 46m-03.4s,  time spent in last iteration 16.2s
     --------------------------------------------------------------------------------------------

                       *----------*              *----------*               *----------*
     #     Iteration = |      180 |   WBSE_dim = |        4 |   Diago_dim = |       40 |
                       *----------*              *----------*               *----------*
     s-DIAGOX done in < 00.1s with LAPACK
     --------------------------------------------------------------------------------------------
     Max diff =  0.474E-06
 
        0.00725   0.03036   0.03052   0.07079
 
     --------------------------------------------------------------------------------------------
     Tot. elapsed time 46m-20.1s,  time spent in last iteration 16.6s
     --------------------------------------------------------------------------------------------

       Refresh the basis set

                       *----------*              *----------*               *----------*
     #     Iteration = |      181 |   WBSE_dim = |        4 |   Diago_dim = |        8 |
                       *----------*              *----------*               *----------*
     s-DIAGOX done in < 00.1s with LAPACK
     --------------------------------------------------------------------------------------------
     Max diff =  0.451E-06
 
        0.00725   0.03036   0.03052   0.07079
 
     --------------------------------------------------------------------------------------------
     Tot. elapsed time 46m-35.9s,  time spent in last iteration 12.9s
     --------------------------------------------------------------------------------------------

                       *----------*              *----------*               *----------*
     #     Iteration = |      182 |   WBSE_dim = |        4 |   Diago_dim = |       12 |
                       *----------*              *----------*               *----------*
     s-DIAGOX done in < 00.1s with LAPACK
     --------------------------------------------------------------------------------------------
     Max diff =  0.517E-06
 
        0.00725   0.03036   0.03052   0.07079
 
     --------------------------------------------------------------------------------------------
     Tot. elapsed time 46m-49.4s,  time spent in last iteration 13.4s
     --------------------------------------------------------------------------------------------

                       *----------*              *----------*               *----------*
     #     Iteration = |      183 |   WBSE_dim = |        4 |   Diago_dim = |       16 |
                       *----------*              *----------*               *----------*
     s-DIAGOX done in < 00.1s with LAPACK
     --------------------------------------------------------------------------------------------
     Max diff =  0.518E-06
 
        0.00725   0.03036   0.03052   0.07079
 
     --------------------------------------------------------------------------------------------
     Tot. elapsed time 47m-03.2s,  time spent in last iteration 13.8s
     --------------------------------------------------------------------------------------------

                       *----------*              *----------*               *----------*
     #     Iteration = |      184 |   WBSE_dim = |        4 |   Diago_dim = |       20 |
                       *----------*              *----------*               *----------*
     s-DIAGOX done in < 00.1s with LAPACK
     --------------------------------------------------------------------------------------------
     Max diff =  0.500E-06
 
        0.00725   0.03036   0.03052   0.07079
 
     --------------------------------------------------------------------------------------------
     Tot. elapsed time 47m-17.7s,  time spent in last iteration 14.4s
     --------------------------------------------------------------------------------------------

                       *----------*              *----------*               *----------*
     #     Iteration = |      185 |   WBSE_dim = |        4 |   Diago_dim = |       24 |
                       *----------*              *----------*               *----------*
     s-DIAGOX done in < 00.1s with LAPACK
     --------------------------------------------------------------------------------------------
     Max diff =  0.481E-06
 
        0.00725   0.03036   0.03052   0.07079
 
     --------------------------------------------------------------------------------------------
     Tot. elapsed time 47m-32.6s,  time spent in last iteration 14.8s
     --------------------------------------------------------------------------------------------

                       *----------*              *----------*               *----------*
     #     Iteration = |      186 |   WBSE_dim = |        4 |   Diago_dim = |       28 |
                       *----------*              *----------*               *----------*
     s-DIAGOX done in < 00.1s with LAPACK
     --------------------------------------------------------------------------------------------
     Max diff =  0.457E-06
 
        0.00725   0.03036   0.03052   0.07079
 
     --------------------------------------------------------------------------------------------
     Tot. elapsed time 47m-47.9s,  time spent in last iteration 15.2s
     --------------------------------------------------------------------------------------------

                       *----------*              *----------*               *----------*
     #     Iteration = |      187 |   WBSE_dim = |        4 |   Diago_dim = |       32 |
                       *----------*              *----------*               *----------*
     s-DIAGOX done in < 00.1s with LAPACK
     --------------------------------------------------------------------------------------------
     Max diff =  0.435E-06
 
        0.00725   0.03036   0.03052   0.07079
 
     --------------------------------------------------------------------------------------------
     Tot. elapsed time 48m-03.6s,  time spent in last iteration 15.7s
     --------------------------------------------------------------------------------------------

                       *----------*              *----------*               *----------*
     #     Iteration = |      188 |   WBSE_dim = |        4 |   Diago_dim = |       36 |
                       *----------*              *----------*               *----------*
     s-DIAGOX done in < 00.1s with LAPACK
     --------------------------------------------------------------------------------------------
     Max diff =  0.414E-06
 
        0.00725   0.03036   0.03052   0.07079
 
     --------------------------------------------------------------------------------------------
     Tot. elapsed time 48m-20.0s,  time spent in last iteration 16.2s
     --------------------------------------------------------------------------------------------

                       *----------*              *----------*               *----------*
     #     Iteration = |      189 |   WBSE_dim = |        4 |   Diago_dim = |       40 |
                       *----------*              *----------*               *----------*
     s-DIAGOX done in < 00.1s with LAPACK
     --------------------------------------------------------------------------------------------
     Max diff =  0.419E-06
 
        0.00725   0.03036   0.03052   0.07079
 
     --------------------------------------------------------------------------------------------
     Tot. elapsed time 48m-36.7s,  time spent in last iteration 16.6s
     --------------------------------------------------------------------------------------------

       Refresh the basis set

                       *----------*              *----------*               *----------*
     #     Iteration = |      190 |   WBSE_dim = |        4 |   Diago_dim = |        8 |
                       *----------*              *----------*               *----------*
     s-DIAGOX done in < 00.1s with LAPACK
     --------------------------------------------------------------------------------------------
     Max diff =  0.397E-06
 
        0.00725   0.03036   0.03052   0.07079
 
     --------------------------------------------------------------------------------------------
     Tot. elapsed time 48m-52.5s,  time spent in last iteration 12.9s
     --------------------------------------------------------------------------------------------

                       *----------*              *----------*               *----------*
     #     Iteration = |      191 |   WBSE_dim = |        4 |   Diago_dim = |       12 |
                       *----------*              *----------*               *----------*
     s-DIAGOX done in < 00.1s with LAPACK
     --------------------------------------------------------------------------------------------
     Max diff =  0.367E-06
 
        0.00725   0.03036   0.03052   0.07079
 
     --------------------------------------------------------------------------------------------
     Tot. elapsed time 49m-06.0s,  time spent in last iteration 13.4s
     --------------------------------------------------------------------------------------------

                       *----------*              *----------*               *----------*
     #     Iteration = |      192 |   WBSE_dim = |        4 |   Diago_dim = |       16 |
                       *----------*              *----------*               *----------*
     s-DIAGOX done in < 00.1s with LAPACK
     --------------------------------------------------------------------------------------------
     Max diff =  0.362E-06
 
        0.00725   0.03036   0.03051   0.07079
 
     --------------------------------------------------------------------------------------------
     Tot. elapsed time 49m-19.9s,  time spent in last iteration 13.8s
     --------------------------------------------------------------------------------------------

                       *----------*              *----------*               *----------*
     #     Iteration = |      193 |   WBSE_dim = |        4 |   Diago_dim = |       20 |
                       *----------*              *----------*               *----------*
     s-DIAGOX done in < 00.1s with LAPACK
     --------------------------------------------------------------------------------------------
     Max diff =  0.357E-06
 
        0.00725   0.03036   0.03051   0.07079
 
     --------------------------------------------------------------------------------------------
     Tot. elapsed time 49m-34.3s,  time spent in last iteration 14.3s
     --------------------------------------------------------------------------------------------

                       *----------*              *----------*               *----------*
     #     Iteration = |      194 |   WBSE_dim = |        4 |   Diago_dim = |       24 |
                       *----------*              *----------*               *----------*
     s-DIAGOX done in < 00.1s with LAPACK
     --------------------------------------------------------------------------------------------
     Max diff =  0.350E-06
 
        0.00725   0.03036   0.03051   0.07079
 
     --------------------------------------------------------------------------------------------
     Tot. elapsed time 49m-49.1s,  time spent in last iteration 14.8s
     --------------------------------------------------------------------------------------------

                       *----------*              *----------*               *----------*
     #     Iteration = |      195 |   WBSE_dim = |        4 |   Diago_dim = |       28 |
                       *----------*              *----------*               *----------*
     s-DIAGOX done in < 00.1s with LAPACK
     --------------------------------------------------------------------------------------------
     Max diff =  0.341E-06
 
        0.00725   0.03036   0.03051   0.07079
 
     --------------------------------------------------------------------------------------------
     Tot. elapsed time 50m-04.4s,  time spent in last iteration 15.2s
     --------------------------------------------------------------------------------------------

                       *----------*              *----------*               *----------*
     #     Iteration = |      196 |   WBSE_dim = |        4 |   Diago_dim = |       32 |
                       *----------*              *----------*               *----------*
     s-DIAGOX done in < 00.1s with LAPACK
     --------------------------------------------------------------------------------------------
     Max diff =  0.330E-06
 
        0.00725   0.03036   0.03051   0.07079
 
     --------------------------------------------------------------------------------------------
     Tot. elapsed time 50m-20.2s,  time spent in last iteration 15.7s
     --------------------------------------------------------------------------------------------

                       *----------*              *----------*               *----------*
     #     Iteration = |      197 |   WBSE_dim = |        4 |   Diago_dim = |       36 |
                       *----------*              *----------*               *----------*
     s-DIAGOX done in < 00.1s with LAPACK
     --------------------------------------------------------------------------------------------
     Max diff =  0.309E-06
 
        0.00725   0.03036   0.03051   0.07079
 
     --------------------------------------------------------------------------------------------
     Tot. elapsed time 50m-36.5s,  time spent in last iteration 16.2s
     --------------------------------------------------------------------------------------------

                       *----------*              *----------*               *----------*
     #     Iteration = |      198 |   WBSE_dim = |        4 |   Diago_dim = |       40 |
                       *----------*              *----------*               *----------*
     s-DIAGOX done in < 00.1s with LAPACK
     --------------------------------------------------------------------------------------------
     Max diff =  0.255E-06
 
        0.00725   0.03036   0.03051   0.07079
 
     --------------------------------------------------------------------------------------------
     Tot. elapsed time 50m-53.2s,  time spent in last iteration 16.6s
     --------------------------------------------------------------------------------------------

       Refresh the basis set

                       *----------*              *----------*               *----------*
     #     Iteration = |      199 |   WBSE_dim = |        4 |   Diago_dim = |        8 |
                       *----------*              *----------*               *----------*
     s-DIAGOX done in < 00.1s with LAPACK
     --------------------------------------------------------------------------------------------
     Max diff =  0.242E-06
 
        0.00725   0.03036   0.03051   0.07079
 
     --------------------------------------------------------------------------------------------
     Tot. elapsed time 51m-09.0s,  time spent in last iteration 12.9s
     --------------------------------------------------------------------------------------------

                       *----------*              *----------*               *----------*
     #     Iteration = |      200 |   WBSE_dim = |        4 |   Diago_dim = |       12 |
                       *----------*              *----------*               *----------*
     s-DIAGOX done in < 00.1s with LAPACK
     --------------------------------------------------------------------------------------------
     Max diff =  0.277E-06
 
        0.00724   0.03036   0.03051   0.07079
 
     --------------------------------------------------------------------------------------------
     Tot. elapsed time 51m-22.5s,  time spent in last iteration 13.4s
     --------------------------------------------------------------------------------------------

     [I/O] -------------------------------------------------------
     [I/O] RESTART written in 53.0s
     [I/O] In location   : ./pwscf.wbse.restart
     [I/O] -------------------------------------------------------

                       *----------*              *----------*               *----------*
     #     Iteration = |      201 |   WBSE_dim = |        4 |   Diago_dim = |       16 |
                       *----------*              *----------*               *----------*
     s-DIAGOX done in < 00.1s with LAPACK
     --------------------------------------------------------------------------------------------
     Max diff =  0.277E-06
 
        0.00724   0.03036   0.03051   0.07079
 
     --------------------------------------------------------------------------------------------
     Tot. elapsed time 52m-30.2s,  time spent in last iteration 14.5s
     --------------------------------------------------------------------------------------------

                       *----------*              *----------*               *----------*
     #     Iteration = |      202 |   WBSE_dim = |        4 |   Diago_dim = |       20 |
                       *----------*              *----------*               *----------*
     s-DIAGOX done in < 00.1s with LAPACK
     --------------------------------------------------------------------------------------------
     Max diff =  0.268E-06
 
        0.00724   0.03036   0.03051   0.07079
 
     --------------------------------------------------------------------------------------------
     Tot. elapsed time 52m-44.7s,  time spent in last iteration 14.4s
     --------------------------------------------------------------------------------------------

                       *----------*              *----------*               *----------*
     #     Iteration = |      203 |   WBSE_dim = |        4 |   Diago_dim = |       24 |
                       *----------*              *----------*               *----------*
     s-DIAGOX done in < 00.1s with LAPACK
     --------------------------------------------------------------------------------------------
     Max diff =  0.258E-06
 
        0.00724   0.03036   0.03051   0.07079
 
     --------------------------------------------------------------------------------------------
     Tot. elapsed time 52m-59.4s,  time spent in last iteration 14.7s
     --------------------------------------------------------------------------------------------

                       *----------*              *----------*               *----------*
     #     Iteration = |      204 |   WBSE_dim = |        4 |   Diago_dim = |       28 |
                       *----------*              *----------*               *----------*
     s-DIAGOX done in < 00.1s with LAPACK
     --------------------------------------------------------------------------------------------
     Max diff =  0.245E-06
 
        0.00724   0.03036   0.03051   0.07079
 
     --------------------------------------------------------------------------------------------
     Tot. elapsed time 53m-14.8s,  time spent in last iteration 15.2s
     --------------------------------------------------------------------------------------------

                       *----------*              *----------*               *----------*
     #     Iteration = |      205 |   WBSE_dim = |        4 |   Diago_dim = |       32 |
                       *----------*              *----------*               *----------*
     s-DIAGOX done in < 00.1s with LAPACK
     --------------------------------------------------------------------------------------------
     Max diff =  0.233E-06
 
        0.00724   0.03036   0.03051   0.07079
 
     --------------------------------------------------------------------------------------------
     Tot. elapsed time 53m-30.6s,  time spent in last iteration 15.8s
     --------------------------------------------------------------------------------------------

                       *----------*              *----------*               *----------*
     #     Iteration = |      206 |   WBSE_dim = |        4 |   Diago_dim = |       36 |
                       *----------*              *----------*               *----------*
     s-DIAGOX done in < 00.1s with LAPACK
     --------------------------------------------------------------------------------------------
     Max diff =  0.222E-06
 
        0.00724   0.03036   0.03051   0.07079
 
     --------------------------------------------------------------------------------------------
     Tot. elapsed time 53m-46.9s,  time spent in last iteration 16.2s
     --------------------------------------------------------------------------------------------

                       *----------*              *----------*               *----------*
     #     Iteration = |      207 |   WBSE_dim = |        4 |   Diago_dim = |       40 |
                       *----------*              *----------*               *----------*
     s-DIAGOX done in < 00.1s with LAPACK
     --------------------------------------------------------------------------------------------
     Max diff =  0.226E-06
 
        0.00724   0.03036   0.03051   0.07079
 
     --------------------------------------------------------------------------------------------
     Tot. elapsed time 54m-03.6s,  time spent in last iteration 16.6s
     --------------------------------------------------------------------------------------------

       Refresh the basis set

                       *----------*              *----------*               *----------*
     #     Iteration = |      208 |   WBSE_dim = |        4 |   Diago_dim = |        8 |
                       *----------*              *----------*               *----------*
     s-DIAGOX done in < 00.1s with LAPACK
     --------------------------------------------------------------------------------------------
     Max diff =  0.215E-06
 
        0.00724   0.03036   0.03051   0.07079
 
     --------------------------------------------------------------------------------------------
     Tot. elapsed time 54m-19.6s,  time spent in last iteration 13.0s
     --------------------------------------------------------------------------------------------

                       *----------*              *----------*               *----------*
     #     Iteration = |      209 |   WBSE_dim = |        4 |   Diago_dim = |       12 |
                       *----------*              *----------*               *----------*
     s-DIAGOX done in < 00.1s with LAPACK
     --------------------------------------------------------------------------------------------
     Max diff =  0.198E-06
 
        0.00724   0.03035   0.03051   0.07079
 
     --------------------------------------------------------------------------------------------
     Tot. elapsed time 54m-33.1s,  time spent in last iteration 13.4s
     --------------------------------------------------------------------------------------------

                       *----------*              *----------*               *----------*
     #     Iteration = |      210 |   WBSE_dim = |        4 |   Diago_dim = |       16 |
                       *----------*              *----------*               *----------*
     s-DIAGOX done in < 00.1s with LAPACK
     --------------------------------------------------------------------------------------------
     Max diff =  0.195E-06
 
        0.00724   0.03035   0.03051   0.07079
 
     --------------------------------------------------------------------------------------------
     Tot. elapsed time 54m-47.1s,  time spent in last iteration 13.9s
     --------------------------------------------------------------------------------------------

                       *----------*              *----------*               *----------*
     #     Iteration = |      211 |   WBSE_dim = |        4 |   Diago_dim = |       20 |
                       *----------*              *----------*               *----------*
     s-DIAGOX done in < 00.1s with LAPACK
     --------------------------------------------------------------------------------------------
     Max diff =  0.192E-06
 
        0.00724   0.03035   0.03051   0.07079
 
     --------------------------------------------------------------------------------------------
     Tot. elapsed time 55m-01.6s,  time spent in last iteration 14.4s
     --------------------------------------------------------------------------------------------

                       *----------*              *----------*               *----------*
     #     Iteration = |      212 |   WBSE_dim = |        4 |   Diago_dim = |       24 |
                       *----------*              *----------*               *----------*
     s-DIAGOX done in < 00.1s with LAPACK
     --------------------------------------------------------------------------------------------
     Max diff =  0.189E-06
 
        0.00724   0.03035   0.03051   0.07079
 
     --------------------------------------------------------------------------------------------
     Tot. elapsed time 55m-16.4s,  time spent in last iteration 14.8s
     --------------------------------------------------------------------------------------------

                       *----------*              *----------*               *----------*
     #     Iteration = |      213 |   WBSE_dim = |        4 |   Diago_dim = |       28 |
                       *----------*              *----------*               *----------*
     s-DIAGOX done in < 00.1s with LAPACK
     --------------------------------------------------------------------------------------------
     Max diff =  0.184E-06
 
        0.00724   0.03035   0.03051   0.07079
 
     --------------------------------------------------------------------------------------------
     Tot. elapsed time 55m-31.8s,  time spent in last iteration 15.3s
     --------------------------------------------------------------------------------------------

                       *----------*              *----------*               *----------*
     #     Iteration = |      214 |   WBSE_dim = |        4 |   Diago_dim = |       32 |
                       *----------*              *----------*               *----------*
     s-DIAGOX done in < 00.1s with LAPACK
     --------------------------------------------------------------------------------------------
     Max diff =  0.178E-06
 
        0.00724   0.03035   0.03051   0.07079
 
     --------------------------------------------------------------------------------------------
     Tot. elapsed time 55m-47.6s,  time spent in last iteration 15.7s
     --------------------------------------------------------------------------------------------

                       *----------*              *----------*               *----------*
     #     Iteration = |      215 |   WBSE_dim = |        4 |   Diago_dim = |       36 |
                       *----------*              *----------*               *----------*
     s-DIAGOX done in < 00.1s with LAPACK
     --------------------------------------------------------------------------------------------
     Max diff =  0.167E-06
 
        0.00724   0.03035   0.03051   0.07079
 
     --------------------------------------------------------------------------------------------
     Tot. elapsed time 56m-03.8s,  time spent in last iteration 16.2s
     --------------------------------------------------------------------------------------------

                       *----------*              *----------*               *----------*
     #     Iteration = |      216 |   WBSE_dim = |        4 |   Diago_dim = |       40 |
                       *----------*              *----------*               *----------*
     s-DIAGOX done in < 00.1s with LAPACK
     --------------------------------------------------------------------------------------------
     Max diff =  0.138E-06
 
        0.00724   0.03035   0.03051   0.07079
 
     --------------------------------------------------------------------------------------------
     Tot. elapsed time 56m-20.6s,  time spent in last iteration 16.7s
     --------------------------------------------------------------------------------------------

       Refresh the basis set

                       *----------*              *----------*               *----------*
     #     Iteration = |      217 |   WBSE_dim = |        4 |   Diago_dim = |        8 |
                       *----------*              *----------*               *----------*
     s-DIAGOX done in < 00.1s with LAPACK
     --------------------------------------------------------------------------------------------
     Max diff =  0.132E-06
 
        0.00724   0.03035   0.03051   0.07079
 
     --------------------------------------------------------------------------------------------
     Tot. elapsed time 56m-36.6s,  time spent in last iteration 13.0s
     --------------------------------------------------------------------------------------------

                       *----------*              *----------*               *----------*
     #     Iteration = |      218 |   WBSE_dim = |        4 |   Diago_dim = |       12 |
                       *----------*              *----------*               *----------*
     s-DIAGOX done in < 00.1s with LAPACK
     --------------------------------------------------------------------------------------------
     Max diff =  0.150E-06
 
        0.00724   0.03035   0.03051   0.07079
 
     --------------------------------------------------------------------------------------------
     Tot. elapsed time 56m-50.0s,  time spent in last iteration 13.3s
     --------------------------------------------------------------------------------------------

                       *----------*              *----------*               *----------*
     #     Iteration = |      219 |   WBSE_dim = |        4 |   Diago_dim = |       16 |
                       *----------*              *----------*               *----------*
     s-DIAGOX done in < 00.1s with LAPACK
     --------------------------------------------------------------------------------------------
     Max diff =  0.150E-06
 
        0.00724   0.03035   0.03051   0.07079
 
     --------------------------------------------------------------------------------------------
     Tot. elapsed time 57m-04.0s,  time spent in last iteration 13.9s
     --------------------------------------------------------------------------------------------

                       *----------*              *----------*               *----------*
     #     Iteration = |      220 |   WBSE_dim = |        4 |   Diago_dim = |       20 |
                       *----------*              *----------*               *----------*
     s-DIAGOX done in < 00.1s with LAPACK
     --------------------------------------------------------------------------------------------
     Max diff =  0.145E-06
 
        0.00724   0.03035   0.03051   0.07079
 
     --------------------------------------------------------------------------------------------
     Tot. elapsed time 57m-18.5s,  time spent in last iteration 14.4s
     --------------------------------------------------------------------------------------------

                       *----------*              *----------*               *----------*
     #     Iteration = |      221 |   WBSE_dim = |        4 |   Diago_dim = |       24 |
                       *----------*              *----------*               *----------*
     s-DIAGOX done in < 00.1s with LAPACK
     --------------------------------------------------------------------------------------------
     Max diff =  0.139E-06
 
        0.00724   0.03035   0.03051   0.07079
 
     --------------------------------------------------------------------------------------------
     Tot. elapsed time 57m-33.4s,  time spent in last iteration 14.8s
     --------------------------------------------------------------------------------------------

                       *----------*              *----------*               *----------*
     #     Iteration = |      222 |   WBSE_dim = |        4 |   Diago_dim = |       28 |
                       *----------*              *----------*               *----------*
     s-DIAGOX done in < 00.1s with LAPACK
     --------------------------------------------------------------------------------------------
     Max diff =  0.133E-06
 
        0.00724   0.03035   0.03051   0.07079
 
     --------------------------------------------------------------------------------------------
     Tot. elapsed time 57m-48.7s,  time spent in last iteration 15.2s
     --------------------------------------------------------------------------------------------

                       *----------*              *----------*               *----------*
     #     Iteration = |      223 |   WBSE_dim = |        4 |   Diago_dim = |       32 |
                       *----------*              *----------*               *----------*
     s-DIAGOX done in < 00.1s with LAPACK
     --------------------------------------------------------------------------------------------
     Max diff =  0.126E-06
 
        0.00724   0.03035   0.03051   0.07079
 
     --------------------------------------------------------------------------------------------
     Tot. elapsed time 58m-04.5s,  time spent in last iteration 15.8s
     --------------------------------------------------------------------------------------------

                       *----------*              *----------*               *----------*
     #     Iteration = |      224 |   WBSE_dim = |        4 |   Diago_dim = |       36 |
                       *----------*              *----------*               *----------*
     s-DIAGOX done in < 00.1s with LAPACK
     --------------------------------------------------------------------------------------------
     Max diff =  0.121E-06
 
        0.00724   0.03035   0.03051   0.07079
 
     --------------------------------------------------------------------------------------------
     Tot. elapsed time 58m-20.8s,  time spent in last iteration 16.2s
     --------------------------------------------------------------------------------------------

                       *----------*              *----------*               *----------*
     #     Iteration = |      225 |   WBSE_dim = |        4 |   Diago_dim = |       40 |
                       *----------*              *----------*               *----------*
     s-DIAGOX done in < 00.1s with LAPACK
     --------------------------------------------------------------------------------------------
     Max diff =  0.123E-06
 
        0.00724   0.03035   0.03051   0.07079
 
     --------------------------------------------------------------------------------------------
     Tot. elapsed time 58m-37.6s,  time spent in last iteration 16.7s
     --------------------------------------------------------------------------------------------

       Refresh the basis set

                       *----------*              *----------*               *----------*
     #     Iteration = |      226 |   WBSE_dim = |        4 |   Diago_dim = |        8 |
                       *----------*              *----------*               *----------*
     s-DIAGOX done in < 00.1s with LAPACK
     --------------------------------------------------------------------------------------------
     Max diff =  0.117E-06
 
        0.00724   0.03035   0.03051   0.07079
 
     --------------------------------------------------------------------------------------------
     Tot. elapsed time 58m-53.5s,  time spent in last iteration 12.9s
     --------------------------------------------------------------------------------------------

                       *----------*              *----------*               *----------*
     #     Iteration = |      227 |   WBSE_dim = |        4 |   Diago_dim = |       12 |
                       *----------*              *----------*               *----------*
     s-DIAGOX done in < 00.1s with LAPACK
     --------------------------------------------------------------------------------------------
     Max diff =  0.108E-06
 
        0.00724   0.03035   0.03051   0.07079
 
     --------------------------------------------------------------------------------------------
     Tot. elapsed time 59m-07.0s,  time spent in last iteration 13.4s
     --------------------------------------------------------------------------------------------

                       *----------*              *----------*               *----------*
     #     Iteration = |      228 |   WBSE_dim = |        4 |   Diago_dim = |       16 |
                       *----------*              *----------*               *----------*
     s-DIAGOX done in < 00.1s with LAPACK
     --------------------------------------------------------------------------------------------
     Max diff =  0.106E-06
 
        0.00724   0.03035   0.03051   0.07079
 
     --------------------------------------------------------------------------------------------
     Tot. elapsed time 59m-20.9s,  time spent in last iteration 13.8s
     --------------------------------------------------------------------------------------------

                       *----------*              *----------*               *----------*
     #     Iteration = |      229 |   WBSE_dim = |        4 |   Diago_dim = |       20 |
                       *----------*              *----------*               *----------*
     s-DIAGOX done in < 00.1s with LAPACK
     --------------------------------------------------------------------------------------------
     Max diff =  0.104E-06
 
        0.00724   0.03035   0.03051   0.07079
 
     --------------------------------------------------------------------------------------------
     Tot. elapsed time 59m-35.5s,  time spent in last iteration 14.5s
     --------------------------------------------------------------------------------------------

                       *----------*              *----------*               *----------*
     #     Iteration = |      230 |   WBSE_dim = |        4 |   Diago_dim = |       24 |
                       *----------*              *----------*               *----------*
     s-DIAGOX done in < 00.1s with LAPACK
     --------------------------------------------------------------------------------------------
     Max diff =  0.103E-06
 
        0.00724   0.03035   0.03051   0.07079
 
     --------------------------------------------------------------------------------------------
     Tot. elapsed time 59m-50.3s,  time spent in last iteration 14.8s
     --------------------------------------------------------------------------------------------

                       *----------*              *----------*               *----------*
     #     Iteration = |      231 |   WBSE_dim = |        4 |   Diago_dim = |       28 |
                       *----------*              *----------*               *----------*
     s-DIAGOX done in < 00.1s with LAPACK
     --------------------------------------------------------------------------------------------
     Max diff =  0.100E-06
 
        0.00724   0.03035   0.03051   0.07079
 
     --------------------------------------------------------------------------------------------
     Tot. elapsed time 01h-00m-05.7s,  time spent in last iteration 15.3s
     --------------------------------------------------------------------------------------------

                       *----------*              *----------*               *----------*
     #     Iteration = |      232 |   WBSE_dim = |        4 |   Diago_dim = |       32 |
                       *----------*              *----------*               *----------*
     s-DIAGOX done in < 00.1s with LAPACK
     --------------------------------------------------------------------------------------------
     Max diff =  0.968E-07
 
        0.00724   0.03035   0.03051   0.07079
 
     --------------------------------------------------------------------------------------------
     Tot. elapsed time 01h-00m-21.6s,  time spent in last iteration 15.8s
     --------------------------------------------------------------------------------------------

                       *----------*              *----------*               *----------*
     #     Iteration = |      233 |   WBSE_dim = |        4 |   Diago_dim = |       36 |
                       *----------*              *----------*               *----------*
     s-DIAGOX done in < 00.1s with LAPACK
     --------------------------------------------------------------------------------------------
     Max diff =  0.908E-07
 
        0.00724   0.03035   0.03051   0.07079
 
     --------------------------------------------------------------------------------------------
     Tot. elapsed time 01h-00m-37.9s,  time spent in last iteration 16.2s
     --------------------------------------------------------------------------------------------

                       *----------*              *----------*               *----------*
     #     Iteration = |      234 |   WBSE_dim = |        4 |   Diago_dim = |       40 |
                       *----------*              *----------*               *----------*
     s-DIAGOX done in < 00.1s with LAPACK
     --------------------------------------------------------------------------------------------
     Max diff =  0.753E-07
 
        0.00724   0.03035   0.03051   0.07079
 
     --------------------------------------------------------------------------------------------
     Tot. elapsed time 01h-00m-54.5s,  time spent in last iteration 16.6s
     --------------------------------------------------------------------------------------------

       Refresh the basis set

                       *----------*              *----------*               *----------*
     #     Iteration = |      235 |   WBSE_dim = |        4 |   Diago_dim = |        8 |
                       *----------*              *----------*               *----------*
     s-DIAGOX done in < 00.1s with LAPACK
     --------------------------------------------------------------------------------------------
     Max diff =  0.720E-07
 
        0.00724   0.03035   0.03051   0.07079
 
     --------------------------------------------------------------------------------------------
     Tot. elapsed time 01h-01m-10.6s,  time spent in last iteration 13.1s
     --------------------------------------------------------------------------------------------

                       *----------*              *----------*               *----------*
     #     Iteration = |      236 |   WBSE_dim = |        4 |   Diago_dim = |       12 |
                       *----------*              *----------*               *----------*
     s-DIAGOX done in < 00.1s with LAPACK
     --------------------------------------------------------------------------------------------
     Max diff =  0.819E-07
 
        0.00724   0.03035   0.03051   0.07079
 
     --------------------------------------------------------------------------------------------
     Tot. elapsed time 01h-01m-24.0s,  time spent in last iteration 13.3s
     --------------------------------------------------------------------------------------------

                       *----------*              *----------*               *----------*
     #     Iteration = |      237 |   WBSE_dim = |        4 |   Diago_dim = |       16 |
                       *----------*              *----------*               *----------*
     s-DIAGOX done in < 00.1s with LAPACK
     --------------------------------------------------------------------------------------------
     Max diff =  0.819E-07
 
        0.00724   0.03035   0.03051   0.07079
 
     --------------------------------------------------------------------------------------------
     Tot. elapsed time 01h-01m-38.0s,  time spent in last iteration 13.9s
     --------------------------------------------------------------------------------------------

                       *----------*              *----------*               *----------*
     #     Iteration = |      238 |   WBSE_dim = |        4 |   Diago_dim = |       20 |
                       *----------*              *----------*               *----------*
     s-DIAGOX done in < 00.1s with LAPACK
     --------------------------------------------------------------------------------------------
     Max diff =  0.792E-07
 
        0.00724   0.03035   0.03051   0.07079
 
     --------------------------------------------------------------------------------------------
     Tot. elapsed time 01h-01m-52.4s,  time spent in last iteration 14.4s
     --------------------------------------------------------------------------------------------

                       *----------*              *----------*               *----------*
     #     Iteration = |      239 |   WBSE_dim = |        4 |   Diago_dim = |       24 |
                       *----------*              *----------*               *----------*
     s-DIAGOX done in < 00.1s with LAPACK
     --------------------------------------------------------------------------------------------
     Max diff =  0.761E-07
 
        0.00724   0.03035   0.03051   0.07079
 
     --------------------------------------------------------------------------------------------
     Tot. elapsed time 01h-02m-07.3s,  time spent in last iteration 14.8s
     --------------------------------------------------------------------------------------------

                       *----------*              *----------*               *----------*
     #     Iteration = |      240 |   WBSE_dim = |        4 |   Diago_dim = |       28 |
                       *----------*              *----------*               *----------*
     s-DIAGOX done in < 00.1s with LAPACK
     --------------------------------------------------------------------------------------------
     Max diff =  0.726E-07
 
        0.00724   0.03035   0.03051   0.07079
 
     --------------------------------------------------------------------------------------------
     Tot. elapsed time 01h-02m-22.6s,  time spent in last iteration 15.3s
     --------------------------------------------------------------------------------------------

                       *----------*              *----------*               *----------*
     #     Iteration = |      241 |   WBSE_dim = |        4 |   Diago_dim = |       32 |
                       *----------*              *----------*               *----------*
     s-DIAGOX done in < 00.1s with LAPACK
     --------------------------------------------------------------------------------------------
     Max diff =  0.691E-07
 
        0.00724   0.03035   0.03051   0.07079
 
     --------------------------------------------------------------------------------------------
     Tot. elapsed time 01h-02m-38.6s,  time spent in last iteration 15.9s
     --------------------------------------------------------------------------------------------

                       *----------*              *----------*               *----------*
     #     Iteration = |      242 |   WBSE_dim = |        4 |   Diago_dim = |       36 |
                       *----------*              *----------*               *----------*
     s-DIAGOX done in < 00.1s with LAPACK
     --------------------------------------------------------------------------------------------
     Max diff =  0.660E-07
 
        0.00724   0.03035   0.03051   0.07079
 
     --------------------------------------------------------------------------------------------
     Tot. elapsed time 01h-02m-54.8s,  time spent in last iteration 16.1s
     --------------------------------------------------------------------------------------------

                       *----------*              *----------*               *----------*
     #     Iteration = |      243 |   WBSE_dim = |        4 |   Diago_dim = |       40 |
                       *----------*              *----------*               *----------*
     s-DIAGOX done in < 00.1s with LAPACK
     --------------------------------------------------------------------------------------------
     Max diff =  0.676E-07
 
        0.00724   0.03035   0.03051   0.07079
 
     --------------------------------------------------------------------------------------------
     Tot. elapsed time 01h-03m-11.7s,  time spent in last iteration 16.7s
     --------------------------------------------------------------------------------------------

       Refresh the basis set

                       *----------*              *----------*               *----------*
     #     Iteration = |      244 |   WBSE_dim = |        4 |   Diago_dim = |        8 |
                       *----------*              *----------*               *----------*
     s-DIAGOX done in < 00.1s with LAPACK
     --------------------------------------------------------------------------------------------
     Max diff =  0.644E-07
 
        0.00724   0.03035   0.03051   0.07079
 
     --------------------------------------------------------------------------------------------
     Tot. elapsed time 01h-03m-27.5s,  time spent in last iteration 12.8s
     --------------------------------------------------------------------------------------------

                       *----------*              *----------*               *----------*
     #     Iteration = |      245 |   WBSE_dim = |        4 |   Diago_dim = |       12 |
                       *----------*              *----------*               *----------*
     s-DIAGOX done in < 00.1s with LAPACK
     --------------------------------------------------------------------------------------------
     Max diff =  0.590E-07
 
        0.00724   0.03035   0.03051   0.07079
 
     --------------------------------------------------------------------------------------------
     Tot. elapsed time 01h-03m-41.1s,  time spent in last iteration 13.5s
     --------------------------------------------------------------------------------------------

                       *----------*              *----------*               *----------*
     #     Iteration = |      246 |   WBSE_dim = |        4 |   Diago_dim = |       16 |
                       *----------*              *----------*               *----------*
     s-DIAGOX done in < 00.1s with LAPACK
     --------------------------------------------------------------------------------------------
     Max diff =  0.581E-07
 
        0.00724   0.03035   0.03051   0.07079
 
     --------------------------------------------------------------------------------------------
     Tot. elapsed time 01h-03m-54.9s,  time spent in last iteration 13.8s
     --------------------------------------------------------------------------------------------

                       *----------*              *----------*               *----------*
     #     Iteration = |      247 |   WBSE_dim = |        4 |   Diago_dim = |       20 |
                       *----------*              *----------*               *----------*
     s-DIAGOX done in < 00.1s with LAPACK
     --------------------------------------------------------------------------------------------
     Max diff =  0.572E-07
 
        0.00724   0.03035   0.03051   0.07079
 
     --------------------------------------------------------------------------------------------
     Tot. elapsed time 01h-04m-09.5s,  time spent in last iteration 14.4s
     --------------------------------------------------------------------------------------------

                       *----------*              *----------*               *----------*
     #     Iteration = |      248 |   WBSE_dim = |        4 |   Diago_dim = |       24 |
                       *----------*              *----------*               *----------*
     s-DIAGOX done in < 00.1s with LAPACK
     --------------------------------------------------------------------------------------------
     Max diff =  0.563E-07
 
        0.00724   0.03035   0.03051   0.07079
 
     --------------------------------------------------------------------------------------------
     Tot. elapsed time 01h-04m-24.3s,  time spent in last iteration 14.7s
     --------------------------------------------------------------------------------------------

                       *----------*              *----------*               *----------*
     #     Iteration = |      249 |   WBSE_dim = |        4 |   Diago_dim = |       28 |
                       *----------*              *----------*               *----------*
     s-DIAGOX done in < 00.1s with LAPACK
     --------------------------------------------------------------------------------------------
     Max diff =  0.549E-07
 
        0.00724   0.03035   0.03051   0.07079
 
     --------------------------------------------------------------------------------------------
     Tot. elapsed time 01h-04m-39.7s,  time spent in last iteration 15.3s
     --------------------------------------------------------------------------------------------

                       *----------*              *----------*               *----------*
     #     Iteration = |      250 |   WBSE_dim = |        4 |   Diago_dim = |       32 |
                       *----------*              *----------*               *----------*
     s-DIAGOX done in < 00.1s with LAPACK
     --------------------------------------------------------------------------------------------
     Max diff =  0.532E-07
 
        0.00724   0.03035   0.03051   0.07079
 
     --------------------------------------------------------------------------------------------
     Tot. elapsed time 01h-04m-55.5s,  time spent in last iteration 15.7s
     --------------------------------------------------------------------------------------------

                       *----------*              *----------*               *----------*
     #     Iteration = |      251 |   WBSE_dim = |        4 |   Diago_dim = |       36 |
                       *----------*              *----------*               *----------*
     s-DIAGOX done in < 00.1s with LAPACK
     --------------------------------------------------------------------------------------------
     Max diff =  0.499E-07
 
        0.00724   0.03035   0.03051   0.07079
 
     --------------------------------------------------------------------------------------------
     Tot. elapsed time 01h-05m-11.9s,  time spent in last iteration 16.3s
     --------------------------------------------------------------------------------------------

                       *----------*              *----------*               *----------*
     #     Iteration = |      252 |   WBSE_dim = |        4 |   Diago_dim = |       40 |
                       *----------*              *----------*               *----------*
     s-DIAGOX done in < 00.1s with LAPACK
     --------------------------------------------------------------------------------------------
     Max diff =  0.415E-07
 
        0.00724   0.03035   0.03051   0.07079
 
     --------------------------------------------------------------------------------------------
     Tot. elapsed time 01h-05m-28.5s,  time spent in last iteration 16.6s
     --------------------------------------------------------------------------------------------

       Refresh the basis set

                       *----------*              *----------*               *----------*
     #     Iteration = |      253 |   WBSE_dim = |        4 |   Diago_dim = |        8 |
                       *----------*              *----------*               *----------*
     s-DIAGOX done in < 00.1s with LAPACK
     --------------------------------------------------------------------------------------------
     Max diff =  0.398E-07
 
        0.00724   0.03035   0.03051   0.07079
 
     --------------------------------------------------------------------------------------------
     Tot. elapsed time 01h-05m-44.4s,  time spent in last iteration 12.9s
     --------------------------------------------------------------------------------------------

                       *----------*              *----------*               *----------*
     #     Iteration = |      254 |   WBSE_dim = |        4 |   Diago_dim = |       12 |
                       *----------*              *----------*               *----------*
     s-DIAGOX done in < 00.1s with LAPACK
     --------------------------------------------------------------------------------------------
     Max diff =  0.451E-07
 
        0.00724   0.03035   0.03051   0.07079
 
     --------------------------------------------------------------------------------------------
     Tot. elapsed time 01h-05m-57.8s,  time spent in last iteration 13.3s
     --------------------------------------------------------------------------------------------

                       *----------*              *----------*               *----------*
     #     Iteration = |      255 |   WBSE_dim = |        4 |   Diago_dim = |       16 |
                       *----------*              *----------*               *----------*
     s-DIAGOX done in < 00.1s with LAPACK
     --------------------------------------------------------------------------------------------
     Max diff =  0.451E-07
 
        0.00724   0.03035   0.03051   0.07079
 
     --------------------------------------------------------------------------------------------
     Tot. elapsed time 01h-06m-11.8s,  time spent in last iteration 13.9s
     --------------------------------------------------------------------------------------------

                       *----------*              *----------*               *----------*
     #     Iteration = |      256 |   WBSE_dim = |        4 |   Diago_dim = |       20 |
                       *----------*              *----------*               *----------*
     s-DIAGOX done in < 00.1s with LAPACK
     --------------------------------------------------------------------------------------------
     Max diff =  0.436E-07
 
        0.00724   0.03035   0.03051   0.07079
 
     --------------------------------------------------------------------------------------------
     Tot. elapsed time 01h-06m-26.1s,  time spent in last iteration 14.2s
     --------------------------------------------------------------------------------------------

                       *----------*              *----------*               *----------*
     #     Iteration = |      257 |   WBSE_dim = |        4 |   Diago_dim = |       24 |
                       *----------*              *----------*               *----------*
     s-DIAGOX done in < 00.1s with LAPACK
     --------------------------------------------------------------------------------------------
     Max diff =  0.419E-07
 
        0.00724   0.03035   0.03051   0.07079
 
     --------------------------------------------------------------------------------------------
     Tot. elapsed time 01h-06m-41.1s,  time spent in last iteration 14.9s
     --------------------------------------------------------------------------------------------

                       *----------*              *----------*               *----------*
     #     Iteration = |      258 |   WBSE_dim = |        4 |   Diago_dim = |       28 |
                       *----------*              *----------*               *----------*
     s-DIAGOX done in < 00.1s with LAPACK
     --------------------------------------------------------------------------------------------
     Max diff =  0.400E-07
 
        0.00724   0.03035   0.03051   0.07079
 
     --------------------------------------------------------------------------------------------
     Tot. elapsed time 01h-06m-56.4s,  time spent in last iteration 15.2s
     --------------------------------------------------------------------------------------------

                       *----------*              *----------*               *----------*
     #     Iteration = |      259 |   WBSE_dim = |        4 |   Diago_dim = |       32 |
                       *----------*              *----------*               *----------*
     s-DIAGOX done in < 00.1s with LAPACK
     --------------------------------------------------------------------------------------------
     Max diff =  0.381E-07
 
        0.00724   0.03035   0.03051   0.07079
 
     --------------------------------------------------------------------------------------------
     Tot. elapsed time 01h-07m-12.3s,  time spent in last iteration 15.8s
     --------------------------------------------------------------------------------------------

                       *----------*              *----------*               *----------*
     #     Iteration = |      260 |   WBSE_dim = |        4 |   Diago_dim = |       36 |
                       *----------*              *----------*               *----------*
     s-DIAGOX done in < 00.1s with LAPACK
     --------------------------------------------------------------------------------------------
     Max diff =  0.364E-07
 
        0.00724   0.03035   0.03051   0.07079
 
     --------------------------------------------------------------------------------------------
     Tot. elapsed time 01h-07m-28.5s,  time spent in last iteration 16.1s
     --------------------------------------------------------------------------------------------

                       *----------*              *----------*               *----------*
     #     Iteration = |      261 |   WBSE_dim = |        4 |   Diago_dim = |       40 |
                       *----------*              *----------*               *----------*
     s-DIAGOX done in < 00.1s with LAPACK
     --------------------------------------------------------------------------------------------
     Max diff =  0.374E-07
 
        0.00724   0.03035   0.03051   0.07079
 
     --------------------------------------------------------------------------------------------
     Tot. elapsed time 01h-07m-45.3s,  time spent in last iteration 16.7s
     --------------------------------------------------------------------------------------------

       Refresh the basis set

                       *----------*              *----------*               *----------*
     #     Iteration = |      262 |   WBSE_dim = |        4 |   Diago_dim = |        8 |
                       *----------*              *----------*               *----------*
     s-DIAGOX done in < 00.1s with LAPACK
     --------------------------------------------------------------------------------------------
     Max diff =  0.357E-07
 
        0.00724   0.03035   0.03051   0.07079
 
     --------------------------------------------------------------------------------------------
     Tot. elapsed time 01h-08m-01.2s,  time spent in last iteration 12.9s
     --------------------------------------------------------------------------------------------

                       *----------*              *----------*               *----------*
     #     Iteration = |      263 |   WBSE_dim = |        4 |   Diago_dim = |       12 |
                       *----------*              *----------*               *----------*
     s-DIAGOX done in < 00.1s with LAPACK
     --------------------------------------------------------------------------------------------
     Max diff =  0.326E-07
 
        0.00724   0.03035   0.03051   0.07079
 
     --------------------------------------------------------------------------------------------
     Tot. elapsed time 01h-08m-14.7s,  time spent in last iteration 13.5s
     --------------------------------------------------------------------------------------------

                       *----------*              *----------*               *----------*
     #     Iteration = |      264 |   WBSE_dim = |        4 |   Diago_dim = |       16 |
                       *----------*              *----------*               *----------*
     s-DIAGOX done in < 00.1s with LAPACK
     --------------------------------------------------------------------------------------------
     Max diff =  0.321E-07
 
        0.00724   0.03035   0.03051   0.07079
 
     --------------------------------------------------------------------------------------------
     Tot. elapsed time 01h-08m-28.6s,  time spent in last iteration 13.8s
     --------------------------------------------------------------------------------------------

                       *----------*              *----------*               *----------*
     #     Iteration = |      265 |   WBSE_dim = |        4 |   Diago_dim = |       20 |
                       *----------*              *----------*               *----------*
     s-DIAGOX done in < 00.1s with LAPACK
     --------------------------------------------------------------------------------------------
     Max diff =  0.316E-07
 
        0.00724   0.03035   0.03051   0.07079
 
     --------------------------------------------------------------------------------------------
     Tot. elapsed time 01h-08m-43.2s,  time spent in last iteration 14.5s
     --------------------------------------------------------------------------------------------

                       *----------*              *----------*               *----------*
     #     Iteration = |      266 |   WBSE_dim = |        4 |   Diago_dim = |       24 |
                       *----------*              *----------*               *----------*
     s-DIAGOX done in < 00.1s with LAPACK
     --------------------------------------------------------------------------------------------
     Max diff =  0.311E-07
 
        0.00724   0.03035   0.03051   0.07079
 
     --------------------------------------------------------------------------------------------
     Tot. elapsed time 01h-08m-58.0s,  time spent in last iteration 14.7s
     --------------------------------------------------------------------------------------------

                       *----------*              *----------*               *----------*
     #     Iteration = |      267 |   WBSE_dim = |        4 |   Diago_dim = |       28 |
                       *----------*              *----------*               *----------*
     s-DIAGOX done in < 00.1s with LAPACK
     --------------------------------------------------------------------------------------------
     Max diff =  0.304E-07
 
        0.00724   0.03035   0.03051   0.07079
 
     --------------------------------------------------------------------------------------------
     Tot. elapsed time 01h-09m-13.5s,  time spent in last iteration 15.4s
     --------------------------------------------------------------------------------------------

                       *----------*              *----------*               *----------*
     #     Iteration = |      268 |   WBSE_dim = |        4 |   Diago_dim = |       32 |
                       *----------*              *----------*               *----------*
     s-DIAGOX done in < 00.1s with LAPACK
     --------------------------------------------------------------------------------------------
     Max diff =  0.294E-07
 
        0.00724   0.03035   0.03050   0.07079
 
     --------------------------------------------------------------------------------------------
     Tot. elapsed time 01h-09m-29.2s,  time spent in last iteration 15.6s
     --------------------------------------------------------------------------------------------

                       *----------*              *----------*               *----------*
     #     Iteration = |      269 |   WBSE_dim = |        4 |   Diago_dim = |       36 |
                       *----------*              *----------*               *----------*
     s-DIAGOX done in < 00.1s with LAPACK
     --------------------------------------------------------------------------------------------
     Max diff =  0.276E-07
 
        0.00724   0.03035   0.03050   0.07079
 
     --------------------------------------------------------------------------------------------
     Tot. elapsed time 01h-09m-45.5s,  time spent in last iteration 16.2s
     --------------------------------------------------------------------------------------------

                       *----------*              *----------*               *----------*
     #     Iteration = |      270 |   WBSE_dim = |        4 |   Diago_dim = |       40 |
                       *----------*              *----------*               *----------*
     s-DIAGOX done in < 00.1s with LAPACK
     --------------------------------------------------------------------------------------------
     Max diff =  0.231E-07
 
        0.00724   0.03035   0.03050   0.07079
 
     --------------------------------------------------------------------------------------------
     Tot. elapsed time 01h-10m-02.3s,  time spent in last iteration 16.7s
     --------------------------------------------------------------------------------------------

       Refresh the basis set

                       *----------*              *----------*               *----------*
     #     Iteration = |      271 |   WBSE_dim = |        4 |   Diago_dim = |        8 |
                       *----------*              *----------*               *----------*
     s-DIAGOX done in < 00.1s with LAPACK
     --------------------------------------------------------------------------------------------
     Max diff =  0.221E-07
 
        0.00724   0.03035   0.03050   0.07079
 
     --------------------------------------------------------------------------------------------
     Tot. elapsed time 01h-10m-18.2s,  time spent in last iteration 12.9s
     --------------------------------------------------------------------------------------------

                       *----------*              *----------*               *----------*
     #     Iteration = |      272 |   WBSE_dim = |        4 |   Diago_dim = |       12 |
                       *----------*              *----------*               *----------*
     s-DIAGOX done in < 00.1s with LAPACK
     --------------------------------------------------------------------------------------------
     Max diff =  0.250E-07
 
        0.00724   0.03035   0.03050   0.07079
 
     --------------------------------------------------------------------------------------------
     Tot. elapsed time 01h-10m-31.6s,  time spent in last iteration 13.4s
     --------------------------------------------------------------------------------------------

                       *----------*              *----------*               *----------*
     #     Iteration = |      273 |   WBSE_dim = |        4 |   Diago_dim = |       16 |
                       *----------*              *----------*               *----------*
     s-DIAGOX done in < 00.1s with LAPACK
     --------------------------------------------------------------------------------------------
     Max diff =  0.250E-07
 
        0.00724   0.03035   0.03050   0.07079
 
     --------------------------------------------------------------------------------------------
     Tot. elapsed time 01h-10m-45.6s,  time spent in last iteration 13.9s
     --------------------------------------------------------------------------------------------

                       *----------*              *----------*               *----------*
     #     Iteration = |      274 |   WBSE_dim = |        4 |   Diago_dim = |       20 |
                       *----------*              *----------*               *----------*
     s-DIAGOX done in < 00.1s with LAPACK
     --------------------------------------------------------------------------------------------
     Max diff =  0.242E-07
 
        0.00724   0.03035   0.03050   0.07079
 
     --------------------------------------------------------------------------------------------
     Tot. elapsed time 01h-11m-00.0s,  time spent in last iteration 14.2s
     --------------------------------------------------------------------------------------------

                       *----------*              *----------*               *----------*
     #     Iteration = |      275 |   WBSE_dim = |        4 |   Diago_dim = |       24 |
                       *----------*              *----------*               *----------*
     s-DIAGOX done in < 00.1s with LAPACK
     --------------------------------------------------------------------------------------------
     Max diff =  0.233E-07
 
        0.00724   0.03035   0.03050   0.07079
 
     --------------------------------------------------------------------------------------------
     Tot. elapsed time 01h-11m-14.9s,  time spent in last iteration 14.9s
     --------------------------------------------------------------------------------------------

                       *----------*              *----------*               *----------*
     #     Iteration = |      276 |   WBSE_dim = |        4 |   Diago_dim = |       28 |
                       *----------*              *----------*               *----------*
     s-DIAGOX done in < 00.1s with LAPACK
     --------------------------------------------------------------------------------------------
     Max diff =  0.222E-07
 
        0.00724   0.03035   0.03050   0.07079
 
     --------------------------------------------------------------------------------------------
     Tot. elapsed time 01h-11m-30.2s,  time spent in last iteration 15.2s
     --------------------------------------------------------------------------------------------

                       *----------*              *----------*               *----------*
     #     Iteration = |      277 |   WBSE_dim = |        4 |   Diago_dim = |       32 |
                       *----------*              *----------*               *----------*
     s-DIAGOX done in < 00.1s with LAPACK
     --------------------------------------------------------------------------------------------
     Max diff =  0.212E-07
 
        0.00724   0.03035   0.03050   0.07079
 
     --------------------------------------------------------------------------------------------
     Tot. elapsed time 01h-11m-45.9s,  time spent in last iteration 15.7s
     --------------------------------------------------------------------------------------------

                       *----------*              *----------*               *----------*
     #     Iteration = |      278 |   WBSE_dim = |        3 |   Diago_dim = |       35 |
                       *----------*              *----------*               *----------*
     s-DIAGOX done in < 00.1s with LAPACK
     --------------------------------------------------------------------------------------------
     Max diff =  0.203E-07
 
        0.00724   0.03035   0.03050   0.07079
 
     --------------------------------------------------------------------------------------------
     Tot. elapsed time 01h-11m-58.2s,  time spent in last iteration 12.2s
     --------------------------------------------------------------------------------------------

                       *----------*              *----------*               *----------*
     #     Iteration = |      279 |   WBSE_dim = |        3 |   Diago_dim = |       38 |
                       *----------*              *----------*               *----------*
     s-DIAGOX done in < 00.1s with LAPACK
     --------------------------------------------------------------------------------------------
     Max diff =  0.209E-07
 
        0.00724   0.03035   0.03050   0.07079
 
     --------------------------------------------------------------------------------------------
     Tot. elapsed time 01h-12m-10.8s,  time spent in last iteration 12.5s
     --------------------------------------------------------------------------------------------

       Refresh the basis set

                       *----------*              *----------*               *----------*
     #     Iteration = |      280 |   WBSE_dim = |        3 |   Diago_dim = |        7 |
                       *----------*              *----------*               *----------*
     s-DIAGOX done in < 00.1s with LAPACK
     --------------------------------------------------------------------------------------------
     Max diff =  0.199E-07
 
        0.00724   0.03035   0.03050   0.07079
 
     --------------------------------------------------------------------------------------------
     Tot. elapsed time 01h-12m-23.3s,  time spent in last iteration 09.7s
     --------------------------------------------------------------------------------------------

                       *----------*              *----------*               *----------*
     #     Iteration = |      281 |   WBSE_dim = |        3 |   Diago_dim = |       10 |
                       *----------*              *----------*               *----------*
     s-DIAGOX done in < 00.1s with LAPACK
     --------------------------------------------------------------------------------------------
     Max diff =  0.182E-07
 
        0.00724   0.03035   0.03050   0.07079
 
     --------------------------------------------------------------------------------------------
     Tot. elapsed time 01h-12m-33.5s,  time spent in last iteration 10.1s
     --------------------------------------------------------------------------------------------

                       *----------*              *----------*               *----------*
     #     Iteration = |      282 |   WBSE_dim = |        3 |   Diago_dim = |       13 |
                       *----------*              *----------*               *----------*
     s-DIAGOX done in < 00.1s with LAPACK
     --------------------------------------------------------------------------------------------
     Max diff =  0.179E-07
 
        0.00724   0.03035   0.03050   0.07079
 
     --------------------------------------------------------------------------------------------
     Tot. elapsed time 01h-12m-44.0s,  time spent in last iteration 10.4s
     --------------------------------------------------------------------------------------------

                       *----------*              *----------*               *----------*
     #     Iteration = |      283 |   WBSE_dim = |        3 |   Diago_dim = |       16 |
                       *----------*              *----------*               *----------*
     s-DIAGOX done in < 00.1s with LAPACK
     --------------------------------------------------------------------------------------------
     Max diff =  0.176E-07
 
        0.00724   0.03035   0.03050   0.07079
 
     --------------------------------------------------------------------------------------------
     Tot. elapsed time 01h-12m-54.6s,  time spent in last iteration 10.5s
     --------------------------------------------------------------------------------------------

                       *----------*              *----------*               *----------*
     #     Iteration = |      284 |   WBSE_dim = |        3 |   Diago_dim = |       19 |
                       *----------*              *----------*               *----------*
     s-DIAGOX done in < 00.1s with LAPACK
     --------------------------------------------------------------------------------------------
     Max diff =  0.173E-07
 
        0.00724   0.03035   0.03050   0.07079
 
     --------------------------------------------------------------------------------------------
     Tot. elapsed time 01h-13m-05.6s,  time spent in last iteration 10.9s
     --------------------------------------------------------------------------------------------

                       *----------*              *----------*               *----------*
     #     Iteration = |      285 |   WBSE_dim = |        3 |   Diago_dim = |       22 |
                       *----------*              *----------*               *----------*
     s-DIAGOX done in < 00.1s with LAPACK
     --------------------------------------------------------------------------------------------
     Max diff =  0.169E-07
 
        0.00724   0.03035   0.03050   0.07079
 
     --------------------------------------------------------------------------------------------
     Tot. elapsed time 01h-13m-16.8s,  time spent in last iteration 11.1s
     --------------------------------------------------------------------------------------------

                       *----------*              *----------*               *----------*
     #     Iteration = |      286 |   WBSE_dim = |        3 |   Diago_dim = |       25 |
                       *----------*              *----------*               *----------*
     s-DIAGOX done in < 00.1s with LAPACK
     --------------------------------------------------------------------------------------------
     Max diff =  0.164E-07
 
        0.00724   0.03035   0.03050   0.07079
 
     --------------------------------------------------------------------------------------------
     Tot. elapsed time 01h-13m-28.2s,  time spent in last iteration 11.3s
     --------------------------------------------------------------------------------------------

                       *----------*              *----------*               *----------*
     #     Iteration = |      287 |   WBSE_dim = |        3 |   Diago_dim = |       28 |
                       *----------*              *----------*               *----------*
     s-DIAGOX done in < 00.1s with LAPACK
     --------------------------------------------------------------------------------------------
     Max diff =  0.154E-07
 
        0.00724   0.03035   0.03050   0.07079
 
     --------------------------------------------------------------------------------------------
     Tot. elapsed time 01h-13m-40.0s,  time spent in last iteration 11.7s
     --------------------------------------------------------------------------------------------

                       *----------*              *----------*               *----------*
     #     Iteration = |      288 |   WBSE_dim = |        3 |   Diago_dim = |       31 |
                       *----------*              *----------*               *----------*
     s-DIAGOX done in < 00.1s with LAPACK
     --------------------------------------------------------------------------------------------
     Max diff =  0.129E-07
 
        0.00724   0.03035   0.03050   0.07079
 
     --------------------------------------------------------------------------------------------
     Tot. elapsed time 01h-13m-52.1s,  time spent in last iteration 11.9s
     --------------------------------------------------------------------------------------------

                       *----------*              *----------*               *----------*
     #     Iteration = |      289 |   WBSE_dim = |        3 |   Diago_dim = |       34 |
                       *----------*              *----------*               *----------*
     s-DIAGOX done in < 00.1s with LAPACK
     --------------------------------------------------------------------------------------------
     Max diff =  0.309E-06
 
        0.00724   0.03035   0.03050   0.07079
 
     --------------------------------------------------------------------------------------------
     Tot. elapsed time 01h-14m-04.3s,  time spent in last iteration 12.2s
     --------------------------------------------------------------------------------------------

                       *----------*              *----------*               *----------*
     #     Iteration = |      290 |   WBSE_dim = |        3 |   Diago_dim = |       37 |
                       *----------*              *----------*               *----------*
     s-DIAGOX done in < 00.1s with LAPACK
     --------------------------------------------------------------------------------------------
     Max diff =  0.728E-07
 
        0.00724   0.03035   0.03050   0.07079
 
     --------------------------------------------------------------------------------------------
     Tot. elapsed time 01h-14m-16.9s,  time spent in last iteration 12.5s
     --------------------------------------------------------------------------------------------

                       *----------*              *----------*               *----------*
     #     Iteration = |      291 |   WBSE_dim = |        3 |   Diago_dim = |       40 |
                       *----------*              *----------*               *----------*
     s-DIAGOX done in < 00.1s with LAPACK
     --------------------------------------------------------------------------------------------
     Max diff =  0.297E-07
 
        0.00724   0.03035   0.03050   0.07079
 
     --------------------------------------------------------------------------------------------
     Tot. elapsed time 01h-14m-29.7s,  time spent in last iteration 12.6s
     --------------------------------------------------------------------------------------------

       Refresh the basis set

                       *----------*              *----------*               *----------*
     #     Iteration = |      292 |   WBSE_dim = |        3 |   Diago_dim = |        7 |
                       *----------*              *----------*               *----------*
     s-DIAGOX done in < 00.1s with LAPACK
     --------------------------------------------------------------------------------------------
     Max diff =  0.101E-07
 
        0.00724   0.03035   0.03050   0.07079
 
     --------------------------------------------------------------------------------------------
     Tot. elapsed time 01h-14m-42.4s,  time spent in last iteration 09.7s
     --------------------------------------------------------------------------------------------

                       *----------*              *----------*               *----------*
     #     Iteration = |      293 |   WBSE_dim = |        3 |   Diago_dim = |       10 |
                       *----------*              *----------*               *----------*
     s-DIAGOX done in < 00.1s with LAPACK
     --------------------------------------------------------------------------------------------
     Max diff =  0.972E-08
 
        0.00724   0.03035   0.03050   0.07079
 
     --------------------------------------------------------------------------------------------
     Tot. elapsed time 01h-14m-52.4s,  time spent in last iteration 10.0s
     --------------------------------------------------------------------------------------------

                       *----------*              *----------*               *----------*
     #     Iteration = |      294 |   WBSE_dim = |        3 |   Diago_dim = |       13 |
                       *----------*              *----------*               *----------*
     s-DIAGOX done in < 00.1s with LAPACK
     --------------------------------------------------------------------------------------------
     Max diff =  0.877E-08
 
        0.00724   0.03035   0.03050   0.07079
 
     --------------------------------------------------------------------------------------------
     Tot. elapsed time 01h-15m-02.8s,  time spent in last iteration 10.3s
     --------------------------------------------------------------------------------------------

                       *----------*              *----------*               *----------*
     #     Iteration = |      295 |   WBSE_dim = |        3 |   Diago_dim = |       16 |
                       *----------*              *----------*               *----------*
     s-DIAGOX done in < 00.1s with LAPACK
     --------------------------------------------------------------------------------------------
     Max diff =  0.302E-08
 
        0.00724   0.03035   0.03050   0.07079
 
     --------------------------------------------------------------------------------------------
     Tot. elapsed time 01h-15m-13.6s,  time spent in last iteration 10.6s
     --------------------------------------------------------------------------------------------

                       *----------*              *----------*               *----------*
     #     Iteration = |      296 |   WBSE_dim = |        3 |   Diago_dim = |       19 |
                       *----------*              *----------*               *----------*
     s-DIAGOX done in < 00.1s with LAPACK
     --------------------------------------------------------------------------------------------
     Max diff =  0.329E-08
 
        0.00724   0.03035   0.03050   0.07079
 
     --------------------------------------------------------------------------------------------
     Tot. elapsed time 01h-15m-24.4s,  time spent in last iteration 10.8s
     --------------------------------------------------------------------------------------------

                       *----------*              *----------*               *----------*
     #     Iteration = |      297 |   WBSE_dim = |        3 |   Diago_dim = |       22 |
                       *----------*              *----------*               *----------*
     s-DIAGOX done in < 00.1s with LAPACK
     --------------------------------------------------------------------------------------------
     Max diff =  0.351E-08
 
        0.00724   0.03035   0.03050   0.07079
 
     --------------------------------------------------------------------------------------------
     Tot. elapsed time 01h-15m-35.6s,  time spent in last iteration 11.1s
     --------------------------------------------------------------------------------------------

                       *----------*              *----------*               *----------*
     #     Iteration = |      298 |   WBSE_dim = |        3 |   Diago_dim = |       25 |
                       *----------*              *----------*               *----------*
     s-DIAGOX done in < 00.1s with LAPACK
     --------------------------------------------------------------------------------------------
     Max diff =  0.202E-09
 
        0.00724   0.03035   0.03050   0.07079
 
     --------------------------------------------------------------------------------------------
     Tot. elapsed time 01h-15m-47.1s,  time spent in last iteration 11.4s
     --------------------------------------------------------------------------------------------

                       *----------*              *----------*               *----------*
     #     Iteration = |      299 |   WBSE_dim = |        2 |   Diago_dim = |       27 |
                       *----------*              *----------*               *----------*
     s-DIAGOX done in < 00.1s with LAPACK
     --------------------------------------------------------------------------------------------
     Max diff =  0.184E-09
 
        0.00724   0.03035   0.03050   0.07079
 
     --------------------------------------------------------------------------------------------
     Tot. elapsed time 01h-15m-55.0s,  time spent in last iteration 07.8s
     --------------------------------------------------------------------------------------------

                       *----------*              *----------*               *----------*
     #     Iteration = |      300 |   WBSE_dim = |        2 |   Diago_dim = |       29 |
                       *----------*              *----------*               *----------*
     s-DIAGOX done in < 00.1s with LAPACK
     --------------------------------------------------------------------------------------------
     Max diff =  0.157E-09
 
        0.00724   0.03035   0.03050   0.07079
 
     --------------------------------------------------------------------------------------------
     Tot. elapsed time 01h-16m-03.4s,  time spent in last iteration 08.2s
     --------------------------------------------------------------------------------------------

     [I/O] -------------------------------------------------------
     [I/O] RESTART written in 02m-44.1s
     [I/O] In location   : ./pwscf.wbse.restart
     [I/O] -------------------------------------------------------

                       *----------*              *----------*               *----------*
     #     Iteration = |      301 |   WBSE_dim = |        2 |   Diago_dim = |       31 |
                       *----------*              *----------*               *----------*
     s-DIAGOX done in < 00.1s with LAPACK
     --------------------------------------------------------------------------------------------
     Max diff =  0.422E-09
 
        0.00724   0.03035   0.03050   0.07079
 
     --------------------------------------------------------------------------------------------
     Tot. elapsed time 01h-18m-56.3s,  time spent in last iteration 08.6s
     --------------------------------------------------------------------------------------------

                       *----------*              *----------*               *----------*
     #     Iteration = |      302 |   WBSE_dim = |        2 |   Diago_dim = |       33 |
                       *----------*              *----------*               *----------*
     s-DIAGOX done in < 00.1s with LAPACK
     --------------------------------------------------------------------------------------------
     Max diff =  0.419E-09
 
        0.00724   0.03035   0.03050   0.07079
 
     --------------------------------------------------------------------------------------------
     Tot. elapsed time 01h-19m-04.7s,  time spent in last iteration 08.4s
     --------------------------------------------------------------------------------------------

                       *----------*              *----------*               *----------*
     #     Iteration = |      303 |   WBSE_dim = |        2 |   Diago_dim = |       35 |
                       *----------*              *----------*               *----------*
     s-DIAGOX done in < 00.1s with LAPACK
     --------------------------------------------------------------------------------------------
     Max diff =  0.428E-09
 
        0.00724   0.03035   0.03050   0.07079
 
     --------------------------------------------------------------------------------------------
     Tot. elapsed time 01h-19m-13.3s,  time spent in last iteration 08.4s
     --------------------------------------------------------------------------------------------

                       *----------*              *----------*               *----------*
     #     Iteration = |      304 |   WBSE_dim = |        2 |   Diago_dim = |       37 |
                       *----------*              *----------*               *----------*
     s-DIAGOX done in < 00.1s with LAPACK
     --------------------------------------------------------------------------------------------
     Max diff =  0.780E-09
 
        0.00724   0.03035   0.03050   0.07079
 
     --------------------------------------------------------------------------------------------
     Tot. elapsed time 01h-19m-21.9s,  time spent in last iteration 08.5s
     --------------------------------------------------------------------------------------------

                       *----------*              *----------*               *----------*
     #     Iteration = |      305 |   WBSE_dim = |        2 |   Diago_dim = |       39 |
                       *----------*              *----------*               *----------*
     s-DIAGOX done in < 00.1s with LAPACK
     --------------------------------------------------------------------------------------------
     Max diff =  0.611E-09
 
        0.00724   0.03035   0.03050   0.07079
 
     --------------------------------------------------------------------------------------------
     Tot. elapsed time 01h-19m-30.6s,  time spent in last iteration 08.6s
     --------------------------------------------------------------------------------------------

       Refresh the basis set

                       *----------*              *----------*               *----------*
     #     Iteration = |      306 |   WBSE_dim = |        2 |   Diago_dim = |        6 |
                       *----------*              *----------*               *----------*
     s-DIAGOX done in < 00.1s with LAPACK
     --------------------------------------------------------------------------------------------
     Max diff =  0.268E-09
 
        0.00724   0.03035   0.03050   0.07079
 
     --------------------------------------------------------------------------------------------
     Tot. elapsed time 01h-19m-40.2s,  time spent in last iteration 06.6s
     --------------------------------------------------------------------------------------------

                       *----------*              *----------*               *----------*
     #     Iteration = |      307 |   WBSE_dim = |        2 |   Diago_dim = |        8 |
                       *----------*              *----------*               *----------*
     s-DIAGOX done in < 00.1s with LAPACK
     --------------------------------------------------------------------------------------------
     Max diff =  0.769E-09
 
        0.00724   0.03035   0.03050   0.07079
 
     --------------------------------------------------------------------------------------------
     Tot. elapsed time 01h-19m-47.1s,  time spent in last iteration 06.8s
     --------------------------------------------------------------------------------------------

                       *----------*              *----------*               *----------*
     #     Iteration = |      308 |   WBSE_dim = |        2 |   Diago_dim = |       10 |
                       *----------*              *----------*               *----------*
     s-DIAGOX done in < 00.1s with LAPACK
     --------------------------------------------------------------------------------------------
     Max diff =  0.331E-09
 
        0.00724   0.03035   0.03050   0.07079
 
     --------------------------------------------------------------------------------------------
     Tot. elapsed time 01h-19m-54.0s,  time spent in last iteration 06.8s
     --------------------------------------------------------------------------------------------

                       *----------*              *----------*               *----------*
     #     Iteration = |      309 |   WBSE_dim = |        2 |   Diago_dim = |       12 |
                       *----------*              *----------*               *----------*
     s-DIAGOX done in < 00.1s with LAPACK
     --------------------------------------------------------------------------------------------
     Max diff =  0.266E-09
 
        0.00724   0.03035   0.03050   0.07079
 
     --------------------------------------------------------------------------------------------
     Tot. elapsed time 01h-20m-01.1s,  time spent in last iteration 07.0s
     --------------------------------------------------------------------------------------------

                       *----------*              *----------*               *----------*
     #     Iteration = |      310 |   WBSE_dim = |        2 |   Diago_dim = |       14 |
                       *----------*              *----------*               *----------*
     s-DIAGOX done in < 00.1s with LAPACK
     --------------------------------------------------------------------------------------------
     Max diff =  0.225E-09
 
        0.00724   0.03035   0.03050   0.07079
 
     --------------------------------------------------------------------------------------------
     Tot. elapsed time 01h-20m-08.3s,  time spent in last iteration 07.1s
     --------------------------------------------------------------------------------------------

                       *----------*              *----------*               *----------*
     #     Iteration = |      311 |   WBSE_dim = |        2 |   Diago_dim = |       16 |
                       *----------*              *----------*               *----------*
     s-DIAGOX done in < 00.1s with LAPACK
     --------------------------------------------------------------------------------------------
     Max diff =  0.118E-09
 
        0.00724   0.03035   0.03050   0.07079
 
     --------------------------------------------------------------------------------------------
     Tot. elapsed time 01h-20m-15.7s,  time spent in last iteration 07.3s
     --------------------------------------------------------------------------------------------

                       *----------*              *----------*               *----------*
     #     Iteration = |      312 |   WBSE_dim = |        2 |   Diago_dim = |       18 |
                       *----------*              *----------*               *----------*
     s-DIAGOX done in < 00.1s with LAPACK
     --------------------------------------------------------------------------------------------
     Max diff =  0.981E-10
 
        0.00724   0.03035   0.03050   0.07079
 
     --------------------------------------------------------------------------------------------
     Tot. elapsed time 01h-20m-23.2s,  time spent in last iteration 07.3s
     --------------------------------------------------------------------------------------------
 
     --------------------------------------------------------------------------------------------
     SAVE written in 12.8s
     In location : ./pwscf.wbse.save
     --------------------------------------------------------------------------------------------
 
     --------------------------------------------------------------------------------------------
     Convergence achieved !!! in      312 steps
     --------------------------------------------------------------------------------------------
 
     --------------------------------------------------------------------------------------------
     Compute forces
     --------------------------------------------------------------------------------------------
 
     --------------------------------------------------------------------------------------------
     Compute drhox1
     --------------------------------------------------------------------------------------------
     in progress... |#                   | 005% :             < 00.1s (E)               00.7s (X)
     in progress... |##                  | 010% :             < 00.1s (E)               00.7s (X)
     in progress... |###                 | 015% :               00.1s (E)               00.6s (X)
     in progress... |####                | 020% :               00.1s (E)               00.6s (X)
     in progress... |#####               | 025% :               00.1s (E)               00.6s (X)
     in progress... |######              | 030% :               00.1s (E)               00.6s (X)
     in progress... |#######             | 035% :               00.2s (E)               00.5s (X)
     in progress... |########            | 040% :               00.2s (E)               00.5s (X)
     in progress... |#########           | 045% :               00.2s (E)               00.5s (X)
     in progress... |##########          | 050% :               00.2s (E)               00.5s (X)
     in progress... |###########         | 055% :               00.3s (E)               00.5s (X)
     in progress... |############        | 060% :               00.3s (E)               00.5s (X)
     in progress... |#############       | 065% :               00.3s (E)               00.5s (X)
     in progress... |##############      | 070% :               00.3s (E)               00.5s (X)
     in progress... |###############     | 075% :               00.4s (E)               00.5s (X)
     in progress... |################    | 080% :               00.4s (E)               00.5s (X)
     in progress... |#################   | 085% :               00.4s (E)               00.5s (X)
     in progress... |##################  | 090% :               00.4s (E)               00.5s (X)
     in progress... |################### | 095% :               00.5s (E)               00.5s (X)
     in progress... |####################| 100% :               00.5s (E)               00.5s (X)
     --------------------------------------------------------------------------------------------
 
     --------------------------------------------------------------------------------------------
     Compute forces of drhox1
     --------------------------------------------------------------------------------------------
     in progress... |#                   | 005% :               00.8s (E)               17.9s (X)
     in progress... |##                  | 010% :               01.7s (E)               17.2s (X)
     in progress... |###                 | 015% :               02.4s (E)               16.6s (X)
     in progress... |####                | 020% :               03.2s (E)               16.3s (X)
     in progress... |#####               | 025% :               03.9s (E)               15.9s (X)
     in progress... |######              | 030% :               04.7s (E)               15.8s (X)
     in progress... |#######             | 035% :               05.5s (E)               15.8s (X)
     in progress... |########            | 040% :               06.3s (E)               15.7s (X)
     in progress... |#########           | 045% :               07.0s (E)               15.7s (X)
     in progress... |##########          | 050% :               07.8s (E)               15.6s (X)
     in progress... |###########         | 055% :               08.6s (E)               15.6s (X)
     in progress... |############        | 060% :               09.3s (E)               15.6s (X)
     in progress... |#############       | 065% :               10.1s (E)               15.6s (X)
     in progress... |##############      | 070% :               10.9s (E)               15.6s (X)
     in progress... |###############     | 075% :               11.6s (E)               15.5s (X)
     in progress... |################    | 080% :               12.4s (E)               15.5s (X)
     in progress... |#################   | 085% :               13.1s (E)               15.5s (X)
     in progress... |##################  | 090% :               13.9s (E)               15.5s (X)
     in progress... |################### | 095% :               14.7s (E)               15.4s (X)
     in progress... |####################| 100% :               15.4s (E)               15.4s (X)
     --------------------------------------------------------------------------------------------
 
     --------------------------------------------------------------------------------------------
     Forces drhox1
     --------------------------------------------------------------------------------------------
     atom    1 type  1   force =     0.03016437    0.02698431    0.01900235
     atom    2 type  1   force =     0.03845241    0.01263766    0.01900590
     atom    3 type  1   force =     0.01871487   -0.00676177    0.01185206
     atom    4 type  1   force =     0.00000882    0.00000328    0.00660609
     atom    5 type  1   force =     0.00350210    0.01958528    0.01185015
     atom    6 type  1   force =    -0.00000955    0.04842100    0.03956273
     atom    7 type  1   force =     0.03739241    0.02160048    0.06396863
     atom    8 type  1   force =     0.04193001   -0.02422383    0.03956928
     atom    9 type  1   force =     0.01520320   -0.01282101    0.01185055
     atom   10 type  1   force =    -0.00349960    0.01957501    0.01184979
     atom   11 type  1   force =    -0.03016502    0.02696926    0.01900142
     atom   12 type  1   force =    -0.03740868    0.02158127    0.06397598
     atom   13 type  1   force =    -0.00002452   -0.04318481    0.06398661
     atom   14 type  1   force =     0.00827160   -0.03961060    0.01900500
     atom   15 type  1   force =    -0.00557092   -0.00321671    0.00785285
     atom   16 type  1   force =    -0.01253561    0.00723582    0.00548096
     atom   17 type  1   force =    -0.03843704    0.01261965    0.01899736
     atom   18 type  1   force =    -0.04193388   -0.02421444    0.03953332
     atom   19 type  1   force =    -0.00829262   -0.03959543    0.01899765
     atom   20 type  1   force =    -0.00000273   -0.01447375    0.00548105
     atom   21 type  1   force =     0.01254612    0.00724510    0.00548238
     atom   22 type  1   force =     0.00001528    0.00642837    0.00785403
     atom   23 type  1   force =    -0.01868512   -0.00675648    0.01184299
     atom   24 type  1   force =    -0.01519172   -0.01280529    0.01184202
     atom   25 type  1   force =     0.00557261   -0.00320018    0.00785242
     atom   26 type  1   force =     0.02572961    0.05374902   -0.03495434
     atom   27 type  1   force =     0.06317110    0.03647655   -0.03678462
     atom   28 type  1   force =     0.05941391   -0.00459381   -0.03495872
     atom   29 type  1   force =     0.01592244   -0.00918881   -0.01020762
     atom   30 type  1   force =     0.00000483    0.01838149   -0.01020698
     atom   31 type  1   force =    -0.02573864    0.05373979   -0.03495348
     atom   32 type  1   force =    -0.00000757    0.04507858   -0.13973047
     atom   33 type  1   force =     0.03903921   -0.02253966   -0.13976536
     atom   34 type  1   force =     0.03367331   -0.04916311   -0.03495616
     atom   35 type  1   force =     0.00082906    0.00047721   -0.01250936
     atom   36 type  1   force =    -0.02143563    0.01254640   -0.00892304
     atom   37 type  1   force =    -0.06318109    0.03643326   -0.03678227
     atom   38 type  1   force =    -0.03916037   -0.02259909   -0.13966052
     atom   39 type  1   force =    -0.00004178   -0.07294005   -0.03679055
     atom   40 type  1   force =     0.00014704   -0.02483842   -0.00892360
     atom   41 type  1   force =     0.00000356    0.00000270   -0.00414976
     atom   42 type  1   force =    -0.02157318    0.01227415   -0.00891997
     atom   43 type  1   force =    -0.05934264   -0.00460807   -0.03491087
     atom   44 type  1   force =    -0.03366324   -0.04909083   -0.03491014
     atom   45 type  1   force =    -0.00015844   -0.02482038   -0.00891980
     atom   46 type  1   force =     0.02143877    0.01256411   -0.00892450
     atom   47 type  1   force =     0.02160017    0.01228724   -0.00892534
     atom   48 type  1   force =     0.00002133   -0.00096128   -0.01250684
     atom   49 type  1   force =    -0.01588987   -0.00917545   -0.01020121
     atom   50 type  1   force =    -0.00082238    0.00049760   -0.01250530
     atom   51 type  1   force =     0.01035580    0.01431578   -0.00368801
     atom   52 type  1   force =     0.02412626    0.01393102   -0.00422667
     atom   53 type  1   force =     0.01757626    0.00181143   -0.00368769
     atom   54 type  1   force =     0.00001283   -0.00432883   -0.00271335
     atom   55 type  1   force =    -0.00374163    0.00217392   -0.00271355
     atom   56 type  1   force =    -0.00000133    0.02681583   -0.00641246
     atom   57 type  1   force =     0.01909702    0.03052186   -0.01533606
     atom   58 type  1   force =     0.03597994    0.00127994   -0.01533694
     atom   59 type  1   force =     0.02322305   -0.01341061   -0.00641171
     atom   60 type  1   force =     0.00375273    0.00216556   -0.00271533
     atom   61 type  1   force =    -0.01035527    0.01430277   -0.00368808
     atom   62 type  1   force =    -0.01911358    0.03050890   -0.01533277
     atom   63 type  1   force =    -0.00001827   -0.00000854   -0.03243472
     atom   64 type  1   force =     0.01686090   -0.03180842   -0.01533539
     atom   65 type  1   force =     0.00720869   -0.01612065   -0.00368826
     atom   66 type  1   force =    -0.00529740   -0.00305835   -0.00173034
     atom   67 type  1   force =    -0.02411909    0.01391481   -0.00422478
     atom   68 type  1   force =    -0.03598383    0.00127203   -0.01532001
     atom   69 type  1   force =    -0.01688919   -0.03179963   -0.01532204
     atom   70 type  1   force =    -0.00001027   -0.02784533   -0.00422595
     atom   71 type  1   force =     0.00529803   -0.00304955   -0.00173031
     atom   72 type  1   force =     0.00000800    0.00611431   -0.00173013
     atom   73 type  1   force =    -0.01754991    0.00180850   -0.00368446
     atom   74 type  1   force =    -0.02320710   -0.01339970   -0.00639966
     atom   75 type  1   force =    -0.00720921   -0.01610352   -0.00368506
     atom   76 type  1   force =     0.02820083    0.02306184    0.00898149
     atom   77 type  1   force =     0.04369939    0.02523386    0.00568304
     atom   78 type  1   force =     0.03407791    0.01289478    0.00898162
     atom   79 type  1   force =     0.00002123   -0.01033408    0.00439283
     atom   80 type  1   force =    -0.00893686    0.00518252    0.00439289
     atom   81 type  1   force =    -0.00000499    0.06550201    0.01440841
     atom   82 type  1   force =     0.11694221    0.08731614    0.05190650
     atom   83 type  1   force =     0.13411702    0.05764964    0.05191483
     atom   84 type  1   force =     0.05672887   -0.03276247    0.01440699
     atom   85 type  1   force =     0.00895516    0.00516869    0.00439487
     atom   86 type  1   force =    -0.02819474    0.02303900    0.00898146
     atom   87 type  1   force =    -0.11696075    0.08732532    0.05190598
     atom   88 type  1   force =     0.01714836   -0.14499058    0.05191604
     atom   89 type  1   force =     0.00585674   -0.03594172    0.00898153
     atom   90 type  1   force =    -0.00859627   -0.00496310    0.00195846
     atom   91 type  1   force =    -0.04368827    0.02520902    0.00567934
     atom   92 type  1   force =    -0.13412137    0.05753546    0.05184137
     atom   93 type  1   force =    -0.01724809   -0.14492133    0.05184614
     atom   94 type  1   force =    -0.00001556   -0.05044298    0.00568043
     atom   95 type  1   force =     0.00859774   -0.00495097    0.00195841
     atom   96 type  1   force =     0.00001134    0.00992357    0.00195810
     atom   97 type  1   force =    -0.03402553    0.01287794    0.00897147
     atom   98 type  1   force =    -0.05666398   -0.03271805    0.01437767
     atom   99 type  1   force =    -0.00586217   -0.03590576    0.00897195
     atom  100 type  2   force =     0.02137633    0.02154745    0.00091037
     atom  101 type  2   force =     0.02934871    0.00774169    0.00091153
     atom  102 type  2   force =     0.01494601   -0.00514905    0.00028780
     atom  103 type  2   force =     0.00000816    0.00000341    0.00013656
     atom  104 type  2   force =     0.00301408    0.01551671    0.00028679
     atom  105 type  2   force =    -0.00000725    0.03384583    0.00022310
     atom  106 type  2   force =     0.02276000    0.01314274    0.00122314
     atom  107 type  2   force =     0.02930642   -0.01693035    0.00022489
     atom  108 type  2   force =     0.01192555   -0.01036419    0.00028661
     atom  109 type  2   force =    -0.00301148    0.01550872    0.00028619
     atom  110 type  2   force =    -0.02137834    0.02153143    0.00090951
     atom  111 type  2   force =    -0.02278641    0.01313273    0.00122349
     atom  112 type  2   force =    -0.00002187   -0.02630318    0.00122050
     atom  113 type  2   force =     0.00795555   -0.02928079    0.00090891
     atom  114 type  2   force =    -0.00393569   -0.00227257    0.00046136
     atom  115 type  2   force =    -0.01073636    0.00619652    0.00027405
     atom  116 type  2   force =    -0.02933702    0.00773158    0.00091135
     atom  117 type  2   force =    -0.02931041   -0.01692403    0.00023119
     atom  118 type  2   force =    -0.00797316   -0.02927188    0.00090959
     atom  119 type  2   force =    -0.00000275   -0.01239588    0.00027379
     atom  120 type  2   force =     0.01074560    0.00620509    0.00027403
     atom  121 type  2   force =     0.00001240    0.00453935    0.00046252
     atom  122 type  2   force =    -0.01492128   -0.00514585    0.00028970
     atom  123 type  2   force =    -0.01191624   -0.01035066    0.00028909
     atom  124 type  2   force =     0.00393624   -0.00225871    0.00046172
     atom  125 type  2   force =     0.03015827    0.07301177   -0.00468640
     atom  126 type  2   force =     0.08902098    0.05140533   -0.00180394
     atom  127 type  2   force =     0.07832160   -0.01038822   -0.00469101
     atom  128 type  2   force =     0.02020193   -0.01166018   -0.00026302
     atom  129 type  2   force =     0.00000487    0.02332299   -0.00026249
     atom  130 type  2   force =    -0.03016627    0.07299090   -0.00468364
     atom  131 type  2   force =    -0.00008672    0.08030620   -0.01133188
     atom  132 type  2   force =     0.06949023   -0.04024881   -0.01135107
     atom  133 type  2   force =     0.04813484   -0.06263370   -0.00468584
     atom  134 type  2   force =     0.00264014    0.00152172   -0.00219902
     atom  135 type  2   force =    -0.02684577    0.01356651   -0.00063253
     atom  136 type  2   force =    -0.08903421    0.05134662   -0.00181291
     atom  137 type  2   force =    -0.06963667   -0.04022953   -0.01143136
     atom  138 type  2   force =    -0.00005647   -0.10279001   -0.00181328
     atom  139 type  2   force =    -0.00167469   -0.03003440   -0.00063250
     atom  140 type  2   force =     0.00000355    0.00000271   -0.00025063
     atom  141 type  2   force =    -0.02515884    0.01644571   -0.00063433
     atom  142 type  2   force =    -0.07824099   -0.01038889   -0.00469534
     atom  143 type  2   force =    -0.04811838   -0.06256725   -0.00469336
     atom  144 type  2   force =     0.00166020   -0.03001220   -0.00063339
     atom  145 type  2   force =     0.02684899    0.01358395   -0.00063346
     atom  146 type  2   force =     0.02518798    0.01646400   -0.00063436
     atom  147 type  2   force =     0.00002561   -0.00305196   -0.00220158
     atom  148 type  2   force =    -0.02016098   -0.01164193   -0.00026544
     atom  149 type  2   force =    -0.00263075    0.00154565   -0.00220004
     atom  150 type  2   force =     0.01555009    0.01847051   -0.01357756
     atom  151 type  2   force =     0.03223939    0.01861563   -0.01348495
     atom  152 type  2   force =     0.02377273    0.00423281   -0.01357923
     atom  153 type  2   force =     0.00001707   -0.00583642   -0.00892352
     atom  154 type  2   force =    -0.00504506    0.00293110   -0.00892300
     atom  155 type  2   force =    -0.00000168    0.04062800   -0.02251185
     atom  156 type  2   force =     0.04216317    0.04878180   -0.05462799
     atom  157 type  2   force =     0.06332960    0.01212784   -0.05463375
     atom  158 type  2   force =     0.03518459   -0.02031739   -0.02251271
     atom  159 type  2   force =     0.00505970    0.00291997   -0.00892618
     atom  160 type  2   force =    -0.01554825    0.01845294   -0.01357712
     atom  161 type  2   force =    -0.04218490    0.04876681   -0.05463688
     atom  162 type  2   force =    -0.00004297   -0.00001521   -0.09178458
     atom  163 type  2   force =     0.02114185   -0.06092253   -0.05464878
     atom  164 type  2   force =     0.00820686   -0.02269360   -0.01357790
     atom  165 type  2   force =    -0.00660191   -0.00381151   -0.00538064
     atom  166 type  2   force =    -0.03222951    0.01859523   -0.01347982
     atom  167 type  2   force =    -0.06332069    0.01208387   -0.05458524
     atom  168 type  2   force =    -0.02119917   -0.06088158   -0.05459181
     atom  169 type  2   force =    -0.00001250   -0.03721117   -0.01348123
     atom  170 type  2   force =     0.00660301   -0.00380100   -0.00538108
     atom  171 type  2   force =     0.00000969    0.00762034   -0.00538128
     atom  172 type  2   force =    -0.02373455    0.00422568   -0.01356789
     atom  173 type  2   force =    -0.03514474   -0.02029208   -0.02247968
     atom  174 type  2   force =    -0.00820835   -0.02266768   -0.01356728
     atom  175 type  2   force =     0.01544950    0.01866685    0.01439685
     atom  176 type  2   force =     0.03284353    0.01896596    0.01357813
     atom  177 type  2   force =     0.02389279    0.00404756    0.01439871
     atom  178 type  2   force =     0.00001566   -0.00633289    0.00907570
     atom  179 type  2   force =    -0.00547514    0.00317740    0.00907512
     atom  180 type  2   force =    -0.00000281    0.03977111    0.02231597
     atom  181 type  2   force =     0.03669185    0.05024068    0.05610529
     atom  182 type  2   force =     0.06185773    0.00666246    0.05611221
     atom  183 type  2   force =     0.03444403   -0.01989236    0.02231784
     atom  184 type  2   force =     0.00548836    0.00316716    0.00907815
     atom  185 type  2   force =    -0.01544846    0.01865094    0.01439596
     atom  186 type  2   force =    -0.03671276    0.05023110    0.05611490
     atom  187 type  2   force =     0.02514288   -0.05691975    0.05612822
     atom  188 type  2   force =     0.00842787   -0.02270683    0.01439707
     atom  189 type  2   force =    -0.00693922   -0.00400601    0.00550027
     atom  190 type  2   force =    -0.03283722    0.01894898    0.01357532
     atom  191 type  2   force =    -0.06187171    0.00664024    0.05608004
     atom  192 type  2   force =    -0.02518770   -0.05690722    0.05608764
     atom  193 type  2   force =    -0.00001129   -0.03791401    0.01357750
     atom  194 type  2   force =     0.00694080   -0.00399530    0.00550040
     atom  195 type  2   force =     0.00001017    0.00801081    0.00550061
     atom  196 type  2   force =    -0.02385733    0.00404219    0.01438624
     atom  197 type  2   force =    -0.03441811   -0.01987378    0.02229130
     atom  198 type  2   force =    -0.00842819   -0.02268261    0.01438579
 
 
     --------------------------------------------------------------------------------------------
     Compute <dvg|dvg>
     --------------------------------------------------------------------------------------------
     in progress... |##########          | 050% :               00.4s (E)               00.9s (X)
     in progress... |####################| 100% :               00.7s (E)               00.7s (X)
     --------------------------------------------------------------------------------------------
 
     --------------------------------------------------------------------------------------------
     Compute drhox2
     --------------------------------------------------------------------------------------------
     in progress... |#                   | 005% :               12.2s (E)           04m-05.4s (X)
     in progress... |##                  | 010% :               24.1s (E)           04m-01.3s (X)
     in progress... |###                 | 015% :               35.9s (E)           03m-59.8s (X)
     in progress... |####                | 020% :               47.8s (E)           03m-59.4s (X)
     in progress... |#####               | 025% :               59.7s (E)           03m-58.9s (X)
     in progress... |######              | 030% :           01m-11.6s (E)           03m-58.9s (X)
     in progress... |#######             | 035% :           01m-23.5s (E)           03m-58.6s (X)
     in progress... |########            | 040% :           01m-35.3s (E)           03m-58.4s (X)
     in progress... |#########           | 045% :           01m-47.3s (E)           03m-58.5s (X)
     in progress... |##########          | 050% :           01m-59.2s (E)           03m-58.4s (X)
     in progress... |###########         | 055% :           02m-11.4s (E)           03m-59.0s (X)
     in progress... |############        | 060% :           02m-23.6s (E)           03m-59.3s (X)
     in progress... |#############       | 065% :           02m-35.7s (E)           03m-59.6s (X)
     in progress... |##############      | 070% :           02m-48.0s (E)           04m-00.0s (X)
     in progress... |###############     | 075% :           03m-00.2s (E)           04m-00.2s (X)
     in progress... |################    | 080% :           03m-12.4s (E)           04m-00.5s (X)
     in progress... |#################   | 085% :           03m-24.5s (E)           04m-00.6s (X)
     in progress... |##################  | 090% :           03m-36.7s (E)           04m-00.7s (X)
     in progress... |################### | 095% :           03m-48.9s (E)           04m-01.0s (X)
     in progress... |####################| 100% :           04m-01.1s (E)           04m-01.1s (X)
     --------------------------------------------------------------------------------------------
 
     --------------------------------------------------------------------------------------------
     Compute forces of drhox2
     --------------------------------------------------------------------------------------------
     in progress... |#                   | 005% :               01.1s (E)               23.3s (X)
     in progress... |##                  | 010% :               02.2s (E)               22.7s (X)
     in progress... |###                 | 015% :               03.3s (E)               22.5s (X)
     in progress... |####                | 020% :               04.4s (E)               22.4s (X)
     in progress... |#####               | 025% :               05.5s (E)               22.2s (X)
     in progress... |######              | 030% :               06.6s (E)               22.2s (X)
     in progress... |#######             | 035% :               07.8s (E)               22.5s (X)
     in progress... |########            | 040% :               09.0s (E)               22.5s (X)
     in progress... |#########           | 045% :               10.1s (E)               22.4s (X)
     in progress... |##########          | 050% :               11.1s (E)               22.3s (X)
     in progress... |###########         | 055% :               12.3s (E)               22.4s (X)
     in progress... |############        | 060% :               13.4s (E)               22.4s (X)
     in progress... |#############       | 065% :               14.5s (E)               22.4s (X)
     in progress... |##############      | 070% :               15.6s (E)               22.3s (X)
     in progress... |###############     | 075% :               16.7s (E)               22.3s (X)
     in progress... |################    | 080% :               17.8s (E)               22.3s (X)
     in progress... |#################   | 085% :               18.9s (E)               22.3s (X)
     in progress... |##################  | 090% :               20.0s (E)               22.2s (X)
     in progress... |################### | 095% :               21.1s (E)               22.2s (X)
     in progress... |####################| 100% :               22.2s (E)               22.2s (X)
     --------------------------------------------------------------------------------------------
 
     --------------------------------------------------------------------------------------------
     Forces drhox2
     --------------------------------------------------------------------------------------------
     atom    1 type  1   force =    -0.02535861   -0.02181578   -0.01742171
     atom    2 type  1   force =    -0.03157195   -0.01103073   -0.01741346
     atom    3 type  1   force =    -0.01592141    0.00489968   -0.01320197
     atom    4 type  1   force =    -0.00000508   -0.00001287   -0.00865450
     atom    5 type  1   force =    -0.00372104   -0.01625216   -0.01321218
     atom    6 type  1   force =    -0.00001502   -0.03781549   -0.03547201
     atom    7 type  1   force =    -0.02809509   -0.01619342   -0.05180005
     atom    8 type  1   force =    -0.03275436    0.01889519   -0.03544389
     atom    9 type  1   force =    -0.01221308    0.01131808   -0.01321254
     atom   10 type  1   force =     0.00370568   -0.01625582   -0.01322021
     atom   11 type  1   force =     0.02536003   -0.02181681   -0.01743371
     atom   12 type  1   force =     0.02807487   -0.01618047   -0.05184786
     atom   13 type  1   force =     0.00000083    0.03240900   -0.05183936
     atom   14 type  1   force =    -0.00622169    0.03285493   -0.01742508
     atom   15 type  1   force =     0.00585784    0.00337199   -0.00800678
     atom   16 type  1   force =     0.01132336   -0.00652382   -0.00519180
     atom   17 type  1   force =     0.03157997   -0.01102117   -0.01742154
     atom   18 type  1   force =     0.03275583    0.01891273   -0.03544341
     atom   19 type  1   force =     0.00623351    0.03285556   -0.01742145
     atom   20 type  1   force =     0.00000745    0.01306209   -0.00519134
     atom   21 type  1   force =    -0.01130957   -0.00652453   -0.00518923
     atom   22 type  1   force =     0.00000380   -0.00674599   -0.00799571
     atom   23 type  1   force =     0.01592090    0.00490546   -0.01320173
     atom   24 type  1   force =     0.01220735    0.01132630   -0.01320445
     atom   25 type  1   force =    -0.00585115    0.00337269   -0.00799944
     atom   26 type  1   force =    -0.02188058   -0.04742994    0.03519621
     atom   27 type  1   force =    -0.05820298   -0.03356794    0.03335716
     atom   28 type  1   force =    -0.05198476    0.00477852    0.03516060
     atom   29 type  1   force =    -0.01455767    0.00838184    0.01377956
     atom   30 type  1   force =    -0.00001277   -0.01682415    0.01378785
     atom   31 type  1   force =     0.02185591   -0.04744042    0.03522063
     atom   32 type  1   force =    -0.00005721   -0.04604884    0.11913883
     atom   33 type  1   force =    -0.03996161    0.02301430    0.11904567
     atom   34 type  1   force =    -0.03014593    0.04261117    0.03518836
     atom   35 type  1   force =    -0.00052556   -0.00032074    0.01547314
     atom   36 type  1   force =     0.02159443   -0.01077597    0.00877477
     atom   37 type  1   force =     0.05822321   -0.03356162    0.03337785
     atom   38 type  1   force =     0.03998025    0.02308919    0.11908897
     atom   39 type  1   force =     0.00001472    0.06718949    0.03336890
     atom   40 type  1   force =     0.00146307    0.02407094    0.00877113
     atom   41 type  1   force =     0.00000894    0.00000538    0.00370082
     atom   42 type  1   force =     0.02013261   -0.01327953    0.00876419
     atom   43 type  1   force =     0.05197676    0.00480379    0.03515882
     atom   44 type  1   force =     0.03014323    0.04260732    0.03516333
     atom   45 type  1   force =    -0.00144627    0.02406922    0.00876504
     atom   46 type  1   force =    -0.02157922   -0.01077543    0.00876768
     atom   47 type  1   force =    -0.02011786   -0.01328252    0.00876331
     atom   48 type  1   force =     0.00000300    0.00060824    0.01543897
     atom   49 type  1   force =     0.01454610    0.00838972    0.01377593
     atom   50 type  1   force =     0.00052040   -0.00031378    0.01544993
     atom   51 type  1   force =    -0.00966795   -0.01248861    0.00621893
     atom   52 type  1   force =    -0.02198581   -0.01268330    0.00632094
     atom   53 type  1   force =    -0.01564099   -0.00212146    0.00621592
     atom   54 type  1   force =    -0.00000146    0.00384682    0.00425237
     atom   55 type  1   force =     0.00333198   -0.00193642    0.00425384
     atom   56 type  1   force =    -0.00000915   -0.02378567    0.00847272
     atom   57 type  1   force =    -0.01711546   -0.02619756    0.02042513
     atom   58 type  1   force =    -0.03125296   -0.00170322    0.02041430
     atom   59 type  1   force =    -0.02059335    0.01187712    0.00846588
     atom   60 type  1   force =    -0.00334100   -0.00194002    0.00425603
     atom   61 type  1   force =     0.00966490   -0.01249383    0.00622381
     atom   62 type  1   force =     0.01709937   -0.02619092    0.02043814
     atom   63 type  1   force =    -0.00000458    0.00001115    0.04287765
     atom   64 type  1   force =    -0.01414331    0.02790186    0.02042674
     atom   65 type  1   force =    -0.00598258    0.01460082    0.00622137
     atom   66 type  1   force =     0.00527190    0.00303960    0.00304985
     atom   67 type  1   force =     0.02199444   -0.01268021    0.00632559
     atom   68 type  1   force =     0.03124881   -0.00169065    0.02042137
     atom   69 type  1   force =     0.01414976    0.02790879    0.02042121
     atom   70 type  1   force =     0.00000674    0.02537948    0.00632452
     atom   71 type  1   force =    -0.00526004    0.00304034    0.00304814
     atom   72 type  1   force =     0.00000650   -0.00606994    0.00304778
     atom   73 type  1   force =     0.01564697   -0.00211594    0.00621784
     atom   74 type  1   force =     0.02058976    0.01188538    0.00846300
     atom   75 type  1   force =     0.00598451    0.01460351    0.00621861
     atom   76 type  1   force =    -0.03134742   -0.01793838   -0.01393554
     atom   77 type  1   force =    -0.04051879   -0.02337578   -0.00808463
     atom   78 type  1   force =    -0.03118597   -0.01815058   -0.01392275
     atom   79 type  1   force =    -0.00000304    0.00940876   -0.00799081
     atom   80 type  1   force =     0.00815209   -0.00473095   -0.00799482
     atom   81 type  1   force =    -0.00003258   -0.05685310   -0.01852706
     atom   82 type  1   force =    -0.10198978   -0.06803231   -0.05530911
     atom   83 type  1   force =    -0.10988934   -0.05420694   -0.05526164
     atom   84 type  1   force =    -0.04921380    0.02836944   -0.01850788
     atom   85 type  1   force =    -0.00818219   -0.00474493   -0.00800244
     atom   86 type  1   force =     0.03136697   -0.01793195   -0.01395815
     atom   87 type  1   force =     0.10197726   -0.06804452   -0.05533492
     atom   88 type  1   force =    -0.00799319    0.12226255   -0.05528718
     atom   89 type  1   force =     0.00015815    0.03609007   -0.01395013
     atom   90 type  1   force =     0.00933519    0.00538353   -0.00339177
     atom   91 type  1   force =     0.04053795   -0.02337206   -0.00808852
     atom   92 type  1   force =     0.10997645   -0.05418257   -0.05527246
     atom   93 type  1   force =     0.00803799    0.12233405   -0.05527503
     atom   94 type  1   force =     0.00001228    0.04677606   -0.00808645
     atom   95 type  1   force =    -0.00931502    0.00538137   -0.00338940
     atom   96 type  1   force =     0.00000809   -0.01074820   -0.00338880
     atom   97 type  1   force =     0.03119909   -0.01814529   -0.01392527
     atom   98 type  1   force =     0.04919074    0.02839234   -0.01849675
     atom   99 type  1   force =    -0.00013129    0.03608644   -0.01393073
     atom  100 type  2   force =    -0.01909086   -0.01839516    0.00198584
     atom  101 type  2   force =    -0.02547798   -0.00731967    0.00198633
     atom  102 type  2   force =    -0.01300236    0.00425114    0.00114038
     atom  103 type  2   force =    -0.00000412   -0.00001075    0.00054490
     atom  104 type  2   force =    -0.00282261   -0.01339637    0.00114087
     atom  105 type  2   force =    -0.00001007   -0.02864859    0.00404828
     atom  106 type  2   force =    -0.02005902   -0.01156387    0.00767715
     atom  107 type  2   force =    -0.02481624    0.01431818    0.00404593
     atom  108 type  2   force =    -0.01018987    0.00911905    0.00114110
     atom  109 type  2   force =     0.00281079   -0.01339965    0.00114161
     atom  110 type  2   force =     0.01908941   -0.01839423    0.00198669
     atom  111 type  2   force =     0.02005529   -0.01156020    0.00768815
     atom  112 type  2   force =     0.00000129    0.02315641    0.00768723
     atom  113 type  2   force =    -0.00639051    0.02571851    0.00198673
     atom  114 type  2   force =     0.00423349    0.00243573    0.00131864
     atom  115 type  2   force =     0.00977641   -0.00563203    0.00102769
     atom  116 type  2   force =     0.02548336   -0.00731300    0.00198885
     atom  117 type  2   force =     0.02481498    0.01432877    0.00404505
     atom  118 type  2   force =     0.00639881    0.02572160    0.00198839
     atom  119 type  2   force =     0.00000678    0.01127720    0.00102780
     atom  120 type  2   force =    -0.00976395   -0.00563274    0.00102667
     atom  121 type  2   force =     0.00000461   -0.00487526    0.00131711
     atom  122 type  2   force =     0.01300169    0.00425643    0.00113988
     atom  123 type  2   force =     0.01018562    0.00912447    0.00113992
     atom  124 type  2   force =    -0.00422843    0.00243834    0.00131738
     atom  125 type  2   force =    -0.02571581   -0.06461982    0.00424723
     atom  126 type  2   force =    -0.07832197   -0.04516936   -0.00182512
     atom  127 type  2   force =    -0.06878045    0.01004200    0.00424027
     atom  128 type  2   force =    -0.01892016    0.01089249    0.00003513
     atom  129 type  2   force =    -0.00001754   -0.02186658    0.00003532
     atom  130 type  2   force =     0.02567288   -0.06462483    0.00425961
     atom  131 type  2   force =    -0.00001420   -0.07310241    0.00363096
     atom  132 type  2   force =    -0.06334902    0.03659273    0.00363887
     atom  133 type  2   force =    -0.04310755    0.05450025    0.00425561
     atom  134 type  2   force =    -0.00212987   -0.00125132    0.00181970
     atom  135 type  2   force =     0.02702473   -0.01133992   -0.00097400
     atom  136 type  2   force =     0.07835708   -0.04517104   -0.00182225
     atom  137 type  2   force =     0.06341428    0.03664410    0.00369323
     atom  138 type  2   force =     0.00001513    0.09042231   -0.00182009
     atom  139 type  2   force =     0.00368848    0.02905094   -0.00097389
     atom  140 type  2   force =     0.00000955    0.00000595   -0.00084356
     atom  141 type  2   force =     0.02333351   -0.01768676   -0.00097397
     atom  142 type  2   force =     0.06877832    0.01006814    0.00424589
     atom  143 type  2   force =     0.04310504    0.05452026    0.00424926
     atom  144 type  2   force =    -0.00366543    0.02904570   -0.00097391
     atom  145 type  2   force =    -0.02700145   -0.01134131   -0.00097286
     atom  146 type  2   force =    -0.02331660   -0.01768919   -0.00097286
     atom  147 type  2   force =     0.00000443    0.00244958    0.00181193
     atom  148 type  2   force =     0.01890210    0.01090209    0.00003676
     atom  149 type  2   force =     0.00211688   -0.00123826    0.00181430
     atom  150 type  2   force =    -0.01571702   -0.01607616    0.01542146
     atom  151 type  2   force =    -0.03038766   -0.01753137    0.01394605
     atom  152 type  2   force =    -0.02176801   -0.00556176    0.01540997
     atom  153 type  2   force =    -0.00000255    0.00554867    0.01178860
     atom  154 type  2   force =     0.00480614   -0.00279250    0.01179365
     atom  155 type  2   force =    -0.00001516   -0.03630993    0.02374109
     atom  156 type  2   force =    -0.03960623   -0.04520768    0.05086506
     atom  157 type  2   force =    -0.05895118   -0.01165200    0.05083149
     atom  158 type  2   force =    -0.03143173    0.01812677    0.02371924
     atom  159 type  2   force =    -0.00482113   -0.00279838    0.01180131
     atom  160 type  2   force =     0.01571685   -0.01607958    0.01543602
     atom  161 type  2   force =     0.03959388   -0.04521646    0.05089152
     atom  162 type  2   force =    -0.00002759    0.00002123    0.08559519
     atom  163 type  2   force =    -0.01938232    0.05687531    0.05085848
     atom  164 type  2   force =    -0.00606063    0.02162637    0.01542800
     atom  165 type  2   force =     0.00715244    0.00412429    0.00583377
     atom  166 type  2   force =     0.03040167   -0.01752981    0.01395415
     atom  167 type  2   force =     0.05896336   -0.01162303    0.05084549
     atom  168 type  2   force =     0.01939943    0.05687778    0.05084647
     atom  169 type  2   force =     0.00000804    0.03508169    0.01395068
     atom  170 type  2   force =    -0.00713678    0.00412415    0.00583065
     atom  171 type  2   force =     0.00000765   -0.00823570    0.00582972
     atom  172 type  2   force =     0.02177666   -0.00555577    0.01541148
     atom  173 type  2   force =     0.03142134    0.01813778    0.02370883
     atom  174 type  2   force =     0.00606728    0.02162987    0.01541526
     atom  175 type  2   force =    -0.01529427   -0.01507968   -0.01650048
     atom  176 type  2   force =    -0.02853504   -0.01646175   -0.01406238
     atom  177 type  2   force =    -0.02069346   -0.00569400   -0.01648750
     atom  178 type  2   force =    -0.00000226    0.00514156   -0.01212671
     atom  179 type  2   force =     0.00445387   -0.00258866   -0.01213195
     atom  180 type  2   force =    -0.00001428   -0.03289636   -0.02451433
     atom  181 type  2   force =    -0.03122857   -0.03846054   -0.05395237
     atom  182 type  2   force =    -0.04892898   -0.00777906   -0.05391856
     atom  183 type  2   force =    -0.02847883    0.01642258   -0.02449265
     atom  184 type  2   force =    -0.00446832   -0.00259460   -0.01213947
     atom  185 type  2   force =     0.01529427   -0.01508367   -0.01651752
     atom  186 type  2   force =     0.03120975   -0.03846101   -0.05398605
     atom  187 type  2   force =    -0.01772136    0.04624812   -0.05395252
     atom  188 type  2   force =    -0.00540980    0.02076355   -0.01650878
     atom  189 type  2   force =     0.00685290    0.00395122   -0.00592732
     atom  190 type  2   force =     0.02854907   -0.01645989   -0.01407139
     atom  191 type  2   force =     0.04894712   -0.00776396   -0.05394718
     atom  192 type  2   force =     0.01773350    0.04627203   -0.05394879
     atom  193 type  2   force =     0.00000831    0.03294361   -0.01406821
     atom  194 type  2   force =    -0.00683848    0.00395010   -0.00592381
     atom  195 type  2   force =     0.00000611   -0.00789014   -0.00592262
     atom  196 type  2   force =     0.02069960   -0.00568881   -0.01648966
     atom  197 type  2   force =     0.02847341    0.01643551   -0.02448590
     atom  198 type  2   force =     0.00541409    0.02076470   -0.01649429
 
 
     --------------------------------------------------------------------------------------------
     Build the RHS of the Z vector equation
     --------------------------------------------------------------------------------------------
 
     --------------------------------------------------------------------------------------------
     Compute d <a|K1e|a> / d |v>
     --------------------------------------------------------------------------------------------
     in progress... |##########          | 050% :           02m-23.7s (E)           04m-47.5s (X)
     in progress... |####################| 100% :           04m-48.1s (E)           04m-48.1s (X)
     --------------------------------------------------------------------------------------------
 
     Norm of z_rhs_vec p2 =  1.46744064E-06
 
     --------------------------------------------------------------------------------------------
     Compute d^2 vxc / d rho^2
     --------------------------------------------------------------------------------------------
     in progress... |##########          | 050% :               00.3s (E)               00.7s (X)
     in progress... |####################| 100% :               00.7s (E)               00.7s (X)
     --------------------------------------------------------------------------------------------
 
     Norm of z_rhs_vec p3 =  3.92523940E-07
 
     --------------------------------------------------------------------------------------------
     Compute d <a|D|a> / d |v>
     --------------------------------------------------------------------------------------------
     in progress... |##########          | 050% :               00.3s (E)               00.7s (X)
     in progress... |####################| 100% :               00.7s (E)               00.7s (X)
     --------------------------------------------------------------------------------------------
 
     Norm of z_rhs_vec p1 =  5.02182080E-02
 
     --------------------------------------------------------------------------------------------
     Solve the Z vector equation using the CG algorithm
     --------------------------------------------------------------------------------------------
 
     Norm of z_rhs_vec    =  1.74579342E-02
     Initial residual     =  6.14402584E+00

                       *----------*              *-----------------*
     #     Iteration = |        1 |   Residual = |  2.06752522E-01 |
                       *----------*              *-----------------*
     Time spent in last iteration 05.2s

                       *----------*              *-----------------*
     #     Iteration = |        2 |   Residual = |  2.98042609E-02 |
                       *----------*              *-----------------*
     Time spent in last iteration 05.2s

                       *----------*              *-----------------*
     #     Iteration = |        3 |   Residual = |  4.07133869E-03 |
                       *----------*              *-----------------*
     Time spent in last iteration 05.2s

                       *----------*              *-----------------*
     #     Iteration = |        4 |   Residual = |  1.68766804E-03 |
                       *----------*              *-----------------*
     Time spent in last iteration 05.4s

                       *----------*              *-----------------*
     #     Iteration = |        5 |   Residual = |  1.14936288E-03 |
                       *----------*              *-----------------*
     Time spent in last iteration 05.3s

                       *----------*              *-----------------*
     #     Iteration = |        6 |   Residual = |  9.30262841E-04 |
                       *----------*              *-----------------*
     Time spent in last iteration 05.3s

                       *----------*              *-----------------*
     #     Iteration = |        7 |   Residual = |  5.50534106E-04 |
                       *----------*              *-----------------*
     Time spent in last iteration 05.2s

                       *----------*              *-----------------*
     #     Iteration = |        8 |   Residual = |  3.20672228E-04 |
                       *----------*              *-----------------*
     Time spent in last iteration 05.2s

                       *----------*              *-----------------*
     #     Iteration = |        9 |   Residual = |  1.89557685E-04 |
                       *----------*              *-----------------*
     Time spent in last iteration 05.3s

                       *----------*              *-----------------*
     #     Iteration = |       10 |   Residual = |  7.69910925E-05 |
                       *----------*              *-----------------*
     Time spent in last iteration 05.3s

                       *----------*              *-----------------*
     #     Iteration = |       11 |   Residual = |  5.54725628E-05 |
                       *----------*              *-----------------*
     Time spent in last iteration 05.2s

                       *----------*              *-----------------*
     #     Iteration = |       12 |   Residual = |  2.35046133E-05 |
                       *----------*              *-----------------*
     Time spent in last iteration 05.3s

                       *----------*              *-----------------*
     #     Iteration = |       13 |   Residual = |  1.91359131E-05 |
                       *----------*              *-----------------*
     Time spent in last iteration 05.2s

                       *----------*              *-----------------*
     #     Iteration = |       14 |   Residual = |  8.88774686E-06 |
                       *----------*              *-----------------*
     Time spent in last iteration 05.2s

                       *----------*              *-----------------*
     #     Iteration = |       15 |   Residual = |  5.15707687E-06 |
                       *----------*              *-----------------*
     Time spent in last iteration 05.3s

                       *----------*              *-----------------*
     #     Iteration = |       16 |   Residual = |  2.61351141E-06 |
                       *----------*              *-----------------*
     Time spent in last iteration 05.3s

                       *----------*              *-----------------*
     #     Iteration = |       17 |   Residual = |  2.01832923E-06 |
                       *----------*              *-----------------*
     Time spent in last iteration 05.3s

                       *----------*              *-----------------*
     #     Iteration = |       18 |   Residual = |  1.05637321E-06 |
                       *----------*              *-----------------*
     Time spent in last iteration 05.2s

                       *----------*              *-----------------*
     #     Iteration = |       19 |   Residual = |  7.18470597E-07 |
                       *----------*              *-----------------*
     Time spent in last iteration 05.2s

                       *----------*              *-----------------*
     #     Iteration = |       20 |   Residual = |  4.27356661E-07 |
                       *----------*              *-----------------*
     Time spent in last iteration 05.2s

                       *----------*              *-----------------*
     #     Iteration = |       21 |   Residual = |  2.51347525E-07 |
                       *----------*              *-----------------*
     Time spent in last iteration 05.3s

                       *----------*              *-----------------*
     #     Iteration = |       22 |   Residual = |  1.53276768E-07 |
                       *----------*              *-----------------*
     Time spent in last iteration 05.3s

                       *----------*              *-----------------*
     #     Iteration = |       23 |   Residual = |  8.71689607E-08 |
                       *----------*              *-----------------*
     Time spent in last iteration 05.3s

                       *----------*              *-----------------*
     #     Iteration = |       24 |   Residual = |  6.11023997E-08 |
                       *----------*              *-----------------*
     Time spent in last iteration 05.2s

                       *----------*              *-----------------*
     #     Iteration = |       25 |   Residual = |  3.13564055E-08 |
                       *----------*              *-----------------*
     Time spent in last iteration 05.2s

                       *----------*              *-----------------*
     #     Iteration = |       26 |   Residual = |  2.30174058E-08 |
                       *----------*              *-----------------*
     Time spent in last iteration 05.5s

                       *----------*              *-----------------*
     #     Iteration = |       27 |   Residual = |  1.33052610E-08 |
                       *----------*              *-----------------*
     Time spent in last iteration 05.2s

                       *----------*              *-----------------*
     #     Iteration = |       28 |   Residual = |  7.16918758E-09 |
                       *----------*              *-----------------*
     Time spent in last iteration 05.4s

                       *----------*              *-----------------*
     #     Iteration = |       29 |   Residual = |  3.76167990E-09 |
                       *----------*              *-----------------*
     Time spent in last iteration 05.2s

                       *----------*              *-----------------*
     #     Iteration = |       30 |   Residual = |  1.90827940E-09 |
                       *----------*              *-----------------*
     Time spent in last iteration 05.2s

                       *----------*              *-----------------*
     #     Iteration = |       31 |   Residual = |  9.45949432E-10 |
                       *----------*              *-----------------*
     Time spent in last iteration 05.2s

                       *----------*              *-----------------*
     #     Iteration = |       32 |   Residual = |  5.67368703E-10 |
                       *----------*              *-----------------*
     Time spent in last iteration 05.3s

                       *----------*              *-----------------*
     #     Iteration = |       33 |   Residual = |  3.39534002E-10 |
                       *----------*              *-----------------*
     Time spent in last iteration 05.2s

                       *----------*              *-----------------*
     #     Iteration = |       34 |   Residual = |  1.44277146E-10 |
                       *----------*              *-----------------*
     Time spent in last iteration 05.4s

                       *----------*              *-----------------*
     #     Iteration = |       35 |   Residual = |  7.73660959E-11 |
                       *----------*              *-----------------*
     Time spent in last iteration 05.1s
 
     --------------------------------------------------------------------------------------------
     Compute forces of Z vector
     --------------------------------------------------------------------------------------------
     in progress... |#                   | 005% :               00.8s (E)               16.5s (X)
     in progress... |##                  | 010% :               01.5s (E)               15.9s (X)
     in progress... |###                 | 015% :               02.3s (E)               15.7s (X)
     in progress... |####                | 020% :               03.1s (E)               15.6s (X)
     in progress... |#####               | 025% :               03.8s (E)               15.4s (X)
     in progress... |######              | 030% :               04.6s (E)               15.4s (X)
     in progress... |#######             | 035% :               05.3s (E)               15.3s (X)
     in progress... |########            | 040% :               06.1s (E)               15.3s (X)
     in progress... |#########           | 045% :               06.9s (E)               15.3s (X)
     in progress... |##########          | 050% :               07.6s (E)               15.2s (X)
     in progress... |###########         | 055% :               08.4s (E)               15.4s (X)
     in progress... |############        | 060% :               09.2s (E)               15.4s (X)
     in progress... |#############       | 065% :               10.0s (E)               15.4s (X)
     in progress... |##############      | 070% :               10.7s (E)               15.4s (X)
     in progress... |###############     | 075% :               11.5s (E)               15.3s (X)
     in progress... |################    | 080% :               12.3s (E)               15.4s (X)
     in progress... |#################   | 085% :               13.0s (E)               15.4s (X)
     in progress... |##################  | 090% :               13.8s (E)               15.4s (X)
     in progress... |################### | 095% :               14.6s (E)               15.4s (X)
     in progress... |####################| 100% :               15.3s (E)               15.3s (X)
     --------------------------------------------------------------------------------------------
 
     --------------------------------------------------------------------------------------------
     Forces drhoz
     --------------------------------------------------------------------------------------------
     atom    1 type  1   force =    -0.00324154   -0.00453829   -0.00088000
     atom    2 type  1   force =    -0.00555189   -0.00056441   -0.00089193
     atom    3 type  1   force =    -0.00249914    0.00156459    0.00149750
     atom    4 type  1   force =    -0.00000458    0.00000838    0.00207392
     atom    5 type  1   force =     0.00010856   -0.00293052    0.00150914
     atom    6 type  1   force =     0.00002109   -0.00906569   -0.00281250
     atom    7 type  1   force =    -0.00719340   -0.00418611   -0.00812481
     atom    8 type  1   force =    -0.00784405    0.00455422   -0.00284654
     atom    9 type  1   force =    -0.00258788    0.00139389    0.00150830
     atom   10 type  1   force =    -0.00009843   -0.00291736    0.00151660
     atom   11 type  1   force =     0.00324322   -0.00452191   -0.00086694
     atom   12 type  1   force =     0.00723252   -0.00417436   -0.00809186
     atom   13 type  1   force =     0.00002976    0.00834373   -0.00811337
     atom   14 type  1   force =    -0.00228528    0.00508726   -0.00087943
     atom   15 type  1   force =    -0.00057168   -0.00032015    0.00058479
     atom   16 type  1   force =     0.00094389   -0.00055548   -0.00007297
     atom   17 type  1   force =     0.00553000   -0.00055562   -0.00087473
     atom   18 type  1   force =     0.00784536    0.00453068   -0.00281158
     atom   19 type  1   force =     0.00229704    0.00507060   -0.00087525
     atom   20 type  1   force =    -0.00000370    0.00110098   -0.00007365
     atom   21 type  1   force =    -0.00096595   -0.00056394   -0.00007661
     atom   22 type  1   force =    -0.00001820    0.00064963    0.00057379
     atom   23 type  1   force =     0.00246973    0.00155477    0.00150640
     atom   24 type  1   force =     0.00258111    0.00137114    0.00150974
     atom   25 type  1   force =     0.00056521   -0.00033747    0.00057872
     atom   26 type  1   force =    -0.00241204   -0.00496206   -0.00053889
     atom   27 type  1   force =    -0.00461243   -0.00270049    0.00282994
     atom   28 type  1   force =    -0.00553610    0.00038020   -0.00050243
     atom   29 type  1   force =    -0.00113132    0.00067039   -0.00277823
     atom   30 type  1   force =     0.00000704   -0.00128794   -0.00278618
     atom   31 type  1   force =     0.00244115   -0.00494295   -0.00055937
     atom   32 type  1   force =     0.00005455   -0.00266057    0.00781893
     atom   33 type  1   force =    -0.00223087    0.00133046    0.00793890
     atom   34 type  1   force =    -0.00307363    0.00462521   -0.00052628
     atom   35 type  1   force =    -0.00050748   -0.00027475   -0.00242169
     atom   36 type  1   force =    -0.00002178   -0.00151233   -0.00003035
     atom   37 type  1   force =     0.00460283   -0.00266358    0.00280637
     atom   38 type  1   force =     0.00231869    0.00131822    0.00781153
     atom   39 type  1   force =     0.00002730    0.00533831    0.00282255
     atom   40 type  1   force =    -0.00131880    0.00075689   -0.00002628
     atom   41 type  1   force =    -0.00001146   -0.00000702    0.00026305
     atom   42 type  1   force =     0.00128696    0.00075979   -0.00002398
     atom   43 type  1   force =     0.00547949    0.00036935   -0.00054545
     atom   44 type  1   force =     0.00306693    0.00456606   -0.00054896
     atom   45 type  1   force =     0.00131452    0.00074116   -0.00002481
     atom   46 type  1   force =     0.00000457   -0.00152949   -0.00002269
     atom   47 type  1   force =    -0.00132613    0.00074942   -0.00001780
     atom   48 type  1   force =    -0.00002348    0.00058653   -0.00239803
     atom   49 type  1   force =     0.00111065    0.00065037   -0.00278192
     atom   50 type  1   force =     0.00050501   -0.00030054   -0.00240813
     atom   51 type  1   force =    -0.00072396   -0.00142588   -0.00195859
     atom   52 type  1   force =    -0.00203104   -0.00118327   -0.00188235
     atom   53 type  1   force =    -0.00160562    0.00007788   -0.00195656
     atom   54 type  1   force =    -0.00001094    0.00034738   -0.00119850
     atom   55 type  1   force =     0.00029365   -0.00017051   -0.00119947
     atom   56 type  1   force =     0.00000987   -0.00261554   -0.00171427
     atom   57 type  1   force =    -0.00193616   -0.00331668   -0.00430242
     atom   58 type  1   force =    -0.00383359   -0.00004060   -0.00429324
     atom   59 type  1   force =    -0.00227053    0.00132505   -0.00170890
     atom   60 type  1   force =    -0.00029592   -0.00015918   -0.00119951
     atom   61 type  1   force =     0.00072553   -0.00140918   -0.00196207
     atom   62 type  1   force =     0.00196482   -0.00330985   -0.00431469
     atom   63 type  1   force =     0.00002259   -0.00000291   -0.00968290
     atom   64 type  1   force =    -0.00187135    0.00336004   -0.00430222
     atom   65 type  1   force =    -0.00086241    0.00134997   -0.00195976
     atom   66 type  1   force =     0.00006885    0.00004397   -0.00113294
     atom   67 type  1   force =     0.00201615   -0.00117028   -0.00188789
     atom   68 type  1   force =     0.00384142   -0.00004226   -0.00431584
     atom   69 type  1   force =     0.00189411    0.00334631   -0.00431260
     atom   70 type  1   force =     0.00000387    0.00233967   -0.00188563
     atom   71 type  1   force =    -0.00008018    0.00003485   -0.00113162
     atom   72 type  1   force =    -0.00001355   -0.00009288   -0.00113158
     atom   73 type  1   force =     0.00157490    0.00007622   -0.00196119
     atom   74 type  1   force =     0.00225801    0.00130649   -0.00171742
     atom   75 type  1   force =     0.00086083    0.00133113   -0.00196097
     atom   76 type  1   force =     0.00135621   -0.00383792    0.00300361
     atom   77 type  1   force =    -0.00256480   -0.00150199    0.00224025
     atom   78 type  1   force =    -0.00267182    0.00307025    0.00299505
     atom   79 type  1   force =    -0.00001868    0.00069973    0.00247512
     atom   80 type  1   force =     0.00059059   -0.00034147    0.00247808
     atom   81 type  1   force =     0.00003060   -0.00693391    0.00290976
     atom   82 type  1   force =    -0.00579266   -0.01120179    0.00429111
     atom   83 type  1   force =    -0.01264679    0.00046483    0.00424107
     atom   84 type  1   force =    -0.00603236    0.00352658    0.00289380
     atom   85 type  1   force =    -0.00058508   -0.00031669    0.00248193
     atom   86 type  1   force =    -0.00137136   -0.00381569    0.00301749
     atom   87 type  1   force =     0.00583372   -0.01118540    0.00430987
     atom   88 type  1   force =    -0.00672555    0.01075242    0.00425504
     atom   89 type  1   force =    -0.00399714    0.00076193    0.00301078
     atom   90 type  1   force =    -0.00070620   -0.00040168    0.00115396
     atom   91 type  1   force =     0.00253623   -0.00147966    0.00224670
     atom   92 type  1   force =     0.01257956    0.00054510    0.00431429
     atom   93 type  1   force =     0.00679622    0.01062673    0.00430960
     atom   94 type  1   force =     0.00000513    0.00295512    0.00224360
     atom   95 type  1   force =     0.00068758   -0.00041157    0.00115239
     atom   96 type  1   force =    -0.00001785    0.00079013    0.00115229
     atom   97 type  1   force =     0.00260628    0.00308376    0.00300815
     atom   98 type  1   force =     0.00598906    0.00346643    0.00291140
     atom   99 type  1   force =     0.00398763    0.00072243    0.00301009
     atom  100 type  2   force =    -0.00271984   -0.00363701   -0.00348539
     atom  101 type  2   force =    -0.00450789   -0.00055740   -0.00348622
     atom  102 type  2   force =    -0.00210928    0.00102539   -0.00161969
     atom  103 type  2   force =    -0.00000374    0.00000814   -0.00079928
     atom  104 type  2   force =    -0.00016396   -0.00232696   -0.00161919
     atom  105 type  2   force =     0.00001897   -0.00574544   -0.00488241
     atom  106 type  2   force =    -0.00348786   -0.00203510   -0.00992921
     atom  107 type  2   force =    -0.00496388    0.00288814   -0.00488151
     atom  108 type  2   force =    -0.00192762    0.00132647   -0.00161919
     atom  109 type  2   force =     0.00017448   -0.00231524   -0.00161932
     atom  110 type  2   force =     0.00272332   -0.00362192   -0.00348694
     atom  111 type  2   force =     0.00352055   -0.00203225   -0.00993677
     atom  112 type  2   force =     0.00001886    0.00405959   -0.00993188
     atom  113 type  2   force =    -0.00176701    0.00418176   -0.00348575
     atom  114 type  2   force =    -0.00034202   -0.00018842   -0.00198731
     atom  115 type  2   force =     0.00104931   -0.00061718   -0.00143228
     atom  116 type  2   force =     0.00448986   -0.00055476   -0.00348889
     atom  117 type  2   force =     0.00497001    0.00286983   -0.00488683
     atom  118 type  2   force =     0.00177513    0.00416933   -0.00348690
     atom  119 type  2   force =    -0.00000456    0.00122232   -0.00143211
     atom  120 type  2   force =    -0.00107239   -0.00062523   -0.00143134
     atom  121 type  2   force =    -0.00001794    0.00038598   -0.00198724
     atom  122 type  2   force =     0.00208486    0.00101632   -0.00162134
     atom  123 type  2   force =     0.00192291    0.00130661   -0.00162075
     atom  124 type  2   force =     0.00033569   -0.00020554   -0.00198665
     atom  125 type  2   force =    -0.00567032   -0.01314567    0.00189177
     atom  126 type  2   force =    -0.01325597   -0.00771518    0.00493197
     atom  127 type  2   force =    -0.01427665    0.00165307    0.00189862
     atom  128 type  2   force =    -0.00159792    0.00095428    0.00076017
     atom  129 type  2   force =     0.00001508   -0.00182151    0.00075969
     atom  130 type  2   force =     0.00571198   -0.01311811    0.00188353
     atom  131 type  2   force =     0.00008838   -0.01454919    0.00991055
     atom  132 type  2   force =    -0.01251477    0.00731022    0.00992019
     atom  133 type  2   force =    -0.00853115    0.01156756    0.00188731
     atom  134 type  2   force =    -0.00179986   -0.00101315    0.00147751
     atom  135 type  2   force =    -0.00032220   -0.00279427    0.00181880
     atom  136 type  2   force =     0.01322894   -0.00765361    0.00493647
     atom  137 type  2   force =     0.01259266    0.00725279    0.00994190
     atom  138 type  2   force =     0.00003989    0.01531624    0.00493371
     atom  139 type  2   force =    -0.00257634    0.00114387    0.00181863
     atom  140 type  2   force =    -0.00001446   -0.00000979    0.00124490
     atom  141 type  2   force =     0.00224360    0.00164383    0.00182024
     atom  142 type  2   force =     0.01419117    0.00162722    0.00189752
     atom  143 type  2   force =     0.00851060    0.01148442    0.00189449
     atom  144 type  2   force =     0.00256448    0.00112732    0.00181925
     atom  145 type  2   force =     0.00029290   -0.00280972    0.00181826
     atom  146 type  2   force =    -0.00229182    0.00162834    0.00181912
     atom  147 type  2   force =    -0.00003154    0.00208238    0.00148126
     atom  148 type  2   force =     0.00157653    0.00092455    0.00076128
     atom  149 type  2   force =     0.00179787   -0.00104853    0.00147917
     atom  150 type  2   force =     0.00006232   -0.00260129   -0.00213490
     atom  151 type  2   force =    -0.00208032   -0.00121746   -0.00029885
     atom  152 type  2   force =    -0.00223653    0.00134134   -0.00212049
     atom  153 type  2   force =    -0.00001476    0.00035049   -0.00327838
     atom  154 type  2   force =     0.00029265   -0.00016917   -0.00328455
     atom  155 type  2   force =     0.00001833   -0.00472609   -0.00166848
     atom  156 type  2   force =    -0.00449271   -0.00383080    0.00518915
     atom  157 type  2   force =    -0.00556748   -0.00202456    0.00523245
     atom  158 type  2   force =    -0.00410584    0.00239679   -0.00164445
     atom  159 type  2   force =    -0.00029144   -0.00015140   -0.00329012
     atom  160 type  2   force =    -0.00006356   -0.00257960   -0.00215235
     atom  161 type  2   force =     0.00453052   -0.00380855    0.00516669
     atom  162 type  2   force =     0.00007671   -0.00000129    0.01230710
     atom  163 type  2   force =    -0.00101279    0.00585573    0.00521423
     atom  164 type  2   force =    -0.00227226    0.00126207   -0.00214304
     atom  165 type  2   force =    -0.00061042   -0.00034751   -0.00045034
     atom  166 type  2   force =     0.00205443   -0.00119838   -0.00031169
     atom  167 type  2   force =     0.00554722   -0.00200525    0.00516740
     atom  168 type  2   force =     0.00105767    0.00580709    0.00517169
     atom  169 type  2   force =     0.00000368    0.00239222   -0.00030655
     atom  170 type  2   force =     0.00059237   -0.00035848   -0.00044636
     atom  171 type  2   force =    -0.00001849    0.00068300   -0.00044507
     atom  172 type  2   force =     0.00218815    0.00134184   -0.00213364
     atom  173 type  2   force =     0.00407634    0.00235876   -0.00166679
     atom  174 type  2   force =     0.00226658    0.00123162   -0.00213882
     atom  175 type  2   force =    -0.00059687   -0.00422621    0.00230181
     atom  176 type  2   force =    -0.00493543   -0.00286716    0.00040896
     atom  177 type  2   force =    -0.00397455    0.00158245    0.00228620
     atom  178 type  2   force =    -0.00001325    0.00131648    0.00335075
     atom  179 type  2   force =     0.00112915   -0.00065001    0.00335699
     atom  180 type  2   force =     0.00001910   -0.00745160    0.00240198
     atom  181 type  2   force =    -0.00741850   -0.01437402   -0.00378050
     atom  182 type  2   force =    -0.01615634    0.00071721   -0.00382310
     atom  183 type  2   force =    -0.00646429    0.00376117    0.00237744
     atom  184 type  2   force =    -0.00112627   -0.00063305    0.00336236
     atom  185 type  2   force =     0.00059473   -0.00420537    0.00232111
     atom  186 type  2   force =     0.00745694   -0.01435747   -0.00375669
     atom  187 type  2   force =    -0.00868222    0.01365826   -0.00380505
     atom  188 type  2   force =    -0.00335035    0.00264461    0.00231099
     atom  189 type  2   force =     0.00013088    0.00008048    0.00043736
     atom  190 type  2   force =     0.00491327   -0.00285203    0.00042083
     atom  191 type  2   force =     0.01614895    0.00072100   -0.00375999
     atom  192 type  2   force =     0.00871552    0.01362517   -0.00376570
     atom  193 type  2   force =     0.00000207    0.00569324    0.00041543
     atom  194 type  2   force =    -0.00014853    0.00007073    0.00043345
     atom  195 type  2   force =    -0.00001726   -0.00017420    0.00043201
     atom  196 type  2   force =     0.00393124    0.00158245    0.00230065
     atom  197 type  2   force =     0.00644486    0.00372797    0.00239642
     atom  198 type  2   force =     0.00334562    0.00261930    0.00230620
 
 
     --------------------------------------------------------------------------------------------
     Forces total
     --------------------------------------------------------------------------------------------
     atom    1 type  1   force =     0.00156423    0.00063024    0.00070064
     atom    2 type  1   force =     0.00132858    0.00104253    0.00070050
     atom    3 type  1   force =     0.00029432   -0.00029750    0.00014760
     atom    4 type  1   force =    -0.00000084   -0.00000121    0.00002550
     atom    5 type  1   force =    -0.00011038    0.00040260    0.00014712
     atom    6 type  1   force =    -0.00000349    0.00153982    0.00127823
     atom    7 type  1   force =     0.00210392    0.00122095    0.00404377
     atom    8 type  1   force =     0.00133160   -0.00077442    0.00127885
     atom    9 type  1   force =     0.00040224   -0.00010905    0.00014631
     atom   10 type  1   force =     0.00010765    0.00040183    0.00014619
     atom   11 type  1   force =    -0.00156178    0.00063054    0.00070078
     atom   12 type  1   force =    -0.00210128    0.00122643    0.00403626
     atom   13 type  1   force =     0.00000606   -0.00243208    0.00403389
     atom   14 type  1   force =    -0.00023538   -0.00166841    0.00070050
     atom   15 type  1   force =    -0.00028475   -0.00016488    0.00043086
     atom   16 type  1   force =    -0.00026836    0.00015652    0.00021619
     atom   17 type  1   force =    -0.00132708    0.00104287    0.00070108
     atom   18 type  1   force =    -0.00133270   -0.00077103    0.00127834
     atom   19 type  1   force =     0.00023793   -0.00166926    0.00070096
     atom   20 type  1   force =     0.00000102   -0.00031068    0.00021607
     atom   21 type  1   force =     0.00027060    0.00015663    0.00021653
     atom   22 type  1   force =     0.00000088    0.00033201    0.00043211
     atom   23 type  1   force =    -0.00029449   -0.00029624    0.00014766
     atom   24 type  1   force =    -0.00040326   -0.00010786    0.00014731
     atom   25 type  1   force =     0.00028666   -0.00016496    0.00043170
     atom   26 type  1   force =     0.00143699    0.00135702   -0.00029701
     atom   27 type  1   force =     0.00035570    0.00020812   -0.00059752
     atom   28 type  1   force =     0.00189306    0.00056492   -0.00030055
     atom   29 type  1   force =     0.00023345   -0.00013658    0.00079372
     atom   30 type  1   force =    -0.00000089    0.00026940    0.00079469
     atom   31 type  1   force =    -0.00144158    0.00135641   -0.00029222
     atom   32 type  1   force =    -0.00001023   -0.00363083   -0.01277272
     atom   33 type  1   force =    -0.00315327    0.00180509   -0.01278079
     atom   34 type  1   force =     0.00045376   -0.00192673   -0.00029408
     atom   35 type  1   force =    -0.00020398   -0.00011827    0.00054209
     atom   36 type  1   force =     0.00013703    0.00025810   -0.00017862
     atom   37 type  1   force =    -0.00035505    0.00020806   -0.00059805
     atom   38 type  1   force =     0.00313857    0.00180833   -0.01276002
     atom   39 type  1   force =     0.00000025   -0.00041224   -0.00059909
     atom   40 type  1   force =     0.00029130   -0.00001058   -0.00017874
     atom   41 type  1   force =     0.00000105    0.00000106   -0.00018589
     atom   42 type  1   force =    -0.00015361   -0.00024559   -0.00017976
     atom   43 type  1   force =    -0.00188639    0.00056507   -0.00029750
     atom   44 type  1   force =    -0.00045308   -0.00191745   -0.00029577
     atom   45 type  1   force =    -0.00029018   -0.00001001   -0.00017958
     atom   46 type  1   force =    -0.00013588    0.00025919   -0.00017952
     atom   47 type  1   force =     0.00015618   -0.00024585   -0.00017982
     atom   48 type  1   force =     0.00000086    0.00023349    0.00053411
     atom   49 type  1   force =    -0.00023311   -0.00013536    0.00079280
     atom   50 type  1   force =     0.00020303   -0.00011672    0.00053650
     atom   51 type  1   force =    -0.00003611    0.00040128    0.00057234
     atom   52 type  1   force =     0.00010941    0.00006445    0.00021192
     atom   53 type  1   force =     0.00032965   -0.00023215    0.00057166
     atom   54 type  1   force =     0.00000044   -0.00013464    0.00034052
     atom   55 type  1   force =    -0.00011601    0.00006699    0.00034082
     atom   56 type  1   force =    -0.00000060    0.00041463    0.00034599
     atom   57 type  1   force =     0.00004540    0.00100762    0.00078665
     atom   58 type  1   force =     0.00089339   -0.00046387    0.00078413
     atom   59 type  1   force =     0.00035916   -0.00020844    0.00034528
     atom   60 type  1   force =     0.00011580    0.00006636    0.00034119
     atom   61 type  1   force =     0.00003516    0.00039976    0.00057366
     atom   62 type  1   force =    -0.00004940    0.00100813    0.00079068
     atom   63 type  1   force =    -0.00000026   -0.00000029    0.00076003
     atom   64 type  1   force =     0.00084624   -0.00054652    0.00078913
     atom   65 type  1   force =     0.00036369   -0.00016986    0.00057335
     atom   66 type  1   force =     0.00004335    0.00002522    0.00018658
     atom   67 type  1   force =    -0.00010850    0.00006432    0.00021292
     atom   68 type  1   force =    -0.00089360   -0.00046089    0.00078553
     atom   69 type  1   force =    -0.00084532   -0.00054453    0.00078657
     atom   70 type  1   force =     0.00000033   -0.00012618    0.00021293
     atom   71 type  1   force =    -0.00004220    0.00002565    0.00018620
     atom   72 type  1   force =     0.00000095   -0.00004851    0.00018607
     atom   73 type  1   force =    -0.00032804   -0.00023123    0.00057218
     atom   74 type  1   force =    -0.00035933   -0.00020784    0.00034593
     atom   75 type  1   force =    -0.00036388   -0.00016887    0.00057259
     atom   76 type  1   force =    -0.00179038    0.00128554   -0.00195044
     atom   77 type  1   force =     0.00061579    0.00035609   -0.00016134
     atom   78 type  1   force =     0.00022012   -0.00218555   -0.00194608
     atom   79 type  1   force =    -0.00000049   -0.00022559   -0.00112285
     atom   80 type  1   force =    -0.00019418    0.00011010   -0.00112385
     atom   81 type  1   force =    -0.00000697    0.00171500   -0.00120889
     atom   82 type  1   force =     0.00915976    0.00808205    0.00088849
     atom   83 type  1   force =     0.01158089    0.00390753    0.00089426
     atom   84 type  1   force =     0.00148271   -0.00086645   -0.00120709
     atom   85 type  1   force =     0.00018789    0.00010706   -0.00112564
     atom   86 type  1   force =     0.00180087    0.00129136   -0.00195920
     atom   87 type  1   force =    -0.00914977    0.00809539    0.00088092
     atom   88 type  1   force =     0.00242963   -0.01197560    0.00088390
     atom   89 type  1   force =     0.00201775    0.00091029   -0.00195781
     atom   90 type  1   force =     0.00003272    0.00001874   -0.00027936
     atom   91 type  1   force =    -0.00061409    0.00035730   -0.00016248
     atom   92 type  1   force =    -0.01156536    0.00389800    0.00088321
     atom   93 type  1   force =    -0.00241388   -0.01196055    0.00088070
     atom   94 type  1   force =     0.00000185   -0.00071180   -0.00016242
     atom   95 type  1   force =    -0.00002970    0.00001883   -0.00027860
     atom   96 type  1   force =     0.00000157   -0.00003450   -0.00027842
     atom   97 type  1   force =    -0.00022016   -0.00218358   -0.00194565
     atom   98 type  1   force =    -0.00148418   -0.00085928   -0.00120768
     atom   99 type  1   force =    -0.00200582    0.00090312   -0.00194869
     atom  100 type  2   force =    -0.00043437   -0.00048472   -0.00058918
     atom  101 type  2   force =    -0.00063715   -0.00013538   -0.00058837
     atom  102 type  2   force =    -0.00016563    0.00012748   -0.00019151
     atom  103 type  2   force =     0.00000030    0.00000081   -0.00011781
     atom  104 type  2   force =     0.00002750   -0.00020661   -0.00019154
     atom  105 type  2   force =     0.00000165   -0.00054820   -0.00061103
     atom  106 type  2   force =    -0.00078688   -0.00045623   -0.00102891
     atom  107 type  2   force =    -0.00047370    0.00027597   -0.00061070
     atom  108 type  2   force =    -0.00019195    0.00008134   -0.00019148
     atom  109 type  2   force =    -0.00002620   -0.00020617   -0.00019152
     atom  110 type  2   force =     0.00043439   -0.00048473   -0.00059074
     atom  111 type  2   force =     0.00078943   -0.00045972   -0.00102513
     atom  112 type  2   force =    -0.00000172    0.00091281   -0.00102415
     atom  113 type  2   force =    -0.00020196    0.00061947   -0.00059011
     atom  114 type  2   force =    -0.00004422   -0.00002526   -0.00020731
     atom  115 type  2   force =     0.00008936   -0.00005268   -0.00013055
     atom  116 type  2   force =     0.00063621   -0.00013618   -0.00058869
     atom  117 type  2   force =     0.00047458    0.00027458   -0.00061059
     atom  118 type  2   force =     0.00020079    0.00061905   -0.00058892
     atom  119 type  2   force =    -0.00000053    0.00010364   -0.00013052
     atom  120 type  2   force =    -0.00009073   -0.00005287   -0.00013064
     atom  121 type  2   force =    -0.00000093    0.00005008   -0.00020762
     atom  122 type  2   force =     0.00016527    0.00012690   -0.00019176
     atom  123 type  2   force =     0.00019229    0.00008042   -0.00019174
     atom  124 type  2   force =     0.00004349   -0.00002591   -0.00020755
     atom  125 type  2   force =    -0.00122786   -0.00475371    0.00145260
     atom  126 type  2   force =    -0.00255695   -0.00147920    0.00130290
     atom  127 type  2   force =    -0.00473551    0.00130686    0.00144787
     atom  128 type  2   force =    -0.00031615    0.00018659    0.00053227
     atom  129 type  2   force =     0.00000240   -0.00036510    0.00053252
     atom  130 type  2   force =     0.00121858   -0.00475204    0.00145949
     atom  131 type  2   force =    -0.00001253   -0.00734539    0.00220962
     atom  132 type  2   force =    -0.00637356    0.00365414    0.00220799
     atom  133 type  2   force =    -0.00350386    0.00343411    0.00145708
     atom  134 type  2   force =    -0.00128959   -0.00074275    0.00109819
     atom  135 type  2   force =    -0.00014324   -0.00056769    0.00021227
     atom  136 type  2   force =     0.00255180   -0.00147804    0.00130131
     atom  137 type  2   force =     0.00637026    0.00366736    0.00220377
     atom  138 type  2   force =    -0.00000145    0.00294854    0.00130034
     atom  139 type  2   force =    -0.00056256    0.00016040    0.00021224
     atom  140 type  2   force =    -0.00000136   -0.00000113    0.00015071
     atom  141 type  2   force =     0.00041827    0.00040278    0.00021194
     atom  142 type  2   force =     0.00472851    0.00130647    0.00144807
     atom  143 type  2   force =     0.00349725    0.00343743    0.00145039
     atom  144 type  2   force =     0.00055924    0.00016082    0.00021195
     atom  145 type  2   force =     0.00014044   -0.00056708    0.00021194
     atom  146 type  2   force =    -0.00042044    0.00040315    0.00021190
     atom  147 type  2   force =    -0.00000150    0.00147999    0.00109161
     atom  148 type  2   force =     0.00031765    0.00018471    0.00053260
     atom  149 type  2   force =     0.00128400   -0.00074113    0.00109343
     atom  150 type  2   force =    -0.00010462   -0.00020694   -0.00029100
     atom  151 type  2   force =    -0.00022858   -0.00013320    0.00016226
     atom  152 type  2   force =    -0.00023180    0.00001239   -0.00028974
     atom  153 type  2   force =    -0.00000024    0.00006274   -0.00041331
     atom  154 type  2   force =     0.00005372   -0.00003058   -0.00041390
     atom  155 type  2   force =     0.00000149   -0.00040802   -0.00043924
     atom  156 type  2   force =    -0.00193577   -0.00025668    0.00142622
     atom  157 type  2   force =    -0.00118906   -0.00154873    0.00143019
     atom  158 type  2   force =    -0.00035297    0.00020616   -0.00043791
     atom  159 type  2   force =    -0.00005287   -0.00002981   -0.00041500
     atom  160 type  2   force =     0.00010504   -0.00020625   -0.00029345
     atom  161 type  2   force =     0.00193951   -0.00025820    0.00142133
     atom  162 type  2   force =     0.00000615    0.00000473    0.00611771
     atom  163 type  2   force =     0.00074674    0.00180851    0.00142393
     atom  164 type  2   force =    -0.00012603    0.00019485   -0.00029293
     atom  165 type  2   force =    -0.00005988   -0.00003474    0.00000279
     atom  166 type  2   force =     0.00022658   -0.00013297    0.00016265
     atom  167 type  2   force =     0.00118990   -0.00154441    0.00142765
     atom  168 type  2   force =    -0.00074207    0.00180329    0.00142635
     atom  169 type  2   force =    -0.00000079    0.00026274    0.00016290
     atom  170 type  2   force =     0.00005860   -0.00003533    0.00000321
     atom  171 type  2   force =    -0.00000115    0.00006764    0.00000337
     atom  172 type  2   force =     0.00023025    0.00001175   -0.00029005
     atom  173 type  2   force =     0.00035294    0.00020446   -0.00043764
     atom  174 type  2   force =     0.00012551    0.00019381   -0.00029083
     atom  175 type  2   force =    -0.00044164   -0.00063904    0.00019819
     atom  176 type  2   force =    -0.00062695   -0.00036294   -0.00007529
     atom  177 type  2   force =    -0.00077522   -0.00006398    0.00019741
     atom  178 type  2   force =     0.00000016    0.00012514    0.00029974
     atom  179 type  2   force =     0.00010789   -0.00006127    0.00030016
     atom  180 type  2   force =     0.00000201   -0.00057685    0.00020362
     atom  181 type  2   force =    -0.00195521   -0.00259389   -0.00162758
     atom  182 type  2   force =    -0.00322759   -0.00039939   -0.00162945
     atom  183 type  2   force =    -0.00049909    0.00029138    0.00020263
     atom  184 type  2   force =    -0.00010622   -0.00006049    0.00030104
     atom  185 type  2   force =     0.00044054   -0.00063810    0.00019955
     atom  186 type  2   force =     0.00195393   -0.00258738   -0.00162784
     atom  187 type  2   force =    -0.00126070    0.00298663   -0.00162935
     atom  188 type  2   force =    -0.00033228    0.00070133    0.00019928
     atom  189 type  2   force =     0.00004456    0.00002570    0.00001031
     atom  190 type  2   force =     0.00062511   -0.00036294   -0.00007523
     atom  191 type  2   force =     0.00322437   -0.00040272   -0.00162712
     atom  192 type  2   force =     0.00126132    0.00298998   -0.00162686
     atom  193 type  2   force =    -0.00000092    0.00072283   -0.00007529
     atom  194 type  2   force =    -0.00004621    0.00002553    0.00001004
     atom  195 type  2   force =    -0.00000097   -0.00005354    0.00001000
     atom  196 type  2   force =     0.00077350   -0.00006417    0.00019723
     atom  197 type  2   force =     0.00050016    0.00028970    0.00020182
     atom  198 type  2   force =     0.00033153    0.00070139    0.00019771
 
     --------------------------------------------------------------------------------------------
     Forces corrected
     --------------------------------------------------------------------------------------------
     atom    1 type  1   force =     0.00156425    0.00063026    0.00070201
     atom    2 type  1   force =     0.00132860    0.00104255    0.00070187
     atom    3 type  1   force =     0.00029434   -0.00029748    0.00014897
     atom    4 type  1   force =    -0.00000082   -0.00000119    0.00002687
     atom    5 type  1   force =    -0.00011036    0.00040263    0.00014849
     atom    6 type  1   force =    -0.00000347    0.00153984    0.00127960
     atom    7 type  1   force =     0.00210394    0.00122097    0.00404514
     atom    8 type  1   force =     0.00133162   -0.00077439    0.00128022
     atom    9 type  1   force =     0.00040226   -0.00010902    0.00014768
     atom   10 type  1   force =     0.00010767    0.00040185    0.00014756
     atom   11 type  1   force =    -0.00156175    0.00063056    0.00070215
     atom   12 type  1   force =    -0.00210126    0.00122645    0.00403763
     atom   13 type  1   force =     0.00000608   -0.00243205    0.00403526
     atom   14 type  1   force =    -0.00023536   -0.00166839    0.00070187
     atom   15 type  1   force =    -0.00028473   -0.00016485    0.00043223
     atom   16 type  1   force =    -0.00026834    0.00015654    0.00021756
     atom   17 type  1   force =    -0.00132706    0.00104289    0.00070245
     atom   18 type  1   force =    -0.00133268   -0.00077101    0.00127971
     atom   19 type  1   force =     0.00023795   -0.00166924    0.00070233
     atom   20 type  1   force =     0.00000105   -0.00031066    0.00021744
     atom   21 type  1   force =     0.00027062    0.00015665    0.00021790
     atom   22 type  1   force =     0.00000090    0.00033204    0.00043348
     atom   23 type  1   force =    -0.00029447   -0.00029622    0.00014903
     atom   24 type  1   force =    -0.00040324   -0.00010783    0.00014868
     atom   25 type  1   force =     0.00028668   -0.00016494    0.00043307
     atom   26 type  1   force =     0.00143701    0.00135704   -0.00029564
     atom   27 type  1   force =     0.00035572    0.00020814   -0.00059615
     atom   28 type  1   force =     0.00189308    0.00056494   -0.00029918
     atom   29 type  1   force =     0.00023347   -0.00013656    0.00079509
     atom   30 type  1   force =    -0.00000087    0.00026942    0.00079606
     atom   31 type  1   force =    -0.00144156    0.00135643   -0.00029085
     atom   32 type  1   force =    -0.00001021   -0.00363081   -0.01277135
     atom   33 type  1   force =    -0.00315325    0.00180512   -0.01277942
     atom   34 type  1   force =     0.00045378   -0.00192671   -0.00029271
     atom   35 type  1   force =    -0.00020396   -0.00011824    0.00054346
     atom   36 type  1   force =     0.00013705    0.00025812   -0.00017725
     atom   37 type  1   force =    -0.00035503    0.00020808   -0.00059668
     atom   38 type  1   force =     0.00313859    0.00180835   -0.01275864
     atom   39 type  1   force =     0.00000027   -0.00041222   -0.00059772
     atom   40 type  1   force =     0.00029132   -0.00001056   -0.00017737
     atom   41 type  1   force =     0.00000107    0.00000108   -0.00018452
     atom   42 type  1   force =    -0.00015359   -0.00024557   -0.00017839
     atom   43 type  1   force =    -0.00188637    0.00056509   -0.00029613
     atom   44 type  1   force =    -0.00045306   -0.00191742   -0.00029440
     atom   45 type  1   force =    -0.00029016   -0.00000999   -0.00017821
     atom   46 type  1   force =    -0.00013586    0.00025921   -0.00017815
     atom   47 type  1   force =     0.00015620   -0.00024583   -0.00017845
     atom   48 type  1   force =     0.00000088    0.00023351    0.00053548
     atom   49 type  1   force =    -0.00023309   -0.00013534    0.00079417
     atom   50 type  1   force =     0.00020305   -0.00011669    0.00053787
     atom   51 type  1   force =    -0.00003609    0.00040130    0.00057371
     atom   52 type  1   force =     0.00010943    0.00006447    0.00021329
     atom   53 type  1   force =     0.00032967   -0.00023213    0.00057303
     atom   54 type  1   force =     0.00000046   -0.00013462    0.00034189
     atom   55 type  1   force =    -0.00011599    0.00006701    0.00034219
     atom   56 type  1   force =    -0.00000058    0.00041465    0.00034736
     atom   57 type  1   force =     0.00004542    0.00100764    0.00078802
     atom   58 type  1   force =     0.00089341   -0.00046385    0.00078550
     atom   59 type  1   force =     0.00035918   -0.00020841    0.00034665
     atom   60 type  1   force =     0.00011582    0.00006639    0.00034256
     atom   61 type  1   force =     0.00003518    0.00039978    0.00057503
     atom   62 type  1   force =    -0.00004937    0.00100815    0.00079205
     atom   63 type  1   force =    -0.00000024   -0.00000027    0.00076140
     atom   64 type  1   force =     0.00084626   -0.00054650    0.00079050
     atom   65 type  1   force =     0.00036371   -0.00016983    0.00057472
     atom   66 type  1   force =     0.00004337    0.00002524    0.00018795
     atom   67 type  1   force =    -0.00010848    0.00006434    0.00021429
     atom   68 type  1   force =    -0.00089358   -0.00046087    0.00078690
     atom   69 type  1   force =    -0.00084530   -0.00054451    0.00078794
     atom   70 type  1   force =     0.00000035   -0.00012616    0.00021430
     atom   71 type  1   force =    -0.00004218    0.00002567    0.00018757
     atom   72 type  1   force =     0.00000097   -0.00004849    0.00018744
     atom   73 type  1   force =    -0.00032802   -0.00023120    0.00057355
     atom   74 type  1   force =    -0.00035931   -0.00020782    0.00034730
     atom   75 type  1   force =    -0.00036385   -0.00016885    0.00057396
     atom   76 type  1   force =    -0.00179036    0.00128556   -0.00194907
     atom   77 type  1   force =     0.00061581    0.00035611   -0.00015997
     atom   78 type  1   force =     0.00022014   -0.00218553   -0.00194471
     atom   79 type  1   force =    -0.00000047   -0.00022556   -0.00112148
     atom   80 type  1   force =    -0.00019416    0.00011012   -0.00112248
     atom   81 type  1   force =    -0.00000695    0.00171502   -0.00120752
     atom   82 type  1   force =     0.00915978    0.00808207    0.00088986
     atom   83 type  1   force =     0.01158091    0.00390755    0.00089563
     atom   84 type  1   force =     0.00148273   -0.00086643   -0.00120572
     atom   85 type  1   force =     0.00018791    0.00010709   -0.00112427
     atom   86 type  1   force =     0.00180089    0.00129138   -0.00195783
     atom   87 type  1   force =    -0.00914975    0.00809541    0.00088229
     atom   88 type  1   force =     0.00242965   -0.01197558    0.00088527
     atom   89 type  1   force =     0.00201777    0.00091031   -0.00195644
     atom   90 type  1   force =     0.00003274    0.00001877   -0.00027799
     atom   91 type  1   force =    -0.00061407    0.00035732   -0.00016111
     atom   92 type  1   force =    -0.01156534    0.00389802    0.00088458
     atom   93 type  1   force =    -0.00241386   -0.01196053    0.00088207
     atom   94 type  1   force =     0.00000188   -0.00071177   -0.00016105
     atom   95 type  1   force =    -0.00002968    0.00001885   -0.00027723
     atom   96 type  1   force =     0.00000159   -0.00003448   -0.00027705
     atom   97 type  1   force =    -0.00022014   -0.00218356   -0.00194428
     atom   98 type  1   force =    -0.00148416   -0.00085926   -0.00120631
     atom   99 type  1   force =    -0.00200580    0.00090314   -0.00194732
     atom  100 type  2   force =    -0.00043435   -0.00048470   -0.00058781
     atom  101 type  2   force =    -0.00063713   -0.00013535   -0.00058700
     atom  102 type  2   force =    -0.00016561    0.00012750   -0.00019014
     atom  103 type  2   force =     0.00000032    0.00000083   -0.00011644
     atom  104 type  2   force =     0.00002752   -0.00020659   -0.00019016
     atom  105 type  2   force =     0.00000167   -0.00054818   -0.00060966
     atom  106 type  2   force =    -0.00078686   -0.00045621   -0.00102754
     atom  107 type  2   force =    -0.00047368    0.00027599   -0.00060933
     atom  108 type  2   force =    -0.00019193    0.00008136   -0.00019010
     atom  109 type  2   force =    -0.00002618   -0.00020615   -0.00019015
     atom  110 type  2   force =     0.00043441   -0.00048471   -0.00058937
     atom  111 type  2   force =     0.00078945   -0.00045970   -0.00102376
     atom  112 type  2   force =    -0.00000170    0.00091284   -0.00102278
     atom  113 type  2   force =    -0.00020194    0.00061950   -0.00058874
     atom  114 type  2   force =    -0.00004420   -0.00002523   -0.00020594
     atom  115 type  2   force =     0.00008938   -0.00005266   -0.00012918
     atom  116 type  2   force =     0.00063623   -0.00013616   -0.00058732
     atom  117 type  2   force =     0.00047460    0.00027460   -0.00060922
     atom  118 type  2   force =     0.00020081    0.00061907   -0.00058755
     atom  119 type  2   force =    -0.00000051    0.00010366   -0.00012915
     atom  120 type  2   force =    -0.00009071   -0.00005285   -0.00012927
     atom  121 type  2   force =    -0.00000091    0.00005010   -0.00020625
     atom  122 type  2   force =     0.00016529    0.00012692   -0.00019039
     atom  123 type  2   force =     0.00019231    0.00008045   -0.00019037
     atom  124 type  2   force =     0.00004351   -0.00002589   -0.00020618
     atom  125 type  2   force =    -0.00122784   -0.00475369    0.00145397
     atom  126 type  2   force =    -0.00255693   -0.00147918    0.00130428
     atom  127 type  2   force =    -0.00473549    0.00130688    0.00144924
     atom  128 type  2   force =    -0.00031613    0.00018661    0.00053364
     atom  129 type  2   force =     0.00000242   -0.00036508    0.00053389
     atom  130 type  2   force =     0.00121860   -0.00475202    0.00146086
     atom  131 type  2   force =    -0.00001251   -0.00734537    0.00221099
     atom  132 type  2   force =    -0.00637354    0.00365416    0.00220936
     atom  133 type  2   force =    -0.00350384    0.00343413    0.00145845
     atom  134 type  2   force =    -0.00128957   -0.00074273    0.00109956
     atom  135 type  2   force =    -0.00014322   -0.00056767    0.00021364
     atom  136 type  2   force =     0.00255182   -0.00147801    0.00130268
     atom  137 type  2   force =     0.00637028    0.00366738    0.00220514
     atom  138 type  2   force =    -0.00000143    0.00294856    0.00130171
     atom  139 type  2   force =    -0.00056254    0.00016042    0.00021361
     atom  140 type  2   force =    -0.00000134   -0.00000110    0.00015208
     atom  141 type  2   force =     0.00041829    0.00040281    0.00021331
     atom  142 type  2   force =     0.00472853    0.00130649    0.00144944
     atom  143 type  2   force =     0.00349727    0.00343746    0.00145176
     atom  144 type  2   force =     0.00055926    0.00016084    0.00021332
     atom  145 type  2   force =     0.00014046   -0.00056706    0.00021331
     atom  146 type  2   force =    -0.00042042    0.00040318    0.00021327
     atom  147 type  2   force =    -0.00000148    0.00148001    0.00109298
     atom  148 type  2   force =     0.00031767    0.00018473    0.00053397
     atom  149 type  2   force =     0.00128402   -0.00074111    0.00109480
     atom  150 type  2   force =    -0.00010460   -0.00020692   -0.00028963
     atom  151 type  2   force =    -0.00022856   -0.00013318    0.00016363
     atom  152 type  2   force =    -0.00023178    0.00001242   -0.00028837
     atom  153 type  2   force =    -0.00000022    0.00006276   -0.00041194
     atom  154 type  2   force =     0.00005374   -0.00003056   -0.00041253
     atom  155 type  2   force =     0.00000151   -0.00040800   -0.00043787
     atom  156 type  2   force =    -0.00193575   -0.00025665    0.00142759
     atom  157 type  2   force =    -0.00118904   -0.00154871    0.00143156
     atom  158 type  2   force =    -0.00035295    0.00020619   -0.00043654
     atom  159 type  2   force =    -0.00005285   -0.00002979   -0.00041363
     atom  160 type  2   force =     0.00010506   -0.00020622   -0.00029208
     atom  161 type  2   force =     0.00193953   -0.00025818    0.00142270
     atom  162 type  2   force =     0.00000617    0.00000475    0.00611908
     atom  163 type  2   force =     0.00074676    0.00180853    0.00142530
     atom  164 type  2   force =    -0.00012601    0.00019487   -0.00029156
     atom  165 type  2   force =    -0.00005986   -0.00003471    0.00000416
     atom  166 type  2   force =     0.00022660   -0.00013295    0.00016402
     atom  167 type  2   force =     0.00118992   -0.00154438    0.00142902
     atom  168 type  2   force =    -0.00074205    0.00180331    0.00142772
     atom  169 type  2   force =    -0.00000077    0.00026276    0.00016427
     atom  170 type  2   force =     0.00005862   -0.00003531    0.00000458
     atom  171 type  2   force =    -0.00000113    0.00006766    0.00000474
     atom  172 type  2   force =     0.00023028    0.00001178   -0.00028868
     atom  173 type  2   force =     0.00035296    0.00020448   -0.00043627
     atom  174 type  2   force =     0.00012553    0.00019383   -0.00028946
     atom  175 type  2   force =    -0.00044162   -0.00063902    0.00019956
     atom  176 type  2   force =    -0.00062693   -0.00036292   -0.00007392
     atom  177 type  2   force =    -0.00077520   -0.00006396    0.00019878
     atom  178 type  2   force =     0.00000018    0.00012516    0.00030111
     atom  179 type  2   force =     0.00010791   -0.00006125    0.00030153
     atom  180 type  2   force =     0.00000203   -0.00057682    0.00020499
     atom  181 type  2   force =    -0.00195519   -0.00259387   -0.00162621
     atom  182 type  2   force =    -0.00322757   -0.00039937   -0.00162808
     atom  183 type  2   force =    -0.00049907    0.00029141    0.00020400
     atom  184 type  2   force =    -0.00010620   -0.00006047    0.00030241
     atom  185 type  2   force =     0.00044056   -0.00063808    0.00020092
     atom  186 type  2   force =     0.00195395   -0.00258736   -0.00162647
     atom  187 type  2   force =    -0.00126068    0.00298665   -0.00162798
     atom  188 type  2   force =    -0.00033226    0.00070135    0.00020065
     atom  189 type  2   force =     0.00004458    0.00002572    0.00001168
     atom  190 type  2   force =     0.00062513   -0.00036292   -0.00007386
     atom  191 type  2   force =     0.00322439   -0.00040270   -0.00162575
     atom  192 type  2   force =     0.00126134    0.00299000   -0.00162548
     atom  193 type  2   force =    -0.00000090    0.00072286   -0.00007392
     atom  194 type  2   force =    -0.00004619    0.00002555    0.00001141
     atom  195 type  2   force =    -0.00000095   -0.00005351    0.00001137
     atom  196 type  2   force =     0.00077352   -0.00006415    0.00019860
     atom  197 type  2   force =     0.00050018    0.00028972    0.00020319
     atom  198 type  2   force =     0.00033155    0.00070141    0.00019908
 
     WBSE         :      1h26m CPU      1h33m WALL

     wbse_readin  :      0.88s CPU      0.95s WALL (       1 calls)
     fetch_input  :      0.02s CPU      0.02s WALL (       2 calls)
     fft          :      7.65s CPU      7.69s WALL (    1345 calls)
     fft_scatter  :    880.29s CPU    888.33s WALL (  879761 calls)
     init_vloc    :      0.19s CPU      0.19s WALL (       2 calls)
     init_us_1    :      0.00s CPU      0.00s WALL (       2 calls)
     v_of_rho     :      0.21s CPU      0.23s WALL (       1 calls)
     v_xc         :      0.20s CPU      0.22s WALL (       1 calls)
     v_h          :      0.01s CPU      0.01s WALL (       1 calls)
     do_setup     :      1.53s CPU      3.85s WALL (       1 calls)
     init_pw_ar   :      1.53s CPU      3.85s WALL (       1 calls)
     hinit0       :      0.14s CPU      0.14s WALL (       1 calls)
     davcio       :      1.95s CPU    133.22s WALL (   10144 calls)
     sqvc_init    :      0.00s CPU      0.00s WALL (       1 calls)
     dv_setup     :      0.72s CPU      0.80s WALL (       1 calls)
     setup_dmuxc  :      0.15s CPU      0.17s WALL (       1 calls)
     setup_dgc    :      0.57s CPU      0.63s WALL (       1 calls)
     sf_kernel    :      0.19s CPU      0.20s WALL (       1 calls)
     chidiago     :   4425.88s CPU   4837.04s WALL (       1 calls)
     vc_init      :      0.01s CPU      0.07s WALL (       1 calls)
     paramgs      :    328.16s CPU    331.37s WALL (     313 calls)
     liouv        :   3413.20s CPU   3534.45s WALL (    1239 calls)
     calc_dens    :   1193.77s CPU   1237.69s WALL (    1278 calls)
     fftw         :   2211.06s CPU   2226.68s WALL (  878400 calls)
     dv_drho_sf   :      3.13s CPU      3.20s WALL (    1204 calls)
     init_us_2    :    114.48s CPU    115.11s WALL (    2484 calls)
     init_us_2:cp :    114.46s CPU    115.09s WALL (    2484 calls)
     h_psi        :   1153.48s CPU   1160.60s WALL (    2478 calls)
     h_psi:pot    :   1145.13s CPU   1151.89s WALL (    2478 calls)
     vloc_psi     :    835.64s CPU    841.54s WALL (    2478 calls)
     h_psi:calbec :    152.39s CPU    152.84s WALL (    2478 calls)
     calbec       :    152.38s CPU    152.82s WALL (    2478 calls)
     add_vuspsi   :    157.05s CPU    157.49s WALL (    2478 calls)
     alphapc      :    172.16s CPU    173.32s WALL (    5020 calls)
     build_hr     :    121.55s CPU    122.14s WALL (     313 calls)
     diagox       :      0.05s CPU      0.12s WALL (     313 calls)
     redistr_vr   :      0.05s CPU      0.05s WALL (     312 calls)
     update_vr    :    392.75s CPU    458.08s WALL (     312 calls)
     chidiago:las :     80.00s CPU     95.68s WALL (      34 calls)
     refresh_vr   :     80.57s CPU     96.52s WALL (      67 calls)
     wbse_restart :     95.06s CPU    258.44s WALL (       3 calls)
     plep_write   :     84.44s CPU    252.62s WALL (     102 calls)
     plep_db      :      4.04s CPU     12.88s WALL (       1 calls)
     calc_force   :    768.96s CPU    780.89s WALL (       1 calls)
     drhox1       :      0.54s CPU      0.56s WALL (       1 calls)
     f_drhox1     :     15.29s CPU     15.45s WALL (       1 calls)
     dvgdvg       :      0.77s CPU      0.78s WALL (       1 calls)
     drhox2       :    239.58s CPU    241.15s WALL (       1 calls)
     f_drhox2     :     22.12s CPU     22.24s WALL (       1 calls)
     build_zvec   :    290.29s CPU    292.24s WALL (       1 calls)
     zvec2        :    286.43s CPU    288.18s WALL (       1 calls)
     ddvxc_sf     :      1.14s CPU      1.20s WALL (       1 calls)
     ffts         :      0.09s CPU      0.09s WALL (      16 calls)
     zvec3        :      0.72s CPU      0.76s WALL (       1 calls)
     dv_drho      :     16.90s CPU     17.02s WALL (      73 calls)
     zvec1        :      0.73s CPU      0.76s WALL (       1 calls)
     zvec_cg      :    183.69s CPU    191.50s WALL (       1 calls)
     liouv_btda   :     71.21s CPU     74.58s WALL (      36 calls)
     precd_cg     :      2.70s CPU      3.66s WALL (      35 calls)
     f_drhoxz     :     15.34s CPU     15.41s WALL (       1 calls)
 
     WBSE         :      1h26m CPU      1h33m WALL

 
   This run was terminated on:   4:50:31   1Sep2023            

=------------------------------------------------------------------------------=
   JOB DONE.
=------------------------------------------------------------------------------=
