
     Program Wbse v. 2.0.1 starts on 16Dec2022 at 11:49:29 

     This program is part of the open-source West suite
     for massively parallel calculations of excited states in materials; please cite
         "M. Govoni et al., J. Chem. Theory Comput. 11, 2680 (2015);
          URL http://www.west-code.org", 
     in publications or presentations arising from this work.

     Based on the Quantum ESPRESSO v. 6.1 svn rev. 13369
       
     --------------------------------------------------------------------------------------------
     **MPI** Parallelization Status                                      
     --------------------------------------------------------------------------------------------
                   480                   1             1            10            48
     --------------------------------------------------------------------------------------------
                     N         =         I      X      P      X      B      X      Z
                     ^                   ^             ^             ^             ^
                     |                   |             |             |             |
                   #rnk                  |             |             |             |
                                      #image           |             |             |
                                                     #pool           |             |
                                                                   #bgrp           |
                                                                                 #R&G
     --------------------------------------------------------------------------------------------
     **OPENMP** Parallelization Status
     #thr/rnk               =            1
     --------------------------------------------------------------------------------------------
     #prc = (rnk) * (thr) =          480
     --------------------------------------------------------------------------------------------
       
     --------------------------------------------------------------------------------------------
     I/O Summary : input_west                                            
     --------------------------------------------------------------------------------------------
     qe_prefix               =          pwscf
     west_prefix             =           west
     outdir                  =             ./
     l_load_qbox_wfc         =              F
     qbox_ks_wfc_filename    =         qb.xml
     which_bse_method        =             FF
     --------------------------------------------------------------------------------------------
       
     --------------------------------------------------------------------------------------------
     I/O Summary : wbse_init                                             
     --------------------------------------------------------------------------------------------
     wbse_init_calculation   =              S
     n_pdep_eigen            =              1
     chi_kernel              =            CHI
     which_spin_channel      =              0
     l_use_localise_repr     =              F
     overlap_thr             =       0.000000
     l_use_bisection_thr     =              F
     qbox_bisec_wfc_filename =      qb.gs.xml
     --------------------------------------------------------------------------------------------
       
     --------------------------------------------------------------------------------------------
     I/O Summary : WBSE_control                                          
     --------------------------------------------------------------------------------------------
     wbse_diag_method        =          david
     wbse_calculation        =              S
     n_plep_eigen            =              1
     n_plep_times            =             10
     n_plep_maxiter          =          10000
     n_plep_read_from_file   =              0
     l_bse_calculation       =              F
     l_hybrid_calculation    =              T
     l_exx_fraction          =       0.150000
     l_h_ovlp_thr            =       0.000000
     l_h_loc                 =              F
     l_h_bis                 =              F
     l_h_qbox_bis_wfc_fname  =      qb.gs.xml
     if_random_init          =              F
     l_restart_step          =              0
     l_cg_diagonalization    =              F
     l_subspace              =              T
     n_trunc_bands           =              0
     l_sf_kernel             =              F
     l_alda0                 =              F
     sf_cut_1                =    1000.000000
     sf_cut_2                =    1000.000000
     l_tddft_force           =              T
     force_state             =              1
     snd_coeff               =       0.050000
     wbse_zv_alpha_mix       =       0.700000
     wbse_zv_nmix_wbse       =              4
     wbse_zv_scf_tr2         =       0.000000
     wbse_acc                =              3
     wbse_acc_eig            =              T
     wbse_acc_force          =              T
     wbse_acc_cg_thr         =       0.000000
     wbse_acc_dav_thr        =       0.000000
     force_n_trunc_bands     =              0
     poor_of_ram             =              T
     poor_of_ram_drho2       =              T
     l_diag_term_only        =              F
     l_preconditioning       =              T
     l_pre_shift             =              F
     l_qp_correction         =              F
     spin_excitation         =        singlet
     trev_plep               =       0.000000
     trev_plep_rel           =       1.000000
     scissor_ope             =       0.000000
     eps_macro               =       1.000000
     --------------------------------------------------------------------------------------------

     Reading data from directory:
     ./pwscf.save

   Info: using nr1, nr2, nr3 values from input

   Info: using nr1, nr2, nr3 values from input

     IMPORTANT: XC functional enforced from input :
     Exchange-correlation      = PBE0 ( 6  4  8  4 0 0)
     EXX-fraction              =        0.25
     Any further DFT definition will be discarded
     Please, verify this is what you really want

 
     Parallelization info
     --------------------
     sticks:   dense  smooth     PW     G-vecs:    dense   smooth      PW
     Min         292     292     71                36744    36744    4580
     Max         294     294     74                36758    36758    4602
     Sum       14071   14071   3505              1764015  1764015  220283
 
     Generating pointlists ...
     new r_m :   0.0489 (alat units)  1.4249 (a.u.) for type    1
     new r_m :   0.0489 (alat units)  1.4249 (a.u.) for type    2
     EXX fraction changed:   0.15
     EXX Screening parameter changed:    0.0000000
     EXX Gau parameter changed:    0.0000000
       ** WARNING : EXX-alpha            =       0.150000
       ** WARNING : EXX-erfc_scrlen      =       0.000000
       ** WARNING : EXX-gau_scrlen       =       0.000000
       ** WARNING : EXX-ecutfock         =     120.000000
       ** WARNING : EXX-exxdiv_treatment = gb            
       ** start_exx() done
       ** weights() done
EXX: grid of k+q points same as grid of k-points
       ** exx_grid_init() done
       ** exx_div_check() done
       ** exxinit() done
       ** WARNING : EXX-exxdiv           =   -4345.490651
       
     --------------------------------------------------------------------------------------------
     System Overview                                                     
     --------------------------------------------------------------------------------------------
     gamma_only           =              T
     ecutwfc [Ry]         =      60.000000
     omega [au^3]         =   2.809433E+04
     glob. #G             =         110142
     nbnd                 =            812
     nkstot               =              2
     nspin                =              2
     nelec                =    1592.000000
     nelup                =     797.000000
     neldw                =     795.000000
     npol                 =              1
     lsda                 =              T
     noncolin             =              F
     lspinorb             =              F
     domag                =              F
     --------------------------------------------------------------------------------------------

     sFFT G-space:   882008 G-vectors     R-space: ( 144, 144, 192)
     dFFT G-space:   882008 G-vectors     R-space: ( 144, 144, 192)

     Cell [a.u.]          =      29.167923    -14.583961      0.000000
                          =       0.000000     25.260162      0.000000
                          =       0.000000      0.000000     38.130894
      
     number of ks points=     2
                       cart. coord. in units 2pi/alat
        k(    1) = (   0.0000000   0.0000000   0.0000000), wk =   1.0000000
        k(    2) = (   0.0000000   0.0000000   0.0000000), wk =   1.0000000

                       cryst. coord.
        k(    1) = (   0.0000000   0.0000000   0.0000000), wk =   1.0000000
        k(    2) = (   0.0000000   0.0000000   0.0000000), wk =   1.0000000
 
     F. Gygi div      =   1.546750E-01
       
     --------------------------------------------------------------------------------------------
     Parallelization for nvecx                                           
     --------------------------------------------------------------------------------------------
     nglob                =             10
     nlevel               =              1
     Min nglob/nlevel     =             10
     Max nglob/nlevel     =             10
     --------------------------------------------------------------------------------------------
       
     --------------------------------------------------------------------------------------------
     Parallelization for band_group                                      
     --------------------------------------------------------------------------------------------
     nglob                =            797
     nlevel               =             10
     Min nglob/nlevel     =             79
     Max nglob/nlevel     =             80
     --------------------------------------------------------------------------------------------

     [MEM] ----------------------------------------------------------
     [MEM] **Memory** analysis: QE
     [MEM] ----------------------------------------------------------
     [MEM] Allocated arrays           est. size (Mb)     dimensions
     [MEM] ----------------------------------------------------------
     [MEM] Kohn-Sham Wavefunctions      28.48 Mb     (   2299,  812)
     [MEM] NL pseudopotentials         111.69 Mb     (   2299, 3184)
     [MEM] Each V/rho on FFT grid        1.27 Mb     (  82944)
     [MEM] Each G-vector array           0.14 Mb     (  18379)
     [MEM] G-vector shells               0.07 Mb     (   9207)
     [MEM] ----------------------------------------------------------
     [MEM] TOT                         141.66 Mb
     [MEM] ----------------------------------------------------------
     [MEM] 
     [MEM] ----------------------------------------------------------
     [MEM] **Memory** analysis: WBSE global
     [MEM] ----------------------------------------------------------
     [MEM] Allocated arrays           est. size (Mb)     dimensions
     [MEM] ----------------------------------------------------------
     [MEM] dvg_exc                     279.59 Mb     (   2299,  797,   10)
     [MEM] dng_exc                     279.59 Mb     (   2299,  797,   10)
     [MEM] hr_distr                      0.00 Mb     (     10,   10)
     [MEM] vr_distr                      0.00 Mb     (     10,   10)
     [MEM] ----------------------------------------------------------
     [MEM] TOT                         559.18 Mb
     [MEM] ----------------------------------------------------------
     [MEM] 
     [MEM] ----------------------------------------------------------
     [MEM] **Memory** analysis: WBSE temporary
     [MEM] ----------------------------------------------------------
     [MEM] Allocated arrays           est. size (Mb)     dimensions
     [MEM] ----------------------------------------------------------
     [MEM] dvpsi                        27.96 Mb     (   2299,  797)
     [MEM] dpsi                         27.96 Mb     (   2299,  797)
     [MEM] ----------------------------------------------------------
     [MEM] Total estimate               55.92 Mb
     [MEM] ----------------------------------------------------------
        
     nbvalloc =              80
        
        
     nbgrp    =              10
        
     Lowest energy electron-hole pairs are used as initial vectors ...
     Calculating the electron-hole pairs for initiating trial vectors ...

              1        57         2       795         1           0.142027894024
              2        58         2       795         2           0.142031466562
              3        49         2       794         1           0.180096451488
              4        41         2       793         1           0.180096597166
     Finished calculating the cv couples.
     Finished setting initial vectors.

                       *----------*              *----------*               *----------*
     #     Iteration = | starting |   WBSE_dim = |        1 |   Diago_dim = |        1 |  x 1/2
                       *----------*              *----------*               *----------*

                       *----------*              *----------*               *----------*
     #     Iteration = | starting |   WBSE_dim = |        1 |   Diago_dim = |        1 |  x 2/2
                       *----------*              *----------*               *----------*
        
        0.15895841
        
     --------------------------------------------------------------------------------------------
     Tot. elapsed time 28m-20.2s,  time spent in last iteration 28m-20.2s
     --------------------------------------------------------------------------------------------

                       *----------*              *----------*               *----------*
     #     Iteration = |        1 |   WBSE_dim = |        1 |   Diago_dim = |        2 |
                       *----------*              *----------*               *----------*
     Max diff =  0.418E-01
        
        0.11715991
        
     --------------------------------------------------------------------------------------------
     Tot. elapsed time 42m-31.4s,  time spent in last iteration 14m-11.1s
     --------------------------------------------------------------------------------------------

                       *----------*              *----------*               *----------*
     #     Iteration = |        2 |   WBSE_dim = |        1 |   Diago_dim = |        3 |
                       *----------*              *----------*               *----------*
     Max diff =  0.592E-02
        
        0.11124455
        
     --------------------------------------------------------------------------------------------
     Tot. elapsed time 56m-42.5s,  time spent in last iteration 14m-11.1s
     --------------------------------------------------------------------------------------------

                       *----------*              *----------*               *----------*
     #     Iteration = |        3 |   WBSE_dim = |        1 |   Diago_dim = |        4 |
                       *----------*              *----------*               *----------*
     Max diff =  0.191E-02
        
        0.10933064
        
     --------------------------------------------------------------------------------------------
     Tot. elapsed time 01h-10m-53.7s,  time spent in last iteration 14m-11.1s
     --------------------------------------------------------------------------------------------

                       *----------*              *----------*               *----------*
     #     Iteration = |        4 |   WBSE_dim = |        1 |   Diago_dim = |        5 |
                       *----------*              *----------*               *----------*
     Max diff =  0.738E-03
        
        0.10859299
        
     --------------------------------------------------------------------------------------------
     Tot. elapsed time 01h-25m-03.7s,  time spent in last iteration 14m-10.0s
     --------------------------------------------------------------------------------------------

                       *----------*              *----------*               *----------*
     #     Iteration = |        5 |   WBSE_dim = |        1 |   Diago_dim = |        6 |
                       *----------*              *----------*               *----------*
     Max diff =  0.365E-03
        
        0.10822765
        
     --------------------------------------------------------------------------------------------
     Tot. elapsed time 01h-39m-13.4s,  time spent in last iteration 14m-09.7s
     --------------------------------------------------------------------------------------------

                       *----------*              *----------*               *----------*
     #     Iteration = |        6 |   WBSE_dim = |        1 |   Diago_dim = |        7 |
                       *----------*              *----------*               *----------*
     Max diff =  0.221E-03
        
        0.10800673
        
     --------------------------------------------------------------------------------------------
     Tot. elapsed time 01h-53m-22.8s,  time spent in last iteration 14m-09.3s
     --------------------------------------------------------------------------------------------

                       *----------*              *----------*               *----------*
     #     Iteration = |        7 |   WBSE_dim = |        1 |   Diago_dim = |        8 |
                       *----------*              *----------*               *----------*
     Max diff =  0.130E-03
        
        0.10787714
        
     --------------------------------------------------------------------------------------------
     Tot. elapsed time 02h-07m-32.1s,  time spent in last iteration 14m-09.3s
     --------------------------------------------------------------------------------------------

                       *----------*              *----------*               *----------*
     #     Iteration = |        8 |   WBSE_dim = |        1 |   Diago_dim = |        9 |
                       *----------*              *----------*               *----------*
     Max diff =  0.839E-04
        
        0.10779327
        
     --------------------------------------------------------------------------------------------
     Tot. elapsed time 02h-21m-41.6s,  time spent in last iteration 14m-09.3s
     --------------------------------------------------------------------------------------------

                       *----------*              *----------*               *----------*
     #     Iteration = |        9 |   WBSE_dim = |        1 |   Diago_dim = |       10 |
                       *----------*              *----------*               *----------*
     Max diff =  0.574E-04
        
        0.10773586
        
     --------------------------------------------------------------------------------------------
     Tot. elapsed time 02h-35m-50.9s,  time spent in last iteration 14m-09.2s
     --------------------------------------------------------------------------------------------

       Refresh the basis set

                       *----------*              *----------*               *----------*
     #     Iteration = |       10 |   WBSE_dim = |        1 |   Diago_dim = |        2 |
                       *----------*              *----------*               *----------*
     Max diff =  0.219E-04
        
        0.10771396
        
     --------------------------------------------------------------------------------------------
     Tot. elapsed time 02h-50m-01.6s,  time spent in last iteration 14m-10.3s
     --------------------------------------------------------------------------------------------

                       *----------*              *----------*               *----------*
     #     Iteration = |       11 |   WBSE_dim = |        1 |   Diago_dim = |        3 |
                       *----------*              *----------*               *----------*
     Max diff =  0.200E-04
        
        0.10769400
        
     --------------------------------------------------------------------------------------------
     Tot. elapsed time 03h-04m-11.5s,  time spent in last iteration 14m-09.8s
     --------------------------------------------------------------------------------------------

                       *----------*              *----------*               *----------*
     #     Iteration = |       12 |   WBSE_dim = |        1 |   Diago_dim = |        4 |
                       *----------*              *----------*               *----------*
     Max diff =  0.169E-04
        
        0.10767706
        
     --------------------------------------------------------------------------------------------
     Tot. elapsed time 03h-18m-21.7s,  time spent in last iteration 14m-10.1s
     --------------------------------------------------------------------------------------------

                       *----------*              *----------*               *----------*
     #     Iteration = |       13 |   WBSE_dim = |        1 |   Diago_dim = |        5 |
                       *----------*              *----------*               *----------*
     Max diff =  0.137E-04
        
        0.10766335
        
     --------------------------------------------------------------------------------------------
     Tot. elapsed time 03h-32m-31.6s,  time spent in last iteration 14m-09.8s
     --------------------------------------------------------------------------------------------

                       *----------*              *----------*               *----------*
     #     Iteration = |       14 |   WBSE_dim = |        1 |   Diago_dim = |        6 |
                       *----------*              *----------*               *----------*
     Max diff =  0.100E-04
        
        0.10765334
        
     --------------------------------------------------------------------------------------------
     Tot. elapsed time 03h-46m-41.2s,  time spent in last iteration 14m-09.6s
     --------------------------------------------------------------------------------------------

                       *----------*              *----------*               *----------*
     #     Iteration = |       15 |   WBSE_dim = |        1 |   Diago_dim = |        7 |
                       *----------*              *----------*               *----------*
     Max diff =  0.702E-05
        
        0.10764632
        
     --------------------------------------------------------------------------------------------
     Tot. elapsed time 04h-00m-50.5s,  time spent in last iteration 14m-09.3s
     --------------------------------------------------------------------------------------------

                       *----------*              *----------*               *----------*
     #     Iteration = |       16 |   WBSE_dim = |        1 |   Diago_dim = |        8 |
                       *----------*              *----------*               *----------*
     Max diff =  0.449E-05
        
        0.10764184
        
     --------------------------------------------------------------------------------------------
     Tot. elapsed time 04h-14m-59.2s,  time spent in last iteration 14m-08.6s
     --------------------------------------------------------------------------------------------

                       *----------*              *----------*               *----------*
     #     Iteration = |       17 |   WBSE_dim = |        1 |   Diago_dim = |        9 |
                       *----------*              *----------*               *----------*
     Max diff =  0.275E-05
        
        0.10763909
        
     --------------------------------------------------------------------------------------------
     Tot. elapsed time 04h-29m-07.9s,  time spent in last iteration 14m-08.6s
     --------------------------------------------------------------------------------------------

                       *----------*              *----------*               *----------*
     #     Iteration = |       18 |   WBSE_dim = |        1 |   Diago_dim = |       10 |
                       *----------*              *----------*               *----------*
     Max diff =  0.150E-05
        
        0.10763759
        
     --------------------------------------------------------------------------------------------
     Tot. elapsed time 04h-43m-17.1s,  time spent in last iteration 14m-09.2s
     --------------------------------------------------------------------------------------------

       Refresh the basis set

                       *----------*              *----------*               *----------*
     #     Iteration = |       19 |   WBSE_dim = |        1 |   Diago_dim = |        2 |
                       *----------*              *----------*               *----------*
     Max diff =  0.459E-06
        
        0.10763713
        
     --------------------------------------------------------------------------------------------
     Tot. elapsed time 04h-57m-27.6s,  time spent in last iteration 14m-10.0s
     --------------------------------------------------------------------------------------------

                       *----------*              *----------*               *----------*
     #     Iteration = |       20 |   WBSE_dim = |        1 |   Diago_dim = |        3 |
                       *----------*              *----------*               *----------*
     Max diff =  0.267E-06
        
        0.10763686
        
     --------------------------------------------------------------------------------------------
     Tot. elapsed time 05h-11m-37.4s,  time spent in last iteration 14m-09.7s
     --------------------------------------------------------------------------------------------

                       *----------*              *----------*               *----------*
     #     Iteration = |       21 |   WBSE_dim = |        1 |   Diago_dim = |        4 |
                       *----------*              *----------*               *----------*
     Max diff =  0.212E-06
        
        0.10763665
        
     --------------------------------------------------------------------------------------------
     Tot. elapsed time 05h-25m-46.0s,  time spent in last iteration 14m-08.5s
     --------------------------------------------------------------------------------------------

                       *----------*              *----------*               *----------*
     #     Iteration = |       22 |   WBSE_dim = |        1 |   Diago_dim = |        5 |
                       *----------*              *----------*               *----------*
     Max diff =  0.150E-06
        
        0.10763650
        
     --------------------------------------------------------------------------------------------
     Tot. elapsed time 05h-39m-54.2s,  time spent in last iteration 14m-08.2s
     --------------------------------------------------------------------------------------------

                       *----------*              *----------*               *----------*
     #     Iteration = |       23 |   WBSE_dim = |        1 |   Diago_dim = |        6 |
                       *----------*              *----------*               *----------*
     Max diff =  0.112E-06
        
        0.10763639
        
     --------------------------------------------------------------------------------------------
     Tot. elapsed time 05h-54m-03.1s,  time spent in last iteration 14m-08.8s
     --------------------------------------------------------------------------------------------

                       *----------*              *----------*               *----------*
     #     Iteration = |       24 |   WBSE_dim = |        1 |   Diago_dim = |        7 |
                       *----------*              *----------*               *----------*
     Max diff =  0.816E-07
        
        0.10763631
        
     --------------------------------------------------------------------------------------------
     Tot. elapsed time 06h-08m-10.6s,  time spent in last iteration 14m-07.4s
     --------------------------------------------------------------------------------------------
      
     --------------------------------------------------------------------------------------------
     Database written in 10.3s               
     In location : ./west.wbse.david.save
     --------------------------------------------------------------------------------------------
       
     --------------------------------------------------------------------------------------------
     Convergence achieved !!! in       24 steps                          
     --------------------------------------------------------------------------------------------
     --------------------------------------------------------------------------------------------
       
     --------------------------------------------------------------------------------------------
     Calculating TDDFT forces                                            
     --------------------------------------------------------------------------------------------
     --------------------------------------------------------------------------------------------
       
     --------------------------------------------------------------------------------------------
     Compute drho1                                                       
     --------------------------------------------------------------------------------------------
     Tot. elapsed time 00.2s,  time spent in last step 00.2s
       
     --------------------------------------------------------------------------------------------
     Compute forces of drho1                                             
     --------------------------------------------------------------------------------------------
       
     --------------------------------------------------------------------------------------------
     TDDFT Force : First Part                                            
     --------------------------------------------------------------------------------------------
     atom    1 type  1   force =     0.00021922   -0.00047363    0.01136073
     atom    2 type  1   force =    -0.00017988   -0.00372049   -0.01678504
     atom    3 type  1   force =     0.00079791    0.00132786    0.01157830
     atom    4 type  1   force =     0.00254965    0.00685083   -0.01743161
     atom    5 type  1   force =    -0.00131217    0.00042700    0.01254570
     atom    6 type  1   force =    -0.01445929    0.00095839   -0.02443188
     atom    7 type  1   force =    -0.00324406   -0.00201182    0.01307299
     atom    8 type  1   force =    -0.02583237   -0.01749683   -0.02371633
     atom    9 type  1   force =    -0.00220240   -0.00258737    0.01223808
     atom   10 type  1   force =    -0.01490588   -0.01712462   -0.01939301
     atom   11 type  1   force =     0.00121608    0.00292025    0.01213335
     atom   12 type  1   force =     0.00770134    0.01715052   -0.01837528
     atom   13 type  1   force =     0.00392133    0.00397139    0.01412177
     atom   14 type  1   force =     0.02745172    0.02828826   -0.02870668
     atom   15 type  1   force =     0.00480890    0.00151482    0.01452666
     atom   16 type  1   force =     0.03308716    0.00651136   -0.03279139
     atom   17 type  1   force =     0.00234986   -0.00110944    0.01261590
     atom   18 type  1   force =     0.01020448   -0.00683989   -0.01927302
     atom   19 type  1   force =     0.00021817   -0.00006830    0.01125655
     atom   20 type  1   force =    -0.00012870    0.00004000   -0.01512953
     atom   21 type  1   force =     0.00041793    0.00371711    0.01321628
     atom   22 type  1   force =     0.00476809    0.02966552   -0.02398256
     atom   23 type  1   force =     0.00154294    0.00601115    0.01784666
     atom   24 type  1   force =     0.03328176    0.06927016   -0.05521076
     atom   25 type  1   force =     0.00445645    0.00236129    0.02084558
     atom   26 type  1   force =     0.06727277    0.02581109   -0.09429846
     atom   27 type  1   force =     0.00530211   -0.00265309    0.01782707
     atom   28 type  1   force =     0.04987332   -0.01999170   -0.04216603
     atom   29 type  1   force =     0.00248093   -0.00124751    0.01286391
     atom   30 type  1   force =     0.01493631   -0.00437763   -0.02055725
     atom   31 type  1   force =    -0.00087564    0.00066254    0.01289769
     atom   32 type  1   force =    -0.00621119    0.00928531   -0.02670278
     atom   33 type  1   force =    -0.00308107    0.00438141    0.01673463
     atom   34 type  1   force =    -0.03721279    0.06793930   -0.06957101
     atom   35 type  1   force =    -0.00244424    0.00147419    0.02212222
     atom   36 type  1   force =     0.00136714    0.00308312   -0.23186178
     atom   37 type  1   force =     0.00023785   -0.00453927    0.02113803
     atom   38 type  1   force =     0.01463616   -0.05494692   -0.12580974
     atom   39 type  1   force =     0.00127018   -0.00480237    0.01512510
     atom   40 type  1   force =     0.01765235   -0.03838773   -0.04215149
     atom   41 type  1   force =    -0.00097408   -0.00186005    0.01188290
     atom   42 type  1   force =    -0.00604173   -0.01134839   -0.01931990
     atom   43 type  1   force =    -0.00319475    0.00158690    0.01290822
     atom   44 type  1   force =    -0.02717795    0.01409377   -0.02567579
     atom   45 type  1   force =    -0.00551055    0.00044662    0.01661440
     atom   46 type  1   force =    -0.07896972   -0.00081472   -0.06835929
     atom   47 type  1   force =    -0.00463494   -0.00404954    0.01785265
     atom   48 type  1   force =    -0.05129835   -0.05924583   -0.05908594
     atom   49 type  1   force =    -0.00177087   -0.00539858    0.01459999
     atom   50 type  1   force =    -0.01748048   -0.04618070   -0.03685381
     atom   51 type  1   force =    -0.00142243   -0.00098172    0.01922103
     atom   52 type  1   force =    -0.00022093   -0.00042719   -0.01450442
     atom   53 type  1   force =     0.00894947    0.00868028    0.02044011
     atom   54 type  1   force =     0.00224915    0.00182693   -0.01470139
     atom   55 type  1   force =     0.00734238    0.00783208    0.02330560
     atom   56 type  1   force =     0.00126184    0.00131097   -0.01522748
     atom   57 type  1   force =    -0.00681648   -0.00701723    0.02404961
     atom   58 type  1   force =    -0.00209732   -0.00121573   -0.01555294
     atom   59 type  1   force =    -0.01035057   -0.01002597    0.02055487
     atom   60 type  1   force =    -0.00289147   -0.00247470   -0.01514303
     atom   61 type  1   force =     0.00454920    0.01308697    0.02023100
     atom   62 type  1   force =     0.00090454    0.00332095   -0.01497326
     atom   63 type  1   force =     0.01894315    0.03158093    0.03199869
     atom   64 type  1   force =     0.00389145    0.00584803   -0.01850222
     atom   65 type  1   force =     0.03861085    0.02638194    0.04361715
     atom   66 type  1   force =     0.00670525    0.00323619   -0.02023272
     atom   67 type  1   force =     0.03273291   -0.00803715    0.03156079
     atom   68 type  1   force =     0.00529738   -0.00090250   -0.01754005
     atom   69 type  1   force =     0.00926171   -0.00414429    0.01914146
     atom   70 type  1   force =     0.00175424   -0.00077363   -0.01440207
     atom   71 type  1   force =     0.00506420    0.00899167    0.02548360
     atom   72 type  1   force =     0.00056293    0.00219200   -0.01586435
     atom   73 type  1   force =     0.00269856    0.04841129    0.04822630
     atom   74 type  1   force =    -0.00023114    0.00718951   -0.02186799
     atom   75 type  1   force =     0.03690054    0.05100794    0.09942557
     atom   76 type  1   force =     0.00320157    0.00453220   -0.02832393
     atom   77 type  1   force =     0.05014284   -0.01919138    0.08474578
     atom   78 type  1   force =     0.00587971   -0.00254787   -0.02592887
     atom   79 type  1   force =     0.02914347   -0.02196374    0.03527756
     atom   80 type  1   force =     0.00411559   -0.00356403   -0.01831095
     atom   81 type  1   force =    -0.00265284   -0.01379651    0.02662950
     atom   82 type  1   force =    -0.00031539   -0.00231812   -0.01607996
     atom   83 type  1   force =    -0.02126444    0.01810126    0.03495252
     atom   84 type  1   force =    -0.00399115    0.00378531   -0.01842335
     atom   85 type  1   force =    -0.04891689    0.02702794    0.08786982
     atom   86 type  1   force =    -0.00552994    0.00338152   -0.02680029
     atom   87 type  1   force =    -0.02943105   -0.04984251    0.10378713
     atom   88 type  1   force =    -0.00221897   -0.00413123   -0.02903554
     atom   89 type  1   force =    -0.00459363   -0.04874723    0.05375348
     atom   90 type  1   force =     0.00071347   -0.00720854   -0.02173703
     atom   91 type  1   force =    -0.00532915   -0.01615203    0.02291305
     atom   92 type  1   force =    -0.00093233   -0.00376183   -0.01539763
     atom   93 type  1   force =    -0.00753043    0.00235618    0.02036709
     atom   94 type  1   force =    -0.00191948    0.00060057   -0.01465921
     atom   95 type  1   force =    -0.02768972    0.00805201    0.03410186
     atom   96 type  1   force =    -0.00570301    0.00148173   -0.01826714
     atom   97 type  1   force =    -0.04179093   -0.02397256    0.04835718
     atom   98 type  1   force =    -0.00685072   -0.00299389   -0.02215409
     atom   99 type  1   force =    -0.02207665   -0.03216786    0.03584599
     atom  100 type  1   force =    -0.00371153   -0.00636279   -0.01955912
     atom  101 type  1   force =    -0.00098115   -0.00220267   -0.00190481
     atom  102 type  1   force =    -0.01667881   -0.02595357    0.00538515
     atom  103 type  1   force =    -0.00003149   -0.00028120   -0.00165462
     atom  104 type  1   force =    -0.00158523   -0.00341988    0.00310413
     atom  105 type  1   force =    -0.00113195    0.00081177   -0.00182204
     atom  106 type  1   force =    -0.01639085    0.01186624    0.00473767
     atom  107 type  1   force =    -0.00279962   -0.00041032   -0.00229438
     atom  108 type  1   force =    -0.05240117   -0.01953664    0.01144308
     atom  109 type  1   force =    -0.00269280   -0.00232866   -0.00235512
     atom  110 type  1   force =    -0.04119079   -0.03918837    0.00704685
     atom  111 type  1   force =    -0.00036482    0.00009191   -0.00175343
     atom  112 type  1   force =    -0.00335125    0.00055716    0.00287804
     atom  113 type  1   force =     0.00131157    0.00159120   -0.00174847
     atom  114 type  1   force =     0.01251108    0.01828871    0.00370812
     atom  115 type  1   force =     0.00227847    0.00154527   -0.00164169
     atom  116 type  1   force =     0.02934558    0.02383469    0.00540803
     atom  117 type  1   force =     0.00120909   -0.00002332   -0.00161181
     atom  118 type  1   force =     0.01432395   -0.00574933    0.00412161
     atom  119 type  1   force =    -0.00044875   -0.00090118   -0.00169939
     atom  120 type  1   force =    -0.00520827   -0.01045283    0.00253862
     atom  121 type  1   force =     0.00074619    0.00083027   -0.00168332
     atom  122 type  1   force =     0.00891529    0.00978333    0.00243773
     atom  123 type  1   force =     0.00086939    0.00331122   -0.00216989
     atom  124 type  1   force =     0.01730588    0.05095950    0.00590081
     atom  125 type  1   force =     0.00263301    0.00287252   -0.00227273
     atom  126 type  1   force =     0.06512240    0.08850932    0.01797380
     atom  127 type  1   force =     0.00359339    0.00009367   -0.00185856
     atom  128 type  1   force =     0.09326004   -0.01334828    0.01443348
     atom  129 type  1   force =     0.00242753   -0.00117161   -0.00154645
     atom  130 type  1   force =     0.03355917   -0.01479844    0.00204300
     atom  131 type  1   force =     0.00085473   -0.00104045   -0.00172753
     atom  132 type  1   force =     0.01999656   -0.01240076    0.00592118
     atom  133 type  1   force =    -0.00082838    0.00247153   -0.00225375
     atom  134 type  1   force =    -0.00621353    0.05425340    0.01156488
     atom  135 type  1   force =    -0.00073340    0.00297761   -0.00292939
     atom  136 type  1   force =     0.02187871    0.21359725    0.07466394
     atom  137 type  1   force =     0.00100767   -0.00031524   -0.00277297
     atom  138 type  1   force =     0.00195399   -0.00279402   -0.00200896
     atom  139 type  1   force =     0.09296894   -0.07116001    0.02741965
     atom  140 type  1   force =    -0.00025811   -0.00291395   -0.00184904
     atom  141 type  1   force =    -0.00774104   -0.05084040    0.00921714
     atom  142 type  1   force =    -0.00131902    0.00024614   -0.00187177
     atom  143 type  1   force =    -0.01955986    0.00329824    0.00522282
     atom  144 type  1   force =    -0.00304303    0.00168867   -0.00254697
     atom  145 type  1   force =    -0.08429036    0.04662003    0.02203731
     atom  146 type  1   force =    -0.00300797   -0.00063069   -0.00305243
     atom  147 type  1   force =    -0.17877482   -0.11817601    0.07571770
     atom  148 type  1   force =    -0.00124778   -0.00351745   -0.00254616
     atom  149 type  1   force =    -0.07467964   -0.10561035    0.03201167
     atom  150 type  1   force =    -0.00392277   -0.00777659    0.02314078
     atom  151 type  1   force =    -0.00500058   -0.01046861   -0.02512934
     atom  152 type  1   force =    -0.00033364   -0.00082266    0.02004798
     atom  153 type  1   force =    -0.00065783   -0.00130180   -0.02119229
     atom  154 type  1   force =    -0.00383882    0.00284441    0.02243565
     atom  155 type  1   force =    -0.00635805    0.00329511   -0.02415848
     atom  156 type  1   force =    -0.01086487   -0.00168733    0.02839664
     atom  157 type  1   force =    -0.01666715   -0.00290920   -0.03165350
     atom  158 type  1   force =    -0.01039865   -0.00948785    0.02837242
     atom  159 type  1   force =    -0.01448065   -0.01358113   -0.03173612
     atom  160 type  1   force =    -0.00090567    0.00027547    0.02009719
     atom  161 type  1   force =    -0.00156314    0.00017238   -0.02104801
     atom  162 type  1   force =     0.00455793    0.00599843    0.02219304
     atom  163 type  1   force =     0.00567522    0.00686425   -0.02354505
     atom  164 type  1   force =     0.00868148    0.00643317    0.02481104
     atom  165 type  1   force =     0.01007359    0.00645366   -0.02637568
     atom  166 type  1   force =     0.00552868    0.00030810    0.02425902
     atom  167 type  1   force =     0.00451230   -0.00038073   -0.02473694
     atom  168 type  1   force =    -0.00093512   -0.00325471    0.02107291
     atom  169 type  1   force =    -0.00276000   -0.00391332   -0.02181669
     atom  170 type  1   force =     0.00305825    0.00259805    0.02136266
     atom  171 type  1   force =     0.00296138    0.00416658   -0.02204492
     atom  172 type  1   force =     0.00391377    0.01341101    0.02797415
     atom  173 type  1   force =     0.00586425    0.01778896   -0.03061991
     atom  174 type  1   force =     0.01305135    0.01487977    0.03945072
     atom  175 type  1   force =     0.01783945    0.01711742   -0.04493480
     atom  176 type  1   force =     0.01879063    0.00364103    0.04010277
     atom  177 type  1   force =     0.02171163    0.00076282   -0.04221339
     atom  178 type  1   force =     0.01107664   -0.00536007    0.02663440
     atom  179 type  1   force =     0.01158247   -0.00513622   -0.02686390
     atom  180 type  1   force =     0.00338023   -0.00517652    0.02582030
     atom  181 type  1   force =     0.00432474   -0.00446354   -0.02667508
     atom  182 type  1   force =    -0.00351748    0.00984752    0.02901013
     atom  183 type  1   force =    -0.00470018    0.01506685   -0.03200719
     atom  184 type  1   force =    -0.00476000    0.01543601    0.04922967
     atom  185 type  1   force =    -0.00258029    0.02147525   -0.06459227
     atom  186 type  1   force =     0.00236788   -0.00074055    0.06209475
     atom  187 type  1   force =     0.01129188   -0.00353275   -0.07795263
     atom  188 type  1   force =     0.00730202   -0.01651277    0.04234244
     atom  189 type  1   force =     0.01280730   -0.01665649   -0.04671601
     atom  190 type  1   force =    -0.00159599   -0.01171975    0.02691254
     atom  191 type  1   force =    -0.00071614   -0.01428813   -0.02984353
     atom  192 type  1   force =    -0.00464332    0.00073657    0.02314490
     atom  193 type  1   force =    -0.00613122    0.00212015   -0.02503959
     atom  194 type  1   force =    -0.01320279    0.00720068    0.03398617
     atom  195 type  1   force =    -0.01926851    0.01093558   -0.04151568
     atom  196 type  1   force =    -0.01593263   -0.00352931    0.04903630
     atom  197 type  1   force =    -0.02049157   -0.00668205   -0.06540165
     atom  198 type  1   force =    -0.00745534   -0.01735490    0.04149703
     atom  199 type  1   force =    -0.00724135   -0.02291359   -0.05024624
     atom  200 type  2   force =     0.00017783   -0.00036655    0.00168202
     atom  201 type  2   force =    -0.00028858   -0.00475296   -0.00269326
     atom  202 type  2   force =     0.00050424    0.00087021    0.00174979
     atom  203 type  2   force =     0.00354681    0.00940621   -0.00270211
     atom  204 type  2   force =    -0.00099767    0.00027630    0.00180846
     atom  205 type  2   force =    -0.01860014    0.00352180   -0.00562559
     atom  206 type  2   force =    -0.00225990   -0.00136636    0.00172789
     atom  207 type  2   force =    -0.03211773   -0.02450122   -0.00363544
     atom  208 type  2   force =    -0.00149876   -0.00175130    0.00167555
     atom  209 type  2   force =    -0.01872839   -0.02067080   -0.00254753
     atom  210 type  2   force =     0.00078601    0.00192181    0.00174752
     atom  211 type  2   force =     0.00923242    0.02120527   -0.00270785
     atom  212 type  2   force =     0.00250923    0.00243901    0.00222468
     atom  213 type  2   force =     0.03560796    0.03852321   -0.00429979
     atom  214 type  2   force =     0.00289278    0.00077879    0.00247422
     atom  215 type  2   force =     0.04429822    0.01248312   -0.00871759
     atom  216 type  2   force =     0.00134890   -0.00074589    0.00204212
     atom  217 type  2   force =     0.01341062   -0.01019520   -0.00433524
     atom  218 type  2   force =     0.00005306   -0.00001663    0.00165814
     atom  219 type  2   force =     0.00032797   -0.00010292   -0.00249973
     atom  220 type  2   force =     0.00027840    0.00252718    0.00181541
     atom  221 type  2   force =     0.00853271    0.03872943   -0.00411880
     atom  222 type  2   force =     0.00107019    0.00368092    0.00244267
     atom  223 type  2   force =     0.05020997    0.10491472   -0.00850935
     atom  224 type  2   force =     0.00286317    0.00120114    0.00316865
     atom  225 type  2   force =     0.09737833    0.05159226   -0.02342857
     atom  226 type  2   force =     0.00321166   -0.00157120    0.00295941
     atom  227 type  2   force =     0.07355691   -0.02918822   -0.01158471
     atom  228 type  2   force =     0.00156239   -0.00065347    0.00205767
     atom  229 type  2   force =     0.02104520   -0.00499994   -0.00465835
     atom  230 type  2   force =    -0.00060814    0.00053701    0.00184603
     atom  231 type  2   force =    -0.01057861    0.01045163   -0.00649632
     atom  232 type  2   force =    -0.00193588    0.00280691    0.00211591
     atom  233 type  2   force =    -0.06110562    0.09237704   -0.01124878
     atom  234 type  2   force =    -0.00124662    0.00085405    0.00288257
     atom  235 type  2   force =    -0.04395702    0.02674698   -0.03766553
     atom  236 type  2   force =     0.00050768   -0.00271972    0.00310314
     atom  237 type  2   force =     0.00519658   -0.09669154   -0.02669222
     atom  238 type  2   force =     0.00091060   -0.00282304    0.00244932
     atom  239 type  2   force =     0.01910184   -0.05583142   -0.01030893
     atom  240 type  2   force =    -0.00065047   -0.00122885    0.00174775
     atom  241 type  2   force =    -0.00826533   -0.01530013   -0.00276154
     atom  242 type  2   force =    -0.00217950    0.00108632    0.00174090
     atom  243 type  2   force =    -0.03613207    0.01867567   -0.00296168
     atom  244 type  2   force =    -0.00353962    0.00032505    0.00204178
     atom  245 type  2   force =    -0.11259837    0.00646416   -0.00993743
     atom  246 type  2   force =    -0.00280453   -0.00257191    0.00228919
     atom  247 type  2   force =    -0.07835275   -0.08993423   -0.00759520
     atom  248 type  2   force =    -0.00102169   -0.00346893    0.00212564
     atom  249 type  2   force =    -0.02457383   -0.06295722   -0.00457899
     atom  250 type  2   force =    -0.00060614   -0.00049984    0.02147004
     atom  251 type  2   force =    -0.00056319   -0.00079952   -0.02074583
     atom  252 type  2   force =     0.00540250    0.00520232    0.02237319
     atom  253 type  2   force =     0.00423541    0.00359609   -0.02144166
     atom  254 type  2   force =     0.00453538    0.00414999    0.02440395
     atom  255 type  2   force =     0.00242540    0.00242367   -0.02262392
     atom  256 type  2   force =    -0.00321274   -0.00302755    0.02476720
     atom  257 type  2   force =    -0.00425208   -0.00252462   -0.02291339
     atom  258 type  2   force =    -0.00585654   -0.00566700    0.02268817
     atom  259 type  2   force =    -0.00563992   -0.00487898   -0.02181167
     atom  260 type  2   force =     0.00256745    0.00753366    0.02256082
     atom  261 type  2   force =     0.00182275    0.00649301   -0.02155555
     atom  262 type  2   force =     0.00992880    0.01676867    0.03137441
     atom  263 type  2   force =     0.00830264    0.01254734   -0.02913099
     atom  264 type  2   force =     0.01940135    0.01243431    0.03868349
     atom  265 type  2   force =     0.01462417    0.00710466   -0.03374138
     atom  266 type  2   force =     0.01768708   -0.00251088    0.03228805
     atom  267 type  2   force =     0.01126583   -0.00194194   -0.02727279
     atom  268 type  2   force =     0.00573533   -0.00263238    0.02213264
     atom  269 type  2   force =     0.00341076   -0.00148722   -0.02069392
     atom  270 type  2   force =     0.00209168    0.00406757    0.02574646
     atom  271 type  2   force =     0.00117426    0.00446309   -0.02355716
     atom  272 type  2   force =    -0.00092775    0.02116657    0.04042815
     atom  273 type  2   force =    -0.00026922    0.01768836   -0.03619950
     atom  274 type  2   force =     0.00876323    0.01896330    0.06587225
     atom  275 type  2   force =     0.00946378    0.01192931   -0.05486203
     atom  276 type  2   force =     0.01729705   -0.00766877    0.06232596
     atom  277 type  2   force =     0.01514400   -0.00624035   -0.04774744
     atom  278 type  2   force =     0.01292118   -0.01278034    0.03436160
     atom  279 type  2   force =     0.00925453   -0.00778086   -0.02889183
     atom  280 type  2   force =    -0.00111995   -0.00739294    0.02641418
     atom  281 type  2   force =    -0.00039640   -0.00472577   -0.02442930
     atom  282 type  2   force =    -0.01020863    0.00901673    0.03115023
     atom  283 type  2   force =    -0.00851043    0.00853317   -0.02932397
     atom  284 type  2   force =    -0.01878249    0.01047815    0.05625288
     atom  285 type  2   force =    -0.01399778    0.00847968   -0.05181638
     atom  286 type  2   force =    -0.01308244   -0.01535439    0.06692620
     atom  287 type  2   force =    -0.00557481   -0.01164351   -0.05697610
     atom  288 type  2   force =    -0.00138465   -0.02267252    0.04270764
     atom  289 type  2   force =     0.00150384   -0.01625049   -0.03788154
     atom  290 type  2   force =    -0.00294021   -0.00904956    0.02378029
     atom  291 type  2   force =    -0.00204565   -0.00751940   -0.02289591
     atom  292 type  2   force =    -0.00410916    0.00128570    0.02207954
     atom  293 type  2   force =    -0.00383265    0.00119917   -0.02134370
     atom  294 type  2   force =    -0.01370658    0.00371715    0.03054715
     atom  295 type  2   force =    -0.01247899    0.00293943   -0.02897293
     atom  296 type  2   force =    -0.01932947   -0.00897022    0.04015718
     atom  297 type  2   force =    -0.01656795   -0.00776181   -0.03675199
     atom  298 type  2   force =    -0.01102708   -0.01656924    0.03317693
     atom  299 type  2   force =    -0.00847659   -0.01384934   -0.03130233
     atom  300 type  2   force =    -0.00142068   -0.00338979   -0.01261335
     atom  301 type  2   force =    -0.01096650   -0.01989084    0.02128744
     atom  302 type  2   force =    -0.00013132   -0.00043424   -0.01127563
     atom  303 type  2   force =    -0.00123178   -0.00230992    0.01626150
     atom  304 type  2   force =    -0.00192850    0.00114667   -0.01220187
     atom  305 type  2   force =    -0.01142267    0.00783584    0.02045504
     atom  306 type  2   force =    -0.00465254   -0.00061789   -0.01446484
     atom  307 type  2   force =    -0.03400871   -0.00704704    0.03272260
     atom  308 type  2   force =    -0.00415234   -0.00381046   -0.01473423
     atom  309 type  2   force =    -0.02990306   -0.02876116    0.02880274
     atom  310 type  2   force =    -0.00055447    0.00007637   -0.01145154
     atom  311 type  2   force =    -0.00243354    0.00049231    0.01569185
     atom  312 type  2   force =     0.00197447    0.00222994   -0.01212153
     atom  313 type  2   force =     0.01056993    0.01441047    0.01868889
     atom  314 type  2   force =     0.00324803    0.00208368   -0.01269419
     atom  315 type  2   force =     0.02183970    0.01689530    0.02298926
     atom  316 type  2   force =     0.00147625   -0.00004837   -0.01231768
     atom  317 type  2   force =     0.01242350   -0.00049613    0.02137779
     atom  318 type  2   force =    -0.00092146   -0.00132471   -0.01163628
     atom  319 type  2   force =    -0.00345017   -0.00845098    0.01660080
     atom  320 type  2   force =     0.00099946    0.00139727   -0.01169111
     atom  321 type  2   force =     0.00755723    0.00743429    0.01687063
     atom  322 type  2   force =     0.00158730    0.00512464   -0.01432501
     atom  323 type  2   force =     0.01291386    0.03813573    0.02713291
     atom  324 type  2   force =     0.00448334    0.00435681   -0.01742694
     atom  325 type  2   force =     0.04662867    0.05189010    0.05156286
     atom  326 type  2   force =     0.00573106    0.00014444   -0.01650163
     atom  327 type  2   force =     0.05909238    0.00687244    0.04545602
     atom  328 type  2   force =     0.00352210   -0.00161370   -0.01294798
     atom  329 type  2   force =     0.02826344   -0.01290266    0.02151303
     atom  330 type  2   force =     0.00120809   -0.00135251   -0.01286769
     atom  331 type  2   force =     0.01024853   -0.01230514    0.02477469
     atom  332 type  2   force =    -0.00141134    0.00406268   -0.01452300
     atom  333 type  2   force =    -0.00947894    0.03196456    0.03352013
     atom  334 type  2   force =    -0.00090810    0.00471104   -0.02045538
     atom  335 type  2   force =    -0.01149498    0.07081333    0.09539908
     atom  336 type  2   force =     0.00203962   -0.00063811   -0.02221932
     atom  337 type  2   force =     0.00322018   -0.00436685   -0.01719529
     atom  338 type  2   force =     0.03137236   -0.04980952    0.05549750
     atom  339 type  2   force =    -0.00023408   -0.00425041   -0.01356150
     atom  340 type  2   force =    -0.00481421   -0.03349554    0.02890049
     atom  341 type  2   force =    -0.00200480    0.00055931   -0.01247702
     atom  342 type  2   force =    -0.01318198    0.00255793    0.02170060
     atom  343 type  2   force =    -0.00486107    0.00274470   -0.01648076
     atom  344 type  2   force =    -0.04743903    0.02611650    0.04879620
     atom  345 type  2   force =    -0.00461812   -0.00110557   -0.02073038
     atom  346 type  2   force =    -0.06979412   -0.02320382    0.09721328
     atom  347 type  2   force =    -0.00165189   -0.00569717   -0.01839556
     atom  348 type  2   force =    -0.02881516   -0.06500593    0.06341851
     atom  349 type  2   force =    -0.00195413   -0.00394236    0.01558708
     atom  350 type  2   force =    -0.00992904   -0.01842018   -0.02405523
     atom  351 type  2   force =    -0.00009814   -0.00042715    0.01403016
     atom  352 type  2   force =    -0.00127702   -0.00229410   -0.01895167
     atom  353 type  2   force =    -0.00182928    0.00145068    0.01517060
     atom  354 type  2   force =    -0.01146155    0.00622076   -0.02321501
     atom  355 type  2   force =    -0.00502038   -0.00077548    0.01779629
     atom  356 type  2   force =    -0.03251986   -0.00761146   -0.03495750
     atom  357 type  2   force =    -0.00503131   -0.00433271    0.01808467
     atom  358 type  2   force =    -0.02735987   -0.02547746   -0.03191505
     atom  359 type  2   force =    -0.00048765    0.00017208    0.01412488
     atom  360 type  2   force =    -0.00259291    0.00033582   -0.01838175
     atom  361 type  2   force =     0.00236805    0.00312000    0.01522835
     atom  362 type  2   force =     0.00943397    0.01230384   -0.02172125
     atom  363 type  2   force =     0.00443645    0.00321015    0.01658344
     atom  364 type  2   force =     0.01881703    0.01272997   -0.02695053
     atom  365 type  2   force =     0.00281490    0.00014998    0.01623019
     atom  366 type  2   force =     0.00831438   -0.00146915   -0.02476797
     atom  367 type  2   force =    -0.00041369   -0.00162942    0.01467704
     atom  368 type  2   force =    -0.00438975   -0.00687026   -0.01953380
     atom  369 type  2   force =     0.00154005    0.00125737    0.01484102
     atom  370 type  2   force =     0.00540413    0.00702762   -0.01987588
     atom  371 type  2   force =     0.00160393    0.00635604    0.01800546
     atom  372 type  2   force =     0.01087465    0.03331981   -0.03066020
     atom  373 type  2   force =     0.00522021    0.00636149    0.02336538
     atom  374 type  2   force =     0.03706065    0.04006994   -0.05596930
     atom  375 type  2   force =     0.00761005    0.00085577    0.02377676
     atom  376 type  2   force =     0.04750881   -0.00117920   -0.05256490
     atom  377 type  2   force =     0.00520001   -0.00257805    0.01773927
     atom  378 type  2   force =     0.02102720   -0.00926398   -0.02643717
     atom  379 type  2   force =     0.00164233   -0.00251808    0.01688646
     atom  380 type  2   force =     0.00926900   -0.00823018   -0.02800664
     atom  381 type  2   force =    -0.00159174    0.00451055    0.01809382
     atom  382 type  2   force =    -0.00772230    0.03067041   -0.03586166
     atom  383 type  2   force =    -0.00197295    0.00636333    0.02617308
     atom  384 type  2   force =     0.00065890    0.07157677   -0.10199159
     atom  385 type  2   force =     0.00118269   -0.00036993    0.03071845
     atom  386 type  2   force =     0.03872247   -0.01211427   -0.11701781
     atom  387 type  2   force =     0.00343620   -0.00637446    0.02441987
     atom  388 type  2   force =     0.03534579   -0.03668046   -0.06310688
     atom  389 type  2   force =    -0.00072870   -0.00572658    0.01741853
     atom  390 type  2   force =    -0.00209572   -0.02938009   -0.03297640
     atom  391 type  2   force =    -0.00230157    0.00029965    0.01550938
     atom  392 type  2   force =    -0.01139495    0.00362427   -0.02448133
     atom  393 type  2   force =    -0.00585714    0.00318896    0.02022945
     atom  394 type  2   force =    -0.04526821    0.02558210   -0.05325816
     atom  395 type  2   force =    -0.00664855   -0.00132898    0.02605103
     atom  396 type  2   force =    -0.06335805   -0.03242535   -0.10300366
     atom  397 type  2   force =    -0.00322228   -0.00726071    0.02388642
     atom  398 type  2   force =    -0.02418447   -0.05169612   -0.06752281
        
     Tot. elapsed time 25.1s,  time spent in last step 24.8s
       
     --------------------------------------------------------------------------------------------
     Compute < dvg | dvg >                                               
     --------------------------------------------------------------------------------------------
     Tot. elapsed time 26.3s,  time spent in last step 01.1s
       
     --------------------------------------------------------------------------------------------
     Compute drho2                                                       
     --------------------------------------------------------------------------------------------
     Tot. elapsed time 04m-16.0s,  time spent in last step 03m-49.7s
       
     --------------------------------------------------------------------------------------------
     Compute forces of drho2                                             
     --------------------------------------------------------------------------------------------
       
     --------------------------------------------------------------------------------------------
     TDDFT Force : Second Part                                           
     --------------------------------------------------------------------------------------------
     atom    1 type  1   force =    -0.00033702    0.00021601   -0.01005479
     atom    2 type  1   force =    -0.00151152    0.00110629    0.01926339
     atom    3 type  1   force =    -0.00182410   -0.00108843   -0.01002452
     atom    4 type  1   force =    -0.01365507   -0.00805496    0.01827548
     atom    5 type  1   force =     0.00008228   -0.00038724   -0.01009687
     atom    6 type  1   force =     0.00089229   -0.00176414    0.01948103
     atom    7 type  1   force =     0.00282467    0.00132178   -0.01045858
     atom    8 type  1   force =     0.02029700    0.01044167    0.01878213
     atom    9 type  1   force =     0.00249494    0.00180821   -0.01042479
     atom   10 type  1   force =     0.01856896    0.01246294    0.01865094
     atom   11 type  1   force =    -0.00031651   -0.00304306   -0.01041716
     atom   12 type  1   force =    -0.00150479   -0.02204621    0.01861143
     atom   13 type  1   force =    -0.00352216   -0.00400481   -0.01263515
     atom   14 type  1   force =    -0.03265438   -0.04366842    0.04188086
     atom   15 type  1   force =    -0.00521173   -0.00102853   -0.01263623
     atom   16 type  1   force =    -0.05384744   -0.00597517    0.04176611
     atom   17 type  1   force =    -0.00273643    0.00128130   -0.01042417
     atom   18 type  1   force =    -0.01926724    0.00986784    0.01860172
     atom   19 type  1   force =     0.00001114   -0.00000356   -0.00927304
     atom   20 type  1   force =     0.00010272   -0.00003224    0.01321382
     atom   21 type  1   force =     0.00025078   -0.00309777   -0.01046092
     atom   22 type  1   force =     0.00098573   -0.02267271    0.01878025
     atom   23 type  1   force =    -0.00008038   -0.00605670   -0.01512862
     atom   24 type  1   force =    -0.00133341   -0.07202216    0.05009308
     atom   25 type  1   force =    -0.00350206   -0.00199618   -0.01825389
     atom   26 type  1   force =    -0.05683275   -0.03154657    0.14729033
     atom   27 type  1   force =    -0.00526829    0.00302067   -0.01510636
     atom   28 type  1   force =    -0.06187690    0.03537750    0.04992169
     atom   29 type  1   force =    -0.00249598    0.00172246   -0.01043412
     atom   30 type  1   force =    -0.01836073    0.01172183    0.01863989
     atom   31 type  1   force =     0.00036408    0.00013660   -0.01010929
     atom   32 type  1   force =     0.00184686    0.00027084    0.01954347
     atom   33 type  1   force =     0.00347764   -0.00404319   -0.01275695
     atom   34 type  1   force =     0.03274628   -0.04489324    0.04335735
     atom   35 type  1   force =     0.00338685   -0.00196263   -0.01831779
     atom   36 type  1   force =     0.05457954   -0.03188690    0.15030985
     atom   37 type  1   force =    -0.00002854    0.00400469   -0.01826817
     atom   38 type  1   force =    -0.00141755    0.06459394    0.14796721
     atom   39 type  1   force =    -0.00172763    0.00502336   -0.01266381
     atom   40 type  1   force =    -0.02197820    0.04977566    0.04210070
     atom   41 type  1   force =     0.00003950    0.00215152   -0.01003820
     atom   42 type  1   force =     0.00019074    0.01614167    0.01837813
     atom   43 type  1   force =     0.00194961   -0.00111529   -0.01008496
     atom   44 type  1   force =     0.01485335   -0.00852700    0.01872759
     atom   45 type  1   force =     0.00524540   -0.00099557   -0.01275641
     atom   46 type  1   force =     0.05533949   -0.00605311    0.04339518
     atom   47 type  1   force =     0.00521000    0.00307984   -0.01513452
     atom   48 type  1   force =     0.06204375    0.03701669    0.05013177
     atom   49 type  1   force =     0.00171748    0.00505538   -0.01266222
     atom   50 type  1   force =     0.02164352    0.05041279    0.04225048
     atom   51 type  1   force =     0.00346088   -0.00188131   -0.02271388
     atom   52 type  1   force =     0.00076535   -0.00039541    0.01643454
     atom   53 type  1   force =    -0.01196060   -0.01025943   -0.02698194
     atom   54 type  1   force =    -0.00347405   -0.00257606    0.01738927
     atom   55 type  1   force =    -0.01460715   -0.00522900   -0.02699685
     atom   56 type  1   force =    -0.00388266   -0.00168649    0.01739307
     atom   57 type  1   force =     0.00044810    0.00416507   -0.02281641
     atom   58 type  1   force =     0.00017725    0.00093042    0.01646639
     atom   59 type  1   force =     0.00966025    0.00570114   -0.02110974
     atom   60 type  1   force =     0.00316894    0.00185499    0.01600915
     atom   61 type  1   force =    -0.00013837   -0.01114004   -0.02108535
     atom   62 type  1   force =    -0.00002808   -0.00362456    0.01599338
     atom   63 type  1   force =    -0.00898888   -0.03275520   -0.03793824
     atom   64 type  1   force =    -0.00272744   -0.00732582    0.02174071
     atom   65 type  1   force =    -0.03865527   -0.02220038   -0.05854885
     atom   66 type  1   force =    -0.00775701   -0.00439891    0.02506607
     atom   67 type  1   force =    -0.03259268    0.00884453   -0.03773093
     atom   68 type  1   force =    -0.00762852    0.00142025    0.02157210
     atom   69 type  1   force =    -0.00943327    0.00541018   -0.02100112
     atom   70 type  1   force =    -0.00300385    0.00172718    0.01594020
     atom   71 type  1   force =    -0.00349080   -0.00241538   -0.02284560
     atom   72 type  1   force =    -0.00075496   -0.00059387    0.01647525
     atom   73 type  1   force =     0.00817714   -0.03348314   -0.03855411
     atom   74 type  1   force =     0.00252825   -0.00740816    0.02193170
     atom   75 type  1   force =    -0.00106983   -0.05290706   -0.08755212
     atom   76 type  1   force =    -0.00017685   -0.00641336    0.03255131
     atom   77 type  1   force =    -0.04631512    0.02646127   -0.08691672
     atom   78 type  1   force =    -0.00570137    0.00324556    0.03245355
     atom   79 type  1   force =    -0.02419091    0.02372722   -0.03787045
     atom   80 type  1   force =    -0.00508290    0.00586686    0.02161504
     atom   81 type  1   force =    -0.00283578    0.01541877   -0.02713951
     atom   82 type  1   force =    -0.00049777    0.00424047    0.01743720
     atom   83 type  1   force =     0.01241580   -0.01082971   -0.02761271
     atom   84 type  1   force =     0.00356998   -0.00271694    0.01758488
     atom   85 type  1   force =     0.03871605   -0.02238632   -0.06023314
     atom   86 type  1   force =     0.00765734   -0.00444491    0.02544571
     atom   87 type  1   force =     0.04529607    0.02710797   -0.08773323
     atom   88 type  1   force =     0.00544790    0.00330353    0.03258017
     atom   89 type  1   force =    -0.00013030    0.04460835   -0.05892994
     atom   90 type  1   force =    -0.00008949    0.00890295    0.02515194
     atom   91 type  1   force =     0.00300271    0.01570706   -0.02712116
     atom   92 type  1   force =     0.00051427    0.00435812    0.01743255
     atom   93 type  1   force =     0.00035046   -0.00011084   -0.02089410
     atom   94 type  1   force =     0.00010266   -0.00003256    0.01549805
     atom   95 type  1   force =     0.01566208   -0.00533829   -0.02761003
     atom   96 type  1   force =     0.00416286   -0.00174386    0.01758414
     atom   97 type  1   force =     0.03316164    0.00958791   -0.03861524
     atom   98 type  1   force =     0.00770286    0.00147945    0.02198245
     atom   99 type  1   force =     0.02408267    0.02418794   -0.03813758
     atom  100 type  1   force =     0.00500036    0.00603320    0.02183387
     atom  101 type  1   force =     0.00119313    0.00196779    0.00395478
     atom  102 type  1   force =     0.02314666    0.02389387   -0.01203486
     atom  103 type  1   force =    -0.00064176    0.00038845    0.00351572
     atom  104 type  1   force =    -0.00669302    0.00411588   -0.00692950
     atom  105 type  1   force =     0.00006874   -0.00077814    0.00352547
     atom  106 type  1   force =     0.00096045   -0.00816921   -0.00701428
     atom  107 type  1   force =     0.00233637    0.00009146    0.00398113
     atom  108 type  1   force =     0.03341404    0.00901734   -0.01239241
     atom  109 type  1   force =     0.00301770    0.00177956    0.00438701
     atom  110 type  1   force =     0.04131379    0.02443032   -0.01121045
     atom  111 type  1   force =     0.00072265   -0.00040272    0.00360707
     atom  112 type  1   force =     0.00710116   -0.00400602   -0.00589640
     atom  113 type  1   force =    -0.00109538   -0.00199513    0.00393985
     atom  114 type  1   force =    -0.00905386   -0.03138948   -0.01188801
     atom  115 type  1   force =    -0.00297673   -0.00171980    0.00402446
     atom  116 type  1   force =    -0.05041730   -0.02884485   -0.01620356
     atom  117 type  1   force =    -0.00222503    0.00008914    0.00391557
     atom  118 type  1   force =    -0.03096652    0.00795044   -0.01174789
     atom  119 type  1   force =     0.00005517    0.00084187    0.00359915
     atom  120 type  1   force =     0.00036268    0.00835535   -0.00587791
     atom  121 type  1   force =    -0.00071138   -0.00045990    0.00359664
     atom  122 type  1   force =    -0.00714598   -0.00445006   -0.00587216
     atom  123 type  1   force =    -0.00004163   -0.00349256    0.00436625
     atom  124 type  1   force =    -0.00064419   -0.04779729   -0.01116576
     atom  125 type  1   force =    -0.00198832   -0.00336494    0.00519606
     atom  126 type  1   force =    -0.03188199   -0.13661516   -0.05287637
     atom  127 type  1   force =    -0.00391251    0.00002786    0.00516816
     atom  128 type  1   force =    -0.13468804    0.04102479   -0.05241870
     atom  129 type  1   force =    -0.00299780    0.00171997    0.00429704
     atom  130 type  1   force =    -0.04086363    0.02342468   -0.01100530
     atom  131 type  1   force =    -0.00120561    0.00188531    0.00392308
     atom  132 type  1   force =    -0.02276973    0.02300024   -0.01185161
     atom  133 type  1   force =     0.00107136   -0.00206224    0.00397359
     atom  134 type  1   force =     0.00876817   -0.03326513   -0.01234732
     atom  135 type  1   force =     0.00187969   -0.00337659    0.00523653
     atom  136 type  1   force =     0.02883713   -0.13951392   -0.05430080
     atom  137 type  1   force =    -0.00006257    0.00001978    0.00614725
     atom  138 type  1   force =    -0.00199495    0.00335450    0.00517731
     atom  139 type  1   force =    -0.10378101    0.09586079   -0.05273825
     atom  140 type  1   force =     0.00000126    0.00344829    0.00403832
     atom  141 type  1   force =    -0.00029834    0.05858544   -0.01638936
     atom  142 type  1   force =     0.00070749    0.00034704    0.00352822
     atom  143 type  1   force =     0.00752337    0.00348694   -0.00703866
     atom  144 type  1   force =     0.00301744   -0.00174190    0.00408563
     atom  145 type  1   force =     0.05218062   -0.03021145   -0.01702245
     atom  146 type  1   force =     0.00386267    0.00004064    0.00524500
     atom  147 type  1   force =     0.13509060    0.04471505   -0.05444504
     atom  148 type  1   force =     0.00191672    0.00339323    0.00521364
     atom  149 type  1   force =     0.10314186    0.09556322   -0.05333356
     atom  150 type  1   force =     0.00392916    0.00618044   -0.02309924
     atom  151 type  1   force =     0.00631513    0.01020594    0.02694777
     atom  152 type  1   force =    -0.00152047    0.00093107   -0.02025427
     atom  153 type  1   force =    -0.00244251    0.00150598    0.02279460
     atom  154 type  1   force =     0.00020380   -0.00187972   -0.02034780
     atom  155 type  1   force =     0.00036654   -0.00299137    0.02292830
     atom  156 type  1   force =     0.00745275    0.00042042   -0.02330107
     atom  157 type  1   force =     0.01229231    0.00056732    0.02725664
     atom  158 type  1   force =     0.01031541    0.00611314   -0.02523511
     atom  159 type  1   force =     0.01648467    0.00977355    0.02986106
     atom  160 type  1   force =     0.00202708   -0.00114553   -0.01942918
     atom  161 type  1   force =     0.00307717   -0.00171323    0.02129609
     atom  162 type  1   force =    -0.00336231   -0.00641900   -0.02304447
     atom  163 type  1   force =    -0.00559704   -0.01040332    0.02685213
     atom  164 type  1   force =    -0.00962996   -0.00557714   -0.02582212
     atom  165 type  1   force =    -0.01555960   -0.00891436    0.03194006
     atom  166 type  1   force =    -0.00711183    0.00035533   -0.02305875
     atom  167 type  1   force =    -0.01146212    0.00051526    0.02683449
     atom  168 type  1   force =     0.00009583    0.00240428   -0.01944612
     atom  169 type  1   force =     0.00024124    0.00360291    0.02130629
     atom  170 type  1   force =    -0.00206422   -0.00127763   -0.01945109
     atom  171 type  1   force =    -0.00304701   -0.00197421    0.02130912
     atom  172 type  1   force =    -0.00017653   -0.01195894   -0.02519491
     atom  173 type  1   force =    -0.00028519   -0.01903387    0.02978940
     atom  174 type  1   force =    -0.00991140   -0.01453292   -0.03873513
     atom  175 type  1   force =    -0.01394432   -0.02262955    0.05388955
     atom  176 type  1   force =    -0.01757485   -0.00122517   -0.03865614
     atom  177 type  1   force =    -0.02665437   -0.00023958    0.05336146
     atom  178 type  1   force =    -0.01028281    0.00589057   -0.02505587
     atom  179 type  1   force =    -0.01613774    0.00924312    0.02954464
     atom  180 type  1   force =    -0.00391081    0.00600011   -0.02311773
     atom  181 type  1   force =    -0.00627166    0.00971427    0.02692453
     atom  182 type  1   force =     0.00332951   -0.00664077   -0.02330511
     atom  183 type  1   force =     0.00556243   -0.01086415    0.02725054
     atom  184 type  1   force =     0.00951555   -0.01455976   -0.03912261
     atom  185 type  1   force =     0.01313231   -0.02283620    0.05475324
     atom  186 type  1   force =    -0.00013571    0.00004378   -0.05791599
     atom  187 type  1   force =    -0.00047527    0.00015031    0.08543355
     atom  188 type  1   force =    -0.00777613    0.01575822   -0.03874381
     atom  189 type  1   force =    -0.01325226    0.02306777    0.05355581
     atom  190 type  1   force =     0.00001950    0.01117862   -0.02591914
     atom  191 type  1   force =    -0.00007792    0.01805362    0.03210677
     atom  192 type  1   force =     0.00173140    0.00081753   -0.02037507
     atom  193 type  1   force =     0.00276284    0.00126783    0.02296717
     atom  194 type  1   force =     0.00983250   -0.00567159   -0.02625062
     atom  195 type  1   force =     0.01598572   -0.00925094    0.03267684
     atom  196 type  1   force =     0.01735691   -0.00098640   -0.03914490
     atom  197 type  1   force =     0.02631590   -0.00010944    0.05491213
     atom  198 type  1   force =     0.00765271    0.01577943   -0.03884520
     atom  199 type  1   force =     0.01261167    0.02331033    0.05424050
     atom  200 type  2   force =    -0.00030383    0.00019316    0.00018183
     atom  201 type  2   force =    -0.00217447    0.00155010    0.00078176
     atom  202 type  2   force =    -0.00136846   -0.00081411    0.00012259
     atom  203 type  2   force =    -0.01762363   -0.01038433   -0.00003081
     atom  204 type  2   force =     0.00006800   -0.00034383    0.00017489
     atom  205 type  2   force =     0.00112521   -0.00260145    0.00083190
     atom  206 type  2   force =     0.00207878    0.00094310    0.00027988
     atom  207 type  2   force =     0.02456712    0.01369142   -0.00022447
     atom  208 type  2   force =     0.00180936    0.00134081    0.00028062
     atom  209 type  2   force =     0.02331276    0.01455726   -0.00023104
     atom  210 type  2   force =    -0.00025151   -0.00221739    0.00027349
     atom  211 type  2   force =    -0.00097987   -0.02714668   -0.00021187
     atom  212 type  2   force =    -0.00238374   -0.00269040    0.00004224
     atom  213 type  2   force =    -0.04593225   -0.05704824    0.00171311
     atom  214 type  2   force =    -0.00350123   -0.00068612    0.00002098
     atom  215 type  2   force =    -0.07224051   -0.01079278    0.00160892
     atom  216 type  2   force =    -0.00199162    0.00091778    0.00024905
     atom  217 type  2   force =    -0.02339563    0.01287249   -0.00014349
     atom  218 type  2   force =     0.00001815   -0.00000568    0.00028672
     atom  219 type  2   force =     0.00010230   -0.00003224   -0.00018963
     atom  220 type  2   force =     0.00020789   -0.00226193    0.00027236
     atom  221 type  2   force =     0.00030456   -0.02798989   -0.00020340
     atom  222 type  2   force =    -0.00005741   -0.00397099    0.00009323
     atom  223 type  2   force =    -0.00205843   -0.10296970    0.00071308
     atom  224 type  2   force =    -0.00238962   -0.00134290   -0.00009259
     atom  225 type  2   force =    -0.11386340   -0.06539095    0.01019842
     atom  226 type  2   force =    -0.00345819    0.00198163    0.00005897
     atom  227 type  2   force =    -0.08880162    0.05073161    0.00107102
     atom  228 type  2   force =    -0.00180426    0.00126247    0.00024871
     atom  229 type  2   force =    -0.02308750    0.01378882   -0.00014144
     atom  230 type  2   force =     0.00031998    0.00012401    0.00017265
     atom  231 type  2   force =     0.00267211    0.00054011    0.00084654
     atom  232 type  2   force =     0.00234992   -0.00272255    0.00005805
     atom  233 type  2   force =     0.04664870   -0.05872839    0.00212702
     atom  234 type  2   force =     0.00228736   -0.00133135   -0.00007394
     atom  235 type  2   force =     0.11070681   -0.06400792    0.01001801
     atom  236 type  2   force =    -0.00004112    0.00271962   -0.00008828
     atom  237 type  2   force =    -0.00037795    0.13052140    0.01015728
     atom  238 type  2   force =    -0.00116655    0.00337225    0.00002454
     atom  239 type  2   force =    -0.02702116    0.06828810    0.00170369
     atom  240 type  2   force =     0.00002685    0.00161246    0.00012358
     atom  241 type  2   force =     0.00023303    0.02085402   -0.00002120
     atom  242 type  2   force =     0.00145969   -0.00083579    0.00012698
     atom  243 type  2   force =     0.01926464   -0.01106344    0.00001088
     atom  244 type  2   force =     0.00353870   -0.00068356    0.00006456
     atom  245 type  2   force =     0.07422079   -0.01117322    0.00216023
     atom  246 type  2   force =     0.00341292    0.00202181    0.00010368
     atom  247 type  2   force =     0.08855048    0.05296369    0.00060246
     atom  248 type  2   force =     0.00114278    0.00341664    0.00005224
     atom  249 type  2   force =     0.02658741    0.06872992    0.00183947
     atom  250 type  2   force =     0.00165324   -0.00089761   -0.02241790
     atom  251 type  2   force =     0.00161450   -0.00084359    0.02245335
     atom  252 type  2   force =    -0.00636612   -0.00533620   -0.02452364
     atom  253 type  2   force =    -0.00669817   -0.00537800    0.02475941
     atom  254 type  2   force =    -0.00767052   -0.00286265   -0.02455747
     atom  255 type  2   force =    -0.00783546   -0.00305207    0.02477667
     atom  256 type  2   force =     0.00021854    0.00199883   -0.02250795
     atom  257 type  2   force =     0.00033792    0.00194348    0.02252637
     atom  258 type  2   force =     0.00552034    0.00326124   -0.02141994
     atom  259 type  2   force =     0.00587933    0.00345430    0.02152192
     atom  260 type  2   force =    -0.00008295   -0.00637068   -0.02140244
     atom  261 type  2   force =    -0.00006647   -0.00674178    0.02149698
     atom  262 type  2   force =    -0.00531699   -0.01644068   -0.03160543
     atom  263 type  2   force =    -0.00531981   -0.01635789    0.03213982
     atom  264 type  2   force =    -0.01804404   -0.01038076   -0.04089872
     atom  265 type  2   force =    -0.01740254   -0.00983508    0.04218853
     atom  266 type  2   force =    -0.01677520    0.00375057   -0.03149205
     atom  267 type  2   force =    -0.01653681    0.00371881    0.03192960
     atom  268 type  2   force =    -0.00540446    0.00309854   -0.02134204
     atom  269 type  2   force =    -0.00562034    0.00322787    0.02141241
     atom  270 type  2   force =    -0.00167625   -0.00116318   -0.02253395
     atom  271 type  2   force =    -0.00158364   -0.00121556    0.02254726
     atom  272 type  2   force =     0.00493080   -0.01663637   -0.03195495
     atom  273 type  2   force =     0.00491484   -0.01663794    0.03244189
     atom  274 type  2   force =    -0.00037130   -0.01726313   -0.05905301
     atom  275 type  2   force =    -0.00046800   -0.01790016    0.05719657
     atom  276 type  2   force =    -0.01506046    0.00859850   -0.05886901
     atom  277 type  2   force =    -0.01595098    0.00908744    0.05658763
     atom  278 type  2   force =    -0.01171771    0.01259891   -0.03157131
     atom  279 type  2   force =    -0.01158930    0.01241452    0.03199766
     atom  280 type  2   force =    -0.00138062    0.00813920   -0.02464129
     atom  281 type  2   force =    -0.00131239    0.00838899    0.02486040
     atom  282 type  2   force =     0.00656064   -0.00557331   -0.02489414
     atom  283 type  2   force =     0.00691114   -0.00569194    0.02513010
     atom  284 type  2   force =     0.01792557   -0.01035944   -0.04165386
     atom  285 type  2   force =     0.01727953   -0.01004033    0.04308449
     atom  286 type  2   force =     0.01478793    0.00886986   -0.05910498
     atom  287 type  2   force =     0.01520300    0.00919655    0.05737589
     atom  288 type  2   force =    -0.00004077    0.02079084   -0.04106952
     atom  289 type  2   force =    -0.00023855    0.01998763    0.04239091
     atom  290 type  2   force =     0.00148674    0.00827738   -0.02459776
     atom  291 type  2   force =     0.00135536    0.00861939    0.02483844
     atom  292 type  2   force =     0.00018741   -0.00005925   -0.02109787
     atom  293 type  2   force =     0.00019817   -0.00006281    0.02112947
     atom  294 type  2   force =     0.00814587   -0.00288981   -0.02488460
     atom  295 type  2   force =     0.00843511   -0.00315791    0.02512562
     atom  296 type  2   force =     0.01690755    0.00400902   -0.03198765
     atom  297 type  2   force =     0.01695185    0.00402033    0.03250455
     atom  298 type  2   force =     0.01164511    0.01282091   -0.03171723
     atom  299 type  2   force =     0.01161224    0.01283395    0.03227004
     atom  300 type  2   force =     0.00183574    0.00332609    0.01468672
     atom  301 type  2   force =     0.01254863    0.01659198   -0.02687084
     atom  302 type  2   force =    -0.00093308    0.00056976    0.01311847
     atom  303 type  2   force =    -0.00415283    0.00255894   -0.02052543
     atom  304 type  2   force =     0.00011890   -0.00113338    0.01316146
     atom  305 type  2   force =     0.00061648   -0.00511251   -0.02069623
     atom  306 type  2   force =     0.00388199   -0.00000730    0.01477937
     atom  307 type  2   force =     0.02120616    0.00296371   -0.02732879
     atom  308 type  2   force =     0.00498631    0.00295538    0.01594156
     atom  309 type  2   force =     0.02849238    0.01689889   -0.02898696
     atom  310 type  2   force =     0.00108708   -0.00060184    0.01295121
     atom  311 type  2   force =     0.00507304   -0.00286114   -0.01819372
     atom  312 type  2   force =    -0.00193412   -0.00320430    0.01464970
     atom  313 type  2   force =    -0.00801990   -0.01888306   -0.02671691
     atom  314 type  2   force =    -0.00470461   -0.00270007    0.01575514
     atom  315 type  2   force =    -0.02940349   -0.01694278   -0.03467350
     atom  316 type  2   force =    -0.00363397   -0.00000620    0.01461630
     atom  317 type  2   force =    -0.01996670    0.00263508   -0.02665019
     atom  318 type  2   force =     0.00009791    0.00126476    0.01294664
     atom  319 type  2   force =     0.00026162    0.00599431   -0.01819885
     atom  320 type  2   force =    -0.00106291   -0.00070088    0.01294505
     atom  321 type  2   force =    -0.00513255   -0.00319736   -0.01820001
     atom  322 type  2   force =    -0.00008524   -0.00576810    0.01590188
     atom  323 type  2   force =    -0.00050168   -0.03299527   -0.02890914
     atom  324 type  2   force =    -0.00369936   -0.00566299    0.02133670
     atom  325 type  2   force =    -0.02780050   -0.05660338   -0.07248053
     atom  326 type  2   force =    -0.00679451   -0.00024918    0.02124798
     atom  327 type  2   force =    -0.06290277    0.00469752   -0.07222968
     atom  328 type  2   force =    -0.00492314    0.00282029    0.01576818
     atom  329 type  2   force =    -0.02824254    0.01617469   -0.02863665
     atom  330 type  2   force =    -0.00184067    0.00316184    0.01464308
     atom  331 type  2   force =    -0.01244735    0.01606017   -0.02678332
     atom  332 type  2   force =     0.00191425   -0.00334053    0.01476898
     atom  333 type  2   force =     0.00794484   -0.01976635   -0.02730667
     atom  334 type  2   force =     0.00349285   -0.00568849    0.02150465
     atom  335 type  2   force =     0.02628574   -0.05706327   -0.07413726
     atom  336 type  2   force =    -0.00010329    0.00003262    0.02702580
     atom  337 type  2   force =    -0.00320989    0.00597135    0.02128588
     atom  338 type  2   force =    -0.03577949    0.05188089   -0.07260452
     atom  339 type  2   force =    -0.00001830    0.00544982    0.01580515
     atom  340 type  2   force =    -0.00003781    0.03417423   -0.03495807
     atom  341 type  2   force =     0.00103750    0.00049279    0.01317388
     atom  342 type  2   force =     0.00472491    0.00217769   -0.02074554
     atom  343 type  2   force =     0.00479281   -0.00277223    0.01597622
     atom  344 type  2   force =     0.03029780   -0.01750377   -0.03592787
     atom  345 type  2   force =     0.00666039   -0.00021708    0.02153123
     atom  346 type  2   force =     0.06256151    0.00563493   -0.07420809
     atom  347 type  2   force =     0.00304540    0.00600539    0.02140098
     atom  348 type  2   force =     0.03526570    0.05220014   -0.07292536
     atom  349 type  2   force =     0.00202099    0.00321413   -0.01427063
     atom  350 type  2   force =     0.01268682    0.01736441    0.02598816
     atom  351 type  2   force =    -0.00085142    0.00051709   -0.01287771
     atom  352 type  2   force =    -0.00420094    0.00259304    0.02004507
     atom  353 type  2   force =     0.00009785   -0.00104550   -0.01292305
     atom  354 type  2   force =     0.00064088   -0.00514886    0.02021226
     atom  355 type  2   force =     0.00384383    0.00020118   -0.01436388
     atom  356 type  2   force =     0.02199501    0.00273172    0.02640337
     atom  357 type  2   force =     0.00518320    0.00305763   -0.01549582
     atom  358 type  2   force =     0.02891891    0.01711460    0.02786402
     atom  359 type  2   force =     0.00110009   -0.00062201   -0.01254877
     atom  360 type  2   force =     0.00510613   -0.00286093    0.01770412
     atom  361 type  2   force =    -0.00176255   -0.00332602   -0.01424796
     atom  362 type  2   force =    -0.00857741   -0.01933645    0.02586872
     atom  363 type  2   force =    -0.00488777   -0.00283586   -0.01548763
     atom  364 type  2   force =    -0.03108094   -0.01783806    0.03447249
     atom  365 type  2   force =    -0.00370010    0.00017238   -0.01426333
     atom  366 type  2   force =    -0.02046343    0.00244644    0.02587543
     atom  367 type  2   force =     0.00005063    0.00129965   -0.01256218
     atom  368 type  2   force =     0.00033319    0.00598313    0.01771878
     atom  369 type  2   force =    -0.00111503   -0.00068911   -0.01256620
     atom  370 type  2   force =    -0.00508476   -0.00323305    0.01772302
     atom  371 type  2   force =    -0.00007290   -0.00600533   -0.01548179
     atom  372 type  2   force =    -0.00046626   -0.03341845    0.02778606
     atom  373 type  2   force =    -0.00372412   -0.00621800   -0.02153531
     atom  374 type  2   force =    -0.02501454   -0.05841598    0.07038312
     atom  375 type  2   force =    -0.00723718   -0.00005001   -0.02153459
     atom  376 type  2   force =    -0.06260542    0.00838995    0.07038812
     atom  377 type  2   force =    -0.00517185    0.00296692   -0.01543217
     atom  378 type  2   force =    -0.02845041    0.01630455    0.02751306
     atom  379 type  2   force =    -0.00202126    0.00312230   -0.01429068
     atom  380 type  2   force =    -0.01254840    0.01659181    0.02599644
     atom  381 type  2   force =     0.00172982   -0.00341922   -0.01436860
     atom  382 type  2   force =     0.00849541   -0.02029751    0.02640387
     atom  383 type  2   force =     0.00355742   -0.00622235   -0.02166651
     atom  384 type  2   force =     0.02345608   -0.05958192    0.07170915
     atom  385 type  2   force =    -0.00007212    0.00002307   -0.02742274
     atom  386 type  2   force =    -0.00281084    0.00088709    0.13222563
     atom  387 type  2   force =    -0.00359485    0.00626043   -0.02156427
     atom  388 type  2   force =    -0.03897202    0.04984930    0.07068788
     atom  389 type  2   force =     0.00001567    0.00566661   -0.01552806
     atom  390 type  2   force =    -0.00012042    0.03609968    0.03471400
     atom  391 type  2   force =     0.00095588    0.00046441   -0.01293634
     atom  392 type  2   force =     0.00475986    0.00217606    0.02026073
     atom  393 type  2   force =     0.00495624   -0.00285730   -0.01566631
     atom  394 type  2   force =     0.03203235   -0.01852773    0.03553875
     atom  395 type  2   force =     0.00717037    0.00001141   -0.02166620
     atom  396 type  2   force =     0.06347284    0.00923118    0.07170407
     atom  397 type  2   force =     0.00352748    0.00631404   -0.02156470
     atom  398 type  2   force =     0.03834410    0.05094608    0.07067716
        
     Tot. elapsed time 04m-41.7s,  time spent in last step 25.6s
       
     --------------------------------------------------------------------------------------------
     TDDFT Force : Build RHS of the Z-Vector Eq                          
     --------------------------------------------------------------------------------------------

                               *-------------*
     # Norm of z_rhs_vec p1  = |  4.7598E-02 |
                               *-------------*
     Tot. elapsed time 23m-28.9s,  time spent in last step 23m-28.9s

                               *-------------*
     # Norm of z_rhs_vec p2  = |  1.3516E-03 |
                               *-------------*
     Tot. elapsed time 25m-17.0s,  time spent in last step 01m-48.0s

                               *-------------*
     # Norm of z_rhs_vec p3  = |  7.7912E-04 |
                               *-------------*
     Tot. elapsed time 25m-18.6s,  time spent in last step 01.5s

                               *-------------*
     # Norm of z_rhs_vec p4  = |  3.7098E-04 |
                               *-------------*
     Tot. elapsed time 48m-56.6s,  time spent in last step 23m-38.0s
     Tot. elapsed time 53m-38.4s,  time spent in last step 48m-56.6s
       
     --------------------------------------------------------------------------------------------
     TDDFT Force : Solve the Z-Vector Eq CG                              
     --------------------------------------------------------------------------------------------

                            *-------------*
     # Norm of z_rhs_vec  = |  4.8790E-02 |
                            *-------------*
     Tot. elapsed time 14m-07.8s,  time spent in last step 14m-07.8s
     Tot. elapsed time 25m-57.2s,  time spent in last step 25m-57.2s
     Initial residual =  0.14668040E+01
        
     Tot. elapsed time 40m-04.9s,  time spent in last step 14m-07.3s
     Tot. elapsed time 51m-52.3s,  time spent in last step 25m-54.8s
     Residual(00001) =  0.34777526E+00
        
     Tot. elapsed time 01h-05m-58.7s,  time spent in last step 14m-05.8s
     Tot. elapsed time 01h-17m-47.7s,  time spent in last step 25m-54.8s
     Residual(00002) =  0.25740248E-01
        
     Tot. elapsed time 01h-31m-55.5s,  time spent in last step 14m-07.4s
     Tot. elapsed time 01h-43m-43.6s,  time spent in last step 25m-55.6s
     Residual(00003) =  0.70382369E-02
        
     Tot. elapsed time 01h-57m-51.9s,  time spent in last step 14m-07.5s
     Tot. elapsed time 02h-09m-39.5s,  time spent in last step 25m-55.1s
     Residual(00004) =  0.19081864E-02
        
     Tot. elapsed time 02h-23m-45.6s,  time spent in last step 14m-05.6s
     Tot. elapsed time 02h-35m-32.4s,  time spent in last step 25m-52.4s
     Residual(00005) =  0.56516896E-03
        
     Tot. elapsed time 02h-49m-38.6s,  time spent in last step 14m-05.8s
     Tot. elapsed time 03h-01m-25.2s,  time spent in last step 25m-52.4s
     Residual(00006) =  0.35774834E-03
        
     Tot. elapsed time 03h-15m-30.8s,  time spent in last step 14m-05.1s
     Tot. elapsed time 03h-27m-17.3s,  time spent in last step 25m-51.6s
     Residual(00007) =  0.19721846E-03
        
     Tot. elapsed time 03h-41m-23.0s,  time spent in last step 14m-05.3s
     Tot. elapsed time 03h-53m-09.6s,  time spent in last step 25m-51.9s
     Residual(00008) =  0.11592861E-03
        
     Tot. elapsed time 04h-07m-14.7s,  time spent in last step 14m-04.8s
     Tot. elapsed time 04h-19m-00.9s,  time spent in last step 25m-50.9s
     Residual(00009) =  0.63478166E-04
        
     Tot. elapsed time 04h-33m-06.5s,  time spent in last step 14m-05.2s
     Tot. elapsed time 04h-44m-52.8s,  time spent in last step 25m-51.4s
     Residual(00010) =  0.37884221E-04
        
     Tot. elapsed time 04h-58m-58.6s,  time spent in last step 14m-05.5s
     Tot. elapsed time 05h-10m-44.6s,  time spent in last step 25m-51.5s
     Residual(00011) =  0.23464483E-04
        
     Tot. elapsed time 05h-24m-49.9s,  time spent in last step 14m-05.0s
     Tot. elapsed time 05h-36m-36.1s,  time spent in last step 25m-51.2s
     Residual(00012) =  0.15445087E-04
        
     Tot. elapsed time 05h-50m-41.3s,  time spent in last step 14m-04.8s
     Tot. elapsed time 06h-02m-27.7s,  time spent in last step 25m-51.3s
     Residual(00013) =  0.12660797E-04
        
     Tot. elapsed time 06h-16m-32.8s,  time spent in last step 14m-04.6s
     Tot. elapsed time 06h-28m-19.6s,  time spent in last step 25m-51.4s
     Residual(00014) =  0.87460211E-05
        
     Tot. elapsed time 06h-42m-39.8s,  time spent in last step 14m-19.4s
     Tot. elapsed time 06h-54m-25.7s,  time spent in last step 26m-05.4s
     Residual(00015) =  0.74579470E-05
        
     Tot. elapsed time 07h-08m-31.3s,  time spent in last step 14m-05.2s
     Tot. elapsed time 07h-20m-17.9s,  time spent in last step 25m-51.8s
     Residual(00016) =  0.43874109E-05
        
     Tot. elapsed time 07h-34m-23.2s,  time spent in last step 14m-04.9s
     Tot. elapsed time 07h-46m-09.3s,  time spent in last step 25m-51.0s
     Residual(00017) =  0.27925330E-05
        
     Tot. elapsed time 08h-00m-14.7s,  time spent in last step 14m-05.0s
     Tot. elapsed time 08h-12m-00.9s,  time spent in last step 25m-51.2s
     Residual(00018) =  0.16098814E-05
        
     Tot. elapsed time 08h-26m-05.8s,  time spent in last step 14m-04.5s
     Tot. elapsed time 08h-37m-51.4s,  time spent in last step 25m-50.1s
     Residual(00019) =  0.97678509E-06
        
     Tot. elapsed time 08h-51m-57.5s,  time spent in last step 14m-05.7s
     Tot. elapsed time 09h-03m-43.7s,  time spent in last step 25m-51.9s
     Residual(00020) =  0.58697250E-06
        
     Tot. elapsed time 09h-17m-49.5s,  time spent in last step 14m-05.5s
     Tot. elapsed time 09h-29m-35.7s,  time spent in last step 25m-51.6s
     Residual(00021) =  0.28482534E-06
        
     Tot. elapsed time 09h-43m-41.2s,  time spent in last step 14m-05.2s
     Tot. elapsed time 09h-55m-27.0s,  time spent in last step 25m-51.0s
     Residual(00022) =  0.12781914E-06
        
     Tot. elapsed time 10h-09m-31.8s,  time spent in last step 14m-04.4s
     Tot. elapsed time 10h-21m-17.5s,  time spent in last step 25m-50.1s
     Residual(00023) =  0.65216430E-07
        
     Tot. elapsed time 11h-14m-55.9s,  time spent in last step 10h-21m-17.5s
       
     --------------------------------------------------------------------------------------------
     Compute forces of Z vector                                          
     --------------------------------------------------------------------------------------------
       
     --------------------------------------------------------------------------------------------
     TDDFT Force : Z-Vector Part                                         
     --------------------------------------------------------------------------------------------
     atom    1 type  1   force =     0.00008227    0.00024012   -0.00110002
     atom    2 type  1   force =     0.00119298    0.00262053   -0.00202844
     atom    3 type  1   force =     0.00089785   -0.00018244   -0.00134935
     atom    4 type  1   force =     0.01000036    0.00116086   -0.00084707
     atom    5 type  1   force =     0.00108622    0.00000328   -0.00218908
     atom    6 type  1   force =     0.01250296    0.00067133    0.00415600
     atom    7 type  1   force =     0.00037867    0.00058972   -0.00231198
     atom    8 type  1   force =     0.00532986    0.00635498    0.00445794
     atom    9 type  1   force =    -0.00024437    0.00062016   -0.00163503
     atom   10 type  1   force =    -0.00314056    0.00414134    0.00058654
     atom   11 type  1   force =    -0.00071066    0.00014037   -0.00154740
     atom   12 type  1   force =    -0.00539178    0.00443035   -0.00030656
     atom   13 type  1   force =    -0.00033016    0.00006864   -0.00126204
     atom   14 type  1   force =     0.00387579    0.01416388   -0.01078434
     atom   15 type  1   force =     0.00042939   -0.00033149   -0.00164646
     atom   16 type  1   force =     0.01848122   -0.00084512   -0.00778023
     atom   17 type  1   force =     0.00041001   -0.00012552   -0.00193054
     atom   18 type  1   force =     0.00843847   -0.00278162    0.00056541
     atom   19 type  1   force =    -0.00014215    0.00004462   -0.00176785
     atom   20 type  1   force =     0.00016398   -0.00005087    0.00163254
     atom   21 type  1   force =    -0.00056145   -0.00054000   -0.00242549
     atom   22 type  1   force =    -0.00498135   -0.00652343    0.00471567
     atom   23 type  1   force =    -0.00127681    0.00003190   -0.00245059
     atom   24 type  1   force =    -0.02779005    0.00206315    0.00471860
     atom   25 type  1   force =    -0.00083440   -0.00021588   -0.00220713
     atom   26 type  1   force =    -0.01087316    0.00718642   -0.03802290
     atom   27 type  1   force =    -0.00001499   -0.00032931   -0.00232140
     atom   28 type  1   force =     0.01089808   -0.01364723   -0.00685429
     atom   29 type  1   force =     0.00003284   -0.00046673   -0.00213170
     atom   30 type  1   force =     0.00326517   -0.00672067    0.00171609
     atom   31 type  1   force =     0.00040218   -0.00073442   -0.00251268
     atom   32 type  1   force =     0.00399291   -0.00882319    0.00599405
     atom   33 type  1   force =    -0.00034232   -0.00035434   -0.00357868
     atom   34 type  1   force =     0.00351640   -0.01999963    0.02213698
     atom   35 type  1   force =    -0.00096174    0.00047576   -0.00346517
     atom   36 type  1   force =    -0.04408647    0.02144702    0.06285086
     atom   37 type  1   force =    -0.00029909    0.00039464   -0.00249566
     atom   38 type  1   force =    -0.01513052   -0.00672055   -0.01490058
     atom   39 type  1   force =     0.00034059   -0.00029103   -0.00217736
     atom   40 type  1   force =     0.00403837   -0.01019981   -0.00023630
     atom   41 type  1   force =     0.00078731   -0.00027204   -0.00162949
     atom   42 type  1   force =     0.00518274   -0.00429316    0.00080024
     atom   43 type  1   force =     0.00106088   -0.00040421   -0.00257175
     atom   44 type  1   force =     0.01128647   -0.00514432    0.00634140
     atom   45 type  1   force =     0.00029481    0.00047652   -0.00346470
     atom   46 type  1   force =     0.02035008    0.00609748    0.02124404
     atom   47 type  1   force =    -0.00048889    0.00085412   -0.00248978
     atom   48 type  1   force =    -0.00883910    0.01962929    0.00816565
     atom   49 type  1   force =     0.00001873    0.00030299   -0.00167898
     atom   50 type  1   force =    -0.00450129   -0.00352484   -0.00413232
     atom   51 type  1   force =    -0.00176960    0.00244821    0.00354686
     atom   52 type  1   force =    -0.00048082    0.00074003   -0.00164756
     atom   53 type  1   force =     0.00268823    0.00140258    0.00623120
     atom   54 type  1   force =     0.00111675    0.00070332   -0.00238489
     atom   55 type  1   force =     0.00650630   -0.00211174    0.00373982
     atom   56 type  1   force =     0.00243288    0.00032753   -0.00194222
     atom   57 type  1   force =     0.00538690    0.00191624   -0.00045695
     atom   58 type  1   force =     0.00174672    0.00029627   -0.00086754
     atom   59 type  1   force =     0.00037646    0.00397183    0.00070648
     atom   60 type  1   force =    -0.00023316    0.00057909   -0.00082655
     atom   61 type  1   force =    -0.00421780   -0.00164496    0.00099481
     atom   62 type  1   force =    -0.00080204    0.00024939   -0.00095834
     atom   63 type  1   force =    -0.00902536    0.00063060    0.00605535
     atom   64 type  1   force =    -0.00108535    0.00146922   -0.00255301
     atom   65 type  1   force =    -0.00022705   -0.00306242    0.01473027
     atom   66 type  1   force =     0.00097153    0.00108948   -0.00425942
     atom   67 type  1   force =     0.00007600   -0.00219887    0.00691128
     atom   68 type  1   force =     0.00225053   -0.00054907   -0.00341525
     atom   69 type  1   force =     0.00002958   -0.00113281    0.00196253
     atom   70 type  1   force =     0.00110549   -0.00085061   -0.00140160
     atom   71 type  1   force =    -0.00078699   -0.00524840   -0.00164720
     atom   72 type  1   force =     0.00013770   -0.00147516   -0.00063547
     atom   73 type  1   force =    -0.00829045   -0.01122449   -0.00833417
     atom   74 type  1   force =    -0.00209212    0.00003802   -0.00022099
     atom   75 type  1   force =    -0.02575868    0.00023415   -0.00499948
     atom   76 type  1   force =    -0.00294194    0.00191938   -0.00333235
     atom   77 type  1   force =    -0.00335001   -0.00488214    0.00969454
     atom   78 type  1   force =    -0.00012836   -0.00070465   -0.00543342
     atom   79 type  1   force =    -0.00239446   -0.00104423    0.00361394
     atom   80 type  1   force =     0.00095242   -0.00214130   -0.00288027
     atom   81 type  1   force =     0.00470164   -0.00159280    0.00082058
     atom   82 type  1   force =     0.00076052   -0.00177458   -0.00123994
     atom   83 type  1   force =     0.00776728   -0.00654746   -0.00650712
     atom   84 type  1   force =     0.00038156   -0.00102984    0.00067862
     atom   85 type  1   force =     0.00797455   -0.00373517   -0.02393922
     atom   86 type  1   force =    -0.00191655    0.00094958    0.00100541
     atom   87 type  1   force =    -0.01031219    0.01697360   -0.00937253
     atom   88 type  1   force =    -0.00322797    0.00075456   -0.00270766
     atom   89 type  1   force =     0.00329095    0.00334329    0.00586804
     atom   90 type  1   force =    -0.00059381   -0.00155771   -0.00305248
     atom   91 type  1   force =     0.00205829    0.00041830    0.00405256
     atom   92 type  1   force =     0.00038396   -0.00053955   -0.00181432
     atom   93 type  1   force =     0.00650962   -0.00203572    0.00064604
     atom   94 type  1   force =     0.00169276   -0.00052922   -0.00078619
     atom   95 type  1   force =     0.01072781   -0.00234242   -0.00576619
     atom   96 type  1   force =     0.00145897    0.00027029    0.00054687
     atom   97 type  1   force =     0.00678004    0.01102712   -0.00859001
     atom   98 type  1   force =    -0.00062680    0.00145795    0.00003509
     atom   99 type  1   force =    -0.00164786    0.00734825    0.00250154
     atom  100 type  1   force =    -0.00123052    0.00029743   -0.00176197
     atom  101 type  1   force =    -0.00014722    0.00017056   -0.00176047
     atom  102 type  1   force =    -0.00397994    0.00149812    0.00473802
     atom  103 type  1   force =     0.00061925   -0.00010084   -0.00162814
     atom  104 type  1   force =     0.00735943   -0.00054836    0.00313820
     atom  105 type  1   force =     0.00096959   -0.00003145   -0.00152092
     atom  106 type  1   force =     0.01398326   -0.00318404    0.00200307
     atom  107 type  1   force =     0.00041952    0.00031705   -0.00153517
     atom  108 type  1   force =     0.01713897    0.00803580    0.00103361
     atom  109 type  1   force =    -0.00034731    0.00051790   -0.00177246
     atom  110 type  1   force =    -0.00079306    0.01398484    0.00346016
     atom  111 type  1   force =    -0.00035374    0.00029557   -0.00162715
     atom  112 type  1   force =    -0.00358383    0.00312568    0.00252011
     atom  113 type  1   force =    -0.00013785    0.00035474   -0.00186790
     atom  114 type  1   force =    -0.00166625    0.01008493    0.00590898
     atom  115 type  1   force =     0.00064692    0.00016637   -0.00206790
     atom  116 type  1   force =     0.01820739    0.00470087    0.00910557
     atom  117 type  1   force =     0.00094294   -0.00004934   -0.00200441
     atom  118 type  1   force =     0.01430588   -0.00196110    0.00614230
     atom  119 type  1   force =     0.00034483    0.00006490   -0.00169059
     atom  120 type  1   force =     0.00398680    0.00224874    0.00279681
     atom  121 type  1   force =    -0.00005700   -0.00033976   -0.00170933
     atom  122 type  1   force =    -0.00219162   -0.00481252    0.00287889
     atom  123 type  1   force =    -0.00080727    0.00019834   -0.00190496
     atom  124 type  1   force =    -0.01622664   -0.00284506    0.00427703
     atom  125 type  1   force =    -0.00054456    0.00042516   -0.00248658
     atom  126 type  1   force =    -0.02677805    0.03408544    0.02568610
     atom  127 type  1   force =     0.00029696   -0.00009435   -0.00282534
     atom  128 type  1   force =     0.03065255   -0.02158312    0.02979209
     atom  129 type  1   force =     0.00053490   -0.00052251   -0.00235135
     atom  130 type  1   force =     0.00574051   -0.00760792    0.00702129
     atom  131 type  1   force =     0.00032631   -0.00078173   -0.00193729
     atom  132 type  1   force =     0.00305144   -0.00863504    0.00504071
     atom  133 type  1   force =    -0.00023337   -0.00037715   -0.00157553
     atom  134 type  1   force =    -0.00050810   -0.01788385    0.00110283
     atom  135 type  1   force =    -0.00110133    0.00038684   -0.00202271
     atom  136 type  1   force =    -0.04046171   -0.05523227   -0.01533495
     atom  137 type  1   force =    -0.00083381    0.00026065   -0.00288699
     atom  138 type  1   force =     0.00003389   -0.00053239   -0.00271899
     atom  139 type  1   force =     0.00858287   -0.01886103    0.02038975
     atom  140 type  1   force =     0.00023269   -0.00049575   -0.00191957
     atom  141 type  1   force =     0.00652786   -0.00674018    0.00606491
     atom  142 type  1   force =     0.00056010   -0.00053954   -0.00148896
     atom  143 type  1   force =     0.01067778   -0.00628141    0.00166536
     atom  144 type  1   force =     0.00002720    0.00004588   -0.00142086
     atom  145 type  1   force =     0.02805352   -0.01446898   -0.00416144
     atom  146 type  1   force =    -0.00082590    0.00058486   -0.00192219
     atom  147 type  1   force =     0.03191526    0.05710528   -0.01655676
     atom  148 type  1   force =    -0.00056630    0.00007614   -0.00227970
     atom  149 type  1   force =    -0.02012175    0.00955528    0.01506076
     atom  150 type  1   force =    -0.00012377    0.00145331    0.00004450
     atom  151 type  1   force =    -0.00142832    0.00044176   -0.00151394
     atom  152 type  1   force =     0.00158218   -0.00006603    0.00032024
     atom  153 type  1   force =     0.00274875   -0.00012700   -0.00144957
     atom  154 type  1   force =     0.00320178   -0.00079499   -0.00181884
     atom  155 type  1   force =     0.00551592   -0.00030682    0.00104263
     atom  156 type  1   force =     0.00298280    0.00137291   -0.00457491
     atom  157 type  1   force =     0.00416481    0.00217794    0.00384811
     atom  158 type  1   force =     0.00033066    0.00261415   -0.00284227
     atom  159 type  1   force =    -0.00160698    0.00326493    0.00158267
     atom  160 type  1   force =    -0.00080021    0.00068758   -0.00049485
     atom  161 type  1   force =    -0.00125181    0.00136365   -0.00028661
     atom  162 type  1   force =    -0.00116610    0.00047370    0.00088036
     atom  163 type  1   force =    -0.00037624    0.00337867   -0.00283347
     atom  164 type  1   force =     0.00085709   -0.00069565    0.00109312
     atom  165 type  1   force =     0.00500668    0.00230567   -0.00493650
     atom  166 type  1   force =     0.00148174   -0.00042978   -0.00092905
     atom  167 type  1   force =     0.00633142   -0.00025431   -0.00190801
     atom  168 type  1   force =     0.00085058    0.00068684   -0.00140747
     atom  169 type  1   force =     0.00242093    0.00021567    0.00040264
     atom  170 type  1   force =    -0.00071073   -0.00116693   -0.00167854
     atom  171 type  1   force =     0.00023573   -0.00201855    0.00060741
     atom  172 type  1   force =    -0.00272241   -0.00128096   -0.00249773
     atom  173 type  1   force =    -0.00471160    0.00108210    0.00066234
     atom  174 type  1   force =    -0.00292243   -0.00006367   -0.00069218
     atom  175 type  1   force =    -0.00424246    0.00590268   -0.00685264
     atom  176 type  1   force =    -0.00077069   -0.00155673   -0.00117488
     atom  177 type  1   force =     0.00483437   -0.00102758   -0.00923102
     atom  178 type  1   force =    -0.00051430   -0.00042346   -0.00134241
     atom  179 type  1   force =     0.00424965   -0.00370084   -0.00243112
     atom  180 type  1   force =     0.00027913   -0.00093631   -0.00230220
     atom  181 type  1   force =     0.00178093   -0.00473829   -0.00031367
     atom  182 type  1   force =    -0.00015464   -0.00296469   -0.00511230
     atom  183 type  1   force =    -0.00079149   -0.00403254    0.00412313
     atom  184 type  1   force =    -0.00388655   -0.00111554   -0.00881682
     atom  185 type  1   force =    -0.00953524    0.00050947    0.00786665
     atom  186 type  1   force =    -0.00285674    0.00089235   -0.00390278
     atom  187 type  1   force =    -0.01058887    0.00331096   -0.00648750
     atom  188 type  1   force =    -0.00002656    0.00021496   -0.00303672
     atom  189 type  1   force =     0.00065756   -0.00578999   -0.00585665
     atom  190 type  1   force =     0.00133701    0.00040655   -0.00078264
     atom  191 type  1   force =     0.00065724   -0.00339392   -0.00203420
     atom  192 type  1   force =     0.00248820   -0.00141309   -0.00245474
     atom  193 type  1   force =     0.00310014   -0.00311947    0.00178366
     atom  194 type  1   force =     0.00283718   -0.00128468   -0.00709164
     atom  195 type  1   force =     0.00323612   -0.00169397    0.00772586
     atom  196 type  1   force =    -0.00075564    0.00364171   -0.00867482
     atom  197 type  1   force =    -0.00466031    0.00633821    0.00857377
     atom  198 type  1   force =    -0.00055000    0.00166475   -0.00241195
     atom  199 type  1   force =    -0.00575122   -0.00008728   -0.00277039
     atom  200 type  2   force =     0.00014028    0.00019613   -0.00210781
     atom  201 type  2   force =     0.00261528    0.00394288    0.00257135
     atom  202 type  2   force =     0.00097213   -0.00007667   -0.00208660
     atom  203 type  2   force =     0.01543968    0.00099577    0.00316407
     atom  204 type  2   force =     0.00104665    0.00006493   -0.00223682
     atom  205 type  2   force =     0.02060658   -0.00010669    0.00479093
     atom  206 type  2   force =     0.00019651    0.00047050   -0.00223807
     atom  207 type  2   force =     0.00801336    0.01161723    0.00431782
     atom  208 type  2   force =    -0.00034773    0.00049891   -0.00217135
     atom  209 type  2   force =    -0.00497852    0.00685306    0.00314698
     atom  210 type  2   force =    -0.00063569    0.00030371   -0.00224615
     atom  211 type  2   force =    -0.00914979    0.00639111    0.00332530
     atom  212 type  2   force =    -0.00014484    0.00025857   -0.00254484
     atom  213 type  2   force =     0.01101252    0.02560921    0.00477787
     atom  214 type  2   force =     0.00065440   -0.00012053   -0.00281434
     atom  215 type  2   force =     0.03184509   -0.00243043    0.00826922
     atom  216 type  2   force =     0.00069009   -0.00019165   -0.00256506
     atom  217 type  2   force =     0.01119281   -0.00313873    0.00509860
     atom  218 type  2   force =    -0.00008380    0.00002627   -0.00214081
     atom  219 type  2   force =    -0.00035984    0.00011293    0.00300588
     atom  220 type  2   force =    -0.00055156   -0.00028940   -0.00233272
     atom  221 type  2   force =    -0.00963274   -0.01129607    0.00484340
     atom  222 type  2   force =    -0.00111668    0.00030049   -0.00282115
     atom  223 type  2   force =    -0.05249462   -0.00087579    0.00891868
     atom  224 type  2   force =    -0.00053976    0.00011917   -0.00346868
     atom  225 type  2   force =    -0.00287835    0.01269436    0.01552324
     atom  226 type  2   force =     0.00025185   -0.00044105   -0.00336568
     atom  227 type  2   force =     0.01888812   -0.02479867    0.01214178
     atom  228 type  2   force =     0.00025717   -0.00066943   -0.00258480
     atom  229 type  2   force =     0.00265144   -0.00982428    0.00544603
     atom  230 type  2   force =     0.00033628   -0.00073721   -0.00227511
     atom  231 type  2   force =     0.00813917   -0.01364685    0.00545054
     atom  232 type  2   force =    -0.00051180   -0.00004640   -0.00243877
     atom  233 type  2   force =     0.01578039   -0.04339124    0.00748919
     atom  234 type  2   force =    -0.00108740    0.00049946   -0.00317741
     atom  235 type  2   force =    -0.04893960    0.02387331    0.02706518
     atom  236 type  2   force =    -0.00048417    0.00004117   -0.00340192
     atom  237 type  2   force =    -0.01615507   -0.01538660    0.01813306
     atom  238 type  2   force =     0.00029569   -0.00060187   -0.00279007
     atom  239 type  2   force =     0.00740344   -0.01314578    0.00888605
     atom  240 type  2   force =     0.00071671   -0.00042645   -0.00208421
     atom  241 type  2   force =     0.00889676   -0.00609536    0.00319757
     atom  242 type  2   force =     0.00081063   -0.00027840   -0.00207642
     atom  243 type  2   force =     0.01838335   -0.00825890    0.00331036
     atom  244 type  2   force =    -0.00006639    0.00042653   -0.00235940
     atom  245 type  2   force =     0.04669451    0.00778195    0.00643567
     atom  246 type  2   force =    -0.00065503    0.00061578   -0.00265938
     atom  247 type  2   force =    -0.01184165    0.03989620    0.00796481
     atom  248 type  2   force =    -0.00012040    0.00005027   -0.00244065
     atom  249 type  2   force =    -0.00564983   -0.00792706    0.00435857
     atom  250 type  2   force =    -0.00120241    0.00158346    0.00107592
     atom  251 type  2   force =    -0.00113625    0.00179370   -0.00203339
     atom  252 type  2   force =     0.00104239    0.00014492    0.00228051
     atom  253 type  2   force =     0.00270249    0.00189706   -0.00364971
     atom  254 type  2   force =     0.00344114   -0.00146729    0.00012403
     atom  255 type  2   force =     0.00585625    0.00068132   -0.00238565
     atom  256 type  2   force =     0.00335773    0.00111300   -0.00255596
     atom  257 type  2   force =     0.00429735    0.00064965    0.00044152
     atom  258 type  2   force =     0.00035389    0.00265248   -0.00140238
     atom  259 type  2   force =    -0.00029956    0.00157963    0.00030743
     atom  260 type  2   force =    -0.00275021   -0.00126321   -0.00128561
     atom  261 type  2   force =    -0.00196949    0.00028301    0.00005373
     atom  262 type  2   force =    -0.00499085   -0.00007718    0.00044259
     atom  263 type  2   force =    -0.00311207    0.00434567   -0.00409602
     atom  264 type  2   force =    -0.00143340   -0.00234877    0.00245269
     atom  265 type  2   force =     0.00301039    0.00290159   -0.00922078
     atom  266 type  2   force =    -0.00077419   -0.00138696   -0.00091468
     atom  267 type  2   force =     0.00592949   -0.00195112   -0.00560564
     atom  268 type  2   force =    -0.00033675   -0.00053307   -0.00089478
     atom  269 type  2   force =     0.00238846   -0.00190023   -0.00079880
     atom  270 type  2   force =    -0.00042826   -0.00323582   -0.00363545
     atom  271 type  2   force =     0.00044226   -0.00357017    0.00117729
     atom  272 type  2   force =    -0.00453372   -0.00529766   -0.00978209
     atom  273 type  2   force =    -0.00505883   -0.00127937    0.00460201
     atom  274 type  2   force =    -0.00974720   -0.00032683   -0.00744331
     atom  275 type  2   force =    -0.00978566    0.00671941   -0.00364442
     atom  276 type  2   force =    -0.00229445   -0.00125362   -0.00569900
     atom  277 type  2   force =     0.00088115   -0.00310001   -0.01011210
     atom  278 type  2   force =    -0.00131319    0.00007179   -0.00325775
     atom  279 type  2   force =     0.00260199   -0.00513733   -0.00361398
     atom  280 type  2   force =     0.00279994   -0.00079881   -0.00195936
     atom  281 type  2   force =     0.00185891   -0.00397198   -0.00049979
     atom  282 type  2   force =     0.00401201   -0.00373438   -0.00681089
     atom  283 type  2   force =     0.00169596   -0.00305508    0.00457890
     atom  284 type  2   force =     0.00113664   -0.00020560   -0.01584561
     atom  285 type  2   force =    -0.00354182    0.00169989    0.00950232
     atom  286 type  2   force =    -0.00374172    0.00651547   -0.00796488
     atom  287 type  2   force =    -0.01072451    0.00251741   -0.00172156
     atom  288 type  2   force =     0.00170770    0.00211171   -0.00174094
     atom  289 type  2   force =    -0.00130719   -0.00402548   -0.00492878
     atom  290 type  2   force =     0.00159303    0.00085102    0.00083805
     atom  291 type  2   force =     0.00079575   -0.00121675   -0.00213964
     atom  292 type  2   force =     0.00426626   -0.00133421   -0.00113220
     atom  293 type  2   force =     0.00392441   -0.00122701    0.00024659
     atom  294 type  2   force =     0.00607104   -0.00092508   -0.00616996
     atom  295 type  2   force =     0.00434471    0.00027046    0.00420299
     atom  296 type  2   force =     0.00285423    0.00571332   -0.00938038
     atom  297 type  2   force =    -0.00031510    0.00415269    0.00505048
     atom  298 type  2   force =    -0.00078107    0.00396141   -0.00149825
     atom  299 type  2   force =    -0.00346419    0.00093699   -0.00165317
     atom  300 type  2   force =    -0.00042787    0.00007062   -0.00241327
     atom  301 type  2   force =    -0.00174580    0.00363782    0.00619008
     atom  302 type  2   force =     0.00117674   -0.00015822   -0.00204264
     atom  303 type  2   force =     0.00583415   -0.00028011    0.00460360
     atom  304 type  2   force =     0.00196827   -0.00001883   -0.00106182
     atom  305 type  2   force =     0.01166717   -0.00300005    0.00025442
     atom  306 type  2   force =     0.00085544    0.00065365   -0.00029395
     atom  307 type  2   force =     0.01492338    0.00504473   -0.00569398
     atom  308 type  2   force =    -0.00096282    0.00096190   -0.00143173
     atom  309 type  2   force =     0.00175012    0.01288225    0.00029530
     atom  310 type  2   force =    -0.00059333    0.00057984   -0.00169038
     atom  311 type  2   force =    -0.00280605    0.00254088    0.00267872
     atom  312 type  2   force =    -0.00002159    0.00103083   -0.00294671
     atom  313 type  2   force =    -0.00287322    0.00492367    0.00883363
     atom  314 type  2   force =     0.00160055    0.00065824   -0.00340729
     atom  315 type  2   force =     0.00807484   -0.00020115    0.01256130
     atom  316 type  2   force =     0.00232776    0.00009482   -0.00262894
     atom  317 type  2   force =     0.00734327   -0.00202395    0.00584090
     atom  318 type  2   force =     0.00089645    0.00006592   -0.00144990
     atom  319 type  2   force =     0.00347417    0.00267920    0.00173010
     atom  320 type  2   force =     0.00006432   -0.00076082   -0.00137824
     atom  321 type  2   force =    -0.00262400   -0.00460623    0.00144812
     atom  322 type  2   force =    -0.00170595    0.00072211   -0.00185306
     atom  323 type  2   force =    -0.01333863   -0.00578282    0.00201583
     atom  324 type  2   force =    -0.00081661    0.00135636   -0.00445206
     atom  325 type  2   force =    -0.02048431    0.00577785    0.02308618
     atom  326 type  2   force =     0.00113066    0.00012655   -0.00532218
     atom  327 type  2   force =    -0.00120903   -0.01238573    0.02843211
     atom  328 type  2   force =     0.00150528   -0.00132074   -0.00327172
     atom  329 type  2   force =    -0.00021770   -0.00340372    0.00779439
     atom  330 type  2   force =     0.00065898   -0.00196122   -0.00199906
     atom  331 type  2   force =     0.00138814   -0.00333695    0.00230794
     atom  332 type  2   force =    -0.00051509   -0.00078899   -0.00019907
     atom  333 type  2   force =     0.00166582   -0.01471793   -0.00658407
     atom  334 type  2   force =    -0.00285746    0.00107869   -0.00130265
     atom  335 type  2   force =    -0.01403909   -0.02261651   -0.02601044
     atom  336 type  2   force =    -0.00205962    0.00064406   -0.00539889
     atom  337 type  2   force =    -0.00002034   -0.00174000   -0.00460027
     atom  338 type  2   force =     0.00053013    0.00364140    0.01718281
     atom  339 type  2   force =     0.00029868   -0.00131318   -0.00249089
     atom  340 type  2   force =     0.00546231   -0.00061795    0.00653794
     atom  341 type  2   force =     0.00106266   -0.00113825   -0.00077011
     atom  342 type  2   force =     0.00920411   -0.00507041   -0.00103896
     atom  343 type  2   force =     0.00006833    0.00003977    0.00059126
     atom  344 type  2   force =     0.01836648   -0.00915808   -0.01372332
     atom  345 type  2   force =    -0.00225437    0.00148583   -0.00104435
     atom  346 type  2   force =     0.01376933    0.02100931   -0.02760288
     atom  347 type  2   force =    -0.00144162   -0.00034976   -0.00347184
     atom  348 type  2   force =    -0.00718130    0.01352274    0.01023969
     atom  349 type  2   force =    -0.00005650    0.00081187   -0.00144897
     atom  350 type  2   force =    -0.00299323    0.00106222   -0.00228269
     atom  351 type  2   force =     0.00107512   -0.00011357   -0.00130826
     atom  352 type  2   force =     0.00597846   -0.00036632   -0.00117380
     atom  353 type  2   force =     0.00191587   -0.00046393   -0.00249728
     atom  354 type  2   force =     0.01165646   -0.00115266    0.00330441
     atom  355 type  2   force =     0.00132826    0.00056264   -0.00383598
     atom  356 type  2   force =     0.01133876    0.00520014    0.00937326
     atom  357 type  2   force =    -0.00020701    0.00154560   -0.00291557
     atom  358 type  2   force =    -0.00196099    0.00911115    0.00436784
     atom  359 type  2   force =    -0.00071074    0.00050892   -0.00172259
     atom  360 type  2   force =    -0.00279431    0.00274797    0.00079035
     atom  361 type  2   force =    -0.00065764    0.00020574   -0.00107282
     atom  362 type  2   force =    -0.00084446    0.00764963   -0.00470672
     atom  363 type  2   force =     0.00050974   -0.00043999   -0.00123670
     atom  364 type  2   force =     0.01319214    0.00537719   -0.00814548
     atom  365 type  2   force =     0.00095651   -0.00038753   -0.00219813
     atom  366 type  2   force =     0.01321002   -0.00104578   -0.00119790
     atom  367 type  2   force =     0.00037122    0.00038867   -0.00235104
     atom  368 type  2   force =     0.00428503    0.00095493    0.00205339
     atom  369 type  2   force =    -0.00051757   -0.00062893   -0.00253770
     atom  370 type  2   force =    -0.00039879   -0.00404404    0.00242853
     atom  371 type  2   force =    -0.00187070   -0.00043057   -0.00284894
     atom  372 type  2   force =    -0.01151123    0.00025038    0.00305597
     atom  373 type  2   force =    -0.00161909   -0.00027077   -0.00204793
     atom  374 type  2   force =    -0.01394852    0.01998626   -0.01800965
     atom  375 type  2   force =    -0.00054452   -0.00097763   -0.00260208
     atom  376 type  2   force =     0.01623635   -0.00852901   -0.02120524
     atom  377 type  2   force =    -0.00011406   -0.00042912   -0.00262834
     atom  378 type  2   force =     0.00794687   -0.00763480   -0.00134537
     atom  379 type  2   force =     0.00045458   -0.00061741   -0.00290779
     atom  380 type  2   force =     0.00359551   -0.00908625    0.00226757
     atom  381 type  2   force =    -0.00006144   -0.00118875   -0.00417002
     atom  382 type  2   force =    -0.00077948   -0.01113855    0.01041664
     atom  383 type  2   force =    -0.00190450   -0.00009437   -0.00490412
     atom  384 type  2   force =    -0.02682045   -0.01338758    0.03456928
     atom  385 type  2   force =    -0.00106818    0.00033354   -0.00384857
     atom  386 type  2   force =    -0.03881389    0.01213451   -0.02149256
     atom  387 type  2   force =     0.00020542    0.00024083   -0.00325674
     atom  388 type  2   force =     0.00420852   -0.01406356   -0.00915653
     atom  389 type  2   force =     0.00082475    0.00008373   -0.00211185
     atom  390 type  2   force =     0.00251534   -0.00725169   -0.00188791
     atom  391 type  2   force =     0.00151379   -0.00083117   -0.00285072
     atom  392 type  2   force =     0.00716825   -0.00623635    0.00463594
     atom  393 type  2   force =     0.00105507   -0.00039112   -0.00505470
     atom  394 type  2   force =     0.01399469   -0.00741286    0.01916088
     atom  395 type  2   force =    -0.00072216    0.00160965   -0.00474033
     atom  396 type  2   force =    -0.00006076    0.02589105    0.03551995
     atom  397 type  2   force =    -0.00020710    0.00098992   -0.00253877
     atom  398 type  2   force =    -0.01559688    0.00135655   -0.00500683
        
     Tot. elapsed time 11h-15m-21.2s,  time spent in last step 25.2s
       
     --------------------------------------------------------------------------------------------
     TDDFT Force Total                                                   
     --------------------------------------------------------------------------------------------
     atom    1 type  1   force =    -0.00003553   -0.00001749    0.00020592
     atom    2 type  1   force =    -0.00049841    0.00000633    0.00044991
     atom    3 type  1   force =    -0.00012833    0.00005699    0.00020443
     atom    4 type  1   force =    -0.00110506   -0.00004327   -0.00000321
     atom    5 type  1   force =    -0.00014366    0.00004303    0.00025975
     atom    6 type  1   force =    -0.00106404   -0.00013443   -0.00079485
     atom    7 type  1   force =    -0.00004072   -0.00010031    0.00030243
     atom    8 type  1   force =    -0.00020551   -0.00070018   -0.00047626
     atom    9 type  1   force =     0.00004817   -0.00015901    0.00017825
     atom   10 type  1   force =     0.00052252   -0.00052033   -0.00015553
     atom   11 type  1   force =     0.00018890    0.00001755    0.00016879
     atom   12 type  1   force =     0.00080476   -0.00046534   -0.00007041
     atom   13 type  1   force =     0.00006900    0.00003522    0.00022457
     atom   14 type  1   force =    -0.00132687   -0.00121629    0.00238985
     atom   15 type  1   force =     0.00002656    0.00015479    0.00024397
     atom   16 type  1   force =    -0.00227906   -0.00030893    0.00119449
     atom   17 type  1   force =     0.00002344    0.00004634    0.00026120
     atom   18 type  1   force =    -0.00062428    0.00024634   -0.00010589
     atom   19 type  1   force =     0.00008716   -0.00002725    0.00021565
     atom   20 type  1   force =     0.00013801   -0.00004310   -0.00028316
     atom   21 type  1   force =     0.00010726    0.00007934    0.00032986
     atom   22 type  1   force =     0.00077248    0.00046938   -0.00048664
     atom   23 type  1   force =     0.00018575   -0.00001365    0.00026745
     atom   24 type  1   force =     0.00415831   -0.00068885   -0.00039908
     atom   25 type  1   force =     0.00012000    0.00014923    0.00038456
     atom   26 type  1   force =    -0.00043314    0.00145094    0.01496897
     atom   27 type  1   force =     0.00001883    0.00003828    0.00039930
     atom   28 type  1   force =    -0.00110550    0.00173857    0.00090137
     atom   29 type  1   force =     0.00001778    0.00000823    0.00029810
     atom   30 type  1   force =    -0.00015925    0.00062354   -0.00020127
     atom   31 type  1   force =    -0.00010938    0.00006472    0.00027572
     atom   32 type  1   force =    -0.00037143    0.00073296   -0.00116526
     atom   33 type  1   force =     0.00005426   -0.00001612    0.00039899
     atom   34 type  1   force =    -0.00095011    0.00304644   -0.00407668
     atom   35 type  1   force =    -0.00001913   -0.00001268    0.00033925
     atom   36 type  1   force =     0.01186021   -0.00735677   -0.01870107
     atom   37 type  1   force =    -0.00008978   -0.00013995    0.00037420
     atom   38 type  1   force =    -0.00191191    0.00292647    0.00725689
     atom   39 type  1   force =    -0.00011686   -0.00007004    0.00028393
     atom   40 type  1   force =    -0.00028747    0.00118812   -0.00028709
     atom   41 type  1   force =    -0.00014727    0.00001943    0.00021521
     atom   42 type  1   force =    -0.00066825    0.00050012   -0.00014152
     atom   43 type  1   force =    -0.00018425    0.00006740    0.00025151
     atom   44 type  1   force =    -0.00103814    0.00042244   -0.00060680
     atom   45 type  1   force =     0.00002966   -0.00007243    0.00039330
     atom   46 type  1   force =    -0.00328015   -0.00077035   -0.00372007
     atom   47 type  1   force =     0.00008617   -0.00011558    0.00022835
     atom   48 type  1   force =     0.00190629   -0.00259985   -0.00078853
     atom   49 type  1   force =    -0.00003466   -0.00004022    0.00025879
     atom   50 type  1   force =    -0.00033825    0.00070726    0.00126436
     atom   51 type  1   force =     0.00026884   -0.00041483    0.00005402
     atom   52 type  1   force =     0.00006360   -0.00008256    0.00028256
     atom   53 type  1   force =    -0.00032291   -0.00017657   -0.00031063
     atom   54 type  1   force =    -0.00010815   -0.00004581    0.00030298
     atom   55 type  1   force =    -0.00075846    0.00049134    0.00004857
     atom   56 type  1   force =    -0.00018794   -0.00004799    0.00022337
     atom   57 type  1   force =    -0.00098148   -0.00093592    0.00077625
     atom   58 type  1   force =    -0.00017336    0.00001096    0.00004590
     atom   59 type  1   force =    -0.00031386   -0.00035300    0.00015161
     atom   60 type  1   force =     0.00004431   -0.00004062    0.00003958
     atom   61 type  1   force =     0.00019303    0.00030197    0.00014046
     atom   62 type  1   force =     0.00007442   -0.00005423    0.00006178
     atom   63 type  1   force =     0.00092891   -0.00054368    0.00011580
     atom   64 type  1   force =     0.00007865   -0.00000857    0.00068548
     atom   65 type  1   force =    -0.00027147    0.00111914   -0.00020142
     atom   66 type  1   force =    -0.00008024   -0.00007324    0.00057392
     atom   67 type  1   force =     0.00021622   -0.00139149    0.00074113
     atom   68 type  1   force =    -0.00008061   -0.00003133    0.00061680
     atom   69 type  1   force =    -0.00014198    0.00013307    0.00010286
     atom   70 type  1   force =    -0.00014413    0.00010295    0.00013653
     atom   71 type  1   force =     0.00078641    0.00132790    0.00099080
     atom   72 type  1   force =    -0.00005433    0.00012298   -0.00002457
     atom   73 type  1   force =     0.00258525    0.00370367    0.00133802
     atom   74 type  1   force =     0.00020498   -0.00018062   -0.00015729
     atom   75 type  1   force =     0.01007203   -0.00166497    0.00687396
     atom   76 type  1   force =     0.00008278    0.00003821    0.00089504
     atom   77 type  1   force =     0.00047771    0.00238775    0.00752360
     atom   78 type  1   force =     0.00004998   -0.00000696    0.00109126
     atom   79 type  1   force =     0.00255810    0.00071925    0.00102106
     atom   80 type  1   force =    -0.00001488    0.00016152    0.00042382
     atom   81 type  1   force =    -0.00078698    0.00002945    0.00031057
     atom   82 type  1   force =    -0.00005265    0.00014777    0.00011731
     atom   83 type  1   force =    -0.00108137    0.00072409    0.00083269
     atom   84 type  1   force =    -0.00003961    0.00003854   -0.00015985
     atom   85 type  1   force =    -0.00222629    0.00090646    0.00369746
     atom   86 type  1   force =     0.00021085   -0.00011380   -0.00034916
     atom   87 type  1   force =     0.00555282   -0.00576095    0.00668137
     atom   88 type  1   force =     0.00000096   -0.00007315    0.00083696
     atom   89 type  1   force =    -0.00143299   -0.00079559    0.00069157
     atom   90 type  1   force =     0.00003018    0.00013670    0.00036243
     atom   91 type  1   force =    -0.00026814   -0.00002668   -0.00015555
     atom   92 type  1   force =    -0.00003410    0.00005674    0.00022060
     atom   93 type  1   force =    -0.00067035    0.00020962    0.00011903
     atom   94 type  1   force =    -0.00012406    0.00003879    0.00005264
     atom   95 type  1   force =    -0.00129983    0.00037130    0.00072564
     atom   96 type  1   force =    -0.00008119    0.00000816   -0.00013613
     atom   97 type  1   force =    -0.00184925   -0.00335753    0.00115193
     atom   98 type  1   force =     0.00022534   -0.00005649   -0.00013655
     atom   99 type  1   force =     0.00035817   -0.00063167    0.00020995
     atom  100 type  1   force =     0.00005831   -0.00003216    0.00051278
     atom  101 type  1   force =     0.00006475   -0.00006431    0.00028950
     atom  102 type  1   force =     0.00248791   -0.00056158   -0.00191169
     atom  103 type  1   force =    -0.00005400    0.00000641    0.00023297
     atom  104 type  1   force =    -0.00091883    0.00014764   -0.00068717
     atom  105 type  1   force =    -0.00009363    0.00000218    0.00018251
     atom  106 type  1   force =    -0.00144715    0.00051299   -0.00027354
     atom  107 type  1   force =    -0.00004373   -0.00000181    0.00015157
     atom  108 type  1   force =    -0.00184816   -0.00248350    0.00008428
     atom  109 type  1   force =    -0.00002241   -0.00003120    0.00025943
     atom  110 type  1   force =    -0.00067006   -0.00077321   -0.00070344
     atom  111 type  1   force =     0.00000410   -0.00001524    0.00022649
     atom  112 type  1   force =     0.00016608   -0.00032318   -0.00049825
     atom  113 type  1   force =     0.00007835   -0.00004919    0.00032347
     atom  114 type  1   force =     0.00179097   -0.00301585   -0.00227091
     atom  115 type  1   force =    -0.00005134   -0.00000815    0.00031487
     atom  116 type  1   force =    -0.00286433   -0.00030929   -0.00168996
     atom  117 type  1   force =    -0.00007300    0.00001648    0.00029935
     atom  118 type  1   force =    -0.00233670    0.00024000   -0.00148398
     atom  119 type  1   force =    -0.00004875    0.00000559    0.00020917
     atom  120 type  1   force =    -0.00085879    0.00015126   -0.00054248
     atom  121 type  1   force =    -0.00002218    0.00003061    0.00020399
     atom  122 type  1   force =    -0.00042231    0.00052075   -0.00055555
     atom  123 type  1   force =     0.00002049    0.00001700    0.00029140
     atom  124 type  1   force =     0.00043506    0.00031716   -0.00098791
     atom  125 type  1   force =     0.00010014   -0.00006725    0.00043675
     atom  126 type  1   force =     0.00646237   -0.01402040   -0.00921646
     atom  127 type  1   force =    -0.00002217    0.00002717    0.00048427
     atom  128 type  1   force =    -0.01077546    0.00609338   -0.00819313
     atom  129 type  1   force =    -0.00003537    0.00002585    0.00039924
     atom  130 type  1   force =    -0.00156396    0.00101832   -0.00194100
     atom  131 type  1   force =    -0.00002456    0.00006314    0.00025826
     atom  132 type  1   force =     0.00027826    0.00196444   -0.00088972
     atom  133 type  1   force =     0.00000961    0.00003213    0.00014430
     atom  134 type  1   force =     0.00204653    0.00310443    0.00032039
     atom  135 type  1   force =     0.00004496   -0.00001214    0.00028443
     atom  136 type  1   force =     0.01025413    0.01885105    0.00502819
     atom  137 type  1   force =     0.00011130   -0.00003481    0.00048728
     atom  138 type  1   force =    -0.00000706    0.00002809    0.00044936
     atom  139 type  1   force =    -0.00222921    0.00583975   -0.00492885
     atom  140 type  1   force =    -0.00002416    0.00003859    0.00026971
     atom  141 type  1   force =    -0.00151152    0.00100486   -0.00110731
     atom  142 type  1   force =    -0.00005143    0.00005365    0.00016750
     atom  143 type  1   force =    -0.00135871    0.00050376   -0.00015047
     atom  144 type  1   force =     0.00000162   -0.00000734    0.00011779
     atom  145 type  1   force =    -0.00405623    0.00193959    0.00085342
     atom  146 type  1   force =     0.00002881   -0.00000519    0.00027038
     atom  147 type  1   force =    -0.01176896   -0.01635567    0.00471589
     atom  148 type  1   force =     0.00010264   -0.00004808    0.00038778
     atom  149 type  1   force =     0.00834047   -0.00049185   -0.00626113
     atom  150 type  1   force =    -0.00011738   -0.00014284    0.00008604
     atom  151 type  1   force =    -0.00011377    0.00017909    0.00030448
     atom  152 type  1   force =    -0.00027193    0.00004238    0.00011395
     atom  153 type  1   force =    -0.00035159    0.00007719    0.00015274
     atom  154 type  1   force =    -0.00043324    0.00016970    0.00026900
     atom  155 type  1   force =    -0.00047560   -0.00000309   -0.00018755
     atom  156 type  1   force =    -0.00042931    0.00010599    0.00052066
     atom  157 type  1   force =    -0.00021004   -0.00016393   -0.00054874
     atom  158 type  1   force =     0.00024743   -0.00076056    0.00029503
     atom  159 type  1   force =     0.00039704   -0.00054265   -0.00029239
     atom  160 type  1   force =     0.00032120   -0.00018248    0.00017316
     atom  161 type  1   force =     0.00026222   -0.00017720   -0.00003853
     atom  162 type  1   force =     0.00002951    0.00005314    0.00002892
     atom  163 type  1   force =    -0.00029806   -0.00016041    0.00047361
     atom  164 type  1   force =    -0.00009139    0.00016038    0.00008204
     atom  165 type  1   force =    -0.00047932   -0.00015503    0.00062787
     atom  166 type  1   force =    -0.00010141    0.00023364    0.00027121
     atom  167 type  1   force =    -0.00061839   -0.00011979    0.00018954
     atom  168 type  1   force =     0.00001128   -0.00016358    0.00021932
     atom  169 type  1   force =    -0.00009783   -0.00009473   -0.00010777
     atom  170 type  1   force =     0.00028331    0.00015350    0.00023303
     atom  171 type  1   force =     0.00015009    0.00017381   -0.00012838
     atom  172 type  1   force =     0.00101482    0.00017112    0.00028152
     atom  173 type  1   force =     0.00086746   -0.00016281   -0.00016817
     atom  174 type  1   force =     0.00021753    0.00028317    0.00002341
     atom  175 type  1   force =    -0.00034733    0.00039056    0.00210210
     atom  176 type  1   force =     0.00044508    0.00085913    0.00027175
     atom  177 type  1   force =    -0.00010837   -0.00050434    0.00191704
     atom  178 type  1   force =     0.00027953    0.00010704    0.00023612
     atom  179 type  1   force =    -0.00030562    0.00040606    0.00024962
     atom  180 type  1   force =    -0.00025146   -0.00011272    0.00040037
     atom  181 type  1   force =    -0.00016599    0.00051244   -0.00006423
     atom  182 type  1   force =    -0.00034261    0.00024207    0.00059272
     atom  183 type  1   force =     0.00007077    0.00017017   -0.00063352
     atom  184 type  1   force =     0.00086900   -0.00023928    0.00129024
     atom  185 type  1   force =     0.00101677   -0.00085148   -0.00197238
     atom  186 type  1   force =    -0.00062457    0.00019558    0.00027599
     atom  187 type  1   force =     0.00022774   -0.00007148    0.00099343
     atom  188 type  1   force =    -0.00050067   -0.00053960    0.00056192
     atom  189 type  1   force =     0.00021259    0.00062130    0.00098315
     atom  190 type  1   force =    -0.00023948   -0.00013457    0.00021076
     atom  191 type  1   force =    -0.00013682    0.00037157    0.00022904
     atom  192 type  1   force =    -0.00042372    0.00014101    0.00031509
     atom  193 type  1   force =    -0.00026824    0.00026851   -0.00028876
     atom  194 type  1   force =    -0.00053312    0.00024442    0.00064392
     atom  195 type  1   force =    -0.00004668   -0.00000933   -0.00111298
     atom  196 type  1   force =     0.00066864   -0.00087401    0.00121657
     atom  197 type  1   force =     0.00116402   -0.00045328   -0.00191575
     atom  198 type  1   force =    -0.00035263    0.00008928    0.00023988
     atom  199 type  1   force =    -0.00038091    0.00030946    0.00122388
     atom  200 type  2   force =     0.00001427    0.00002274   -0.00024397
     atom  201 type  2   force =     0.00015223    0.00074002    0.00065985
     atom  202 type  2   force =     0.00010791   -0.00002057   -0.00021422
     atom  203 type  2   force =     0.00136285    0.00001764    0.00043115
     atom  204 type  2   force =     0.00011697   -0.00000259   -0.00025347
     atom  205 type  2   force =     0.00313165    0.00081366   -0.00000276
     atom  206 type  2   force =     0.00001539    0.00004724   -0.00023030
     atom  207 type  2   force =     0.00046275    0.00080743    0.00045790
     atom  208 type  2   force =    -0.00003712    0.00008841   -0.00021518
     atom  209 type  2   force =    -0.00039415    0.00073951    0.00036840
     atom  210 type  2   force =    -0.00010120    0.00000813   -0.00022515
     atom  211 type  2   force =    -0.00089724    0.00044969    0.00040558
     atom  212 type  2   force =    -0.00001936    0.00000718   -0.00027792
     atom  213 type  2   force =     0.00068823    0.00708418    0.00219119
     atom  214 type  2   force =     0.00004595   -0.00002785   -0.00031914
     atom  215 type  2   force =     0.00390280   -0.00074008    0.00116055
     atom  216 type  2   force =     0.00004738   -0.00001976   -0.00027389
     atom  217 type  2   force =     0.00120780   -0.00046144    0.00061988
     atom  218 type  2   force =    -0.00001259    0.00000396   -0.00019595
     atom  219 type  2   force =     0.00007043   -0.00002222    0.00031652
     atom  220 type  2   force =    -0.00006526   -0.00002414   -0.00024495
     atom  221 type  2   force =    -0.00079547   -0.00055653    0.00052120
     atom  222 type  2   force =    -0.00010390    0.00001042   -0.00028524
     atom  223 type  2   force =    -0.00434308    0.00106923    0.00112241
     atom  224 type  2   force =    -0.00006621   -0.00002259   -0.00039261
     atom  225 type  2   force =    -0.01936342   -0.00110433    0.00229308
     atom  226 type  2   force =     0.00000532   -0.00003063   -0.00034731
     atom  227 type  2   force =     0.00364341   -0.00325529    0.00162809
     atom  228 type  2   force =     0.00001531   -0.00006043   -0.00027842
     atom  229 type  2   force =     0.00060914   -0.00103540    0.00064625
     atom  230 type  2   force =     0.00004812   -0.00007619   -0.00025643
     atom  231 type  2   force =     0.00023267   -0.00265511   -0.00019923
     atom  232 type  2   force =    -0.00009776    0.00003796   -0.00026480
     atom  233 type  2   force =     0.00132348   -0.00974259   -0.00163257
     atom  234 type  2   force =    -0.00004666    0.00002216   -0.00036878
     atom  235 type  2   force =     0.01781019   -0.01338763   -0.00058233
     atom  236 type  2   force =    -0.00001760    0.00004107   -0.00038705
     atom  237 type  2   force =    -0.01133644    0.01844327    0.00159812
     atom  238 type  2   force =     0.00003974   -0.00005266   -0.00031621
     atom  239 type  2   force =    -0.00051587   -0.00068909    0.00028081
     atom  240 type  2   force =     0.00009309   -0.00004284   -0.00021288
     atom  241 type  2   force =     0.00086446   -0.00054146    0.00041483
     atom  242 type  2   force =     0.00009081   -0.00002787   -0.00020854
     atom  243 type  2   force =     0.00151592   -0.00064667    0.00035956
     atom  244 type  2   force =    -0.00006731    0.00006802   -0.00025306
     atom  245 type  2   force =     0.00831693    0.00307288   -0.00134154
     atom  246 type  2   force =    -0.00004664    0.00006568   -0.00026652
     atom  247 type  2   force =    -0.00164393    0.00292565    0.00097208
     atom  248 type  2   force =     0.00000068   -0.00000202   -0.00026276
     atom  249 type  2   force =    -0.00363626   -0.00215436    0.00161905
     atom  250 type  2   force =    -0.00015532    0.00018602    0.00012806
     atom  251 type  2   force =    -0.00008494    0.00015059   -0.00032587
     atom  252 type  2   force =     0.00007877    0.00001104    0.00013006
     atom  253 type  2   force =     0.00023973    0.00011515   -0.00033196
     atom  254 type  2   force =     0.00030599   -0.00017995   -0.00002949
     atom  255 type  2   force =     0.00044619    0.00005292   -0.00023291
     atom  256 type  2   force =     0.00036353    0.00008428   -0.00029671
     atom  257 type  2   force =     0.00038319    0.00006851    0.00005449
     atom  258 type  2   force =     0.00001769    0.00024672   -0.00013415
     atom  259 type  2   force =    -0.00006015    0.00015495    0.00001768
     atom  260 type  2   force =    -0.00026571   -0.00010022   -0.00012723
     atom  261 type  2   force =    -0.00021321    0.00003424   -0.00000483
     atom  262 type  2   force =    -0.00037904    0.00025082    0.00021158
     atom  263 type  2   force =    -0.00012924    0.00053512   -0.00108718
     atom  264 type  2   force =    -0.00007608   -0.00029522    0.00023746
     atom  265 type  2   force =     0.00023202    0.00017116   -0.00077362
     atom  266 type  2   force =     0.00013768   -0.00014728   -0.00011868
     atom  267 type  2   force =     0.00065851   -0.00017425   -0.00094883
     atom  268 type  2   force =    -0.00000589   -0.00006690   -0.00010418
     atom  269 type  2   force =     0.00017889   -0.00015958   -0.00008031
     atom  270 type  2   force =    -0.00001284   -0.00033143   -0.00042294
     atom  271 type  2   force =     0.00003288   -0.00032264    0.00016739
     atom  272 type  2   force =    -0.00053066   -0.00076745   -0.00130889
     atom  273 type  2   force =    -0.00041321   -0.00022894    0.00084440
     atom  274 type  2   force =    -0.00135527    0.00137334   -0.00062406
     atom  275 type  2   force =    -0.00078988    0.00074856   -0.00130988
     atom  276 type  2   force =    -0.00005786   -0.00032390   -0.00224205
     atom  277 type  2   force =     0.00007418   -0.00025292   -0.00127190
     atom  278 type  2   force =    -0.00010972   -0.00010964   -0.00046746
     atom  279 type  2   force =     0.00026722   -0.00050366   -0.00050815
     atom  280 type  2   force =     0.00029936   -0.00005254   -0.00018648
     atom  281 type  2   force =     0.00015012   -0.00030876   -0.00006869
     atom  282 type  2   force =     0.00036402   -0.00029097   -0.00055480
     atom  283 type  2   force =     0.00009666   -0.00021385    0.00038503
     atom  284 type  2   force =     0.00027972   -0.00008689   -0.00124659
     atom  285 type  2   force =    -0.00026007    0.00013924    0.00077043
     atom  286 type  2   force =    -0.00203624    0.00003094   -0.00014365
     atom  287 type  2   force =    -0.00109631    0.00007045   -0.00132178
     atom  288 type  2   force =     0.00028228    0.00023003   -0.00010282
     atom  289 type  2   force =    -0.00004189   -0.00028834   -0.00041942
     atom  290 type  2   force =     0.00013956    0.00007884    0.00002058
     atom  291 type  2   force =     0.00010547   -0.00011676   -0.00019711
     atom  292 type  2   force =     0.00034450   -0.00010776   -0.00015053
     atom  293 type  2   force =     0.00028993   -0.00009065    0.00003236
     atom  294 type  2   force =     0.00051033   -0.00009774   -0.00050741
     atom  295 type  2   force =     0.00030083    0.00005199    0.00035568
     atom  296 type  2   force =     0.00043231    0.00075212   -0.00121086
     atom  297 type  2   force =     0.00006881    0.00041121    0.00080303
     atom  298 type  2   force =    -0.00016305    0.00021308   -0.00003854
     atom  299 type  2   force =    -0.00032853   -0.00007841   -0.00068546
     atom  300 type  2   force =    -0.00001282    0.00000692   -0.00033991
     atom  301 type  2   force =    -0.00016366    0.00033896    0.00060668
     atom  302 type  2   force =     0.00011234   -0.00002270   -0.00019981
     atom  303 type  2   force =     0.00044954   -0.00003108    0.00033967
     atom  304 type  2   force =     0.00015867   -0.00000555   -0.00010223
     atom  305 type  2   force =     0.00086098   -0.00027671    0.00001323
     atom  306 type  2   force =     0.00008488    0.00002845    0.00002059
     atom  307 type  2   force =     0.00212084    0.00096139   -0.00030017
     atom  308 type  2   force =    -0.00012885    0.00010682   -0.00022440
     atom  309 type  2   force =     0.00033945    0.00101998    0.00011107
     atom  310 type  2   force =    -0.00006072    0.00005437   -0.00019071
     atom  311 type  2   force =    -0.00016655    0.00017204    0.00017685
     atom  312 type  2   force =     0.00001876    0.00005646   -0.00041854
     atom  313 type  2   force =    -0.00032319    0.00045107    0.00080561
     atom  314 type  2   force =     0.00014397    0.00004185   -0.00034633
     atom  315 type  2   force =     0.00051105   -0.00024862    0.00087707
     atom  316 type  2   force =     0.00017004    0.00004024   -0.00033032
     atom  317 type  2   force =    -0.00019993    0.00011499    0.00056850
     atom  318 type  2   force =     0.00007290    0.00000597   -0.00013955
     atom  319 type  2   force =     0.00028562    0.00022253    0.00013205
     atom  320 type  2   force =     0.00000086   -0.00006443   -0.00012431
     atom  321 type  2   force =    -0.00019931   -0.00036930    0.00011874
     atom  322 type  2   force =    -0.00020389    0.00007865   -0.00027618
     atom  323 type  2   force =    -0.00092645   -0.00064236    0.00023960
     atom  324 type  2   force =    -0.00003264    0.00005018   -0.00054230
     atom  325 type  2   force =    -0.00165614    0.00106457    0.00216851
     atom  326 type  2   force =     0.00006721    0.00002181   -0.00057584
     atom  327 type  2   force =    -0.00501942   -0.00081577    0.00165845
     atom  328 type  2   force =     0.00010423   -0.00011415   -0.00045152
     atom  329 type  2   force =    -0.00019679   -0.00013168    0.00067077
     atom  330 type  2   force =     0.00002640   -0.00015189   -0.00022367
     atom  331 type  2   force =    -0.00081068    0.00041809    0.00029931
     atom  332 type  2   force =    -0.00001217   -0.00006684    0.00004691
     atom  333 type  2   force =     0.00013171   -0.00251971   -0.00037061
     atom  334 type  2   force =    -0.00027270    0.00010123   -0.00025338
     atom  335 type  2   force =     0.00075167   -0.00886645   -0.00474863
     atom  336 type  2   force =    -0.00012329    0.00003857   -0.00059241
     atom  337 type  2   force =    -0.00001005   -0.00013551   -0.00050968
     atom  338 type  2   force =    -0.00387700    0.00571277    0.00007580
     atom  339 type  2   force =     0.00004630   -0.00011377   -0.00024723
     atom  340 type  2   force =     0.00061029    0.00006074    0.00048036
     atom  341 type  2   force =     0.00009536   -0.00008615   -0.00007324
     atom  342 type  2   force =     0.00074704   -0.00033479   -0.00008390
     atom  343 type  2   force =     0.00000006    0.00001224    0.00008672
     atom  344 type  2   force =     0.00122525   -0.00054535   -0.00085498
     atom  345 type  2   force =    -0.00021209    0.00016318   -0.00024350
     atom  346 type  2   force =     0.00653673    0.00344042   -0.00459770
     atom  347 type  2   force =    -0.00004810   -0.00004154   -0.00046641
     atom  348 type  2   force =    -0.00073076    0.00071695    0.00073284
     atom  349 type  2   force =     0.00001036    0.00008364   -0.00013252
     atom  350 type  2   force =    -0.00023545    0.00000645   -0.00034976
     atom  351 type  2   force =     0.00012556   -0.00002363   -0.00015581
     atom  352 type  2   force =     0.00050050   -0.00006738   -0.00008040
     atom  353 type  2   force =     0.00018444   -0.00005875   -0.00024973
     atom  354 type  2   force =     0.00083579   -0.00008076    0.00030166
     atom  355 type  2   force =     0.00015171   -0.00001166   -0.00040356
     atom  356 type  2   force =     0.00081391    0.00032040    0.00081913
     atom  357 type  2   force =    -0.00005512    0.00027053   -0.00032673
     atom  358 type  2   force =    -0.00040195    0.00074829    0.00031681
     atom  359 type  2   force =    -0.00009830    0.00005899   -0.00014649
     atom  360 type  2   force =    -0.00028109    0.00022287    0.00011271
     atom  361 type  2   force =    -0.00005213   -0.00000028   -0.00009243
     atom  362 type  2   force =     0.00001210    0.00061703   -0.00055926
     atom  363 type  2   force =     0.00005841   -0.00006570   -0.00014090
     atom  364 type  2   force =     0.00092822    0.00026909   -0.00062353
     atom  365 type  2   force =     0.00007131   -0.00006517   -0.00023127
     atom  366 type  2   force =     0.00106098   -0.00006849   -0.00009045
     atom  367 type  2   force =     0.00000816    0.00005890   -0.00023618
     atom  368 type  2   force =     0.00022848    0.00006780    0.00023836
     atom  369 type  2   force =    -0.00009255   -0.00006067   -0.00026287
     atom  370 type  2   force =    -0.00007942   -0.00024947    0.00027567
     atom  371 type  2   force =    -0.00033967   -0.00007986   -0.00032527
     atom  372 type  2   force =    -0.00110284    0.00015174    0.00018184
     atom  373 type  2   force =    -0.00012300   -0.00012727   -0.00021786
     atom  374 type  2   force =    -0.00190240    0.00164021   -0.00359583
     atom  375 type  2   force =    -0.00017165   -0.00017186   -0.00035990
     atom  376 type  2   force =     0.00113973   -0.00131825   -0.00338202
     atom  377 type  2   force =    -0.00008590   -0.00004024   -0.00032125
     atom  378 type  2   force =     0.00052366   -0.00059423   -0.00026948
     atom  379 type  2   force =     0.00007566   -0.00001318   -0.00031202
     atom  380 type  2   force =     0.00031611   -0.00072462    0.00025736
     atom  381 type  2   force =     0.00007664   -0.00009741   -0.00044480
     atom  382 type  2   force =    -0.00000637   -0.00076564    0.00095884
     atom  383 type  2   force =    -0.00032003    0.00004660   -0.00039755
     atom  384 type  2   force =    -0.00270547   -0.00139272    0.00428683
     atom  385 type  2   force =     0.00004239   -0.00001332   -0.00055286
     atom  386 type  2   force =    -0.00290226    0.00090733   -0.00628474
     atom  387 type  2   force =     0.00004677    0.00012680   -0.00040114
     atom  388 type  2   force =     0.00058229   -0.00089472   -0.00157552
     atom  389 type  2   force =     0.00011171    0.00002376   -0.00022138
     atom  390 type  2   force =     0.00029920   -0.00053210   -0.00015031
     atom  391 type  2   force =     0.00016810   -0.00006712   -0.00027768
     atom  392 type  2   force =     0.00053316   -0.00043602    0.00041534
     atom  393 type  2   force =     0.00015418   -0.00005946   -0.00049155
     atom  394 type  2   force =     0.00075882   -0.00035848    0.00144148
     atom  395 type  2   force =    -0.00020033    0.00029207   -0.00035550
     atom  396 type  2   force =     0.00005404    0.00269689    0.00422037
     atom  397 type  2   force =     0.00009809    0.00004325   -0.00021705
     atom  398 type  2   force =    -0.00143724    0.00060651   -0.00185248
       
     --------------------------------------------------------------------------------------------
     TDDFT Force Corrected                                               
     --------------------------------------------------------------------------------------------
     atom    1 type  1   force =    -0.00003513   -0.00001742    0.00020594
     atom    2 type  1   force =    -0.00049801    0.00000641    0.00044993
     atom    3 type  1   force =    -0.00012793    0.00005706    0.00020445
     atom    4 type  1   force =    -0.00110466   -0.00004320   -0.00000319
     atom    5 type  1   force =    -0.00014326    0.00004311    0.00025977
     atom    6 type  1   force =    -0.00106363   -0.00013435   -0.00079483
     atom    7 type  1   force =    -0.00004032   -0.00010024    0.00030245
     atom    8 type  1   force =    -0.00020510   -0.00070011   -0.00047624
     atom    9 type  1   force =     0.00004857   -0.00015894    0.00017827
     atom   10 type  1   force =     0.00052292   -0.00052026   -0.00015551
     atom   11 type  1   force =     0.00018931    0.00001763    0.00016881
     atom   12 type  1   force =     0.00080516   -0.00046526   -0.00007039
     atom   13 type  1   force =     0.00006941    0.00003529    0.00022459
     atom   14 type  1   force =    -0.00132646   -0.00121621    0.00238987
     atom   15 type  1   force =     0.00002696    0.00015487    0.00024399
     atom   16 type  1   force =    -0.00227866   -0.00030885    0.00119451
     atom   17 type  1   force =     0.00002385    0.00004642    0.00026122
     atom   18 type  1   force =    -0.00062388    0.00024641   -0.00010587
     atom   19 type  1   force =     0.00008756   -0.00002717    0.00021567
     atom   20 type  1   force =     0.00013841   -0.00004303   -0.00028315
     atom   21 type  1   force =     0.00010766    0.00007942    0.00032988
     atom   22 type  1   force =     0.00077288    0.00046945   -0.00048662
     atom   23 type  1   force =     0.00018615   -0.00001358    0.00026747
     atom   24 type  1   force =     0.00415871   -0.00068878   -0.00039906
     atom   25 type  1   force =     0.00012040    0.00014930    0.00038458
     atom   26 type  1   force =    -0.00043273    0.00145102    0.01496899
     atom   27 type  1   force =     0.00001924    0.00003835    0.00039932
     atom   28 type  1   force =    -0.00110509    0.00173864    0.00090139
     atom   29 type  1   force =     0.00001819    0.00000830    0.00029811
     atom   30 type  1   force =    -0.00015885    0.00062361   -0.00020126
     atom   31 type  1   force =    -0.00010898    0.00006479    0.00027574
     atom   32 type  1   force =    -0.00037102    0.00073303   -0.00116524
     atom   33 type  1   force =     0.00005466   -0.00001604    0.00039901
     atom   34 type  1   force =    -0.00094970    0.00304651   -0.00407666
     atom   35 type  1   force =    -0.00001873   -0.00001261    0.00033927
     atom   36 type  1   force =     0.01186061   -0.00735669   -0.01870105
     atom   37 type  1   force =    -0.00008938   -0.00013987    0.00037422
     atom   38 type  1   force =    -0.00191151    0.00292654    0.00725691
     atom   39 type  1   force =    -0.00011645   -0.00006997    0.00028395
     atom   40 type  1   force =    -0.00028707    0.00118819   -0.00028707
     atom   41 type  1   force =    -0.00014686    0.00001951    0.00021523
     atom   42 type  1   force =    -0.00066785    0.00050020   -0.00014150
     atom   43 type  1   force =    -0.00018385    0.00006747    0.00025153
     atom   44 type  1   force =    -0.00103774    0.00042252   -0.00060678
     atom   45 type  1   force =     0.00003007   -0.00007235    0.00039332
     atom   46 type  1   force =    -0.00327975   -0.00077028   -0.00372005
     atom   47 type  1   force =     0.00008657   -0.00011551    0.00022837
     atom   48 type  1   force =     0.00190670   -0.00259977   -0.00078851
     atom   49 type  1   force =    -0.00003425   -0.00004014    0.00025881
     atom   50 type  1   force =    -0.00033785    0.00070733    0.00126438
     atom   51 type  1   force =     0.00026924   -0.00041476    0.00005404
     atom   52 type  1   force =     0.00006401   -0.00008249    0.00028258
     atom   53 type  1   force =    -0.00032251   -0.00017650   -0.00031061
     atom   54 type  1   force =    -0.00010774   -0.00004574    0.00030300
     atom   55 type  1   force =    -0.00075805    0.00049141    0.00004859
     atom   56 type  1   force =    -0.00018754   -0.00004792    0.00022339
     atom   57 type  1   force =    -0.00098108   -0.00093585    0.00077627
     atom   58 type  1   force =    -0.00017295    0.00001104    0.00004592
     atom   59 type  1   force =    -0.00031345   -0.00035292    0.00015163
     atom   60 type  1   force =     0.00004471   -0.00004054    0.00003960
     atom   61 type  1   force =     0.00019344    0.00030205    0.00014048
     atom   62 type  1   force =     0.00007483   -0.00005416    0.00006179
     atom   63 type  1   force =     0.00092932   -0.00054360    0.00011582
     atom   64 type  1   force =     0.00007905   -0.00000850    0.00068550
     atom   65 type  1   force =    -0.00027106    0.00111921   -0.00020140
     atom   66 type  1   force =    -0.00007983   -0.00007316    0.00057394
     atom   67 type  1   force =     0.00021662   -0.00139142    0.00074115
     atom   68 type  1   force =    -0.00008020   -0.00003126    0.00061682
     atom   69 type  1   force =    -0.00014158    0.00013315    0.00010288
     atom   70 type  1   force =    -0.00014372    0.00010302    0.00013655
     atom   71 type  1   force =     0.00078681    0.00132797    0.00099082
     atom   72 type  1   force =    -0.00005392    0.00012305   -0.00002455
     atom   73 type  1   force =     0.00258565    0.00370374    0.00133804
     atom   74 type  1   force =     0.00020539   -0.00018055   -0.00015727
     atom   75 type  1   force =     0.01007243   -0.00166489    0.00687398
     atom   76 type  1   force =     0.00008318    0.00003828    0.00089506
     atom   77 type  1   force =     0.00047811    0.00238782    0.00752362
     atom   78 type  1   force =     0.00005039   -0.00000689    0.00109128
     atom   79 type  1   force =     0.00255850    0.00071933    0.00102108
     atom   80 type  1   force =    -0.00001448    0.00016160    0.00042384
     atom   81 type  1   force =    -0.00078657    0.00002953    0.00031059
     atom   82 type  1   force =    -0.00005224    0.00014784    0.00011733
     atom   83 type  1   force =    -0.00108096    0.00072416    0.00083271
     atom   84 type  1   force =    -0.00003921    0.00003861   -0.00015983
     atom   85 type  1   force =    -0.00222588    0.00090653    0.00369748
     atom   86 type  1   force =     0.00021126   -0.00011373   -0.00034914
     atom   87 type  1   force =     0.00555323   -0.00576088    0.00668139
     atom   88 type  1   force =     0.00000136   -0.00007307    0.00083698
     atom   89 type  1   force =    -0.00143258   -0.00079552    0.00069159
     atom   90 type  1   force =     0.00003058    0.00013677    0.00036245
     atom   91 type  1   force =    -0.00026774   -0.00002660   -0.00015553
     atom   92 type  1   force =    -0.00003370    0.00005681    0.00022062
     atom   93 type  1   force =    -0.00066994    0.00020969    0.00011905
     atom   94 type  1   force =    -0.00012366    0.00003886    0.00005266
     atom   95 type  1   force =    -0.00129942    0.00037137    0.00072566
     atom   96 type  1   force =    -0.00008079    0.00000824   -0.00013611
     atom   97 type  1   force =    -0.00184885   -0.00335746    0.00115195
     atom   98 type  1   force =     0.00022574   -0.00005641   -0.00013653
     atom   99 type  1   force =     0.00035857   -0.00063159    0.00020997
     atom  100 type  1   force =     0.00005871   -0.00003209    0.00051280
     atom  101 type  1   force =     0.00006516   -0.00006424    0.00028952
     atom  102 type  1   force =     0.00248832   -0.00056150   -0.00191167
     atom  103 type  1   force =    -0.00005360    0.00000648    0.00023299
     atom  104 type  1   force =    -0.00091842    0.00014771   -0.00068715
     atom  105 type  1   force =    -0.00009322    0.00000226    0.00018253
     atom  106 type  1   force =    -0.00144674    0.00051306   -0.00027352
     atom  107 type  1   force =    -0.00004333   -0.00000173    0.00015159
     atom  108 type  1   force =    -0.00184776   -0.00248342    0.00008430
     atom  109 type  1   force =    -0.00002201   -0.00003112    0.00025945
     atom  110 type  1   force =    -0.00066965   -0.00077314   -0.00070342
     atom  111 type  1   force =     0.00000451   -0.00001517    0.00022651
     atom  112 type  1   force =     0.00016648   -0.00032311   -0.00049823
     atom  113 type  1   force =     0.00007875   -0.00004911    0.00032349
     atom  114 type  1   force =     0.00179137   -0.00301577   -0.00227089
     atom  115 type  1   force =    -0.00005093   -0.00000808    0.00031489
     atom  116 type  1   force =    -0.00286392   -0.00030922   -0.00168994
     atom  117 type  1   force =    -0.00007259    0.00001655    0.00029937
     atom  118 type  1   force =    -0.00233629    0.00024008   -0.00148396
     atom  119 type  1   force =    -0.00004835    0.00000566    0.00020919
     atom  120 type  1   force =    -0.00085839    0.00015133   -0.00054246
     atom  121 type  1   force =    -0.00002178    0.00003068    0.00020401
     atom  122 type  1   force =    -0.00042191    0.00052082   -0.00055553
     atom  123 type  1   force =     0.00002089    0.00001707    0.00029142
     atom  124 type  1   force =     0.00043546    0.00031723   -0.00098789
     atom  125 type  1   force =     0.00010055   -0.00006718    0.00043677
     atom  126 type  1   force =     0.00646277   -0.01402033   -0.00921644
     atom  127 type  1   force =    -0.00002176    0.00002725    0.00048429
     atom  128 type  1   force =    -0.01077505    0.00609345   -0.00819311
     atom  129 type  1   force =    -0.00003497    0.00002592    0.00039926
     atom  130 type  1   force =    -0.00156355    0.00101839   -0.00194098
     atom  131 type  1   force =    -0.00002416    0.00006321    0.00025828
     atom  132 type  1   force =     0.00027867    0.00196452   -0.00088970
     atom  133 type  1   force =     0.00001001    0.00003221    0.00014432
     atom  134 type  1   force =     0.00204693    0.00310450    0.00032040
     atom  135 type  1   force =     0.00004536   -0.00001206    0.00028445
     atom  136 type  1   force =     0.01025453    0.01885113    0.00502821
     atom  137 type  1   force =     0.00011170   -0.00003474    0.00048730
     atom  138 type  1   force =    -0.00000666    0.00002817    0.00044938
     atom  139 type  1   force =    -0.00222881    0.00583982   -0.00492883
     atom  140 type  1   force =    -0.00002376    0.00003866    0.00026973
     atom  141 type  1   force =    -0.00151112    0.00100494   -0.00110730
     atom  142 type  1   force =    -0.00005102    0.00005372    0.00016751
     atom  143 type  1   force =    -0.00135831    0.00050384   -0.00015045
     atom  144 type  1   force =     0.00000202   -0.00000727    0.00011781
     atom  145 type  1   force =    -0.00405583    0.00193967    0.00085344
     atom  146 type  1   force =     0.00002921   -0.00000511    0.00027040
     atom  147 type  1   force =    -0.01176856   -0.01635559    0.00471591
     atom  148 type  1   force =     0.00010304   -0.00004800    0.00038780
     atom  149 type  1   force =     0.00834088   -0.00049177   -0.00626111
     atom  150 type  1   force =    -0.00011697   -0.00014276    0.00008606
     atom  151 type  1   force =    -0.00011337    0.00017917    0.00030450
     atom  152 type  1   force =    -0.00027152    0.00004246    0.00011397
     atom  153 type  1   force =    -0.00035119    0.00007726    0.00015276
     atom  154 type  1   force =    -0.00043284    0.00016978    0.00026902
     atom  155 type  1   force =    -0.00047519   -0.00000301   -0.00018753
     atom  156 type  1   force =    -0.00042891    0.00010606    0.00052068
     atom  157 type  1   force =    -0.00020963   -0.00016386   -0.00054872
     atom  158 type  1   force =     0.00024783   -0.00076048    0.00029505
     atom  159 type  1   force =     0.00039745   -0.00054258   -0.00029237
     atom  160 type  1   force =     0.00032161   -0.00018240    0.00017318
     atom  161 type  1   force =     0.00026263   -0.00017713   -0.00003851
     atom  162 type  1   force =     0.00002992    0.00005321    0.00002894
     atom  163 type  1   force =    -0.00029766   -0.00016033    0.00047363
     atom  164 type  1   force =    -0.00009099    0.00016046    0.00008206
     atom  165 type  1   force =    -0.00047892   -0.00015495    0.00062789
     atom  166 type  1   force =    -0.00010100    0.00023372    0.00027123
     atom  167 type  1   force =    -0.00061799   -0.00011972    0.00018956
     atom  168 type  1   force =     0.00001169   -0.00016351    0.00021934
     atom  169 type  1   force =    -0.00009742   -0.00009466   -0.00010775
     atom  170 type  1   force =     0.00028371    0.00015357    0.00023305
     atom  171 type  1   force =     0.00015050    0.00017389   -0.00012836
     atom  172 type  1   force =     0.00101522    0.00017119    0.00028154
     atom  173 type  1   force =     0.00086786   -0.00016274   -0.00016815
     atom  174 type  1   force =     0.00021793    0.00028325    0.00002343
     atom  175 type  1   force =    -0.00034692    0.00039063    0.00210212
     atom  176 type  1   force =     0.00044549    0.00085920    0.00027177
     atom  177 type  1   force =    -0.00010796   -0.00050426    0.00191706
     atom  178 type  1   force =     0.00027994    0.00010712    0.00023614
     atom  179 type  1   force =    -0.00030522    0.00040613    0.00024964
     atom  180 type  1   force =    -0.00025105   -0.00011264    0.00040039
     atom  181 type  1   force =    -0.00016559    0.00051251   -0.00006421
     atom  182 type  1   force =    -0.00034221    0.00024214    0.00059274
     atom  183 type  1   force =     0.00007117    0.00017024   -0.00063350
     atom  184 type  1   force =     0.00086940   -0.00023921    0.00129026
     atom  185 type  1   force =     0.00101718   -0.00085141   -0.00197236
     atom  186 type  1   force =    -0.00062416    0.00019565    0.00027601
     atom  187 type  1   force =     0.00022814   -0.00007141    0.00099345
     atom  188 type  1   force =    -0.00050026   -0.00053952    0.00056194
     atom  189 type  1   force =     0.00021300    0.00062138    0.00098317
     atom  190 type  1   force =    -0.00023908   -0.00013450    0.00021078
     atom  191 type  1   force =    -0.00013642    0.00037164    0.00022906
     atom  192 type  1   force =    -0.00042332    0.00014108    0.00031511
     atom  193 type  1   force =    -0.00026784    0.00026858   -0.00028874
     atom  194 type  1   force =    -0.00053272    0.00024449    0.00064394
     atom  195 type  1   force =    -0.00004628   -0.00000926   -0.00111296
     atom  196 type  1   force =     0.00066904   -0.00087394    0.00121659
     atom  197 type  1   force =     0.00116442   -0.00045321   -0.00191573
     atom  198 type  1   force =    -0.00035222    0.00008935    0.00023990
     atom  199 type  1   force =    -0.00038050    0.00030954    0.00122390
     atom  200 type  2   force =     0.00001468    0.00002282   -0.00024395
     atom  201 type  2   force =     0.00015263    0.00074010    0.00065987
     atom  202 type  2   force =     0.00010832   -0.00002050   -0.00021420
     atom  203 type  2   force =     0.00136326    0.00001771    0.00043117
     atom  204 type  2   force =     0.00011737   -0.00000252   -0.00025345
     atom  205 type  2   force =     0.00313205    0.00081373   -0.00000274
     atom  206 type  2   force =     0.00001579    0.00004731   -0.00023028
     atom  207 type  2   force =     0.00046316    0.00080750    0.00045792
     atom  208 type  2   force =    -0.00003672    0.00008849   -0.00021516
     atom  209 type  2   force =    -0.00039375    0.00073959    0.00036842
     atom  210 type  2   force =    -0.00010079    0.00000821   -0.00022513
     atom  211 type  2   force =    -0.00089683    0.00044976    0.00040560
     atom  212 type  2   force =    -0.00001895    0.00000725   -0.00027790
     atom  213 type  2   force =     0.00068863    0.00708425    0.00219121
     atom  214 type  2   force =     0.00004635   -0.00002778   -0.00031912
     atom  215 type  2   force =     0.00390320   -0.00074001    0.00116056
     atom  216 type  2   force =     0.00004778   -0.00001969   -0.00027387
     atom  217 type  2   force =     0.00120820   -0.00046136    0.00061990
     atom  218 type  2   force =    -0.00001219    0.00000403   -0.00019593
     atom  219 type  2   force =     0.00007084   -0.00002215    0.00031654
     atom  220 type  2   force =    -0.00006486   -0.00002407   -0.00024493
     atom  221 type  2   force =    -0.00079506   -0.00055646    0.00052122
     atom  222 type  2   force =    -0.00010349    0.00001049   -0.00028522
     atom  223 type  2   force =    -0.00434268    0.00106931    0.00112243
     atom  224 type  2   force =    -0.00006580   -0.00002252   -0.00039259
     atom  225 type  2   force =    -0.01936302   -0.00110426    0.00229310
     atom  226 type  2   force =     0.00000573   -0.00003055   -0.00034729
     atom  227 type  2   force =     0.00364381   -0.00325521    0.00162811
     atom  228 type  2   force =     0.00001571   -0.00006036   -0.00027840
     atom  229 type  2   force =     0.00060955   -0.00103533    0.00064627
     atom  230 type  2   force =     0.00004852   -0.00007611   -0.00025641
     atom  231 type  2   force =     0.00023308   -0.00265504   -0.00019921
     atom  232 type  2   force =    -0.00009735    0.00003804   -0.00026478
     atom  233 type  2   force =     0.00132388   -0.00974252   -0.00163255
     atom  234 type  2   force =    -0.00004626    0.00002223   -0.00036876
     atom  235 type  2   force =     0.01781059   -0.01338755   -0.00058231
     atom  236 type  2   force =    -0.00001720    0.00004114   -0.00038703
     atom  237 type  2   force =    -0.01133603    0.01844334    0.00159814
     atom  238 type  2   force =     0.00004015   -0.00005259   -0.00031619
     atom  239 type  2   force =    -0.00051547   -0.00068902    0.00028083
     atom  240 type  2   force =     0.00009349   -0.00004277   -0.00021286
     atom  241 type  2   force =     0.00086486   -0.00054139    0.00041485
     atom  242 type  2   force =     0.00009121   -0.00002780   -0.00020852
     atom  243 type  2   force =     0.00151632   -0.00064660    0.00035958
     atom  244 type  2   force =    -0.00006690    0.00006809   -0.00025304
     atom  245 type  2   force =     0.00831733    0.00307296   -0.00134152
     atom  246 type  2   force =    -0.00004624    0.00006576   -0.00026650
     atom  247 type  2   force =    -0.00164352    0.00292573    0.00097210
     atom  248 type  2   force =     0.00000109   -0.00000195   -0.00026274
     atom  249 type  2   force =    -0.00363585   -0.00215429    0.00161907
     atom  250 type  2   force =    -0.00015491    0.00018609    0.00012808
     atom  251 type  2   force =    -0.00008453    0.00015067   -0.00032585
     atom  252 type  2   force =     0.00007917    0.00001111    0.00013008
     atom  253 type  2   force =     0.00024014    0.00011523   -0.00033194
     atom  254 type  2   force =     0.00030640   -0.00017988   -0.00002947
     atom  255 type  2   force =     0.00044660    0.00005299   -0.00023289
     atom  256 type  2   force =     0.00036393    0.00008436   -0.00029669
     atom  257 type  2   force =     0.00038359    0.00006858    0.00005451
     atom  258 type  2   force =     0.00001809    0.00024680   -0.00013413
     atom  259 type  2   force =    -0.00005974    0.00015502    0.00001770
     atom  260 type  2   force =    -0.00026531   -0.00010015   -0.00012721
     atom  261 type  2   force =    -0.00021281    0.00003431   -0.00000481
     atom  262 type  2   force =    -0.00037863    0.00025089    0.00021159
     atom  263 type  2   force =    -0.00012884    0.00053519   -0.00108717
     atom  264 type  2   force =    -0.00007568   -0.00029515    0.00023747
     atom  265 type  2   force =     0.00023242    0.00017124   -0.00077361
     atom  266 type  2   force =     0.00013809   -0.00014720   -0.00011866
     atom  267 type  2   force =     0.00065891   -0.00017418   -0.00094881
     atom  268 type  2   force =    -0.00000548   -0.00006683   -0.00010416
     atom  269 type  2   force =     0.00017929   -0.00015951   -0.00008029
     atom  270 type  2   force =    -0.00001244   -0.00033136   -0.00042292
     atom  271 type  2   force =     0.00003329   -0.00032257    0.00016741
     atom  272 type  2   force =    -0.00053026   -0.00076738   -0.00130887
     atom  273 type  2   force =    -0.00041280   -0.00022887    0.00084442
     atom  274 type  2   force =    -0.00135486    0.00137341   -0.00062404
     atom  275 type  2   force =    -0.00078948    0.00074863   -0.00130986
     atom  276 type  2   force =    -0.00005745   -0.00032382   -0.00224203
     atom  277 type  2   force =     0.00007458   -0.00025284   -0.00127188
     atom  278 type  2   force =    -0.00010932   -0.00010956   -0.00046744
     atom  279 type  2   force =     0.00026763   -0.00050359   -0.00050813
     atom  280 type  2   force =     0.00029977   -0.00005247   -0.00018646
     atom  281 type  2   force =     0.00015053   -0.00030869   -0.00006867
     atom  282 type  2   force =     0.00036442   -0.00029089   -0.00055478
     atom  283 type  2   force =     0.00009707   -0.00021377    0.00038505
     atom  284 type  2   force =     0.00028012   -0.00008681   -0.00124657
     atom  285 type  2   force =    -0.00025966    0.00013932    0.00077045
     atom  286 type  2   force =    -0.00203583    0.00003101   -0.00014363
     atom  287 type  2   force =    -0.00109591    0.00007052   -0.00132176
     atom  288 type  2   force =     0.00028268    0.00023011   -0.00010280
     atom  289 type  2   force =    -0.00004149   -0.00028827   -0.00041940
     atom  290 type  2   force =     0.00013997    0.00007892    0.00002060
     atom  291 type  2   force =     0.00010587   -0.00011668   -0.00019709
     atom  292 type  2   force =     0.00034491   -0.00010769   -0.00015051
     atom  293 type  2   force =     0.00029033   -0.00009058    0.00003238
     atom  294 type  2   force =     0.00051074   -0.00009767   -0.00050739
     atom  295 type  2   force =     0.00030123    0.00005206    0.00035570
     atom  296 type  2   force =     0.00043271    0.00075219   -0.00121084
     atom  297 type  2   force =     0.00006921    0.00041129    0.00080305
     atom  298 type  2   force =    -0.00016264    0.00021316   -0.00003852
     atom  299 type  2   force =    -0.00032813   -0.00007833   -0.00068544
     atom  300 type  2   force =    -0.00001241    0.00000699   -0.00033989
     atom  301 type  2   force =    -0.00016326    0.00033903    0.00060670
     atom  302 type  2   force =     0.00011274   -0.00002263   -0.00019979
     atom  303 type  2   force =     0.00044994   -0.00003101    0.00033969
     atom  304 type  2   force =     0.00015907   -0.00000547   -0.00010221
     atom  305 type  2   force =     0.00086138   -0.00027663    0.00001325
     atom  306 type  2   force =     0.00008528    0.00002852    0.00002061
     atom  307 type  2   force =     0.00212124    0.00096146   -0.00030015
     atom  308 type  2   force =    -0.00012845    0.00010689   -0.00022438
     atom  309 type  2   force =     0.00033985    0.00102005    0.00011109
     atom  310 type  2   force =    -0.00006031    0.00005444   -0.00019069
     atom  311 type  2   force =    -0.00016615    0.00017212    0.00017687
     atom  312 type  2   force =     0.00001916    0.00005654   -0.00041852
     atom  313 type  2   force =    -0.00032278    0.00045115    0.00080563
     atom  314 type  2   force =     0.00014437    0.00004192   -0.00034632
     atom  315 type  2   force =     0.00051145   -0.00024855    0.00087709
     atom  316 type  2   force =     0.00017044    0.00004032   -0.00033030
     atom  317 type  2   force =    -0.00019953    0.00011507    0.00056852
     atom  318 type  2   force =     0.00007331    0.00000605   -0.00013953
     atom  319 type  2   force =     0.00028603    0.00022261    0.00013207
     atom  320 type  2   force =     0.00000127   -0.00006436   -0.00012429
     atom  321 type  2   force =    -0.00019891   -0.00036922    0.00011876
     atom  322 type  2   force =    -0.00020348    0.00007872   -0.00027616
     atom  323 type  2   force =    -0.00092605   -0.00064229    0.00023962
     atom  324 type  2   force =    -0.00003224    0.00005025   -0.00054228
     atom  325 type  2   force =    -0.00165574    0.00106464    0.00216853
     atom  326 type  2   force =     0.00006761    0.00002188   -0.00057582
     atom  327 type  2   force =    -0.00501902   -0.00081570    0.00165847
     atom  328 type  2   force =     0.00010464   -0.00011407   -0.00045150
     atom  329 type  2   force =    -0.00019639   -0.00013161    0.00067079
     atom  330 type  2   force =     0.00002680   -0.00015181   -0.00022365
     atom  331 type  2   force =    -0.00081028    0.00041816    0.00029933
     atom  332 type  2   force =    -0.00001177   -0.00006677    0.00004693
     atom  333 type  2   force =     0.00013212   -0.00251964   -0.00037059
     atom  334 type  2   force =    -0.00027230    0.00010130   -0.00025336
     atom  335 type  2   force =     0.00075207   -0.00886638   -0.00474861
     atom  336 type  2   force =    -0.00012289    0.00003864   -0.00059239
     atom  337 type  2   force =    -0.00000965   -0.00013544   -0.00050966
     atom  338 type  2   force =    -0.00387660    0.00571285    0.00007582
     atom  339 type  2   force =     0.00004671   -0.00011370   -0.00024721
     atom  340 type  2   force =     0.00061070    0.00006081    0.00048038
     atom  341 type  2   force =     0.00009576   -0.00008608   -0.00007322
     atom  342 type  2   force =     0.00074744   -0.00033471   -0.00008388
     atom  343 type  2   force =     0.00000047    0.00001232    0.00008674
     atom  344 type  2   force =     0.00122565   -0.00054528   -0.00085496
     atom  345 type  2   force =    -0.00021169    0.00016325   -0.00024348
     atom  346 type  2   force =     0.00653713    0.00344049   -0.00459768
     atom  347 type  2   force =    -0.00004770   -0.00004147   -0.00046639
     atom  348 type  2   force =    -0.00073036    0.00071702    0.00073286
     atom  349 type  2   force =     0.00001076    0.00008371   -0.00013250
     atom  350 type  2   force =    -0.00023505    0.00000652   -0.00034974
     atom  351 type  2   force =     0.00012597   -0.00002355   -0.00015579
     atom  352 type  2   force =     0.00050090   -0.00006731   -0.00008038
     atom  353 type  2   force =     0.00018485   -0.00005867   -0.00024971
     atom  354 type  2   force =     0.00083620   -0.00008068    0.00030168
     atom  355 type  2   force =     0.00015211   -0.00001159   -0.00040355
     atom  356 type  2   force =     0.00081431    0.00032047    0.00081915
     atom  357 type  2   force =    -0.00005471    0.00027060   -0.00032671
     atom  358 type  2   force =    -0.00040154    0.00074836    0.00031683
     atom  359 type  2   force =    -0.00009790    0.00005907   -0.00014647
     atom  360 type  2   force =    -0.00028069    0.00022295    0.00011273
     atom  361 type  2   force =    -0.00005173   -0.00000020   -0.00009241
     atom  362 type  2   force =     0.00001250    0.00061710   -0.00055924
     atom  363 type  2   force =     0.00005882   -0.00006563   -0.00014088
     atom  364 type  2   force =     0.00092863    0.00026917   -0.00062351
     atom  365 type  2   force =     0.00007172   -0.00006509   -0.00023125
     atom  366 type  2   force =     0.00106138   -0.00006842   -0.00009043
     atom  367 type  2   force =     0.00000856    0.00005898   -0.00023616
     atom  368 type  2   force =     0.00022888    0.00006788    0.00023838
     atom  369 type  2   force =    -0.00009214   -0.00006059   -0.00026285
     atom  370 type  2   force =    -0.00007902   -0.00024939    0.00027569
     atom  371 type  2   force =    -0.00033927   -0.00007979   -0.00032525
     atom  372 type  2   force =    -0.00110244    0.00015182    0.00018186
     atom  373 type  2   force =    -0.00012260   -0.00012720   -0.00021784
     atom  374 type  2   force =    -0.00190200    0.00164029   -0.00359581
     atom  375 type  2   force =    -0.00017125   -0.00017179   -0.00035988
     atom  376 type  2   force =     0.00114014   -0.00131818   -0.00338200
     atom  377 type  2   force =    -0.00008549   -0.00004017   -0.00032123
     atom  378 type  2   force =     0.00052406   -0.00059416   -0.00026946
     atom  379 type  2   force =     0.00007606   -0.00001311   -0.00031200
     atom  380 type  2   force =     0.00031651   -0.00072455    0.00025738
     atom  381 type  2   force =     0.00007704   -0.00009734   -0.00044478
     atom  382 type  2   force =    -0.00000596   -0.00076557    0.00095886
     atom  383 type  2   force =    -0.00031963    0.00004667   -0.00039753
     atom  384 type  2   force =    -0.00270506   -0.00139265    0.00428685
     atom  385 type  2   force =     0.00004279   -0.00001324   -0.00055284
     atom  386 type  2   force =    -0.00290185    0.00090740   -0.00628472
     atom  387 type  2   force =     0.00004717    0.00012687   -0.00040112
     atom  388 type  2   force =     0.00058270   -0.00089465   -0.00157550
     atom  389 type  2   force =     0.00011211    0.00002383   -0.00022136
     atom  390 type  2   force =     0.00029961   -0.00053203   -0.00015029
     atom  391 type  2   force =     0.00016850   -0.00006705   -0.00027766
     atom  392 type  2   force =     0.00053356   -0.00043595    0.00041536
     atom  393 type  2   force =     0.00015458   -0.00005938   -0.00049154
     atom  394 type  2   force =     0.00075923   -0.00035841    0.00144150
     atom  395 type  2   force =    -0.00019992    0.00029215   -0.00035548
     atom  396 type  2   force =     0.00005444    0.00269696    0.00422039
     atom  397 type  2   force =     0.00009850    0.00004332   -0.00021703
     atom  398 type  2   force =    -0.00143684    0.00060658   -0.00185246
 
     Wbse         :    17h 9m CPU       17h24m WALL

     wbse_readin  :     39.64s CPU     45.77s WALL (       1 calls)
     wbse_fetch_n :      0.01s CPU      0.01s WALL (       1 calls)
     read_xml     :      3.39s CPU      3.88s WALL (       1 calls)
     init_vloc    :      0.12s CPU      0.12s WALL (       2 calls)
     fft          :      3.88s CPU      4.05s WALL (    1552 calls)
     fft_scatter  :  14965.46s CPU  15166.86s WALL (36832620 calls)
     v_of_rho     :      0.10s CPU      0.11s WALL (       1 calls)
     v_xc         :      0.57s CPU      0.59s WALL (       6 calls)
     v_h          :      0.00s CPU      0.00s WALL (       1 calls)
     read_wave    :     36.24s CPU     41.87s WALL (       1 calls)
     davcio       :      0.19s CPU     46.77s WALL (     622 calls)
     init_us_1    :      0.43s CPU      0.44s WALL (       2 calls)
     do_setup     :      2.56s CPU      3.29s WALL (       1 calls)
     init_pw_ar   :      2.47s CPU      3.19s WALL (       1 calls)
     init_at_1    :      0.00s CPU      0.00s WALL (       1 calls)
     exx_grid     :      0.00s CPU      0.00s WALL (       1 calls)
     exxinit      :      1.91s CPU      2.49s WALL (       1 calls)
     fftcw        :     98.06s CPU     99.13s WALL (  240812 calls)
     exx_div      :      0.00s CPU      0.00s WALL (       1 calls)
     storesqvc    :      0.00s CPU      0.00s WALL (       1 calls)
     wbse_dv_setu :      0.30s CPU      0.31s WALL (       1 calls)
     setup_dmuxc  :      0.06s CPU      0.06s WALL (       1 calls)
     chidiago     :  61727.34s CPU  62622.44s WALL (       1 calls)
     paramgs      :      1.20s CPU      1.36s WALL (      25 calls)
     west_apply_l :  41773.46s CPU  42370.50s WALL (      50 calls)
     wbse_calc_de :     22.35s CPU     34.05s WALL (      77 calls)
     fftw         :  22240.57s CPU  22510.45s WALL (30214256 calls)
     wbse_dv_of_d :      7.89s CPU      8.21s WALL (      76 calls)
     init_us_2    :      8.92s CPU      9.17s WALL (     162 calls)
     h_psi        :   6841.92s CPU   6938.72s WALL (     100 calls)
     h_psi:pot    :     18.76s CPU     19.11s WALL (     100 calls)
     vloc_psi     :      5.74s CPU      5.82s WALL (     100 calls)
     h_psi:calbec :      6.89s CPU      6.99s WALL (     100 calls)
     calbec       :      6.89s CPU      6.99s WALL (     100 calls)
     add_vuspsi   :      6.12s CPU      6.30s WALL (     100 calls)
     vexx         :   6822.89s CPU   6919.34s WALL (     100 calls)
     comm_buff    :     30.13s CPU     31.01s WALL (    5800 calls)
     fftc         :   3687.40s CPU   3724.52s WALL ( 6376000 calls)
     alphapc      :     17.11s CPU     17.30s WALL (     298 calls)
     build_hr     :      2.07s CPU      2.60s WALL (      25 calls)
     redistr_vr   :      0.00s CPU      0.00s WALL (      24 calls)
     update_vr    :      5.11s CPU      6.59s WALL (      24 calls)
     precd_ag     :      4.12s CPU      8.01s WALL (      24 calls)
     symm_hr      :      0.00s CPU      0.00s WALL (      24 calls)
     chidiago:las :      0.59s CPU      0.77s WALL (       3 calls)
     refresh_vr   :      0.71s CPU      0.92s WALL (       5 calls)
     plep_db      :      9.40s CPU     10.40s WALL (       1 calls)
     tddft_forces :  39950.98s CPU  40521.21s WALL (       1 calls)
     rhs_z        :   2896.17s CPU   2936.68s WALL (       1 calls)
     zvector_cg   :  36752.04s CPU  37277.54s WALL (       1 calls)
     precd_cg     :      3.97s CPU      7.87s WALL (      23 calls)
 
     Wbse         :    17h 9m CPU       17h24m WALL

 
   This run was terminated on:   5:14: 2  17Dec2022            

=------------------------------------------------------------------------------=
   JOB DONE.
=------------------------------------------------------------------------------=
