
     Program Wbse v. 2.0.1 svn rev. 1002 starts on 22Jun2022 at  8:17:47 

     This program is part of the open-source West suite
     for massively parallel calculations of excited states in materials; please cite
         "M. Govoni et al., J. Chem. Theory Comput. 11, 2680 (2015);
          URL http://www.west-code.org", 
     in publications or presentations arising from this work.

     Based on the Quantum ESPRESSO v. 6.1 svn rev. 13369
       
     --------------------------------------------------------------------------------------------
     **MPI** Parallelization Status                                      
     --------------------------------------------------------------------------------------------
                   112                   1             1             1           112
     --------------------------------------------------------------------------------------------
                     N         =         I      X      P      X      B      X      Z
                     ^                   ^             ^             ^             ^
                     |                   |             |             |             |
                   #rnk                  |             |             |             |
                                      #image           |             |             |
                                                     #pool           |             |
                                                                   #bgrp           |
                                                                                 #R&G
     --------------------------------------------------------------------------------------------
     #prc =          112
     --------------------------------------------------------------------------------------------
       
     --------------------------------------------------------------------------------------------
     I/O Summary : input_west                                            
     --------------------------------------------------------------------------------------------
     qe_prefix               =          pwscf
     west_prefix             =           west
     outdir                  =             ./
     l_load_qbox_wfc         =              F
     qbox_ks_wfc_filename    =         qb.xml
     which_bse_method        =             FF
     --------------------------------------------------------------------------------------------
       
     --------------------------------------------------------------------------------------------
     I/O Summary : wbse_init                                             
     --------------------------------------------------------------------------------------------
     wbse_init_calculation   =              S
     n_pdep_eigen            =              1
     chi_kernel              =            CHI
     which_spin_channel      =              0
     l_use_localise_repr     =              F
     overlap_thr             =       0.000000
     l_use_bisection_thr     =              F
     qbox_bisec_wfc_filename =      qb.gs.xml
     --------------------------------------------------------------------------------------------
       
     --------------------------------------------------------------------------------------------
     I/O Summary : WBSE_control                                          
     --------------------------------------------------------------------------------------------
     wbse_diag_method        =          david
     wbse_calculation        =              S
     n_plep_eigen            =              4
     n_plep_times            =             12
     n_plep_maxiter          =          10000
     n_plep_read_from_file   =              0
     l_bse_calculation       =              F
     l_hybrid_calculation    =              F
     l_exx_fraction          =       0.000000
     l_h_ovlp_thr            =       0.000000
     l_h_loc                 =              F
     l_h_bis                 =              F
     l_h_qbox_bis_wfc_fname  =      qb.gs.xml
     if_random_init          =              F
     l_restart_step          =              0
     l_cg_diagonalization    =              F
     l_subspace              =              F
     n_trunc_bands           =              0
     l_sf_kernel             =              T
     l_alda0                 =              F
     sf_cut_1                =    1000.000000
     sf_cut_2                =       0.000100
     l_tddft_force           =              T
     force_state             =              2
     snd_coeff               =       0.010000
     wbse_zv_alpha_mix       =       0.700000
     wbse_zv_nmix_wbse       =              4
     wbse_zv_scf_tr2         =       0.000000
     l_diag_term_only        =              F
     l_preconditioning       =              F
     l_pre_shift             =              F
     l_qp_correction         =              F
     spin_excitation         =        flipped
     trev_plep               =       0.000010
     trev_plep_rel           =       0.000000
     scissor_ope             =       0.000000
     eps_macro               =       1.000000
     --------------------------------------------------------------------------------------------

     Reading data from directory:
     ./pwscf.save

   Info: using nr1, nr2, nr3 values from input

   Info: using nr1, nr2, nr3 values from input

     IMPORTANT: XC functional enforced from input :
     Exchange-correlation      = PBE ( 1  4  3  4 0 0)
     Any further DFT definition will be discarded
     Please, verify this is what you really want

 
     Parallelization info
     --------------------
     sticks:   dense  smooth     PW     G-vecs:    dense   smooth      PW
     Min          98      98     23                 7810     7810     968
     Max         100     100     26                 7832     7832     986
     Sum       11057   11057   2757               875727   875727  109127
 
     Generating pointlists ...
     new r_m :   0.0565 (alat units)  1.1420 (a.u.) for type    1
     new r_m :   0.0565 (alat units)  1.1420 (a.u.) for type    2
       
     --------------------------------------------------------------------------------------------
     System Overview                                                     
     --------------------------------------------------------------------------------------------
     gamma_only           =              T
     ecutwfc [Ry]         =      85.000000
     omega [au^3]         =   8.276275E+03
     glob. #G             =          54564
     nbnd                 =            800
     nkstot               =              2
     nspin                =              2
     nelec                =     862.000000
     nelup                =     432.000000
     neldw                =     430.000000
     npol                 =              1
     lsda                 =              T
     noncolin             =              F
     lspinorb             =              F
     domag                =              F
     --------------------------------------------------------------------------------------------

     sFFT G-space:   437864 G-vectors     R-space: ( 120, 120, 120)
     dFFT G-space:   437864 G-vectors     R-space: ( 120, 120, 120)

     Cell [a.u.]          =      20.227629      0.000000      0.000000
                          =       0.000000     20.227629      0.000000
                          =       0.000000      0.000000     20.227629
      
     number of ks points=     2
                       cart. coord. in units 2pi/alat
        k(    1) = (   0.0000000   0.0000000   0.0000000), wk =   1.0000000
        k(    2) = (   0.0000000   0.0000000   0.0000000), wk =   1.0000000

                       cryst. coord.
        k(    1) = (   0.0000000   0.0000000   0.0000000), wk =   1.0000000
        k(    2) = (   0.0000000   0.0000000   0.0000000), wk =   1.0000000
 
     F. Gygi div      =   2.404601E-01
       
     --------------------------------------------------------------------------------------------
     Parallelization for nvecx                                           
     --------------------------------------------------------------------------------------------
     nglob                =             48
     nlevel               =              1
     Min nglob/nlevel     =             48
     Max nglob/nlevel     =             48
     --------------------------------------------------------------------------------------------
       
     --------------------------------------------------------------------------------------------
     Parallelization for band_paralel                                    
     --------------------------------------------------------------------------------------------
     nglob                =            432
     nlevel               =              1
     Min nglob/nlevel     =            432
     Max nglob/nlevel     =            432
     --------------------------------------------------------------------------------------------

     [MEM] ----------------------------------------------------------
     [MEM] **Memory** analysis: QE
     [MEM] ----------------------------------------------------------
     [MEM] Allocated arrays           est. size (Mb)     dimensions
     [MEM] ----------------------------------------------------------
     [MEM] Kohn-Sham Wavefunctions       5.93 Mb     (    486,  800)
     [MEM] NL pseudopotentials          12.76 Mb     (    486, 1720)
     [MEM] Each V/rho on FFT grid        0.44 Mb     (  28800)
     [MEM] Each G-vector array           0.03 Mb     (   3907)
     [MEM] G-vector shells               0.01 Mb     (   1361)
     [MEM] ----------------------------------------------------------
     [MEM] TOT                          19.17 Mb
     [MEM] ----------------------------------------------------------
     [MEM] 
     [MEM] ----------------------------------------------------------
     [MEM] **Memory** analysis: WBSE global
     [MEM] ----------------------------------------------------------
     [MEM] Allocated arrays           est. size (Mb)     dimensions
     [MEM] ----------------------------------------------------------
     [MEM] dvg_exc                     153.77 Mb     (    486,  432,   48)
     [MEM] dng_exc                     153.77 Mb     (    486,  432,   48)
     [MEM] hr_distr                      0.02 Mb     (     48,   48)
     [MEM] vr_distr                      0.02 Mb     (     48,   48)
     [MEM] ----------------------------------------------------------
     [MEM] TOT                         307.58 Mb
     [MEM] ----------------------------------------------------------
     [MEM] 
     [MEM] ----------------------------------------------------------
     [MEM] **Memory** analysis: WBSE temporary
     [MEM] ----------------------------------------------------------
     [MEM] Allocated arrays           est. size (Mb)     dimensions
     [MEM] ----------------------------------------------------------
     [MEM] dvpsi                         3.20 Mb     (    486,  432)
     [MEM] dpsi                          3.20 Mb     (    486,  432)
     [MEM] ----------------------------------------------------------
     [MEM] Total estimate                6.41 Mb
     [MEM] ----------------------------------------------------------
     Lowest energy electron-hole pairs are used as initial vectors ...
     Calculating the electron-hole pairs for initiating trial vectors ...

              1        57         2       432         1           0.084428493491
              2        58         2       432         2           0.100198604925
              3        49         2       431         1           0.108926529877
              4        50         2       431         2           0.124696641311
              5        59         2       432         3           0.161240669634
              6        60         2       432         4           0.162360283288
              7        61         2       432         5           0.163455511345
              8        62         2       432         6           0.166249158803
              9        63         2       432         7           0.166908740436
             10        64         2       432         8           0.167928664023
             11        41         2       430         1           0.177877341279
             12        51         2       431         3           0.185738706020
             13        52         2       431         4           0.186858319674
             14        53         2       431         5           0.187953547731
             15        54         2       431         6           0.190747195189
             16        55         2       431         7           0.191406776822
     Finished calculating the cv couples.
     Finished setting initial vectors.

                       *----------*              *----------*               *----------*
     #     Iteration = | starting |   WBSE_dim = |        4 |   Diago_dim = |        4 |  x 1/2
                       *----------*              *----------*               *----------*

                       *----------*              *----------*               *----------*
     #     Iteration = | starting |   WBSE_dim = |        4 |   Diago_dim = |        4 |  x 2/2
                       *----------*              *----------*               *----------*
     s-DIAGOX done in < 00.1s             
     --------------------------------------------------------------------------------------------
        
        0.02603931   0.05227806   0.07108391   0.11202863
        
     --------------------------------------------------------------------------------------------
     Tot. elapsed time 38.1s,  time spent in last iteration 38.1s
     --------------------------------------------------------------------------------------------

                       *----------*              *----------*               *----------*
     #     Iteration = |        1 |   WBSE_dim = |        4 |   Diago_dim = |        8 |
                       *----------*              *----------*               *----------*
     s-DIAGOX done in < 00.1s             
     --------------------------------------------------------------------------------------------
        
        0.02347938   0.05070733   0.06970990   0.11179935
        
     --------------------------------------------------------------------------------------------
     Tot. elapsed time 59.6s,  time spent in last iteration 21.4s
     --------------------------------------------------------------------------------------------

                       *----------*              *----------*               *----------*
     #     Iteration = |        2 |   WBSE_dim = |        4 |   Diago_dim = |       12 |
                       *----------*              *----------*               *----------*
     s-DIAGOX done in < 00.1s             
     --------------------------------------------------------------------------------------------
        
        0.02088032   0.04890993   0.06817226   0.11154828
        
     --------------------------------------------------------------------------------------------
     Tot. elapsed time 01m-21.3s,  time spent in last iteration 21.7s
     --------------------------------------------------------------------------------------------

                       *----------*              *----------*               *----------*
     #     Iteration = |        3 |   WBSE_dim = |        4 |   Diago_dim = |       16 |
                       *----------*              *----------*               *----------*
     s-DIAGOX done in < 00.1s             
     --------------------------------------------------------------------------------------------
        
        0.01864416   0.04723842   0.06678217   0.11132403
        
     --------------------------------------------------------------------------------------------
     Tot. elapsed time 01m-48.2s,  time spent in last iteration 21.8s
     --------------------------------------------------------------------------------------------

                       *----------*              *----------*               *----------*
     #     Iteration = |        4 |   WBSE_dim = |        4 |   Diago_dim = |       20 |
                       *----------*              *----------*               *----------*
     s-DIAGOX done in < 00.1s             
     --------------------------------------------------------------------------------------------
        
        0.01672779   0.04566179   0.06546725   0.11111933
        
     --------------------------------------------------------------------------------------------
     Tot. elapsed time 02m-14.8s,  time spent in last iteration 22.3s
     --------------------------------------------------------------------------------------------

                       *----------*              *----------*               *----------*
     #     Iteration = |        5 |   WBSE_dim = |        4 |   Diago_dim = |       24 |
                       *----------*              *----------*               *----------*
     s-DIAGOX done in < 00.1s             
     --------------------------------------------------------------------------------------------
        
        0.01508828   0.04421674   0.06425809   0.11093551
        
     --------------------------------------------------------------------------------------------
     Tot. elapsed time 02m-37.5s,  time spent in last iteration 22.6s
     --------------------------------------------------------------------------------------------

                       *----------*              *----------*               *----------*
     #     Iteration = |        6 |   WBSE_dim = |        4 |   Diago_dim = |       28 |
                       *----------*              *----------*               *----------*
     s-DIAGOX done in < 00.1s             
     --------------------------------------------------------------------------------------------
        
        0.01375226   0.04291743   0.06317429   0.11077218
        
     --------------------------------------------------------------------------------------------
     Tot. elapsed time 03m-04.6s,  time spent in last iteration 22.9s
     --------------------------------------------------------------------------------------------

                       *----------*              *----------*               *----------*
     #     Iteration = |        7 |   WBSE_dim = |        4 |   Diago_dim = |       32 |
                       *----------*              *----------*               *----------*
     s-DIAGOX done in < 00.1s             
     --------------------------------------------------------------------------------------------
        
        0.01267088   0.04176319   0.06220554   0.11062750
        
     --------------------------------------------------------------------------------------------
     Tot. elapsed time 03m-32.2s,  time spent in last iteration 23.3s
     --------------------------------------------------------------------------------------------

                       *----------*              *----------*               *----------*
     #     Iteration = |        8 |   WBSE_dim = |        4 |   Diago_dim = |       36 |
                       *----------*              *----------*               *----------*
     s-DIAGOX done in < 00.1s             
     --------------------------------------------------------------------------------------------
        
        0.01178439   0.04071355   0.06132436   0.11049521
        
     --------------------------------------------------------------------------------------------
     Tot. elapsed time 03m-59.8s,  time spent in last iteration 23.5s
     --------------------------------------------------------------------------------------------

                       *----------*              *----------*               *----------*
     #     Iteration = |        9 |   WBSE_dim = |        4 |   Diago_dim = |       40 |
                       *----------*              *----------*               *----------*
     s-DIAGOX done in < 00.1s             
     --------------------------------------------------------------------------------------------
        
        0.01104792   0.03975177   0.06051459   0.11037234
        
     --------------------------------------------------------------------------------------------
     Tot. elapsed time 04m-23.8s,  time spent in last iteration 23.9s
     --------------------------------------------------------------------------------------------

                       *----------*              *----------*               *----------*
     #     Iteration = |       10 |   WBSE_dim = |        4 |   Diago_dim = |       44 |
                       *----------*              *----------*               *----------*
     s-DIAGOX done in < 00.1s             
     --------------------------------------------------------------------------------------------
        
        0.01042207   0.03885144   0.05975257   0.11025490
        
     --------------------------------------------------------------------------------------------
     Tot. elapsed time 04m-50.3s,  time spent in last iteration 24.3s
     --------------------------------------------------------------------------------------------

                       *----------*              *----------*               *----------*
     #     Iteration = |       11 |   WBSE_dim = |        4 |   Diago_dim = |       48 |
                       *----------*              *----------*               *----------*
     s-DIAGOX done in < 00.1s             
     --------------------------------------------------------------------------------------------
        
        0.00988328   0.03799397   0.05902395   0.11013984
        
     --------------------------------------------------------------------------------------------
     Tot. elapsed time 05m-14.9s,  time spent in last iteration 24.5s
     --------------------------------------------------------------------------------------------

       Refresh the basis set

                       *----------*              *----------*               *----------*
     #     Iteration = |       12 |   WBSE_dim = |        4 |   Diago_dim = |        8 |
                       *----------*              *----------*               *----------*
     s-DIAGOX done in < 00.1s             
     --------------------------------------------------------------------------------------------
        
        0.00963427   0.03757700   0.05866943   0.11008324
        
     --------------------------------------------------------------------------------------------
     Tot. elapsed time 05m-40.7s,  time spent in last iteration 21.2s
     --------------------------------------------------------------------------------------------

                       *----------*              *----------*               *----------*
     #     Iteration = |       13 |   WBSE_dim = |        4 |   Diago_dim = |       12 |
                       *----------*              *----------*               *----------*
     s-DIAGOX done in < 00.1s             
     --------------------------------------------------------------------------------------------
        
        0.00938817   0.03716474   0.05831842   0.11002761
        
     --------------------------------------------------------------------------------------------
     Tot. elapsed time 06m-03.7s,  time spent in last iteration 22.0s
     --------------------------------------------------------------------------------------------

                       *----------*              *----------*               *----------*
     #     Iteration = |       14 |   WBSE_dim = |        4 |   Diago_dim = |       16 |
                       *----------*              *----------*               *----------*
     s-DIAGOX done in < 00.1s             
     --------------------------------------------------------------------------------------------
        
        0.00914795   0.03675960   0.05797230   0.10997287
        
     --------------------------------------------------------------------------------------------
     Tot. elapsed time 06m-26.8s,  time spent in last iteration 21.9s
     --------------------------------------------------------------------------------------------

                       *----------*              *----------*               *----------*
     #     Iteration = |       15 |   WBSE_dim = |        4 |   Diago_dim = |       20 |
                       *----------*              *----------*               *----------*
     s-DIAGOX done in < 00.1s             
     --------------------------------------------------------------------------------------------
        
        0.00891609   0.03636382   0.05763245   0.10991896
        
     --------------------------------------------------------------------------------------------
     Tot. elapsed time 06m-49.7s,  time spent in last iteration 22.3s
     --------------------------------------------------------------------------------------------

                       *----------*              *----------*               *----------*
     #     Iteration = |       16 |   WBSE_dim = |        4 |   Diago_dim = |       24 |
                       *----------*              *----------*               *----------*
     s-DIAGOX done in < 00.1s             
     --------------------------------------------------------------------------------------------
        
        0.00869503   0.03598023   0.05730120   0.10986590
        
     --------------------------------------------------------------------------------------------
     Tot. elapsed time 07m-16.8s,  time spent in last iteration 22.6s
     --------------------------------------------------------------------------------------------

                       *----------*              *----------*               *----------*
     #     Iteration = |       17 |   WBSE_dim = |        4 |   Diago_dim = |       28 |
                       *----------*              *----------*               *----------*
     s-DIAGOX done in < 00.1s             
     --------------------------------------------------------------------------------------------
        
        0.00848737   0.03560884   0.05698015   0.10981337
        
     --------------------------------------------------------------------------------------------
     Tot. elapsed time 07m-44.7s,  time spent in last iteration 22.9s
     --------------------------------------------------------------------------------------------

                       *----------*              *----------*               *----------*
     #     Iteration = |       18 |   WBSE_dim = |        4 |   Diago_dim = |       32 |
                       *----------*              *----------*               *----------*
     s-DIAGOX done in < 00.1s             
     --------------------------------------------------------------------------------------------
        
        0.00829665   0.03525464   0.05667310   0.10976179
        
     --------------------------------------------------------------------------------------------
     Tot. elapsed time 08m-13.4s,  time spent in last iteration 23.2s
     --------------------------------------------------------------------------------------------

                       *----------*              *----------*               *----------*
     #     Iteration = |       19 |   WBSE_dim = |        4 |   Diago_dim = |       36 |
                       *----------*              *----------*               *----------*
     s-DIAGOX done in < 00.1s             
     --------------------------------------------------------------------------------------------
        
        0.00812708   0.03492073   0.05638441   0.10971142
        
     --------------------------------------------------------------------------------------------
     Tot. elapsed time 08m-41.6s,  time spent in last iteration 23.5s
     --------------------------------------------------------------------------------------------

                       *----------*              *----------*               *----------*
     #     Iteration = |       20 |   WBSE_dim = |        4 |   Diago_dim = |       40 |
                       *----------*              *----------*               *----------*
     s-DIAGOX done in < 00.1s             
     --------------------------------------------------------------------------------------------
        
        0.00797566   0.03460845   0.05611567   0.10966229
        
     --------------------------------------------------------------------------------------------
     Tot. elapsed time 09m-07.6s,  time spent in last iteration 23.9s
     --------------------------------------------------------------------------------------------

                       *----------*              *----------*               *----------*
     #     Iteration = |       21 |   WBSE_dim = |        4 |   Diago_dim = |       44 |
                       *----------*              *----------*               *----------*
     s-DIAGOX done in < 00.1s             
     --------------------------------------------------------------------------------------------
        
        0.00784081   0.03431517   0.05585941   0.10961394
        
     --------------------------------------------------------------------------------------------
     Tot. elapsed time 09m-31.9s,  time spent in last iteration 24.2s
     --------------------------------------------------------------------------------------------

                       *----------*              *----------*               *----------*
     #     Iteration = |       22 |   WBSE_dim = |        4 |   Diago_dim = |       48 |
                       *----------*              *----------*               *----------*
     s-DIAGOX done in < 00.1s             
     --------------------------------------------------------------------------------------------
        
        0.00772926   0.03406789   0.05563945   0.10957111
        
     --------------------------------------------------------------------------------------------
     Tot. elapsed time 09m-56.5s,  time spent in last iteration 24.6s
     --------------------------------------------------------------------------------------------

       Refresh the basis set

                       *----------*              *----------*               *----------*
     #     Iteration = |       23 |   WBSE_dim = |        4 |   Diago_dim = |        8 |
                       *----------*              *----------*               *----------*
     s-DIAGOX done in < 00.1s             
     --------------------------------------------------------------------------------------------
        
        0.00767397   0.03394522   0.05553331   0.10954929
        
     --------------------------------------------------------------------------------------------
     Tot. elapsed time 10m-21.3s,  time spent in last iteration 21.4s
     --------------------------------------------------------------------------------------------

                       *----------*              *----------*               *----------*
     #     Iteration = |       24 |   WBSE_dim = |        4 |   Diago_dim = |       12 |
                       *----------*              *----------*               *----------*
     s-DIAGOX done in < 00.1s             
     --------------------------------------------------------------------------------------------
        
        0.00759946   0.03377075   0.05538073   0.10951813
        
     --------------------------------------------------------------------------------------------
     Tot. elapsed time 10m-45.4s,  time spent in last iteration 21.7s
     --------------------------------------------------------------------------------------------

                       *----------*              *----------*               *----------*
     #     Iteration = |       25 |   WBSE_dim = |        4 |   Diago_dim = |       16 |
                       *----------*              *----------*               *----------*
     s-DIAGOX done in < 00.1s             
     --------------------------------------------------------------------------------------------
        
        0.00752676   0.03358821   0.05521895   0.10948509
        
     --------------------------------------------------------------------------------------------
     Tot. elapsed time 11m-10.5s,  time spent in last iteration 22.1s
     --------------------------------------------------------------------------------------------

                       *----------*              *----------*               *----------*
     #     Iteration = |       26 |   WBSE_dim = |        4 |   Diago_dim = |       20 |
                       *----------*              *----------*               *----------*
     s-DIAGOX done in < 00.1s             
     --------------------------------------------------------------------------------------------
        
        0.00746096   0.03341359   0.05506235   0.10945285
        
     --------------------------------------------------------------------------------------------
     Tot. elapsed time 11m-37.9s,  time spent in last iteration 22.3s
     --------------------------------------------------------------------------------------------

                       *----------*              *----------*               *----------*
     #     Iteration = |       27 |   WBSE_dim = |        4 |   Diago_dim = |       24 |
                       *----------*              *----------*               *----------*
     s-DIAGOX done in < 00.1s             
     --------------------------------------------------------------------------------------------
        
        0.00740219   0.03325010   0.05491448   0.10942185
        
     --------------------------------------------------------------------------------------------
     Tot. elapsed time 12m-05.8s,  time spent in last iteration 22.6s
     --------------------------------------------------------------------------------------------

                       *----------*              *----------*               *----------*
     #     Iteration = |       28 |   WBSE_dim = |        4 |   Diago_dim = |       28 |
                       *----------*              *----------*               *----------*
     s-DIAGOX done in < 00.1s             
     --------------------------------------------------------------------------------------------
        
        0.00735050   0.03309980   0.05477741   0.10939242
        
     --------------------------------------------------------------------------------------------
     Tot. elapsed time 12m-32.0s,  time spent in last iteration 22.9s
     --------------------------------------------------------------------------------------------

                       *----------*              *----------*               *----------*
     #     Iteration = |       29 |   WBSE_dim = |        4 |   Diago_dim = |       32 |
                       *----------*              *----------*               *----------*
     s-DIAGOX done in < 00.1s             
     --------------------------------------------------------------------------------------------
        
        0.00730620   0.03296507   0.05465333   0.10936504
        
     --------------------------------------------------------------------------------------------
     Tot. elapsed time 12m-57.4s,  time spent in last iteration 23.2s
     --------------------------------------------------------------------------------------------

                       *----------*              *----------*               *----------*
     #     Iteration = |       30 |   WBSE_dim = |        4 |   Diago_dim = |       36 |
                       *----------*              *----------*               *----------*
     s-DIAGOX done in < 00.1s             
     --------------------------------------------------------------------------------------------
        
        0.00726813   0.03284437   0.05454222   0.10933949
        
     --------------------------------------------------------------------------------------------
     Tot. elapsed time 13m-21.1s,  time spent in last iteration 23.6s
     --------------------------------------------------------------------------------------------

                       *----------*              *----------*               *----------*
     #     Iteration = |       31 |   WBSE_dim = |        4 |   Diago_dim = |       40 |
                       *----------*              *----------*               *----------*
     s-DIAGOX done in < 00.1s             
     --------------------------------------------------------------------------------------------
        
        0.00723529   0.03273635   0.05444204   0.10931558
        
     --------------------------------------------------------------------------------------------
     Tot. elapsed time 13m-48.5s,  time spent in last iteration 23.8s
     --------------------------------------------------------------------------------------------

                       *----------*              *----------*               *----------*
     #     Iteration = |       32 |   WBSE_dim = |        4 |   Diago_dim = |       44 |
                       *----------*              *----------*               *----------*
     s-DIAGOX done in < 00.1s             
     --------------------------------------------------------------------------------------------
        
        0.00720634   0.03263772   0.05435031   0.10929266
        
     --------------------------------------------------------------------------------------------
     Tot. elapsed time 14m-16.8s,  time spent in last iteration 24.2s
     --------------------------------------------------------------------------------------------

                       *----------*              *----------*               *----------*
     #     Iteration = |       33 |   WBSE_dim = |        4 |   Diago_dim = |       48 |
                       *----------*              *----------*               *----------*
     s-DIAGOX done in < 00.1s             
     --------------------------------------------------------------------------------------------
        
        0.00718168   0.03255170   0.05427092   0.10927162
        
     --------------------------------------------------------------------------------------------
     Tot. elapsed time 14m-46.1s,  time spent in last iteration 24.5s
     --------------------------------------------------------------------------------------------

       Refresh the basis set

                       *----------*              *----------*               *----------*
     #     Iteration = |       34 |   WBSE_dim = |        4 |   Diago_dim = |        8 |
                       *----------*              *----------*               *----------*
     s-DIAGOX done in < 00.1s             
     --------------------------------------------------------------------------------------------
        
        0.00716275   0.03248453   0.05420927   0.10925474
        
     --------------------------------------------------------------------------------------------
     Tot. elapsed time 15m-16.0s,  time spent in last iteration 21.2s
     --------------------------------------------------------------------------------------------

                       *----------*              *----------*               *----------*
     #     Iteration = |       35 |   WBSE_dim = |        4 |   Diago_dim = |       12 |
                       *----------*              *----------*               *----------*
     s-DIAGOX done in < 00.1s             
     --------------------------------------------------------------------------------------------
        
        0.00714290   0.03241242   0.05414139   0.10923653
        
     --------------------------------------------------------------------------------------------
     Tot. elapsed time 15m-40.6s,  time spent in last iteration 21.6s
     --------------------------------------------------------------------------------------------

                       *----------*              *----------*               *----------*
     #     Iteration = |       36 |   WBSE_dim = |        4 |   Diago_dim = |       16 |
                       *----------*              *----------*               *----------*
     s-DIAGOX done in < 00.1s             
     --------------------------------------------------------------------------------------------
        
        0.00712358   0.03234111   0.05407363   0.10921828
        
     --------------------------------------------------------------------------------------------
     Tot. elapsed time 16m-07.4s,  time spent in last iteration 22.2s
     --------------------------------------------------------------------------------------------

                       *----------*              *----------*               *----------*
     #     Iteration = |       37 |   WBSE_dim = |        4 |   Diago_dim = |       20 |
                       *----------*              *----------*               *----------*
     s-DIAGOX done in < 00.1s             
     --------------------------------------------------------------------------------------------
        
        0.00710460   0.03227062   0.05400675   0.10919987
        
     --------------------------------------------------------------------------------------------
     Tot. elapsed time 16m-29.7s,  time spent in last iteration 22.3s
     --------------------------------------------------------------------------------------------

                       *----------*              *----------*               *----------*
     #     Iteration = |       38 |   WBSE_dim = |        4 |   Diago_dim = |       24 |
                       *----------*              *----------*               *----------*
     s-DIAGOX done in < 00.1s             
     --------------------------------------------------------------------------------------------
        
        0.00708633   0.03220163   0.05394074   0.10918136
        
     --------------------------------------------------------------------------------------------
     Tot. elapsed time 16m-56.7s,  time spent in last iteration 22.6s
     --------------------------------------------------------------------------------------------

                       *----------*              *----------*               *----------*
     #     Iteration = |       39 |   WBSE_dim = |        4 |   Diago_dim = |       28 |
                       *----------*              *----------*               *----------*
     s-DIAGOX done in < 00.1s             
     --------------------------------------------------------------------------------------------
        
        0.00706878   0.03213442   0.05387635   0.10916270
        
     --------------------------------------------------------------------------------------------
     Tot. elapsed time 17m-22.7s,  time spent in last iteration 22.9s
     --------------------------------------------------------------------------------------------

                       *----------*              *----------*               *----------*
     #     Iteration = |       40 |   WBSE_dim = |        4 |   Diago_dim = |       32 |
                       *----------*              *----------*               *----------*
     s-DIAGOX done in < 00.1s             
     --------------------------------------------------------------------------------------------
        
        0.00705259   0.03207108   0.05381556   0.10914437
        
     --------------------------------------------------------------------------------------------
     Tot. elapsed time 17m-47.2s,  time spent in last iteration 23.2s
     --------------------------------------------------------------------------------------------

                       *----------*              *----------*               *----------*
     #     Iteration = |       41 |   WBSE_dim = |        4 |   Diago_dim = |       36 |
                       *----------*              *----------*               *----------*
     s-DIAGOX done in < 00.1s             
     --------------------------------------------------------------------------------------------
        
        0.00703785   0.03201228   0.05375917   0.10912655
        
     --------------------------------------------------------------------------------------------
     Tot. elapsed time 18m-11.5s,  time spent in last iteration 23.6s
     --------------------------------------------------------------------------------------------

                       *----------*              *----------*               *----------*
     #     Iteration = |       42 |   WBSE_dim = |        4 |   Diago_dim = |       40 |
                       *----------*              *----------*               *----------*
     s-DIAGOX done in < 00.1s             
     --------------------------------------------------------------------------------------------
        
        0.00702458   0.03195817   0.05370720   0.10910929
        
     --------------------------------------------------------------------------------------------
     Tot. elapsed time 18m-35.5s,  time spent in last iteration 23.9s
     --------------------------------------------------------------------------------------------

                       *----------*              *----------*               *----------*
     #     Iteration = |       43 |   WBSE_dim = |        4 |   Diago_dim = |       44 |
                       *----------*              *----------*               *----------*
     s-DIAGOX done in < 00.1s             
     --------------------------------------------------------------------------------------------
        
        0.00701310   0.03191115   0.05366208   0.10909346
        
     --------------------------------------------------------------------------------------------
     Tot. elapsed time 19m-01.1s,  time spent in last iteration 24.2s
     --------------------------------------------------------------------------------------------

                       *----------*              *----------*               *----------*
     #     Iteration = |       44 |   WBSE_dim = |        4 |   Diago_dim = |       48 |
                       *----------*              *----------*               *----------*
     s-DIAGOX done in < 00.1s             
     --------------------------------------------------------------------------------------------
        
        0.00700516   0.03187843   0.05363080   0.10908188
        
     --------------------------------------------------------------------------------------------
     Tot. elapsed time 19m-29.2s,  time spent in last iteration 24.5s
     --------------------------------------------------------------------------------------------

       Refresh the basis set

                       *----------*              *----------*               *----------*
     #     Iteration = |       45 |   WBSE_dim = |        4 |   Diago_dim = |        8 |
                       *----------*              *----------*               *----------*
     s-DIAGOX done in < 00.1s             
     --------------------------------------------------------------------------------------------
        
        0.00699873   0.03185126   0.05360476   0.10907202
        
     --------------------------------------------------------------------------------------------
     Tot. elapsed time 19m-58.4s,  time spent in last iteration 21.3s
     --------------------------------------------------------------------------------------------

                       *----------*              *----------*               *----------*
     #     Iteration = |       46 |   WBSE_dim = |        4 |   Diago_dim = |       12 |
                       *----------*              *----------*               *----------*
     s-DIAGOX done in < 00.1s             
     --------------------------------------------------------------------------------------------
        
        0.00699068   0.03181562   0.05357010   0.10905900
        
     --------------------------------------------------------------------------------------------
     Tot. elapsed time 20m-20.1s,  time spent in last iteration 21.6s
     --------------------------------------------------------------------------------------------

                       *----------*              *----------*               *----------*
     #     Iteration = |       47 |   WBSE_dim = |        4 |   Diago_dim = |       16 |
                       *----------*              *----------*               *----------*
     s-DIAGOX done in < 00.1s             
     --------------------------------------------------------------------------------------------
        
        0.00698280   0.03177882   0.05353391   0.10904533
        
     --------------------------------------------------------------------------------------------
     Tot. elapsed time 20m-47.0s,  time spent in last iteration 22.1s
     --------------------------------------------------------------------------------------------

                       *----------*              *----------*               *----------*
     #     Iteration = |       48 |   WBSE_dim = |        4 |   Diago_dim = |       20 |
                       *----------*              *----------*               *----------*
     s-DIAGOX done in < 00.1s             
     --------------------------------------------------------------------------------------------
        
        0.00697553   0.03174343   0.05349874   0.10903187
        
     --------------------------------------------------------------------------------------------
     Tot. elapsed time 21m-11.9s,  time spent in last iteration 22.4s
     --------------------------------------------------------------------------------------------

                       *----------*              *----------*               *----------*
     #     Iteration = |       49 |   WBSE_dim = |        4 |   Diago_dim = |       24 |
                       *----------*              *----------*               *----------*
     s-DIAGOX done in < 00.1s             
     --------------------------------------------------------------------------------------------
        
        0.00696897   0.03171017   0.05346532   0.10901883
        
     --------------------------------------------------------------------------------------------
     Tot. elapsed time 21m-36.0s,  time spent in last iteration 22.6s
     --------------------------------------------------------------------------------------------

                       *----------*              *----------*               *----------*
     #     Iteration = |       50 |   WBSE_dim = |        4 |   Diago_dim = |       28 |
                       *----------*              *----------*               *----------*
     s-DIAGOX done in < 00.1s             
     --------------------------------------------------------------------------------------------
        
        0.00696312   0.03167946   0.05343420   0.10900635
        
     --------------------------------------------------------------------------------------------
     Tot. elapsed time 21m-59.0s,  time spent in last iteration 22.9s
     --------------------------------------------------------------------------------------------

                       *----------*              *----------*               *----------*
     #     Iteration = |       51 |   WBSE_dim = |        4 |   Diago_dim = |       32 |
                       *----------*              *----------*               *----------*
     s-DIAGOX done in < 00.1s             
     --------------------------------------------------------------------------------------------
        
        0.00695808   0.03165191   0.05340604   0.10899470
        
     --------------------------------------------------------------------------------------------
     Tot. elapsed time 22m-22.7s,  time spent in last iteration 23.2s
     --------------------------------------------------------------------------------------------

                       *----------*              *----------*               *----------*
     #     Iteration = |       52 |   WBSE_dim = |        4 |   Diago_dim = |       36 |
                       *----------*              *----------*               *----------*
     s-DIAGOX done in < 00.1s             
     --------------------------------------------------------------------------------------------
        
        0.00695369   0.03162721   0.05338077   0.10898378
        
     --------------------------------------------------------------------------------------------
     Tot. elapsed time 22m-49.1s,  time spent in last iteration 23.5s
     --------------------------------------------------------------------------------------------

                       *----------*              *----------*               *----------*
     #     Iteration = |       53 |   WBSE_dim = |        4 |   Diago_dim = |       40 |
                       *----------*              *----------*               *----------*
     s-DIAGOX done in < 00.1s             
     --------------------------------------------------------------------------------------------
        
        0.00694990   0.03160506   0.05335789   0.10897352
        
     --------------------------------------------------------------------------------------------
     Tot. elapsed time 23m-13.0s,  time spent in last iteration 23.9s
     --------------------------------------------------------------------------------------------

                       *----------*              *----------*               *----------*
     #     Iteration = |       54 |   WBSE_dim = |        4 |   Diago_dim = |       44 |
                       *----------*              *----------*               *----------*
     s-DIAGOX done in < 00.1s             
     --------------------------------------------------------------------------------------------
        
        0.00694654   0.03158495   0.05333712   0.10896371
        
     --------------------------------------------------------------------------------------------
     Tot. elapsed time 23m-38.9s,  time spent in last iteration 24.2s
     --------------------------------------------------------------------------------------------

                       *----------*              *----------*               *----------*
     #     Iteration = |       55 |   WBSE_dim = |        4 |   Diago_dim = |       48 |
                       *----------*              *----------*               *----------*
     s-DIAGOX done in < 00.1s             
     --------------------------------------------------------------------------------------------
        
        0.00694363   0.03156724   0.05331910   0.10895460
        
     --------------------------------------------------------------------------------------------
     Tot. elapsed time 24m-04.0s,  time spent in last iteration 24.5s
     --------------------------------------------------------------------------------------------

       Refresh the basis set

                       *----------*              *----------*               *----------*
     #     Iteration = |       56 |   WBSE_dim = |        4 |   Diago_dim = |        8 |
                       *----------*              *----------*               *----------*
     s-DIAGOX done in < 00.1s             
     --------------------------------------------------------------------------------------------
        
        0.00694115   0.03155186   0.05330338   0.10894645
        
     --------------------------------------------------------------------------------------------
     Tot. elapsed time 24m-30.1s,  time spent in last iteration 21.2s
     --------------------------------------------------------------------------------------------

                       *----------*              *----------*               *----------*
     #     Iteration = |       57 |   WBSE_dim = |        4 |   Diago_dim = |       12 |
                       *----------*              *----------*               *----------*
     s-DIAGOX done in < 00.1s             
     --------------------------------------------------------------------------------------------
        
        0.00693867   0.03153620   0.05328701   0.10893810
        
     --------------------------------------------------------------------------------------------
     Tot. elapsed time 24m-52.2s,  time spent in last iteration 21.7s
     --------------------------------------------------------------------------------------------

                       *----------*              *----------*               *----------*
     #     Iteration = |       58 |   WBSE_dim = |        4 |   Diago_dim = |       16 |
                       *----------*              *----------*               *----------*
     s-DIAGOX done in < 00.1s             
     --------------------------------------------------------------------------------------------
        
        0.00693624   0.03152075   0.05327072   0.10892974
        
     --------------------------------------------------------------------------------------------
     Tot. elapsed time 25m-16.9s,  time spent in last iteration 22.0s
     --------------------------------------------------------------------------------------------

                       *----------*              *----------*               *----------*
     #     Iteration = |       59 |   WBSE_dim = |        4 |   Diago_dim = |       20 |
                       *----------*              *----------*               *----------*
     s-DIAGOX done in < 00.1s             
     --------------------------------------------------------------------------------------------
        
        0.00693384   0.03150540   0.05325457   0.10892126
        
     --------------------------------------------------------------------------------------------
     Tot. elapsed time 25m-39.2s,  time spent in last iteration 22.3s
     --------------------------------------------------------------------------------------------

                       *----------*              *----------*               *----------*
     #     Iteration = |       60 |   WBSE_dim = |        4 |   Diago_dim = |       24 |
                       *----------*              *----------*               *----------*
     s-DIAGOX done in < 00.1s             
     --------------------------------------------------------------------------------------------
        
        0.00693151   0.03149036   0.05323860   0.10891271
        
     --------------------------------------------------------------------------------------------
     Tot. elapsed time 26m-03.1s,  time spent in last iteration 22.8s
     --------------------------------------------------------------------------------------------

                       *----------*              *----------*               *----------*
     #     Iteration = |       61 |   WBSE_dim = |        4 |   Diago_dim = |       28 |
                       *----------*              *----------*               *----------*
     s-DIAGOX done in < 00.1s             
     --------------------------------------------------------------------------------------------
        
        0.00692926   0.03147571   0.05322303   0.10890408
        
     --------------------------------------------------------------------------------------------
     Tot. elapsed time 26m-30.3s,  time spent in last iteration 22.9s
     --------------------------------------------------------------------------------------------

                       *----------*              *----------*               *----------*
     #     Iteration = |       62 |   WBSE_dim = |        4 |   Diago_dim = |       32 |
                       *----------*              *----------*               *----------*
     s-DIAGOX done in < 00.1s             
     --------------------------------------------------------------------------------------------
        
        0.00692716   0.03146189   0.05320831   0.10889558
        
     --------------------------------------------------------------------------------------------
     Tot. elapsed time 26m-56.7s,  time spent in last iteration 23.2s
     --------------------------------------------------------------------------------------------

                       *----------*              *----------*               *----------*
     #     Iteration = |       63 |   WBSE_dim = |        4 |   Diago_dim = |       36 |
                       *----------*              *----------*               *----------*
     s-DIAGOX done in < 00.1s             
     --------------------------------------------------------------------------------------------
        
        0.00692524   0.03144908   0.05319467   0.10888731
        
     --------------------------------------------------------------------------------------------
     Tot. elapsed time 27m-20.4s,  time spent in last iteration 23.6s
     --------------------------------------------------------------------------------------------

                       *----------*              *----------*               *----------*
     #     Iteration = |       64 |   WBSE_dim = |        4 |   Diago_dim = |       40 |
                       *----------*              *----------*               *----------*
     s-DIAGOX done in < 00.1s             
     --------------------------------------------------------------------------------------------
        
        0.00692351   0.03143736   0.05318218   0.10887935
        
     --------------------------------------------------------------------------------------------
     Tot. elapsed time 27m-48.5s,  time spent in last iteration 23.9s
     --------------------------------------------------------------------------------------------

                       *----------*              *----------*               *----------*
     #     Iteration = |       65 |   WBSE_dim = |        4 |   Diago_dim = |       44 |
                       *----------*              *----------*               *----------*
     s-DIAGOX done in < 00.1s             
     --------------------------------------------------------------------------------------------
        
        0.00692201   0.03142723   0.05317138   0.10887207
        
     --------------------------------------------------------------------------------------------
     Tot. elapsed time 28m-17.6s,  time spent in last iteration 24.2s
     --------------------------------------------------------------------------------------------

                       *----------*              *----------*               *----------*
     #     Iteration = |       66 |   WBSE_dim = |        4 |   Diago_dim = |       48 |
                       *----------*              *----------*               *----------*
     s-DIAGOX done in < 00.1s             
     --------------------------------------------------------------------------------------------
        
        0.00692094   0.03141996   0.05316366   0.10886659
        
     --------------------------------------------------------------------------------------------
     Tot. elapsed time 28m-48.9s,  time spent in last iteration 26.0s
     --------------------------------------------------------------------------------------------

       Refresh the basis set

                       *----------*              *----------*               *----------*
     #     Iteration = |       67 |   WBSE_dim = |        4 |   Diago_dim = |        8 |
                       *----------*              *----------*               *----------*
     s-DIAGOX done in < 00.1s             
     --------------------------------------------------------------------------------------------
        
        0.00692002   0.03141358   0.05315685   0.10886164
        
     --------------------------------------------------------------------------------------------
     Tot. elapsed time 29m-19.9s,  time spent in last iteration 22.5s
     --------------------------------------------------------------------------------------------

                       *----------*              *----------*               *----------*
     #     Iteration = |       68 |   WBSE_dim = |        4 |   Diago_dim = |       12 |
                       *----------*              *----------*               *----------*
     s-DIAGOX done in < 00.1s             
     --------------------------------------------------------------------------------------------
        
        0.00691891   0.03140555   0.05314817   0.10885536
        
     --------------------------------------------------------------------------------------------
     Tot. elapsed time 29m-46.1s,  time spent in last iteration 21.7s
     --------------------------------------------------------------------------------------------

                       *----------*              *----------*               *----------*
     #     Iteration = |       69 |   WBSE_dim = |        4 |   Diago_dim = |       16 |
                       *----------*              *----------*               *----------*
     s-DIAGOX done in < 00.1s             
     --------------------------------------------------------------------------------------------
        
        0.00691782   0.03139729   0.05313916   0.10884880
        
     --------------------------------------------------------------------------------------------
     Tot. elapsed time 30m-08.1s,  time spent in last iteration 21.9s
     --------------------------------------------------------------------------------------------

                       *----------*              *----------*               *----------*
     #     Iteration = |       70 |   WBSE_dim = |        4 |   Diago_dim = |       20 |
                       *----------*              *----------*               *----------*
     s-DIAGOX done in < 00.1s             
     --------------------------------------------------------------------------------------------
        
        0.00691680   0.03138932   0.05313038   0.10884232
        
     --------------------------------------------------------------------------------------------
     Tot. elapsed time 30m-32.1s,  time spent in last iteration 22.3s
     --------------------------------------------------------------------------------------------

                       *----------*              *----------*               *----------*
     #     Iteration = |       71 |   WBSE_dim = |        4 |   Diago_dim = |       24 |
                       *----------*              *----------*               *----------*
     s-DIAGOX done in < 00.1s             
     --------------------------------------------------------------------------------------------
        
        0.00691588   0.03138183   0.05312202   0.10883603
        
     --------------------------------------------------------------------------------------------
     Tot. elapsed time 30m-54.9s,  time spent in last iteration 22.7s
     --------------------------------------------------------------------------------------------

                       *----------*              *----------*               *----------*
     #     Iteration = |       72 |   WBSE_dim = |        4 |   Diago_dim = |       28 |
                       *----------*              *----------*               *----------*
     s-DIAGOX done in < 00.1s             
     --------------------------------------------------------------------------------------------
        
        0.00691506   0.03137491   0.05311425   0.10883002
        
     --------------------------------------------------------------------------------------------
     Tot. elapsed time 31m-18.1s,  time spent in last iteration 23.0s
     --------------------------------------------------------------------------------------------

                       *----------*              *----------*               *----------*
     #     Iteration = |       73 |   WBSE_dim = |        4 |   Diago_dim = |       32 |
                       *----------*              *----------*               *----------*
     s-DIAGOX done in < 00.1s             
     --------------------------------------------------------------------------------------------
        
        0.00691434   0.03136869   0.05310718   0.10882438
        
     --------------------------------------------------------------------------------------------
     Tot. elapsed time 31m-41.4s,  time spent in last iteration 23.2s
     --------------------------------------------------------------------------------------------

                       *----------*              *----------*               *----------*
     #     Iteration = |       74 |   WBSE_dim = |        4 |   Diago_dim = |       36 |
                       *----------*              *----------*               *----------*
     s-DIAGOX done in < 00.1s             
     --------------------------------------------------------------------------------------------
        
        0.00691371   0.03136311   0.05310084   0.10881910
        
     --------------------------------------------------------------------------------------------
     Tot. elapsed time 32m-05.4s,  time spent in last iteration 23.6s
     --------------------------------------------------------------------------------------------

                       *----------*              *----------*               *----------*
     #     Iteration = |       75 |   WBSE_dim = |        4 |   Diago_dim = |       40 |
                       *----------*              *----------*               *----------*
     s-DIAGOX done in < 00.1s             
     --------------------------------------------------------------------------------------------
        
        0.00691317   0.03135812   0.05309511   0.10881414
        
     --------------------------------------------------------------------------------------------
     Tot. elapsed time 32m-29.9s,  time spent in last iteration 23.9s
     --------------------------------------------------------------------------------------------

                       *----------*              *----------*               *----------*
     #     Iteration = |       76 |   WBSE_dim = |        4 |   Diago_dim = |       44 |
                       *----------*              *----------*               *----------*
     s-DIAGOX done in < 00.1s             
     --------------------------------------------------------------------------------------------
        
        0.00691268   0.03135358   0.05308990   0.10880940
        
     --------------------------------------------------------------------------------------------
     Tot. elapsed time 32m-54.1s,  time spent in last iteration 24.2s
     --------------------------------------------------------------------------------------------

                       *----------*              *----------*               *----------*
     #     Iteration = |       77 |   WBSE_dim = |        4 |   Diago_dim = |       48 |
                       *----------*              *----------*               *----------*
     s-DIAGOX done in < 00.1s             
     --------------------------------------------------------------------------------------------
        
        0.00691225   0.03134947   0.05308524   0.10880487
        
     --------------------------------------------------------------------------------------------
     Tot. elapsed time 33m-21.8s,  time spent in last iteration 24.6s
     --------------------------------------------------------------------------------------------

       Refresh the basis set

                       *----------*              *----------*               *----------*
     #     Iteration = |       78 |   WBSE_dim = |        4 |   Diago_dim = |        8 |
                       *----------*              *----------*               *----------*
     s-DIAGOX done in < 00.1s             
     --------------------------------------------------------------------------------------------
        
        0.00691187   0.03134581   0.05308108   0.10880071
        
     --------------------------------------------------------------------------------------------
     Tot. elapsed time 33m-46.5s,  time spent in last iteration 21.2s
     --------------------------------------------------------------------------------------------

                       *----------*              *----------*               *----------*
     #     Iteration = |       79 |   WBSE_dim = |        4 |   Diago_dim = |       12 |
                       *----------*              *----------*               *----------*
     s-DIAGOX done in < 00.1s             
     --------------------------------------------------------------------------------------------
        
        0.00691150   0.03134220   0.05307688   0.10879658
        
     --------------------------------------------------------------------------------------------
     Tot. elapsed time 34m-11.4s,  time spent in last iteration 21.6s
     --------------------------------------------------------------------------------------------

                       *----------*              *----------*               *----------*
     #     Iteration = |       80 |   WBSE_dim = |        4 |   Diago_dim = |       16 |
                       *----------*              *----------*               *----------*
     s-DIAGOX done in < 00.1s             
     --------------------------------------------------------------------------------------------
        
        0.00691113   0.03133865   0.05307272   0.10879245
        
     --------------------------------------------------------------------------------------------
     Tot. elapsed time 34m-35.3s,  time spent in last iteration 22.0s
     --------------------------------------------------------------------------------------------

                       *----------*              *----------*               *----------*
     #     Iteration = |       81 |   WBSE_dim = |        4 |   Diago_dim = |       20 |
                       *----------*              *----------*               *----------*
     s-DIAGOX done in < 00.1s             
     --------------------------------------------------------------------------------------------
        
        0.00691077   0.03133512   0.05306860   0.10878826
        
     --------------------------------------------------------------------------------------------
     Tot. elapsed time 34m-59.1s,  time spent in last iteration 22.3s
     --------------------------------------------------------------------------------------------

                       *----------*              *----------*               *----------*
     #     Iteration = |       82 |   WBSE_dim = |        4 |   Diago_dim = |       24 |
                       *----------*              *----------*               *----------*
     s-DIAGOX done in < 00.1s             
     --------------------------------------------------------------------------------------------
        
        0.00691042   0.03133166   0.05306451   0.10878403
        
     --------------------------------------------------------------------------------------------
     Tot. elapsed time 35m-21.8s,  time spent in last iteration 22.6s
     --------------------------------------------------------------------------------------------

                       *----------*              *----------*               *----------*
     #     Iteration = |       83 |   WBSE_dim = |        4 |   Diago_dim = |       28 |
                       *----------*              *----------*               *----------*
     s-DIAGOX done in < 00.1s             
     --------------------------------------------------------------------------------------------
        
        0.00691008   0.03132829   0.05306054   0.10877977
        
     --------------------------------------------------------------------------------------------
     Tot. elapsed time 35m-46.3s,  time spent in last iteration 23.0s
     --------------------------------------------------------------------------------------------

                       *----------*              *----------*               *----------*
     #     Iteration = |       84 |   WBSE_dim = |        4 |   Diago_dim = |       32 |
                       *----------*              *----------*               *----------*
     s-DIAGOX done in < 00.1s             
     --------------------------------------------------------------------------------------------
        
        0.00690976   0.03132511   0.05305677   0.10877556
        
     --------------------------------------------------------------------------------------------
     Tot. elapsed time 36m-10.9s,  time spent in last iteration 23.4s
     --------------------------------------------------------------------------------------------

                       *----------*              *----------*               *----------*
     #     Iteration = |       85 |   WBSE_dim = |        4 |   Diago_dim = |       36 |
                       *----------*              *----------*               *----------*
     s-DIAGOX done in < 00.1s             
     --------------------------------------------------------------------------------------------
        
        0.00690947   0.03132216   0.05305328   0.10877147
        
     --------------------------------------------------------------------------------------------
     Tot. elapsed time 36m-37.2s,  time spent in last iteration 23.6s
     --------------------------------------------------------------------------------------------

                       *----------*              *----------*               *----------*
     #     Iteration = |       86 |   WBSE_dim = |        4 |   Diago_dim = |       40 |
                       *----------*              *----------*               *----------*
     s-DIAGOX done in < 00.1s             
     --------------------------------------------------------------------------------------------
        
        0.00690920   0.03131947   0.05305009   0.10876754
        
     --------------------------------------------------------------------------------------------
     Tot. elapsed time 37m-03.0s,  time spent in last iteration 23.8s
     --------------------------------------------------------------------------------------------

                       *----------*              *----------*               *----------*
     #     Iteration = |       87 |   WBSE_dim = |        4 |   Diago_dim = |       44 |
                       *----------*              *----------*               *----------*
     s-DIAGOX done in < 00.1s             
     --------------------------------------------------------------------------------------------
        
        0.00690897   0.03131714   0.05304733   0.10876395
        
     --------------------------------------------------------------------------------------------
     Tot. elapsed time 37m-27.9s,  time spent in last iteration 24.2s
     --------------------------------------------------------------------------------------------

                       *----------*              *----------*               *----------*
     #     Iteration = |       88 |   WBSE_dim = |        4 |   Diago_dim = |       48 |
                       *----------*              *----------*               *----------*
     s-DIAGOX done in < 00.1s             
     --------------------------------------------------------------------------------------------
        
        0.00690880   0.03131544   0.05304531   0.10876119
        
     --------------------------------------------------------------------------------------------
     Tot. elapsed time 37m-52.5s,  time spent in last iteration 24.6s
     --------------------------------------------------------------------------------------------

       Refresh the basis set

                       *----------*              *----------*               *----------*
     #     Iteration = |       89 |   WBSE_dim = |        4 |   Diago_dim = |        8 |
                       *----------*              *----------*               *----------*
     s-DIAGOX done in < 00.1s             
     --------------------------------------------------------------------------------------------
        
        0.00690865   0.03131391   0.05304349   0.10875864
        
     --------------------------------------------------------------------------------------------
     Tot. elapsed time 38m-18.8s,  time spent in last iteration 21.2s
     --------------------------------------------------------------------------------------------

                       *----------*              *----------*               *----------*
     #     Iteration = |       90 |   WBSE_dim = |        4 |   Diago_dim = |       12 |
                       *----------*              *----------*               *----------*
     s-DIAGOX done in < 00.1s             
     --------------------------------------------------------------------------------------------
        
        0.00690848   0.03131203   0.05304123   0.10875548
        
     --------------------------------------------------------------------------------------------
     Tot. elapsed time 38m-41.3s,  time spent in last iteration 21.6s
     --------------------------------------------------------------------------------------------

                       *----------*              *----------*               *----------*
     #     Iteration = |       91 |   WBSE_dim = |        4 |   Diago_dim = |       16 |
                       *----------*              *----------*               *----------*
     s-DIAGOX done in < 00.1s             
     --------------------------------------------------------------------------------------------
        
        0.00690830   0.03131011   0.05303889   0.10875219
        
     --------------------------------------------------------------------------------------------
     Tot. elapsed time 39m-03.6s,  time spent in last iteration 21.9s
     --------------------------------------------------------------------------------------------

                       *----------*              *----------*               *----------*
     #     Iteration = |       92 |   WBSE_dim = |        4 |   Diago_dim = |       20 |
                       *----------*              *----------*               *----------*
     s-DIAGOX done in < 00.1s             
     --------------------------------------------------------------------------------------------
        
        0.00690814   0.03130825   0.05303662   0.10874895
        
     --------------------------------------------------------------------------------------------
     Tot. elapsed time 39m-25.9s,  time spent in last iteration 22.3s
     --------------------------------------------------------------------------------------------

                       *----------*              *----------*               *----------*
     #     Iteration = |       93 |   WBSE_dim = |        4 |   Diago_dim = |       24 |
                       *----------*              *----------*               *----------*
     s-DIAGOX done in < 00.1s             
     --------------------------------------------------------------------------------------------
        
        0.00690799   0.03130650   0.05303445   0.10874579
        
     --------------------------------------------------------------------------------------------
     Tot. elapsed time 39m-48.9s,  time spent in last iteration 22.7s
     --------------------------------------------------------------------------------------------

                       *----------*              *----------*               *----------*
     #     Iteration = |       94 |   WBSE_dim = |        4 |   Diago_dim = |       28 |
                       *----------*              *----------*               *----------*
     s-DIAGOX done in < 00.1s             
     --------------------------------------------------------------------------------------------
        
        0.00690786   0.03130489   0.05303243   0.10874278
        
     --------------------------------------------------------------------------------------------
     Tot. elapsed time 40m-12.8s,  time spent in last iteration 22.9s
     --------------------------------------------------------------------------------------------

                       *----------*              *----------*               *----------*
     #     Iteration = |       95 |   WBSE_dim = |        4 |   Diago_dim = |       32 |
                       *----------*              *----------*               *----------*
     s-DIAGOX done in < 00.1s             
     --------------------------------------------------------------------------------------------
        
        0.00690775   0.03130343   0.05303059   0.10873995
        
     --------------------------------------------------------------------------------------------
     Tot. elapsed time 40m-37.1s,  time spent in last iteration 23.3s
     --------------------------------------------------------------------------------------------

                       *----------*              *----------*               *----------*
     #     Iteration = |       96 |   WBSE_dim = |        4 |   Diago_dim = |       36 |
                       *----------*              *----------*               *----------*
     s-DIAGOX done in < 00.1s             
     --------------------------------------------------------------------------------------------
        
        0.00690764   0.03130213   0.05302894   0.10873730
        
     --------------------------------------------------------------------------------------------
     Tot. elapsed time 41m-01.1s,  time spent in last iteration 23.8s
     --------------------------------------------------------------------------------------------

                       *----------*              *----------*               *----------*
     #     Iteration = |       97 |   WBSE_dim = |        4 |   Diago_dim = |       40 |
                       *----------*              *----------*               *----------*
     s-DIAGOX done in < 00.1s             
     --------------------------------------------------------------------------------------------
        
        0.00690755   0.03130097   0.05302745   0.10873482
        
     --------------------------------------------------------------------------------------------
     Tot. elapsed time 41m-28.9s,  time spent in last iteration 23.9s
     --------------------------------------------------------------------------------------------

                       *----------*              *----------*               *----------*
     #     Iteration = |       98 |   WBSE_dim = |        4 |   Diago_dim = |       44 |
                       *----------*              *----------*               *----------*
     s-DIAGOX done in < 00.1s             
     --------------------------------------------------------------------------------------------
        
        0.00690748   0.03129991   0.05302610   0.10873244
        
     --------------------------------------------------------------------------------------------
     Tot. elapsed time 41m-56.9s,  time spent in last iteration 24.2s
     --------------------------------------------------------------------------------------------

                       *----------*              *----------*               *----------*
     #     Iteration = |       99 |   WBSE_dim = |        4 |   Diago_dim = |       48 |
                       *----------*              *----------*               *----------*
     s-DIAGOX done in < 00.1s             
     --------------------------------------------------------------------------------------------
        
        0.00690740   0.03129893   0.05302486   0.10873012
        
     --------------------------------------------------------------------------------------------
     Tot. elapsed time 42m-25.9s,  time spent in last iteration 24.6s
     --------------------------------------------------------------------------------------------

       Refresh the basis set

                       *----------*              *----------*               *----------*
     #     Iteration = |      100 |   WBSE_dim = |        4 |   Diago_dim = |        8 |
                       *----------*              *----------*               *----------*
     s-DIAGOX done in < 00.1s             
     --------------------------------------------------------------------------------------------
        
        0.00690734   0.03129805   0.05302373   0.10872796
        
     --------------------------------------------------------------------------------------------
     Tot. elapsed time 42m-51.7s,  time spent in last iteration 21.2s
     --------------------------------------------------------------------------------------------

                       *----------*              *----------*               *----------*
     #     Iteration = |      101 |   WBSE_dim = |        4 |   Diago_dim = |       12 |
                       *----------*              *----------*               *----------*
     s-DIAGOX done in < 00.1s             
     --------------------------------------------------------------------------------------------
        
        0.00690728   0.03129719   0.05302263   0.10872586
        
     --------------------------------------------------------------------------------------------
     Tot. elapsed time 43m-13.4s,  time spent in last iteration 21.6s
     --------------------------------------------------------------------------------------------

                       *----------*              *----------*               *----------*
     #     Iteration = |      102 |   WBSE_dim = |        4 |   Diago_dim = |       16 |
                       *----------*              *----------*               *----------*
     s-DIAGOX done in < 00.1s             
     --------------------------------------------------------------------------------------------
        
        0.00690722   0.03129636   0.05302153   0.10872377
        
     --------------------------------------------------------------------------------------------
     Tot. elapsed time 43m-35.4s,  time spent in last iteration 22.0s
     --------------------------------------------------------------------------------------------

                       *----------*              *----------*               *----------*
     #     Iteration = |      103 |   WBSE_dim = |        4 |   Diago_dim = |       20 |
                       *----------*              *----------*               *----------*
     s-DIAGOX done in < 00.1s             
     --------------------------------------------------------------------------------------------
        
        0.00690716   0.03129553   0.05302045   0.10872165
        
     --------------------------------------------------------------------------------------------
     Tot. elapsed time 43m-57.9s,  time spent in last iteration 22.2s
     --------------------------------------------------------------------------------------------

                       *----------*              *----------*               *----------*
     #     Iteration = |      104 |   WBSE_dim = |        4 |   Diago_dim = |       24 |
                       *----------*              *----------*               *----------*
     s-DIAGOX done in < 00.1s             
     --------------------------------------------------------------------------------------------
        
        0.00690710   0.03129471   0.05301938   0.10871951
        
     --------------------------------------------------------------------------------------------
     Tot. elapsed time 44m-20.6s,  time spent in last iteration 22.6s
     --------------------------------------------------------------------------------------------

                       *----------*              *----------*               *----------*
     #     Iteration = |      105 |   WBSE_dim = |        4 |   Diago_dim = |       28 |
                       *----------*              *----------*               *----------*
     s-DIAGOX done in < 00.1s             
     --------------------------------------------------------------------------------------------
        
        0.00690704   0.03129392   0.05301834   0.10871735
        
     --------------------------------------------------------------------------------------------
     Tot. elapsed time 44m-45.7s,  time spent in last iteration 22.9s
     --------------------------------------------------------------------------------------------

                       *----------*              *----------*               *----------*
     #     Iteration = |      106 |   WBSE_dim = |        4 |   Diago_dim = |       32 |
                       *----------*              *----------*               *----------*
     s-DIAGOX done in < 00.1s             
     --------------------------------------------------------------------------------------------
        
        0.00690699   0.03129317   0.05301735   0.10871522
        
     --------------------------------------------------------------------------------------------
     Tot. elapsed time 45m-12.2s,  time spent in last iteration 23.2s
     --------------------------------------------------------------------------------------------

                       *----------*              *----------*               *----------*
     #     Iteration = |      107 |   WBSE_dim = |        4 |   Diago_dim = |       36 |
                       *----------*              *----------*               *----------*
     s-DIAGOX done in < 00.1s             
     --------------------------------------------------------------------------------------------
        
        0.00690694   0.03129247   0.05301643   0.10871315
        
     --------------------------------------------------------------------------------------------
     Tot. elapsed time 45m-39.9s,  time spent in last iteration 23.6s
     --------------------------------------------------------------------------------------------

                       *----------*              *----------*               *----------*
     #     Iteration = |      108 |   WBSE_dim = |        4 |   Diago_dim = |       40 |
                       *----------*              *----------*               *----------*
     s-DIAGOX done in < 00.1s             
     --------------------------------------------------------------------------------------------
        
        0.00690689   0.03129184   0.05301559   0.10871116
        
     --------------------------------------------------------------------------------------------
     Tot. elapsed time 46m-07.7s,  time spent in last iteration 24.0s
     --------------------------------------------------------------------------------------------

                       *----------*              *----------*               *----------*
     #     Iteration = |      109 |   WBSE_dim = |        4 |   Diago_dim = |       44 |
                       *----------*              *----------*               *----------*
     s-DIAGOX done in < 00.1s             
     --------------------------------------------------------------------------------------------
        
        0.00690685   0.03129129   0.05301487   0.10870935
        
     --------------------------------------------------------------------------------------------
     Tot. elapsed time 46m-34.7s,  time spent in last iteration 24.2s
     --------------------------------------------------------------------------------------------

                       *----------*              *----------*               *----------*
     #     Iteration = |      110 |   WBSE_dim = |        4 |   Diago_dim = |       48 |
                       *----------*              *----------*               *----------*
     s-DIAGOX done in < 00.1s             
     --------------------------------------------------------------------------------------------
        
        0.00690682   0.03129089   0.05301432   0.10870793
        
     --------------------------------------------------------------------------------------------
     Tot. elapsed time 47m-02.2s,  time spent in last iteration 24.5s
     --------------------------------------------------------------------------------------------

       Refresh the basis set

                       *----------*              *----------*               *----------*
     #     Iteration = |      111 |   WBSE_dim = |        4 |   Diago_dim = |        8 |
                       *----------*              *----------*               *----------*
     s-DIAGOX done in < 00.1s             
     --------------------------------------------------------------------------------------------
        
        0.00690680   0.03129052   0.05301383   0.10870661
        
     --------------------------------------------------------------------------------------------
     Tot. elapsed time 47m-28.9s,  time spent in last iteration 21.2s
     --------------------------------------------------------------------------------------------

                       *----------*              *----------*               *----------*
     #     Iteration = |      112 |   WBSE_dim = |        4 |   Diago_dim = |       12 |
                       *----------*              *----------*               *----------*
     s-DIAGOX done in < 00.1s             
     --------------------------------------------------------------------------------------------
        
        0.00690677   0.03129007   0.05301323   0.10870499
        
     --------------------------------------------------------------------------------------------
     Tot. elapsed time 47m-53.2s,  time spent in last iteration 21.6s
     --------------------------------------------------------------------------------------------

                       *----------*              *----------*               *----------*
     #     Iteration = |      113 |   WBSE_dim = |        4 |   Diago_dim = |       16 |
                       *----------*              *----------*               *----------*
     s-DIAGOX done in < 00.1s             
     --------------------------------------------------------------------------------------------
        
        0.00690674   0.03128961   0.05301261   0.10870332
        
     --------------------------------------------------------------------------------------------
     Tot. elapsed time 48m-18.1s,  time spent in last iteration 21.9s
     --------------------------------------------------------------------------------------------

                       *----------*              *----------*               *----------*
     #     Iteration = |      114 |   WBSE_dim = |        4 |   Diago_dim = |       20 |
                       *----------*              *----------*               *----------*
     s-DIAGOX done in < 00.1s             
     --------------------------------------------------------------------------------------------
        
        0.00690671   0.03128917   0.05301201   0.10870167
        
     --------------------------------------------------------------------------------------------
     Tot. elapsed time 48m-43.0s,  time spent in last iteration 22.3s
     --------------------------------------------------------------------------------------------

                       *----------*              *----------*               *----------*
     #     Iteration = |      115 |   WBSE_dim = |        4 |   Diago_dim = |       24 |
                       *----------*              *----------*               *----------*
     s-DIAGOX done in < 00.1s             
     --------------------------------------------------------------------------------------------
        
        0.00690668   0.03128876   0.05301143   0.10870006
        
     --------------------------------------------------------------------------------------------
     Tot. elapsed time 49m-05.7s,  time spent in last iteration 22.5s
     --------------------------------------------------------------------------------------------

                       *----------*              *----------*               *----------*
     #     Iteration = |      116 |   WBSE_dim = |        4 |   Diago_dim = |       28 |
                       *----------*              *----------*               *----------*
     s-DIAGOX done in < 00.1s             
     --------------------------------------------------------------------------------------------
        
        0.00690666   0.03128838   0.05301090   0.10869853
        
     --------------------------------------------------------------------------------------------
     Tot. elapsed time 49m-28.9s,  time spent in last iteration 22.9s
     --------------------------------------------------------------------------------------------

                       *----------*              *----------*               *----------*
     #     Iteration = |      117 |   WBSE_dim = |        4 |   Diago_dim = |       32 |
                       *----------*              *----------*               *----------*
     s-DIAGOX done in < 00.1s             
     --------------------------------------------------------------------------------------------
        
        0.00690664   0.03128803   0.05301041   0.10869708
        
     --------------------------------------------------------------------------------------------
     Tot. elapsed time 49m-59.2s,  time spent in last iteration 23.3s
     --------------------------------------------------------------------------------------------

                       *----------*              *----------*               *----------*
     #     Iteration = |      118 |   WBSE_dim = |        4 |   Diago_dim = |       36 |
                       *----------*              *----------*               *----------*
     s-DIAGOX done in < 00.1s             
     --------------------------------------------------------------------------------------------
        
        0.00690662   0.03128772   0.05300998   0.10869573
        
     --------------------------------------------------------------------------------------------
     Tot. elapsed time 50m-23.2s,  time spent in last iteration 23.5s
     --------------------------------------------------------------------------------------------

                       *----------*              *----------*               *----------*
     #     Iteration = |      119 |   WBSE_dim = |        4 |   Diago_dim = |       40 |
                       *----------*              *----------*               *----------*
     s-DIAGOX done in < 00.1s             
     --------------------------------------------------------------------------------------------
        
        0.00690660   0.03128745   0.05300958   0.10869447
        
     --------------------------------------------------------------------------------------------
     Tot. elapsed time 50m-47.2s,  time spent in last iteration 24.0s
     --------------------------------------------------------------------------------------------

                       *----------*              *----------*               *----------*
     #     Iteration = |      120 |   WBSE_dim = |        4 |   Diago_dim = |       44 |
                       *----------*              *----------*               *----------*
     s-DIAGOX done in < 00.1s             
     --------------------------------------------------------------------------------------------
        
        0.00690659   0.03128719   0.05300922   0.10869326
        
     --------------------------------------------------------------------------------------------
     Tot. elapsed time 51m-11.8s,  time spent in last iteration 24.4s
     --------------------------------------------------------------------------------------------

                       *----------*              *----------*               *----------*
     #     Iteration = |      121 |   WBSE_dim = |        4 |   Diago_dim = |       48 |
                       *----------*              *----------*               *----------*
     s-DIAGOX done in < 00.1s             
     --------------------------------------------------------------------------------------------
        
        0.00690658   0.03128696   0.05300888   0.10869206
        
     --------------------------------------------------------------------------------------------
     Tot. elapsed time 51m-37.5s,  time spent in last iteration 24.5s
     --------------------------------------------------------------------------------------------

       Refresh the basis set

                       *----------*              *----------*               *----------*
     #     Iteration = |      122 |   WBSE_dim = |        4 |   Diago_dim = |        8 |
                       *----------*              *----------*               *----------*
     s-DIAGOX done in < 00.1s             
     --------------------------------------------------------------------------------------------
        
        0.00690657   0.03128674   0.05300858   0.10869093
        
     --------------------------------------------------------------------------------------------
     Tot. elapsed time 52m-06.3s,  time spent in last iteration 21.2s
     --------------------------------------------------------------------------------------------

                       *----------*              *----------*               *----------*
     #     Iteration = |      123 |   WBSE_dim = |        4 |   Diago_dim = |       12 |
                       *----------*              *----------*               *----------*
     s-DIAGOX done in < 00.1s             
     --------------------------------------------------------------------------------------------
        
        0.00690656   0.03128654   0.05300828   0.10868985
        
     --------------------------------------------------------------------------------------------
     Tot. elapsed time 52m-31.5s,  time spent in last iteration 21.7s
     --------------------------------------------------------------------------------------------

                       *----------*              *----------*               *----------*
     #     Iteration = |      124 |   WBSE_dim = |        4 |   Diago_dim = |       16 |
                       *----------*              *----------*               *----------*
     s-DIAGOX done in < 00.1s             
     --------------------------------------------------------------------------------------------
        
        0.00690654   0.03128634   0.05300799   0.10868879
        
     --------------------------------------------------------------------------------------------
     Tot. elapsed time 52m-54.8s,  time spent in last iteration 21.9s
     --------------------------------------------------------------------------------------------

                       *----------*              *----------*               *----------*
     #     Iteration = |      125 |   WBSE_dim = |        4 |   Diago_dim = |       20 |
                       *----------*              *----------*               *----------*
     s-DIAGOX done in < 00.1s             
     --------------------------------------------------------------------------------------------
        
        0.00690653   0.03128614   0.05300770   0.10868770
        
     --------------------------------------------------------------------------------------------
     Tot. elapsed time 53m-17.1s,  time spent in last iteration 22.3s
     --------------------------------------------------------------------------------------------

                       *----------*              *----------*               *----------*
     #     Iteration = |      126 |   WBSE_dim = |        4 |   Diago_dim = |       24 |
                       *----------*              *----------*               *----------*
     s-DIAGOX done in < 00.1s             
     --------------------------------------------------------------------------------------------
        
        0.00690652   0.03128595   0.05300741   0.10868660
        
     --------------------------------------------------------------------------------------------
     Tot. elapsed time 53m-40.0s,  time spent in last iteration 22.6s
     --------------------------------------------------------------------------------------------

                       *----------*              *----------*               *----------*
     #     Iteration = |      127 |   WBSE_dim = |        4 |   Diago_dim = |       28 |
                       *----------*              *----------*               *----------*
     s-DIAGOX done in < 00.1s             
     --------------------------------------------------------------------------------------------
        
        0.00690651   0.03128576   0.05300714   0.10868550
        
     --------------------------------------------------------------------------------------------
     Tot. elapsed time 54m-04.7s,  time spent in last iteration 22.9s
     --------------------------------------------------------------------------------------------

                       *----------*              *----------*               *----------*
     #     Iteration = |      128 |   WBSE_dim = |        4 |   Diago_dim = |       32 |
                       *----------*              *----------*               *----------*
     s-DIAGOX done in < 00.1s             
     --------------------------------------------------------------------------------------------
        
        0.00690650   0.03128558   0.05300687   0.10868441
        
     --------------------------------------------------------------------------------------------
     Tot. elapsed time 54m-31.8s,  time spent in last iteration 23.3s
     --------------------------------------------------------------------------------------------

                       *----------*              *----------*               *----------*
     #     Iteration = |      129 |   WBSE_dim = |        4 |   Diago_dim = |       36 |
                       *----------*              *----------*               *----------*
     s-DIAGOX done in < 00.1s             
     --------------------------------------------------------------------------------------------
        
        0.00690649   0.03128541   0.05300663   0.10868335
        
     --------------------------------------------------------------------------------------------
     Tot. elapsed time 54m-55.4s,  time spent in last iteration 23.6s
     --------------------------------------------------------------------------------------------

                       *----------*              *----------*               *----------*
     #     Iteration = |      130 |   WBSE_dim = |        4 |   Diago_dim = |       40 |
                       *----------*              *----------*               *----------*
     s-DIAGOX done in < 00.1s             
     --------------------------------------------------------------------------------------------
        
        0.00690649   0.03128526   0.05300640   0.10868234
        
     --------------------------------------------------------------------------------------------
     Tot. elapsed time 55m-21.1s,  time spent in last iteration 23.9s
     --------------------------------------------------------------------------------------------

                       *----------*              *----------*               *----------*
     #     Iteration = |      131 |   WBSE_dim = |        4 |   Diago_dim = |       44 |
                       *----------*              *----------*               *----------*
     s-DIAGOX done in < 00.1s             
     --------------------------------------------------------------------------------------------
        
        0.00690648   0.03128513   0.05300621   0.10868141
        
     --------------------------------------------------------------------------------------------
     Tot. elapsed time 55m-47.3s,  time spent in last iteration 24.3s
     --------------------------------------------------------------------------------------------

                       *----------*              *----------*               *----------*
     #     Iteration = |      132 |   WBSE_dim = |        4 |   Diago_dim = |       48 |
                       *----------*              *----------*               *----------*
     s-DIAGOX done in < 00.1s             
     --------------------------------------------------------------------------------------------
        
        0.00690647   0.03128504   0.05300606   0.10868067
        
     --------------------------------------------------------------------------------------------
     Tot. elapsed time 56m-12.0s,  time spent in last iteration 24.7s
     --------------------------------------------------------------------------------------------

       Refresh the basis set

                       *----------*              *----------*               *----------*
     #     Iteration = |      133 |   WBSE_dim = |        4 |   Diago_dim = |        8 |
                       *----------*              *----------*               *----------*
     s-DIAGOX done in < 00.1s             
     --------------------------------------------------------------------------------------------
        
        0.00690647   0.03128495   0.05300593   0.10867998
        
     --------------------------------------------------------------------------------------------
     Tot. elapsed time 56m-40.8s,  time spent in last iteration 21.2s
     --------------------------------------------------------------------------------------------

                       *----------*              *----------*               *----------*
     #     Iteration = |      134 |   WBSE_dim = |        4 |   Diago_dim = |       12 |
                       *----------*              *----------*               *----------*
     s-DIAGOX done in < 00.1s             
     --------------------------------------------------------------------------------------------
        
        0.00690646   0.03128484   0.05300576   0.10867915
        
     --------------------------------------------------------------------------------------------
     Tot. elapsed time 57m-02.5s,  time spent in last iteration 21.7s
     --------------------------------------------------------------------------------------------

                       *----------*              *----------*               *----------*
     #     Iteration = |      135 |   WBSE_dim = |        4 |   Diago_dim = |       16 |
                       *----------*              *----------*               *----------*
     s-DIAGOX done in < 00.1s             
     --------------------------------------------------------------------------------------------
        
        0.00690646   0.03128473   0.05300560   0.10867829
        
     --------------------------------------------------------------------------------------------
     Tot. elapsed time 57m-27.9s,  time spent in last iteration 21.9s
     --------------------------------------------------------------------------------------------

                       *----------*              *----------*               *----------*
     #     Iteration = |      136 |   WBSE_dim = |        4 |   Diago_dim = |       20 |
                       *----------*              *----------*               *----------*
     s-DIAGOX done in < 00.1s             
     --------------------------------------------------------------------------------------------
        
        0.00690645   0.03128462   0.05300543   0.10867745
        
     --------------------------------------------------------------------------------------------
     Tot. elapsed time 57m-50.2s,  time spent in last iteration 22.3s
     --------------------------------------------------------------------------------------------

                       *----------*              *----------*               *----------*
     #     Iteration = |      137 |   WBSE_dim = |        4 |   Diago_dim = |       24 |
                       *----------*              *----------*               *----------*
     s-DIAGOX done in < 00.1s             
     --------------------------------------------------------------------------------------------
        
        0.00690645   0.03128452   0.05300528   0.10867662
        
     --------------------------------------------------------------------------------------------
     Tot. elapsed time 58m-13.0s,  time spent in last iteration 22.5s
     --------------------------------------------------------------------------------------------

                       *----------*              *----------*               *----------*
     #     Iteration = |      138 |   WBSE_dim = |        4 |   Diago_dim = |       28 |
                       *----------*              *----------*               *----------*
     s-DIAGOX done in < 00.1s             
     --------------------------------------------------------------------------------------------
        
        0.00690644   0.03128443   0.05300514   0.10867584
        
     --------------------------------------------------------------------------------------------
     Tot. elapsed time 58m-42.6s,  time spent in last iteration 26.7s
     --------------------------------------------------------------------------------------------

                       *----------*              *----------*               *----------*
     #     Iteration = |      139 |   WBSE_dim = |        4 |   Diago_dim = |       32 |
                       *----------*              *----------*               *----------*
     s-DIAGOX done in < 00.1s             
     --------------------------------------------------------------------------------------------
        
        0.00690644   0.03128435   0.05300501   0.10867509
        
     --------------------------------------------------------------------------------------------
     Tot. elapsed time 59m-05.9s,  time spent in last iteration 23.3s
     --------------------------------------------------------------------------------------------

                       *----------*              *----------*               *----------*
     #     Iteration = |      140 |   WBSE_dim = |        4 |   Diago_dim = |       36 |
                       *----------*              *----------*               *----------*
     s-DIAGOX done in < 00.1s             
     --------------------------------------------------------------------------------------------
        
        0.00690644   0.03128428   0.05300489   0.10867440
        
     --------------------------------------------------------------------------------------------
     Tot. elapsed time 59m-29.5s,  time spent in last iteration 23.6s
     --------------------------------------------------------------------------------------------

                       *----------*              *----------*               *----------*
     #     Iteration = |      141 |   WBSE_dim = |        4 |   Diago_dim = |       40 |
                       *----------*              *----------*               *----------*
     s-DIAGOX done in < 00.1s             
     --------------------------------------------------------------------------------------------
        
        0.00690643   0.03128421   0.05300478   0.10867375
        
     --------------------------------------------------------------------------------------------
     Tot. elapsed time 59m-57.1s,  time spent in last iteration 24.5s
     --------------------------------------------------------------------------------------------

                       *----------*              *----------*               *----------*
     #     Iteration = |      142 |   WBSE_dim = |        4 |   Diago_dim = |       44 |
                       *----------*              *----------*               *----------*
     s-DIAGOX done in < 00.1s             
     --------------------------------------------------------------------------------------------
        
        0.00690643   0.03128415   0.05300468   0.10867313
        
     --------------------------------------------------------------------------------------------
     Tot. elapsed time 01h-00m-22.2s,  time spent in last iteration 24.2s
     --------------------------------------------------------------------------------------------

                       *----------*              *----------*               *----------*
     #     Iteration = |      143 |   WBSE_dim = |        4 |   Diago_dim = |       48 |
                       *----------*              *----------*               *----------*
     s-DIAGOX done in < 00.1s             
     --------------------------------------------------------------------------------------------
        
        0.00690643   0.03128409   0.05300459   0.10867250
        
     --------------------------------------------------------------------------------------------
     Tot. elapsed time 01h-00m-48.1s,  time spent in last iteration 25.8s
     --------------------------------------------------------------------------------------------

       Refresh the basis set

                       *----------*              *----------*               *----------*
     #     Iteration = |      144 |   WBSE_dim = |        4 |   Diago_dim = |        8 |
                       *----------*              *----------*               *----------*
     s-DIAGOX done in < 00.1s             
     --------------------------------------------------------------------------------------------
        
        0.00690643   0.03128404   0.05300451   0.10867192
        
     --------------------------------------------------------------------------------------------
     Tot. elapsed time 01h-01m-14.1s,  time spent in last iteration 21.3s
     --------------------------------------------------------------------------------------------

                       *----------*              *----------*               *----------*
     #     Iteration = |      145 |   WBSE_dim = |        4 |   Diago_dim = |       12 |
                       *----------*              *----------*               *----------*
     s-DIAGOX done in < 00.1s             
     --------------------------------------------------------------------------------------------
        
        0.00690642   0.03128399   0.05300443   0.10867136
        
     --------------------------------------------------------------------------------------------
     Tot. elapsed time 01h-01m-35.8s,  time spent in last iteration 21.6s
     --------------------------------------------------------------------------------------------

                       *----------*              *----------*               *----------*
     #     Iteration = |      146 |   WBSE_dim = |        4 |   Diago_dim = |       16 |
                       *----------*              *----------*               *----------*
     s-DIAGOX done in < 00.1s             
     --------------------------------------------------------------------------------------------
        
        0.00690642   0.03128394   0.05300435   0.10867081
        
     --------------------------------------------------------------------------------------------
     Tot. elapsed time 01h-01m-57.8s,  time spent in last iteration 21.9s
     --------------------------------------------------------------------------------------------

                       *----------*              *----------*               *----------*
     #     Iteration = |      147 |   WBSE_dim = |        4 |   Diago_dim = |       20 |
                       *----------*              *----------*               *----------*
     s-DIAGOX done in < 00.1s             
     --------------------------------------------------------------------------------------------
        
        0.00690642   0.03128390   0.05300427   0.10867025
        
     --------------------------------------------------------------------------------------------
     Tot. elapsed time 01h-02m-20.1s,  time spent in last iteration 22.2s
     --------------------------------------------------------------------------------------------

                       *----------*              *----------*               *----------*
     #     Iteration = |      148 |   WBSE_dim = |        4 |   Diago_dim = |       24 |
                       *----------*              *----------*               *----------*
     s-DIAGOX done in < 00.1s             
     --------------------------------------------------------------------------------------------
        
        0.00690642   0.03128385   0.05300419   0.10866969
        
     --------------------------------------------------------------------------------------------
     Tot. elapsed time 01h-02m-43.0s,  time spent in last iteration 22.6s
     --------------------------------------------------------------------------------------------

                       *----------*              *----------*               *----------*
     #     Iteration = |      149 |   WBSE_dim = |        4 |   Diago_dim = |       28 |
                       *----------*              *----------*               *----------*
     s-DIAGOX done in < 00.1s             
     --------------------------------------------------------------------------------------------
        
        0.00690642   0.03128380   0.05300412   0.10866912
        
     --------------------------------------------------------------------------------------------
     Tot. elapsed time 01h-03m-06.0s,  time spent in last iteration 22.9s
     --------------------------------------------------------------------------------------------

                       *----------*              *----------*               *----------*
     #     Iteration = |      150 |   WBSE_dim = |        4 |   Diago_dim = |       32 |
                       *----------*              *----------*               *----------*
     s-DIAGOX done in < 00.1s             
     --------------------------------------------------------------------------------------------
        
        0.00690642   0.03128376   0.05300405   0.10866856
        
     --------------------------------------------------------------------------------------------
     Tot. elapsed time 01h-03m-30.7s,  time spent in last iteration 23.2s
     --------------------------------------------------------------------------------------------

                       *----------*              *----------*               *----------*
     #     Iteration = |      151 |   WBSE_dim = |        4 |   Diago_dim = |       36 |
                       *----------*              *----------*               *----------*
     s-DIAGOX done in < 00.1s             
     --------------------------------------------------------------------------------------------
        
        0.00690641   0.03128372   0.05300398   0.10866802
        
     --------------------------------------------------------------------------------------------
     Tot. elapsed time 01h-03m-54.3s,  time spent in last iteration 23.6s
     --------------------------------------------------------------------------------------------

                       *----------*              *----------*               *----------*
     #     Iteration = |      152 |   WBSE_dim = |        4 |   Diago_dim = |       40 |
                       *----------*              *----------*               *----------*
     s-DIAGOX done in < 00.1s             
     --------------------------------------------------------------------------------------------
        
        0.00690641   0.03128369   0.05300392   0.10866749
        
     --------------------------------------------------------------------------------------------
     Tot. elapsed time 01h-04m-20.5s,  time spent in last iteration 23.8s
     --------------------------------------------------------------------------------------------

                       *----------*              *----------*               *----------*
     #     Iteration = |      153 |   WBSE_dim = |        4 |   Diago_dim = |       44 |
                       *----------*              *----------*               *----------*
     s-DIAGOX done in < 00.1s             
     --------------------------------------------------------------------------------------------
        
        0.00690641   0.03128365   0.05300387   0.10866702
        
     --------------------------------------------------------------------------------------------
     Tot. elapsed time 01h-04m-44.8s,  time spent in last iteration 24.2s
     --------------------------------------------------------------------------------------------

                       *----------*              *----------*               *----------*
     #     Iteration = |      154 |   WBSE_dim = |        4 |   Diago_dim = |       48 |
                       *----------*              *----------*               *----------*
     s-DIAGOX done in < 00.1s             
     --------------------------------------------------------------------------------------------
        
        0.00690641   0.03128363   0.05300383   0.10866663
        
     --------------------------------------------------------------------------------------------
     Tot. elapsed time 01h-05m-09.4s,  time spent in last iteration 24.6s
     --------------------------------------------------------------------------------------------

       Refresh the basis set

                       *----------*              *----------*               *----------*
     #     Iteration = |      155 |   WBSE_dim = |        4 |   Diago_dim = |        8 |
                       *----------*              *----------*               *----------*
     s-DIAGOX done in < 00.1s             
     --------------------------------------------------------------------------------------------
        
        0.00690641   0.03128361   0.05300379   0.10866627
        
     --------------------------------------------------------------------------------------------
     Tot. elapsed time 01h-05m-34.2s,  time spent in last iteration 21.3s
     --------------------------------------------------------------------------------------------

                       *----------*              *----------*               *----------*
     #     Iteration = |      156 |   WBSE_dim = |        4 |   Diago_dim = |       12 |
                       *----------*              *----------*               *----------*
     s-DIAGOX done in < 00.1s             
     --------------------------------------------------------------------------------------------
        
        0.00690641   0.03128358   0.05300375   0.10866584
        
     --------------------------------------------------------------------------------------------
     Tot. elapsed time 01h-05m-56.1s,  time spent in last iteration 21.8s
     --------------------------------------------------------------------------------------------

                       *----------*              *----------*               *----------*
     #     Iteration = |      157 |   WBSE_dim = |        4 |   Diago_dim = |       16 |
                       *----------*              *----------*               *----------*
     s-DIAGOX done in < 00.1s             
     --------------------------------------------------------------------------------------------
        
        0.00690641   0.03128356   0.05300370   0.10866540
        
     --------------------------------------------------------------------------------------------
     Tot. elapsed time 01h-06m-18.1s,  time spent in last iteration 22.0s
     --------------------------------------------------------------------------------------------

                       *----------*              *----------*               *----------*
     #     Iteration = |      158 |   WBSE_dim = |        4 |   Diago_dim = |       20 |
                       *----------*              *----------*               *----------*
     s-DIAGOX done in < 00.1s             
     --------------------------------------------------------------------------------------------
        
        0.00690641   0.03128353   0.05300366   0.10866496
        
     --------------------------------------------------------------------------------------------
     Tot. elapsed time 01h-06m-40.5s,  time spent in last iteration 22.3s
     --------------------------------------------------------------------------------------------

                       *----------*              *----------*               *----------*
     #     Iteration = |      159 |   WBSE_dim = |        4 |   Diago_dim = |       24 |
                       *----------*              *----------*               *----------*
     s-DIAGOX done in < 00.1s             
     --------------------------------------------------------------------------------------------
        
        0.00690640   0.03128351   0.05300361   0.10866454
        
     --------------------------------------------------------------------------------------------
     Tot. elapsed time 01h-07m-06.3s,  time spent in last iteration 22.6s
     --------------------------------------------------------------------------------------------

                       *----------*              *----------*               *----------*
     #     Iteration = |      160 |   WBSE_dim = |        4 |   Diago_dim = |       28 |
                       *----------*              *----------*               *----------*
     s-DIAGOX done in < 00.1s             
     --------------------------------------------------------------------------------------------
        
        0.00690640   0.03128348   0.05300358   0.10866413
        
     --------------------------------------------------------------------------------------------
     Tot. elapsed time 01h-07m-31.2s,  time spent in last iteration 22.9s
     --------------------------------------------------------------------------------------------

                       *----------*              *----------*               *----------*
     #     Iteration = |      161 |   WBSE_dim = |        4 |   Diago_dim = |       32 |
                       *----------*              *----------*               *----------*
     s-DIAGOX done in < 00.1s             
     --------------------------------------------------------------------------------------------
        
        0.00690640   0.03128346   0.05300354   0.10866375
        
     --------------------------------------------------------------------------------------------
     Tot. elapsed time 01h-07m-54.5s,  time spent in last iteration 23.2s
     --------------------------------------------------------------------------------------------

                       *----------*              *----------*               *----------*
     #     Iteration = |      162 |   WBSE_dim = |        4 |   Diago_dim = |       36 |
                       *----------*              *----------*               *----------*
     s-DIAGOX done in < 00.1s             
     --------------------------------------------------------------------------------------------
        
        0.00690640   0.03128345   0.05300351   0.10866339
        
     --------------------------------------------------------------------------------------------
     Tot. elapsed time 01h-08m-18.0s,  time spent in last iteration 23.5s
     --------------------------------------------------------------------------------------------

                       *----------*              *----------*               *----------*
     #     Iteration = |      163 |   WBSE_dim = |        3 |   Diago_dim = |       39 |
                       *----------*              *----------*               *----------*
     s-DIAGOX done in < 00.1s             
     --------------------------------------------------------------------------------------------
        
        0.00690640   0.03128343   0.05300348   0.10866306
        
     --------------------------------------------------------------------------------------------
     Tot. elapsed time 01h-08m-37.3s,  time spent in last iteration 18.4s
     --------------------------------------------------------------------------------------------

                       *----------*              *----------*               *----------*
     #     Iteration = |      164 |   WBSE_dim = |        3 |   Diago_dim = |       42 |
                       *----------*              *----------*               *----------*
     s-DIAGOX done in < 00.1s             
     --------------------------------------------------------------------------------------------
        
        0.00690640   0.03128342   0.05300345   0.10866274
        
     --------------------------------------------------------------------------------------------
     Tot. elapsed time 01h-08m-57.2s,  time spent in last iteration 18.6s
     --------------------------------------------------------------------------------------------

                       *----------*              *----------*               *----------*
     #     Iteration = |      165 |   WBSE_dim = |        3 |   Diago_dim = |       45 |
                       *----------*              *----------*               *----------*
     s-DIAGOX done in < 00.1s             
     --------------------------------------------------------------------------------------------
        
        0.00690640   0.03128340   0.05300343   0.10866241
        
     --------------------------------------------------------------------------------------------
     Tot. elapsed time 01h-09m-17.6s,  time spent in last iteration 18.8s
     --------------------------------------------------------------------------------------------

                       *----------*              *----------*               *----------*
     #     Iteration = |      166 |   WBSE_dim = |        3 |   Diago_dim = |       48 |
                       *----------*              *----------*               *----------*
     s-DIAGOX done in < 00.1s             
     --------------------------------------------------------------------------------------------
        
        0.00690640   0.03128325   0.05300313   0.10865681
        
     --------------------------------------------------------------------------------------------
     Tot. elapsed time 01h-09m-36.7s,  time spent in last iteration 19.0s
     --------------------------------------------------------------------------------------------

       Refresh the basis set

                       *----------*              *----------*               *----------*
     #     Iteration = |      167 |   WBSE_dim = |        3 |   Diago_dim = |        7 |
                       *----------*              *----------*               *----------*
     s-DIAGOX done in < 00.1s             
     --------------------------------------------------------------------------------------------
        
        0.00690640   0.03128323   0.05300308   0.10865541
        
     --------------------------------------------------------------------------------------------
     Tot. elapsed time 01h-09m-56.6s,  time spent in last iteration 16.5s
     --------------------------------------------------------------------------------------------

                       *----------*              *----------*               *----------*
     #     Iteration = |      168 |   WBSE_dim = |        3 |   Diago_dim = |       10 |
                       *----------*              *----------*               *----------*
     s-DIAGOX done in < 00.1s             
     --------------------------------------------------------------------------------------------
        
        0.00690640   0.03128322   0.05300306   0.10865486
        
     --------------------------------------------------------------------------------------------
     Tot. elapsed time 01h-10m-14.4s,  time spent in last iteration 16.6s
     --------------------------------------------------------------------------------------------

                       *----------*              *----------*               *----------*
     #     Iteration = |      169 |   WBSE_dim = |        3 |   Diago_dim = |       13 |
                       *----------*              *----------*               *----------*
     s-DIAGOX done in < 00.1s             
     --------------------------------------------------------------------------------------------
        
        0.00690640   0.03128321   0.05300305   0.10865454
        
     --------------------------------------------------------------------------------------------
     Tot. elapsed time 01h-10m-33.2s,  time spent in last iteration 16.8s
     --------------------------------------------------------------------------------------------

                       *----------*              *----------*               *----------*
     #     Iteration = |      170 |   WBSE_dim = |        3 |   Diago_dim = |       16 |
                       *----------*              *----------*               *----------*
     s-DIAGOX done in < 00.1s             
     --------------------------------------------------------------------------------------------
        
        0.00690640   0.03128321   0.05300304   0.10865433
        
     --------------------------------------------------------------------------------------------
     Tot. elapsed time 01h-10m-50.4s,  time spent in last iteration 17.1s
     --------------------------------------------------------------------------------------------

                       *----------*              *----------*               *----------*
     #     Iteration = |      171 |   WBSE_dim = |        3 |   Diago_dim = |       19 |
                       *----------*              *----------*               *----------*
     s-DIAGOX done in < 00.1s             
     --------------------------------------------------------------------------------------------
        
        0.00690640   0.03128320   0.05300304   0.10865416
        
     --------------------------------------------------------------------------------------------
     Tot. elapsed time 01h-11m-09.2s,  time spent in last iteration 17.4s
     --------------------------------------------------------------------------------------------

                       *----------*              *----------*               *----------*
     #     Iteration = |      172 |   WBSE_dim = |        2 |   Diago_dim = |       21 |
                       *----------*              *----------*               *----------*
     s-DIAGOX done in < 00.1s             
     --------------------------------------------------------------------------------------------
        
        0.00690640   0.03128320   0.05300303   0.10865402
        
     --------------------------------------------------------------------------------------------
     Tot. elapsed time 01h-11m-23.2s,  time spent in last iteration 12.2s
     --------------------------------------------------------------------------------------------

                       *----------*              *----------*               *----------*
     #     Iteration = |      173 |   WBSE_dim = |        1 |   Diago_dim = |       22 |
                       *----------*              *----------*               *----------*
     s-DIAGOX done in < 00.1s             
     --------------------------------------------------------------------------------------------
        
        0.00690640   0.03128320   0.05300303   0.10865390
        
     --------------------------------------------------------------------------------------------
     Tot. elapsed time 01h-11m-30.4s,  time spent in last iteration 07.1s
     --------------------------------------------------------------------------------------------

                       *----------*              *----------*               *----------*
     #     Iteration = |      174 |   WBSE_dim = |        1 |   Diago_dim = |       23 |
                       *----------*              *----------*               *----------*
     s-DIAGOX done in < 00.1s             
     --------------------------------------------------------------------------------------------
        
        0.00690640   0.03128320   0.05300303   0.10865380
        
     --------------------------------------------------------------------------------------------
     Tot. elapsed time 01h-11m-37.8s,  time spent in last iteration 07.2s
     --------------------------------------------------------------------------------------------

                       *----------*              *----------*               *----------*
     #     Iteration = |      175 |   WBSE_dim = |        1 |   Diago_dim = |       24 |
                       *----------*              *----------*               *----------*
     s-DIAGOX done in < 00.1s             
     --------------------------------------------------------------------------------------------
        
        0.00690640   0.03128320   0.05300303   0.10865370
        
     --------------------------------------------------------------------------------------------
     Tot. elapsed time 01h-11m-47.4s,  time spent in last iteration 07.2s
     --------------------------------------------------------------------------------------------

                       *----------*              *----------*               *----------*
     #     Iteration = |      176 |   WBSE_dim = |        1 |   Diago_dim = |       25 |
                       *----------*              *----------*               *----------*
     s-DIAGOX done in < 00.1s             
     --------------------------------------------------------------------------------------------
        
        0.00690640   0.03128320   0.05300303   0.10865360
        
     --------------------------------------------------------------------------------------------
     Tot. elapsed time 01h-11m-57.1s,  time spent in last iteration 07.2s
     --------------------------------------------------------------------------------------------

                       *----------*              *----------*               *----------*
     #     Iteration = |      177 |   WBSE_dim = |        1 |   Diago_dim = |       26 |
                       *----------*              *----------*               *----------*
     s-DIAGOX done in < 00.1s             
     --------------------------------------------------------------------------------------------
        
        0.00690640   0.03128319   0.05300303   0.10865359
        
     --------------------------------------------------------------------------------------------
     Tot. elapsed time 01h-12m-06.4s,  time spent in last iteration 07.2s
     --------------------------------------------------------------------------------------------

                       *----------*              *----------*               *----------*
     #     Iteration = |      178 |   WBSE_dim = |        1 |   Diago_dim = |       27 |
                       *----------*              *----------*               *----------*
     s-DIAGOX done in < 00.1s             
     --------------------------------------------------------------------------------------------
        
        0.00690640   0.03128319   0.05300303   0.10865354
        
     --------------------------------------------------------------------------------------------
     Tot. elapsed time 01h-12m-13.7s,  time spent in last iteration 07.3s
     --------------------------------------------------------------------------------------------

                       *----------*              *----------*               *----------*
     #     Iteration = |      179 |   WBSE_dim = |        1 |   Diago_dim = |       28 |
                       *----------*              *----------*               *----------*
     s-DIAGOX done in < 00.1s             
     --------------------------------------------------------------------------------------------
        
        0.00690640   0.03128319   0.05300303   0.10865345
        
     --------------------------------------------------------------------------------------------
     Tot. elapsed time 01h-12m-22.5s,  time spent in last iteration 07.2s
     --------------------------------------------------------------------------------------------

                       *----------*              *----------*               *----------*
     #     Iteration = |      180 |   WBSE_dim = |        1 |   Diago_dim = |       29 |
                       *----------*              *----------*               *----------*
     s-DIAGOX done in < 00.1s             
     --------------------------------------------------------------------------------------------
        
        0.00690640   0.03128319   0.05300303   0.10865330
        
     --------------------------------------------------------------------------------------------
     Tot. elapsed time 01h-12m-31.3s,  time spent in last iteration 07.3s
     --------------------------------------------------------------------------------------------

                       *----------*              *----------*               *----------*
     #     Iteration = |      181 |   WBSE_dim = |        1 |   Diago_dim = |       30 |
                       *----------*              *----------*               *----------*
     s-DIAGOX done in < 00.1s             
     --------------------------------------------------------------------------------------------
        
        0.00690640   0.03128319   0.05300303   0.10865308
        
     --------------------------------------------------------------------------------------------
     Tot. elapsed time 01h-12m-39.6s,  time spent in last iteration 07.3s
     --------------------------------------------------------------------------------------------

                       *----------*              *----------*               *----------*
     #     Iteration = |      182 |   WBSE_dim = |        1 |   Diago_dim = |       31 |
                       *----------*              *----------*               *----------*
     s-DIAGOX done in < 00.1s             
     --------------------------------------------------------------------------------------------
        
        0.00690640   0.03128319   0.05300303   0.10865284
        
     --------------------------------------------------------------------------------------------
     Tot. elapsed time 01h-12m-47.2s,  time spent in last iteration 07.4s
     --------------------------------------------------------------------------------------------

                       *----------*              *----------*               *----------*
     #     Iteration = |      183 |   WBSE_dim = |        1 |   Diago_dim = |       32 |
                       *----------*              *----------*               *----------*
     s-DIAGOX done in < 00.1s             
     --------------------------------------------------------------------------------------------
        
        0.00690640   0.03128319   0.05300303   0.10865260
        
     --------------------------------------------------------------------------------------------
     Tot. elapsed time 01h-12m-55.6s,  time spent in last iteration 07.4s
     --------------------------------------------------------------------------------------------

                       *----------*              *----------*               *----------*
     #     Iteration = |      184 |   WBSE_dim = |        1 |   Diago_dim = |       33 |
                       *----------*              *----------*               *----------*
     s-DIAGOX done in < 00.1s             
     --------------------------------------------------------------------------------------------
        
        0.00690640   0.03128318   0.05300303   0.10865238
        
     --------------------------------------------------------------------------------------------
     Tot. elapsed time 01h-13m-03.2s,  time spent in last iteration 07.4s
     --------------------------------------------------------------------------------------------

                       *----------*              *----------*               *----------*
     #     Iteration = |      185 |   WBSE_dim = |        1 |   Diago_dim = |       34 |
                       *----------*              *----------*               *----------*
     s-DIAGOX done in < 00.1s             
     --------------------------------------------------------------------------------------------
        
        0.00690640   0.03128318   0.05300303   0.10865221
        
     --------------------------------------------------------------------------------------------
     Tot. elapsed time 01h-13m-11.5s,  time spent in last iteration 07.4s
     --------------------------------------------------------------------------------------------

                       *----------*              *----------*               *----------*
     #     Iteration = |      186 |   WBSE_dim = |        1 |   Diago_dim = |       35 |
                       *----------*              *----------*               *----------*
     s-DIAGOX done in < 00.1s             
     --------------------------------------------------------------------------------------------
        
        0.00690640   0.03128318   0.05300303   0.10865207
        
     --------------------------------------------------------------------------------------------
     Tot. elapsed time 01h-13m-19.4s,  time spent in last iteration 07.4s
     --------------------------------------------------------------------------------------------

                       *----------*              *----------*               *----------*
     #     Iteration = |      187 |   WBSE_dim = |        1 |   Diago_dim = |       36 |
                       *----------*              *----------*               *----------*
     s-DIAGOX done in < 00.1s             
     --------------------------------------------------------------------------------------------
        
        0.00690640   0.03128318   0.05300303   0.10865197
        
     --------------------------------------------------------------------------------------------
     Tot. elapsed time 01h-13m-27.2s,  time spent in last iteration 07.5s
     --------------------------------------------------------------------------------------------

                       *----------*              *----------*               *----------*
     #     Iteration = |      188 |   WBSE_dim = |        1 |   Diago_dim = |       37 |
                       *----------*              *----------*               *----------*
     s-DIAGOX done in < 00.1s             
     --------------------------------------------------------------------------------------------
        
        0.00690640   0.03128318   0.05300303   0.10865164
        
     --------------------------------------------------------------------------------------------
     Tot. elapsed time 01h-13m-35.1s,  time spent in last iteration 07.5s
     --------------------------------------------------------------------------------------------

                       *----------*              *----------*               *----------*
     #     Iteration = |      189 |   WBSE_dim = |        1 |   Diago_dim = |       38 |
                       *----------*              *----------*               *----------*
     s-DIAGOX done in < 00.1s             
     --------------------------------------------------------------------------------------------
        
        0.00690640   0.03128318   0.05300303   0.10865158
        
     --------------------------------------------------------------------------------------------
     Tot. elapsed time 01h-13m-42.6s,  time spent in last iteration 07.5s
     --------------------------------------------------------------------------------------------

                       *----------*              *----------*               *----------*
     #     Iteration = |      190 |   WBSE_dim = |        1 |   Diago_dim = |       39 |
                       *----------*              *----------*               *----------*
     s-DIAGOX done in < 00.1s             
     --------------------------------------------------------------------------------------------
        
        0.00690640   0.03128318   0.05300303   0.10865156
        
     --------------------------------------------------------------------------------------------
     Tot. elapsed time 01h-13m-51.4s,  time spent in last iteration 07.5s
     --------------------------------------------------------------------------------------------

                       *----------*              *----------*               *----------*
     #     Iteration = |      191 |   WBSE_dim = |        1 |   Diago_dim = |       40 |
                       *----------*              *----------*               *----------*
     s-DIAGOX done in < 00.1s             
     --------------------------------------------------------------------------------------------
        
        0.00690640   0.03128318   0.05300303   0.10865155
        
     --------------------------------------------------------------------------------------------
     Tot. elapsed time 01h-13m-59.0s,  time spent in last iteration 07.6s
     --------------------------------------------------------------------------------------------
      
     --------------------------------------------------------------------------------------------
     Database written in 20.4s               
     In location : ./west.wbse.david.save
     --------------------------------------------------------------------------------------------
       
     --------------------------------------------------------------------------------------------
     Convergence achieved !!! in      191 steps                          
     --------------------------------------------------------------------------------------------
       
     --------------------------------------------------------------------------------------------
     TDDFT Force : First Part                                            
     --------------------------------------------------------------------------------------------
     atom    1 type  1   force =    -0.01702541   -0.01661852   -0.00888651
     atom    2 type  1   force =    -0.01199521   -0.00709170    0.00047317
     atom    3 type  1   force =    -0.01340316    0.00110215    0.00815113
     atom    4 type  1   force =    -0.01580966    0.01330402    0.01477643
     atom    5 type  1   force =    -0.01055750   -0.01439940    0.00851812
     atom    6 type  1   force =    -0.00370413   -0.00784491    0.01053707
     atom    7 type  1   force =    -0.00743966    0.00209304   -0.00743918
     atom    8 type  1   force =    -0.00198531    0.00828461   -0.00198458
     atom    9 type  1   force =    -0.02668562   -0.03879928    0.02737887
     atom   10 type  1   force =    -0.02057305   -0.01687182    0.01584879
     atom   11 type  1   force =    -0.02174858    0.00742080    0.01237121
     atom   12 type  1   force =    -0.02993364    0.02724762    0.00535192
     atom   13 type  1   force =    -0.02023602   -0.02722601    0.01164709
     atom   14 type  1   force =    -0.00277125   -0.01262014    0.00187590
     atom   15 type  1   force =    -0.01177892    0.00080532    0.01411235
     atom   16 type  1   force =    -0.00570883    0.01177136    0.01354088
     atom   17 type  1   force =    -0.03086059   -0.04252128   -0.01971880
     atom   18 type  1   force =    -0.01808595   -0.00933621   -0.01607236
     atom   19 type  1   force =    -0.01979483    0.00902092   -0.01979525
     atom   20 type  1   force =    -0.01675575    0.01467982   -0.01675571
     atom   21 type  1   force =    -0.00888721   -0.01661846   -0.01702586
     atom   22 type  1   force =     0.00047233   -0.00709149   -0.01199504
     atom   23 type  1   force =    -0.01367948    0.00372518   -0.00861557
     atom   24 type  1   force =    -0.00315270    0.01344044   -0.01172260
     atom   25 type  1   force =    -0.01926190    0.02167573   -0.01655107
     atom   26 type  1   force =    -0.01760518    0.02003151   -0.00010233
     atom   27 type  1   force =    -0.02444555    0.02818589    0.03017070
     atom   28 type  1   force =    -0.04687218    0.02582767    0.04553529
     atom   29 type  1   force =    -0.01126853    0.01602393    0.00740103
     atom   30 type  1   force =    -0.00767563    0.01910701    0.01432354
     atom   31 type  1   force =    -0.01244466    0.01571286   -0.01244369
     atom   32 type  1   force =    -0.00276044    0.00876432   -0.00275883
     atom   33 type  1   force =    -0.02754172    0.04052155    0.03157852
     atom   34 type  1   force =    -0.05157676    0.04857762    0.02992081
     atom   35 type  1   force =    -0.13142523    0.09467392    0.03269655
     atom   36 type  1   force =    -0.11270425    0.02588340   -0.01330235
     atom   37 type  1   force =    -0.02604934    0.02793235    0.01243874
     atom   38 type  1   force =    -0.00792266    0.02845347    0.00336840
     atom   39 type  1   force =    -0.03671915    0.02811426    0.02632753
     atom   40 type  1   force =    -0.01667041    0.01327817    0.02281361
     atom   41 type  1   force =    -0.05436690    0.06369258   -0.02175339
     atom   42 type  1   force =    -0.05333183    0.03784984   -0.03065835
     atom   43 type  1   force =    -0.06230499    0.03405076   -0.06230634
     atom   44 type  1   force =    -0.03292933    0.00404626   -0.03292938
     atom   45 type  1   force =    -0.01655153    0.02167559   -0.01926229
     atom   46 type  1   force =    -0.00010367    0.02003104   -0.01760484
     atom   47 type  1   force =    -0.04072313    0.02603412   -0.01469505
     atom   48 type  1   force =     0.00481758    0.01188802   -0.02014435
     atom   49 type  1   force =    -0.02941451   -0.00536354   -0.02067665
     atom   50 type  1   force =    -0.02173904   -0.01341887    0.00758657
     atom   51 type  1   force =    -0.02759787   -0.02749170    0.03074543
     atom   52 type  1   force =    -0.02673476   -0.02900569    0.02579221
     atom   53 type  1   force =    -0.02234229   -0.00554690    0.01859038
     atom   54 type  1   force =    -0.01228416   -0.01186879    0.01970004
     atom   55 type  1   force =    -0.00960975   -0.01633778   -0.00960869
     atom   56 type  1   force =    -0.00123738   -0.01504919   -0.00123623
     atom   57 type  1   force =    -0.09858194   -0.02165054    0.10162698
     atom   58 type  1   force =    -0.10051712   -0.03758800    0.04096886
     atom   59 type  1   force =    -0.10314803   -0.10204081    0.02736601
     atom   60 type  1   force =    -0.04757096   -0.05132119   -0.01516827
     atom   61 type  1   force =    -0.06241595   -0.00118373    0.01148566
     atom   62 type  1   force =    -0.00398116   -0.01618187    0.00201608
     atom   63 type  1   force =    -0.03380855   -0.02725533    0.02806340
     atom   64 type  1   force =    -0.00910464   -0.02461628    0.01888122
     atom   65 type  1   force =    -0.14844105   -0.02100624   -0.07806642
     atom   66 type  1   force =    -0.05738520   -0.02847563   -0.04412996
     atom   67 type  1   force =    -0.04449938   -0.03851661   -0.04450073
     atom   68 type  1   force =    -0.01875758   -0.02135172   -0.01875761
     atom   69 type  1   force =    -0.02067788   -0.00536356   -0.02941540
     atom   70 type  1   force =     0.00758460   -0.01341849   -0.02173856
     atom   71 type  1   force =    -0.03014512   -0.02916029   -0.01982322
     atom   72 type  1   force =     0.00538952   -0.02505465   -0.01767103
     atom   73 type  1   force =     0.00851705   -0.01439894   -0.01055671
     atom   74 type  1   force =     0.01053654   -0.00784469   -0.00370336
     atom   75 type  1   force =     0.00389437    0.00057546    0.00389499
     atom   76 type  1   force =     0.01083292    0.00967099    0.01083328
     atom   77 type  1   force =     0.01638740   -0.01712241    0.00551950
     atom   78 type  1   force =     0.01636976   -0.01347211    0.01443079
     atom   79 type  1   force =     0.01411206    0.00080543   -0.01177814
     atom   80 type  1   force =     0.01354109    0.01177125   -0.00570799
     atom   81 type  1   force =     0.00551868   -0.01712274    0.01638752
     atom   82 type  1   force =     0.01443046   -0.01347227    0.01636941
     atom   83 type  1   force =     0.00592010   -0.00033880    0.01039908
     atom   84 type  1   force =     0.02054826    0.01904245    0.00483890
     atom   85 type  1   force =     0.03000751   -0.04381109    0.02259717
     atom   86 type  1   force =     0.02253283   -0.02860799    0.00659504
     atom   87 type  1   force =     0.01614209    0.00082202    0.01614198
     atom   88 type  1   force =     0.02363948    0.02585897    0.02363884
     atom   89 type  1   force =     0.01704298   -0.02776554   -0.00916085
     atom   90 type  1   force =     0.01895737   -0.01790019   -0.01310157
     atom   91 type  1   force =     0.00815025    0.00110221   -0.01340330
     atom   92 type  1   force =     0.01477556    0.01330354   -0.01580915
     atom   93 type  1   force =     0.02737758   -0.03879700   -0.02668521
     atom   94 type  1   force =     0.01584865   -0.01687077   -0.02057235
     atom   95 type  1   force =     0.02241945    0.00229677   -0.00453755
     atom   96 type  1   force =     0.02746186    0.03663620   -0.01852838
     atom   97 type  1   force =     0.00739997    0.01602346   -0.01126770
     atom   98 type  1   force =     0.01432273    0.01910648   -0.00767438
     atom   99 type  1   force =     0.00518246    0.01504929    0.00518364
     atom  100 type  1   force =     0.02239300    0.01030164    0.02239378
     atom  101 type  1   force =     0.01582196    0.01757344    0.00540961
     atom  102 type  1   force =     0.02676775    0.03156293    0.02924791
     atom  103 type  1   force =     0.02632653    0.02811277   -0.03671660
     atom  104 type  1   force =     0.02281382    0.01327757   -0.01666778
     atom  105 type  1   force =     0.00540869    0.01757362    0.01582198
     atom  106 type  1   force =     0.02924712    0.03156290    0.02676691
     atom  107 type  1   force =     0.02176067    0.02705087    0.01987541
     atom  108 type  1   force =     0.09384369    0.03215461    0.02514589
     atom  109 type  1   force =     0.03760484    0.04376674    0.02230076
     atom  110 type  1   force =     0.08295237    0.11513775    0.02700823
     atom  111 type  1   force =     0.04280165    0.03069423    0.04280140
     atom  112 type  1   force =     0.10647251    0.04665475    0.10647002
     atom  113 type  1   force =     0.01436523    0.02669601   -0.00465194
     atom  114 type  1   force =     0.04629986    0.04773273   -0.02011706
     atom  115 type  1   force =     0.03016748    0.02818449   -0.02444546
     atom  116 type  1   force =     0.04553171    0.02582613   -0.04686952
     atom  117 type  1   force =     0.03157743    0.04051945   -0.02754124
     atom  118 type  1   force =     0.02992062    0.04857515   -0.05157487
     atom  119 type  1   force =     0.12283504    0.09613488   -0.00425144
     atom  120 type  1   force =     0.17223219    0.16850156   -0.15481527
     atom  121 type  1   force =     0.01858803   -0.00554665   -0.02234032
     atom  122 type  1   force =     0.01969879   -0.01186839   -0.01228215
     atom  123 type  1   force =     0.00651077   -0.01499085    0.00651189
     atom  124 type  1   force =     0.01638708   -0.01998405    0.01638760
     atom  125 type  1   force =     0.02727003   -0.00051756    0.01040257
     atom  126 type  1   force =     0.04409936   -0.01949893    0.04905728
     atom  127 type  1   force =     0.02806210   -0.02725384   -0.03380586
     atom  128 type  1   force =     0.01888127   -0.02461547   -0.00910284
     atom  129 type  1   force =     0.01040078   -0.00051745    0.02727025
     atom  130 type  1   force =     0.04905612   -0.01949916    0.04409816
     atom  131 type  1   force =     0.02494872   -0.02636179    0.02276462
     atom  132 type  1   force =     0.04520792   -0.05007807    0.01903118
     atom  133 type  1   force =     0.13101684    0.00094913    0.08479561
     atom  134 type  1   force =     0.18818105   -0.15231623    0.13952827
     atom  135 type  1   force =     0.04197031   -0.03185280    0.04197009
     atom  136 type  1   force =     0.04510602   -0.06400983    0.04510466
     atom  137 type  1   force =     0.05319453    0.00062857   -0.00537669
     atom  138 type  1   force =     0.09802319   -0.03569320   -0.03641761
     atom  139 type  1   force =     0.03074225   -0.02749037   -0.02759769
     atom  140 type  1   force =     0.02579027   -0.02900406   -0.02673356
     atom  141 type  1   force =     0.10161726   -0.02164894   -0.09857448
     atom  142 type  1   force =     0.04096678   -0.03758539   -0.10050999
     atom  143 type  1   force =     0.10321386   -0.09894366   -0.02307942
     atom  144 type  1   force =     0.04311730   -0.10285233   -0.04043926
     atom  145 type  1   force =     0.01164745   -0.02722475   -0.02023447
     atom  146 type  1   force =     0.00187637   -0.01261993   -0.00277048
     atom  147 type  1   force =     0.01039949   -0.00033866    0.00592084
     atom  148 type  1   force =     0.00483974    0.01904284    0.02054905
     atom  149 type  1   force =    -0.00915995   -0.02776613    0.01704447
     atom  150 type  1   force =    -0.01310111   -0.01790089    0.01895841
     atom  151 type  1   force =    -0.00861483    0.00372555   -0.01367906
     atom  152 type  1   force =    -0.01172204    0.01344069   -0.00315186
     atom  153 type  1   force =     0.02259823   -0.04381142    0.03000742
     atom  154 type  1   force =     0.00659610   -0.02860849    0.02253248
     atom  155 type  1   force =     0.01614375    0.00675130    0.01614296
     atom  156 type  1   force =     0.00939234    0.06031989    0.00939066
     atom  157 type  1   force =    -0.01040690   -0.07512168    0.01463231
     atom  158 type  1   force =    -0.01983929   -0.02459289   -0.00120149
     atom  159 type  1   force =    -0.00453679    0.00229682    0.02241988
     atom  160 type  1   force =    -0.01852812    0.03663777    0.02746192
     atom  161 type  1   force =     0.01463332   -0.07511904   -0.01040862
     atom  162 type  1   force =    -0.00120024   -0.02459178   -0.01983992
     atom  163 type  1   force =     0.01237178    0.00742103   -0.02174848
     atom  164 type  1   force =     0.00535308    0.02724744   -0.02993332
     atom  165 type  1   force =    -0.01971684   -0.04252005   -0.03086087
     atom  166 type  1   force =    -0.01607152   -0.00933595   -0.01808591
     atom  167 type  1   force =    -0.00900758    0.01672399   -0.00900864
     atom  168 type  1   force =    -0.02561309    0.04787946   -0.02561390
     atom  169 type  1   force =     0.01243934    0.02793143   -0.02604819
     atom  170 type  1   force =     0.00336952    0.02845309   -0.00792078
     atom  171 type  1   force =     0.01987667    0.02705069    0.02176272
     atom  172 type  1   force =     0.02514921    0.03215506    0.09384745
     atom  173 type  1   force =    -0.00465107    0.02669663    0.01436680
     atom  174 type  1   force =    -0.02011656    0.04773505    0.04630260
     atom  175 type  1   force =    -0.01469313    0.02603352   -0.04072153
     atom  176 type  1   force =    -0.02014309    0.01188810    0.00482014
     atom  177 type  1   force =     0.02230231    0.04376756    0.03760516
     atom  178 type  1   force =     0.02701237    0.11514113    0.08295211
     atom  179 type  1   force =    -0.01109814    0.10435921    0.04076726
     atom  180 type  1   force =    -0.09575965    0.14701492    0.03308588
     atom  181 type  1   force =    -0.00424794    0.09614030    0.12284066
     atom  182 type  1   force =    -0.15482356    0.16851966    0.17224314
     atom  183 type  1   force =     0.04076860    0.10435614   -0.01110014
     atom  184 type  1   force =     0.03309143    0.14701032   -0.09576050
     atom  185 type  1   force =     0.03269809    0.09466789   -0.13142075
     atom  186 type  1   force =    -0.01329879    0.02588141   -0.11269985
     atom  187 type  1   force =    -0.02175203    0.06369216   -0.05436753
     atom  188 type  1   force =    -0.03065712    0.03784932   -0.05333199
     atom  189 type  1   force =    -0.10634246    0.16459880   -0.10634958
     atom  190 type  1   force =    -0.13744000    0.00449153   -0.13744502
     atom  191 type  1   force =     0.01148675   -0.00118389   -0.06241139
     atom  192 type  1   force =     0.00201766   -0.01618178   -0.00397851
     atom  193 type  1   force =     0.02276599   -0.02636162    0.02495092
     atom  194 type  1   force =     0.01903274   -0.05007890    0.04520958
     atom  195 type  1   force =    -0.00537448    0.00062833    0.05319860
     atom  196 type  1   force =    -0.03641705   -0.03569625    0.09803085
     atom  197 type  1   force =    -0.01982113   -0.02915977   -0.03014316
     atom  198 type  1   force =    -0.01767019   -0.02505496    0.00539103
     atom  199 type  1   force =     0.08480106    0.00094934    0.13101896
     atom  200 type  1   force =     0.13954718   -0.15232451    0.18818386
     atom  201 type  1   force =     0.07547259   -0.15524090    0.07546849
     atom  202 type  1   force =     0.00284802   -0.14050707    0.00284393
     atom  203 type  1   force =    -0.11583687   -0.10090482    0.12220759
     atom  204 type  1   force =    -0.18789402   -0.17108952   -0.12191883
     atom  205 type  1   force =    -0.02307710   -0.09895146    0.10322181
     atom  206 type  1   force =    -0.04043878   -0.10285855    0.04311907
     atom  207 type  1   force =     0.12221514   -0.10090025   -0.11583242
     atom  208 type  1   force =    -0.12189711   -0.17107636   -0.18788898
     atom  209 type  1   force =     0.02736631   -0.10203208   -0.10314160
     atom  210 type  1   force =    -0.01516629   -0.05131898   -0.04756909
     atom  211 type  1   force =    -0.07805796   -0.02100675   -0.14843904
     atom  212 type  1   force =    -0.04412725   -0.02847532   -0.05738463
     atom  213 type  1   force =    -0.06953400   -0.16463822   -0.06954203
     atom  214 type  1   force =    -0.04420791   -0.06754185   -0.04421026
     atom  215 type  2   force =     0.13840470    0.18600638    0.13839778
       
     --------------------------------------------------------------------------------------------
     TDDFT Force : Second Part                                           
     --------------------------------------------------------------------------------------------
     atom    1 type  1   force =     0.01694427    0.01348788    0.01062376
     atom    2 type  1   force =     0.01256132    0.00437275    0.00148084
     atom    3 type  1   force =     0.01381862   -0.00338505   -0.00622708
     atom    4 type  1   force =     0.01649313   -0.01372628   -0.01453717
     atom    5 type  1   force =     0.01060504    0.01202584   -0.00725090
     atom    6 type  1   force =     0.00379937    0.00592613   -0.01017228
     atom    7 type  1   force =     0.00960602   -0.00462563    0.00960401
     atom    8 type  1   force =     0.00345552   -0.00881541    0.00345289
     atom    9 type  1   force =     0.02576553    0.03335011   -0.02623934
     atom   10 type  1   force =     0.02060907    0.01213232   -0.01712908
     atom   11 type  1   force =     0.02329145   -0.01532232   -0.01763199
     atom   12 type  1   force =     0.03731387   -0.03415623   -0.01282028
     atom   13 type  1   force =     0.01956780    0.02284769   -0.01240991
     atom   14 type  1   force =     0.00414787    0.00909570   -0.00329141
     atom   15 type  1   force =     0.01237887   -0.00284095   -0.01484641
     atom   16 type  1   force =     0.00687448   -0.01258255   -0.01517552
     atom   17 type  1   force =     0.03040931    0.03612838    0.01657663
     atom   18 type  1   force =     0.02026556    0.00304553    0.01556380
     atom   19 type  1   force =     0.02280755   -0.01759202    0.02280880
     atom   20 type  1   force =     0.02111251   -0.01888231    0.02111190
     atom   21 type  1   force =     0.01062732    0.01348769    0.01694570
     atom   22 type  1   force =     0.00148429    0.00437194    0.01256017
     atom   23 type  1   force =     0.01812648   -0.00939647    0.00791617
     atom   24 type  1   force =     0.00805447   -0.01557052    0.01192159
     atom   25 type  1   force =     0.02245158   -0.02375411    0.02467560
     atom   26 type  1   force =     0.01967298   -0.01819126    0.00578068
     atom   27 type  1   force =     0.02486553   -0.02293098   -0.02318742
     atom   28 type  1   force =     0.04307533   -0.01881414   -0.04067885
     atom   29 type  1   force =     0.01230914   -0.01514529   -0.00548942
     atom   30 type  1   force =     0.00750907   -0.01694116   -0.01397636
     atom   31 type  1   force =     0.01723667   -0.01353135    0.01723299
     atom   32 type  1   force =     0.00442932   -0.00573508    0.00442355
     atom   33 type  1   force =     0.02864340   -0.03794608   -0.03513523
     atom   34 type  1   force =     0.05283460   -0.04272300   -0.03695696
     atom   35 type  1   force =     0.13506401   -0.07816110   -0.05483438
     atom   36 type  1   force =     0.11714658   -0.01368847    0.00133499
     atom   37 type  1   force =     0.03100161   -0.02765260   -0.01753521
     atom   38 type  1   force =     0.01309698   -0.02583234   -0.00585013
     atom   39 type  1   force =     0.03413097   -0.02302382   -0.02769576
     atom   40 type  1   force =     0.01579226   -0.01012503   -0.02432039
     atom   41 type  1   force =     0.07169774   -0.07767214    0.02297872
     atom   42 type  1   force =     0.07144397   -0.03878008    0.03310340
     atom   43 type  1   force =     0.07766304   -0.03136060    0.07766635
     atom   44 type  1   force =     0.04003158    0.00364538    0.04003088
     atom   45 type  1   force =     0.02467828   -0.02375379    0.02245246
     atom   46 type  1   force =     0.00578557   -0.01818967    0.01967124
     atom   47 type  1   force =     0.05166579   -0.02093836    0.01095504
     atom   48 type  1   force =     0.00321600   -0.00731829    0.01996917
     atom   49 type  1   force =     0.02994116    0.01097327    0.02719393
     atom   50 type  1   force =     0.02181358    0.01406409   -0.00327043
     atom   51 type  1   force =     0.02666718    0.02513340   -0.02628160
     atom   52 type  1   force =     0.02517936    0.02564090   -0.02346700
     atom   53 type  1   force =     0.02076376    0.00593137   -0.01474230
     atom   54 type  1   force =     0.01039803    0.01147225   -0.01865804
     atom   55 type  1   force =     0.01095221    0.01609967    0.01094826
     atom   56 type  1   force =     0.00189707    0.01353080    0.00189274
     atom   57 type  1   force =     0.09002864    0.01648034   -0.09348761
     atom   58 type  1   force =     0.08983770    0.03465581   -0.04122251
     atom   59 type  1   force =     0.09735278    0.09363372   -0.03007868
     atom   60 type  1   force =     0.04571137    0.04655094    0.01098204
     atom   61 type  1   force =     0.05903349    0.00545649   -0.01542584
     atom   62 type  1   force =     0.00546716    0.01712363   -0.00310548
     atom   63 type  1   force =     0.03061934    0.02476673   -0.02681674
     atom   64 type  1   force =     0.00789217    0.02234440   -0.01857511
     atom   65 type  1   force =     0.15348992    0.04263478    0.06362269
     atom   66 type  1   force =     0.05990179    0.03394878    0.04103685
     atom   67 type  1   force =     0.04382909    0.04055703    0.04383422
     atom   68 type  1   force =     0.01939065    0.01999550    0.01939013
     atom   69 type  1   force =     0.02720024    0.01097313    0.02994376
     atom   70 type  1   force =    -0.00326239    0.01406315    0.02181077
     atom   71 type  1   force =     0.03041353    0.02922897    0.01665750
     atom   72 type  1   force =    -0.00313445    0.02276975    0.01677458
     atom   73 type  1   force =    -0.00724678    0.01202417    0.01060149
     atom   74 type  1   force =    -0.01017031    0.00592521    0.00379597
     atom   75 type  1   force =    -0.00347599   -0.00176747   -0.00347832
     atom   76 type  1   force =    -0.01106677   -0.01014041   -0.01106798
     atom   77 type  1   force =    -0.01609033    0.01497821   -0.00558229
     atom   78 type  1   force =    -0.01640715    0.01111468   -0.01448960
     atom   79 type  1   force =    -0.01484529   -0.00284178    0.01237548
     atom   80 type  1   force =    -0.01517647   -0.01258237    0.00687072
     atom   81 type  1   force =    -0.00557837    0.01497880   -0.01609030
     atom   82 type  1   force =    -0.01448770    0.01111416   -0.01640488
     atom   83 type  1   force =    -0.00511895   -0.00200636   -0.01112390
     atom   84 type  1   force =    -0.02125616   -0.02013853   -0.00496925
     atom   85 type  1   force =    -0.02911496    0.04020100   -0.02159525
     atom   86 type  1   force =    -0.02332375    0.02259776   -0.00640557
     atom   87 type  1   force =    -0.01670520   -0.00277292   -0.01670478
     atom   88 type  1   force =    -0.02615349   -0.02866669   -0.02615098
     atom   89 type  1   force =    -0.01522995    0.02425118    0.00902393
     atom   90 type  1   force =    -0.01788980    0.01420394    0.01296376
     atom   91 type  1   force =    -0.00622344   -0.00338559    0.01381841
     atom   92 type  1   force =    -0.01453434   -0.01372499    0.01649092
     atom   93 type  1   force =    -0.02623438    0.03334111    0.02576254
     atom   94 type  1   force =    -0.01712865    0.01212739    0.02060559
     atom   95 type  1   force =    -0.02417604   -0.00628698    0.00453078
     atom   96 type  1   force =    -0.03483501   -0.04081482    0.01978670
     atom   97 type  1   force =    -0.00548597   -0.01514388    0.01230603
     atom   98 type  1   force =    -0.01397396   -0.01693949    0.00750426
     atom   99 type  1   force =    -0.00489954   -0.01304199   -0.00490358
     atom  100 type  1   force =    -0.02243142   -0.00811364   -0.02243321
     atom  101 type  1   force =    -0.01654211   -0.01683500   -0.00546433
     atom  102 type  1   force =    -0.02731047   -0.02914225   -0.03040820
     atom  103 type  1   force =    -0.02769317   -0.02301849    0.03412081
     atom  104 type  1   force =    -0.02432238   -0.01012312    0.01578067
     atom  105 type  1   force =    -0.00546106   -0.01683531   -0.01654195
     atom  106 type  1   force =    -0.03040567   -0.02914106   -0.02730662
     atom  107 type  1   force =    -0.02008763   -0.02353930   -0.02014508
     atom  108 type  1   force =    -0.08789744   -0.02625836   -0.02165279
     atom  109 type  1   force =    -0.04171077   -0.04347286   -0.02390970
     atom  110 type  1   force =    -0.09730394   -0.10794891   -0.02553892
     atom  111 type  1   force =    -0.04351233   -0.02719600   -0.04351013
     atom  112 type  1   force =    -0.10673168   -0.03720496   -0.10671774
     atom  113 type  1   force =    -0.01133686   -0.02565764    0.00419805
     atom  114 type  1   force =    -0.04404752   -0.04181406    0.02094867
     atom  115 type  1   force =    -0.02317649   -0.02292593    0.02486408
     atom  116 type  1   force =    -0.04066749   -0.01880748    0.04306515
     atom  117 type  1   force =    -0.03513226   -0.03793935    0.02864117
     atom  118 type  1   force =    -0.03695687   -0.04271413    0.05282676
     atom  119 type  1   force =    -0.12024489   -0.08190020    0.00792913
     atom  120 type  1   force =    -0.17201524   -0.12525748    0.14733042
     atom  121 type  1   force =    -0.01473432    0.00593068    0.02075637
     atom  122 type  1   force =    -0.01865403    0.01147137    0.01038990
     atom  123 type  1   force =    -0.00626854    0.01400216   -0.00627285
     atom  124 type  1   force =    -0.01609795    0.01837702   -0.01609955
     atom  125 type  1   force =    -0.02661427    0.00209982   -0.01089245
     atom  126 type  1   force =    -0.04193250    0.01880004   -0.04797834
     atom  127 type  1   force =    -0.02681202    0.02476243    0.03060763
     atom  128 type  1   force =    -0.01857601    0.02234238    0.00788289
     atom  129 type  1   force =    -0.01088538    0.00209969   -0.02661330
     atom  130 type  1   force =    -0.04797313    0.01879923   -0.04192424
     atom  131 type  1   force =    -0.02392960    0.02477643   -0.02178437
     atom  132 type  1   force =    -0.04320814    0.04611649   -0.01795707
     atom  133 type  1   force =    -0.12755146    0.00213585   -0.07756597
     atom  134 type  1   force =    -0.17802662    0.13562651   -0.12858864
     atom  135 type  1   force =    -0.04085918    0.03032925   -0.04085614
     atom  136 type  1   force =    -0.04359131    0.06128244   -0.04358359
     atom  137 type  1   force =    -0.04581269    0.00199943    0.00596287
     atom  138 type  1   force =    -0.08734932    0.03133307    0.03624323
     atom  139 type  1   force =    -0.02626945    0.02512910    0.02666470
     atom  140 type  1   force =    -0.02345983    0.02563546    0.02517363
     atom  141 type  1   force =    -0.09346248    0.01647746    0.09000709
     atom  142 type  1   force =    -0.04121620    0.03465003    0.08981138
     atom  143 type  1   force =    -0.09758380    0.08982719    0.02771017
     atom  144 type  1   force =    -0.04147879    0.09336450    0.03992527
     atom  145 type  1   force =    -0.01241107    0.02284269    0.01955971
     atom  146 type  1   force =    -0.00329526    0.00909500    0.00414236
     atom  147 type  1   force =    -0.01112625   -0.00200640   -0.00512250
     atom  148 type  1   force =    -0.00497292   -0.02013986   -0.02125899
     atom  149 type  1   force =     0.00902109    0.02425464   -0.01523785
     atom  150 type  1   force =     0.01296274    0.01420791   -0.01789409
     atom  151 type  1   force =     0.00791311   -0.00939753    0.01812349
     atom  152 type  1   force =     0.01191995   -0.01557114    0.00805066
     atom  153 type  1   force =    -0.02160232    0.04020490   -0.02911481
     atom  154 type  1   force =    -0.00641112    0.02260142   -0.02332155
     atom  155 type  1   force =    -0.01841230   -0.01331733   -0.01840830
     atom  156 type  1   force =    -0.01606966   -0.07504144   -0.01606392
     atom  157 type  1   force =     0.01020115    0.06735430   -0.01590378
     atom  158 type  1   force =     0.01922828    0.01497151   -0.00222857
     atom  159 type  1   force =     0.00452774   -0.00628585   -0.02417729
     atom  160 type  1   force =     0.01978553   -0.04081848   -0.03483446
     atom  161 type  1   force =    -0.01591036    0.06734363    0.01020931
     atom  162 type  1   force =    -0.00223429    0.01496672    0.01923155
     atom  163 type  1   force =    -0.01763458   -0.01532416    0.02329103
     atom  164 type  1   force =    -0.01282420   -0.03415551    0.03731184
     atom  165 type  1   force =     0.01656756    0.03612246    0.03041061
     atom  166 type  1   force =     0.01556026    0.00304423    0.02026439
     atom  167 type  1   force =     0.00634284   -0.03127280    0.00634740
     atom  168 type  1   force =     0.02927572   -0.06672186    0.02927892
     atom  169 type  1   force =    -0.01753791   -0.02764995    0.03099649
     atom  170 type  1   force =    -0.00585421   -0.02583189    0.01308926
     atom  171 type  1   force =    -0.02015074   -0.02354038   -0.02009633
     atom  172 type  1   force =    -0.02166479   -0.02626372   -0.08791380
     atom  173 type  1   force =     0.00419493   -0.02566015   -0.01134256
     atom  174 type  1   force =     0.02094813   -0.04182273   -0.04405646
     atom  175 type  1   force =     0.01094847   -0.02093610    0.05165765
     atom  176 type  1   force =     0.01996567   -0.00731930    0.00320458
     atom  177 type  1   force =    -0.02391480   -0.04347570   -0.04171122
     atom  178 type  1   force =    -0.02555312   -0.10796216   -0.09730249
     atom  179 type  1   force =     0.01029877   -0.11485990   -0.06106810
     atom  180 type  1   force =     0.12157877   -0.15923758   -0.08190233
     atom  181 type  1   force =     0.00791930   -0.08192051   -0.12026227
     atom  182 type  1   force =     0.14735527   -0.12530799   -0.17204376
     atom  183 type  1   force =    -0.06107350   -0.11485108    0.01030494
     atom  184 type  1   force =    -0.08191897   -0.15922241    0.12158027
     atom  185 type  1   force =    -0.05484225   -0.07813947    0.13504844
     atom  186 type  1   force =     0.00132265   -0.01368029    0.11712978
     atom  187 type  1   force =     0.02297373   -0.07767001    0.07169883
     atom  188 type  1   force =     0.03309884   -0.03877843    0.07144258
     atom  189 type  1   force =     0.10873347   -0.13210845    0.10875404
     atom  190 type  1   force =     0.15779531    0.04084836    0.15781186
     atom  191 type  1   force =    -0.01543089    0.00545865    0.05901433
     atom  192 type  1   force =    -0.00311239    0.01712392    0.00545193
     atom  193 type  1   force =    -0.02179140    0.02477741   -0.02394106
     atom  194 type  1   force =    -0.01796669    0.04612334   -0.04321730
     atom  195 type  1   force =     0.00595640    0.00199872   -0.04583089
     atom  196 type  1   force =     0.03624469    0.03133979   -0.08737543
     atom  197 type  1   force =     0.01664850    0.02922776    0.03040180
     atom  198 type  1   force =     0.01677171    0.02277127   -0.00314318
     atom  199 type  1   force =    -0.07758972    0.00213379   -0.12755914
     atom  200 type  1   force =    -0.12864944    0.13565299   -0.17803793
     atom  201 type  1   force =    -0.06994082    0.15167772   -0.06991521
     atom  202 type  1   force =    -0.00339934    0.13227801   -0.00338005
     atom  203 type  1   force =     0.14502821    0.07847773   -0.14405425
     atom  204 type  1   force =     0.17924919    0.16290942    0.09713105
     atom  205 type  1   force =     0.02770475    0.08984865   -0.09760450
     atom  206 type  1   force =     0.03992479    0.09338822   -0.04148346
     atom  207 type  1   force =    -0.14407087    0.07847427    0.14503898
     atom  208 type  1   force =     0.09705894    0.16288599    0.17924434
     atom  209 type  1   force =    -0.03007679    0.09361065    0.09733365
     atom  210 type  1   force =     0.01097034    0.04654171    0.04570149
     atom  211 type  1   force =     0.06359410    0.04263833    0.15348244
     atom  212 type  1   force =     0.04102581    0.03394819    0.05989728
     atom  213 type  1   force =     0.06185571    0.16253417    0.06188699
     atom  214 type  1   force =     0.04174651    0.06435462    0.04175711
     atom  215 type  2   force =    -0.15226802   -0.16393338   -0.15224262
       
     --------------------------------------------------------------------------------------------
     TDDFT Force : Build RHS of the Z-Vector Eq                          
     --------------------------------------------------------------------------------------------
       
     --------------------------------------------------------------------------------------------
     TDDFT Force : Solve the Z-Vector Eq CG                              
     --------------------------------------------------------------------------------------------

                            *-------------*
     # Norm of z_rhs_vec  = |  4.9893E-02 |
                            *-------------*
     Initial residual =  0.31119047E+02
          Residual(00001) =  0.43264070E+00
          Residual(00002) =  0.89516474E-01
          Residual(00003) =  0.12432859E-01
          Residual(00004) =  0.48386833E-02
          Residual(00005) =  0.24406307E-02
          Residual(00006) =  0.29200050E-02
          Residual(00007) =  0.17234794E-02
          Residual(00008) =  0.14425394E-02
          Residual(00009) =  0.58738084E-03
          Residual(00010) =  0.40861237E-03
          Residual(00011) =  0.14469730E-03
          Residual(00012) =  0.75111504E-04
          Residual(00013) =  0.31790471E-04
          Residual(00014) =  0.20353757E-04
          Residual(00015) =  0.97583211E-05
          Residual(00016) =  0.53782525E-05
          Residual(00017) =  0.20687927E-05
          Residual(00018) =  0.11355246E-05
          Residual(00019) =  0.46966190E-06
          Residual(00020) =  0.22884994E-06
          Residual(00021) =  0.96747237E-07
          Residual(00022) =  0.55058345E-07
          Residual(00023) =  0.25227400E-07
          Residual(00024) =  0.12857703E-07
          Residual(00025) =  0.67173622E-08
          Residual(00026) =  0.33097847E-08
          Residual(00027) =  0.13670874E-08
          Residual(00028) =  0.62324505E-09
          Residual(00029) =  0.30371756E-09
          Residual(00030) =  0.16786019E-09
          Residual(00031) =  0.75670881E-10
          Residual(00032) =  0.41291830E-10
          Residual(00033) =  0.21503892E-10
          Residual(00034) =  0.12378982E-10
          Residual(00035) =  0.64228867E-11
          Residual(00036) =  0.36296343E-11
          Residual(00037) =  0.18784249E-11
          Residual(00038) =  0.91592644E-12
       
     --------------------------------------------------------------------------------------------
     TDDFT Force : Z-Vector Part                                         
     --------------------------------------------------------------------------------------------
     atom    1 type  1   force =     0.00011292    0.00311006   -0.00172405
     atom    2 type  1   force =    -0.00064697    0.00274256   -0.00198542
     atom    3 type  1   force =    -0.00037610    0.00224469   -0.00194914
     atom    4 type  1   force =    -0.00069837    0.00035021   -0.00025414
     atom    5 type  1   force =     0.00001277    0.00233771   -0.00127146
     atom    6 type  1   force =    -0.00010559    0.00193761   -0.00036517
     atom    7 type  1   force =    -0.00209333    0.00251186   -0.00209184
     atom    8 type  1   force =    -0.00150136    0.00056614   -0.00149947
     atom    9 type  1   force =     0.00099584    0.00531071   -0.00127743
     atom   10 type  1   force =    -0.00011574    0.00481966    0.00134157
     atom   11 type  1   force =    -0.00150560    0.00783832    0.00527979
     atom   12 type  1   force =    -0.00726005    0.00692190    0.00719674
     atom   13 type  1   force =     0.00066907    0.00435938    0.00063909
     atom   14 type  1   force =    -0.00128441    0.00337115    0.00127984
     atom   15 type  1   force =    -0.00055456    0.00197533    0.00072881
     atom   16 type  1   force =    -0.00125634    0.00087101    0.00167250
     atom   17 type  1   force =     0.00021153    0.00634008    0.00302030
     atom   18 type  1   force =    -0.00220423    0.00635720    0.00051851
     atom   19 type  1   force =    -0.00292482    0.00845512   -0.00292567
     atom   20 type  1   force =    -0.00452284    0.00424717   -0.00452233
     atom   21 type  1   force =    -0.00172691    0.00311020    0.00011192
     atom   22 type  1   force =    -0.00198803    0.00274318   -0.00064597
     atom   23 type  1   force =    -0.00445092    0.00549921    0.00074852
     atom   24 type  1   force =    -0.00491487    0.00218300   -0.00026176
     atom   25 type  1   force =    -0.00302846    0.00202532   -0.00797021
     atom   26 type  1   force =    -0.00215957   -0.00182940   -0.00571089
     atom   27 type  1   force =    -0.00041470   -0.00526963   -0.00684156
     atom   28 type  1   force =     0.00471871   -0.00609324   -0.00576285
     atom   29 type  1   force =    -0.00101732   -0.00088255   -0.00188004
     atom   30 type  1   force =     0.00017610   -0.00214195   -0.00029893
     atom   31 type  1   force =    -0.00463219   -0.00205238   -0.00462948
     atom   32 type  1   force =    -0.00161948   -0.00271763   -0.00161491
     atom   33 type  1   force =    -0.00102369   -0.00258421    0.00348105
     atom   34 type  1   force =    -0.00153079   -0.00549164    0.00698334
     atom   35 type  1   force =    -0.00363700   -0.01753328    0.02241828
     atom   36 type  1   force =    -0.00484537   -0.01226416    0.01201548
     atom   37 type  1   force =    -0.00498341   -0.00035835    0.00518711
     atom   38 type  1   force =    -0.00525360   -0.00253267    0.00251590
     atom   39 type  1   force =     0.00249326   -0.00518314    0.00126913
     atom   40 type  1   force =     0.00096707   -0.00325021    0.00138546
     atom   41 type  1   force =    -0.01605879    0.01323672    0.00011099
     atom   42 type  1   force =    -0.01864750    0.00126552   -0.00287920
     atom   43 type  1   force =    -0.01393024   -0.00194995   -0.01393304
     atom   44 type  1   force =    -0.00669138   -0.00803857   -0.00669054
     atom   45 type  1   force =    -0.00797235    0.00202509   -0.00302899
     atom   46 type  1   force =    -0.00571441   -0.00183050   -0.00215828
     atom   47 type  1   force =    -0.01056790   -0.00507454    0.00366240
     atom   48 type  1   force =    -0.00819019   -0.00468911    0.00033509
     atom   49 type  1   force =    -0.00047149   -0.00549485   -0.00648546
     atom   50 type  1   force =    -0.00000739   -0.00068926   -0.00423511
     atom   51 type  1   force =     0.00092667    0.00244384   -0.00447495
     atom   52 type  1   force =     0.00151082    0.00341528   -0.00229827
     atom   53 type  1   force =     0.00182566   -0.00087363   -0.00404670
     atom   54 type  1   force =     0.00175692    0.00042651   -0.00116316
     atom   55 type  1   force =    -0.00134875    0.00027688   -0.00134581
     atom   56 type  1   force =    -0.00067847    0.00162329   -0.00067529
     atom   57 type  1   force =     0.01002030    0.00172287   -0.00937073
     atom   58 type  1   force =     0.01039309    0.00262171    0.00029845
     atom   59 type  1   force =     0.00653958    0.00809393    0.00114265
     atom   60 type  1   force =     0.00179697    0.00450318    0.00450121
     atom   61 type  1   force =     0.00320128   -0.00407920    0.00415767
     atom   62 type  1   force =    -0.00152072   -0.00119625    0.00110800
     atom   63 type  1   force =     0.00326243    0.00246700   -0.00116875
     atom   64 type  1   force =     0.00109469    0.00242898   -0.00031566
     atom   65 type  1   force =    -0.00354586   -0.02093339    0.01427300
     atom   66 type  1   force =    -0.00224067   -0.00583104    0.00312166
     atom   67 type  1   force =     0.00063864   -0.00201976    0.00063512
     atom   68 type  1   force =    -0.00069979    0.00142242   -0.00069933
     atom   69 type  1   force =    -0.00649050   -0.00549500   -0.00047330
     atom   70 type  1   force =    -0.00424121   -0.00068842   -0.00000510
     atom   71 type  1   force =    -0.00021606    0.00009109    0.00302232
     atom   72 type  1   force =    -0.00223062    0.00237189    0.00085615
     atom   73 type  1   force =    -0.00127445    0.00233888    0.00001548
     atom   74 type  1   force =    -0.00036662    0.00193832   -0.00010296
     atom   75 type  1   force =    -0.00041962    0.00117607   -0.00041795
     atom   76 type  1   force =     0.00027475    0.00042173    0.00027558
     atom   77 type  1   force =    -0.00029060    0.00208176    0.00011058
     atom   78 type  1   force =    -0.00002777    0.00245434   -0.00002837
     atom   79 type  1   force =     0.00072804    0.00197609   -0.00055200
     atom   80 type  1   force =     0.00167333    0.00087085   -0.00125338
     atom   81 type  1   force =     0.00010746    0.00208150   -0.00029079
     atom   82 type  1   force =    -0.00002976    0.00245492   -0.00002973
     atom   83 type  1   force =    -0.00061892    0.00229584    0.00071669
     atom   84 type  1   force =     0.00080730    0.00127591    0.00039371
     atom   85 type  1   force =    -0.00069012    0.00363601   -0.00082100
     atom   86 type  1   force =     0.00085928    0.00598710   -0.00008263
     atom   87 type  1   force =     0.00058130    0.00190160    0.00058092
     atom   88 type  1   force =     0.00245728    0.00271798    0.00245538
     atom   89 type  1   force =    -0.00163660    0.00338339    0.00066122
     atom   90 type  1   force =    -0.00102476    0.00375091    0.00007016
     atom   91 type  1   force =    -0.00195191    0.00224522   -0.00037586
     atom   92 type  1   force =    -0.00025608    0.00034936   -0.00069667
     atom   93 type  1   force =    -0.00128085    0.00531749    0.00099805
     atom   94 type  1   force =     0.00134115    0.00482348   -0.00011290
     atom   95 type  1   force =     0.00172412    0.00393136    0.00005342
     atom   96 type  1   force =     0.00737421    0.00424468   -0.00139418
     atom   97 type  1   force =    -0.00188241   -0.00088346   -0.00101508
     atom   98 type  1   force =    -0.00030043   -0.00214306    0.00017962
     atom   99 type  1   force =    -0.00027394   -0.00211190   -0.00027112
     atom  100 type  1   force =    -0.00008897   -0.00224919   -0.00008788
     atom  101 type  1   force =     0.00067118   -0.00076320    0.00005180
     atom  102 type  1   force =     0.00059802   -0.00236909    0.00113900
     atom  103 type  1   force =     0.00126741   -0.00518695    0.00250064
     atom  104 type  1   force =     0.00138751   -0.00325142    0.00097593
     atom  105 type  1   force =     0.00004951   -0.00076304    0.00067098
     atom  106 type  1   force =     0.00113717   -0.00237017    0.00059508
     atom  107 type  1   force =    -0.00179502   -0.00350778    0.00020459
     atom  108 type  1   force =    -0.00593395   -0.00595417   -0.00341851
     atom  109 type  1   force =     0.00420889   -0.00005498    0.00097992
     atom  110 type  1   force =     0.01476318   -0.00598860   -0.00018159
     atom  111 type  1   force =     0.00065847   -0.00314770    0.00065618
     atom  112 type  1   force =    -0.00127736   -0.00999337   -0.00128791
     atom  113 type  1   force =    -0.00293665   -0.00100571    0.00040280
     atom  114 type  1   force =    -0.00198556   -0.00584580   -0.00071747
     atom  115 type  1   force =    -0.00684907   -0.00527330   -0.00041317
     atom  116 type  1   force =    -0.00577170   -0.00609697    0.00472718
     atom  117 type  1   force =     0.00347908   -0.00258868   -0.00102190
     atom  118 type  1   force =     0.00698410   -0.00549808   -0.00152471
     atom  119 type  1   force =    -0.00189712   -0.01470851   -0.00403380
     atom  120 type  1   force =    -0.00301987   -0.03198558    0.01018755
     atom  121 type  1   force =    -0.00405265   -0.00087405    0.00183146
     atom  122 type  1   force =    -0.00116589    0.00042728    0.00176310
     atom  123 type  1   force =    -0.00018083    0.00100648   -0.00017760
     atom  124 type  1   force =    -0.00025361    0.00167351   -0.00025258
     atom  125 type  1   force =    -0.00065919   -0.00154176    0.00045656
     atom  126 type  1   force =    -0.00225473    0.00052867   -0.00142711
     atom  127 type  1   force =    -0.00117188    0.00246953    0.00327139
     atom  128 type  1   force =    -0.00031497    0.00243038    0.00110205
     atom  129 type  1   force =     0.00045129   -0.00154138   -0.00066048
     atom  130 type  1   force =    -0.00143150    0.00052894   -0.00226191
     atom  131 type  1   force =    -0.00106192    0.00163284   -0.00082702
     atom  132 type  1   force =    -0.00160752    0.00346120   -0.00208793
     atom  133 type  1   force =    -0.00510787   -0.00278873   -0.00724293
     atom  134 type  1   force =    -0.00675244    0.01110648   -0.01875809
     atom  135 type  1   force =    -0.00097270    0.00144074   -0.00097533
     atom  136 type  1   force =    -0.00181859    0.00291345   -0.00182567
     atom  137 type  1   force =    -0.00717950   -0.00234812   -0.00082791
     atom  138 type  1   force =    -0.01053327    0.00400918    0.00018418
     atom  139 type  1   force =    -0.00448393    0.00244651    0.00092870
     atom  140 type  1   force =    -0.00230352    0.00341919    0.00151540
     atom  141 type  1   force =    -0.00938697    0.00172111    0.01003535
     atom  142 type  1   force =     0.00029465    0.00262469    0.01041146
     atom  143 type  1   force =    -0.00563807    0.00794828   -0.00136544
     atom  144 type  1   force =    -0.00152957    0.00966283    0.00057046
     atom  145 type  1   force =     0.00064130    0.00436375    0.00067625
     atom  146 type  1   force =     0.00128224    0.00337181   -0.00127927
     atom  147 type  1   force =     0.00071881    0.00229590   -0.00061598
     atom  148 type  1   force =     0.00039628    0.00127675    0.00080935
     atom  149 type  1   force =     0.00066382    0.00338029   -0.00163005
     atom  150 type  1   force =     0.00007049    0.00374763   -0.00102144
     atom  151 type  1   force =     0.00075086    0.00549980   -0.00444821
     atom  152 type  1   force =    -0.00026061    0.00218344   -0.00491187
     atom  153 type  1   force =    -0.00081535    0.00363260   -0.00069013
     atom  154 type  1   force =    -0.00007807    0.00598404    0.00085719
     atom  155 type  1   force =     0.00236430    0.00661494    0.00236115
     atom  156 type  1   force =     0.00674521    0.01484435    0.00674118
     atom  157 type  1   force =     0.00034955    0.00808227    0.00095009
     atom  158 type  1   force =     0.00058319    0.00967217    0.00340069
     atom  159 type  1   force =     0.00005563    0.00393024    0.00172493
     atom  160 type  1   force =    -0.00139327    0.00424672    0.00737358
     atom  161 type  1   force =     0.00095532    0.00809010    0.00034331
     atom  162 type  1   force =     0.00340526    0.00967576    0.00058040
     atom  163 type  1   force =     0.00528172    0.00783984   -0.00150528
     atom  164 type  1   force =     0.00719933    0.00692131   -0.00725822
     atom  165 type  1   force =     0.00302702    0.00634446    0.00021068
     atom  166 type  1   force =     0.00052128    0.00635822   -0.00220332
     atom  167 type  1   force =     0.00245635    0.01437430    0.00245294
     atom  168 type  1   force =    -0.00388151    0.01927022   -0.00388392
     atom  169 type  1   force =     0.00518881   -0.00036021   -0.00497936
     atom  170 type  1   force =     0.00251913   -0.00253277   -0.00524776
     atom  171 type  1   force =     0.00020877   -0.00350662   -0.00178821
     atom  172 type  1   force =    -0.00340976   -0.00594917   -0.00592190
     atom  173 type  1   force =     0.00040458   -0.00100373   -0.00293243
     atom  174 type  1   force =    -0.00071672   -0.00583936   -0.00197913
     atom  175 type  1   force =     0.00366674   -0.00507611   -0.01056124
     atom  176 type  1   force =     0.00033747   -0.00468831   -0.00818142
     atom  177 type  1   force =     0.00098399   -0.00005299    0.00420865
     atom  178 type  1   force =    -0.00017315   -0.00597988    0.01476147
     atom  179 type  1   force =     0.00086079    0.01042769    0.02031707
     atom  180 type  1   force =    -0.02891078    0.01651267    0.04941360
     atom  181 type  1   force =    -0.00402848   -0.01469359   -0.00188594
     atom  182 type  1   force =     0.01017187   -0.03195973   -0.00300413
     atom  183 type  1   force =     0.02032103    0.01042204    0.00085655
     atom  184 type  1   force =     0.04942382    0.01650217   -0.02891144
     atom  185 type  1   force =     0.02242365   -0.01754863   -0.00362628
     atom  186 type  1   force =     0.01202457   -0.01227045   -0.00483350
     atom  187 type  1   force =     0.00011465    0.01323525   -0.01605963
     atom  188 type  1   force =    -0.00287607    0.00126447   -0.01864595
     atom  189 type  1   force =    -0.01187230   -0.00045194   -0.01188616
     atom  190 type  1   force =    -0.02166181   -0.05131164   -0.02167215
     atom  191 type  1   force =     0.00416140   -0.00408106    0.00321577
     atom  192 type  1   force =     0.00111334   -0.00119664   -0.00150837
     atom  193 type  1   force =    -0.00082137    0.00163161   -0.00105281
     atom  194 type  1   force =    -0.00208095    0.00345476   -0.00159938
     atom  195 type  1   force =    -0.00082373   -0.00234728   -0.00716543
     atom  196 type  1   force =     0.00018214    0.00400541   -0.01051536
     atom  197 type  1   force =     0.00302908    0.00009194   -0.00020664
     atom  198 type  1   force =     0.00085799    0.00237047   -0.00222340
     atom  199 type  1   force =    -0.00722407   -0.00278793   -0.00510215
     atom  200 type  1   force =    -0.01872038    0.01109241   -0.00674969
     atom  201 type  1   force =    -0.00385063    0.00450565   -0.00387015
     atom  202 type  1   force =     0.00067345    0.00769591    0.00065830
     atom  203 type  1   force =     0.00126110    0.00332956    0.00459859
     atom  204 type  1   force =     0.00706913    0.00368894    0.02768738
     atom  205 type  1   force =    -0.00136119    0.00793369   -0.00562442
     atom  206 type  1   force =     0.00057031    0.00964614   -0.00152689
     atom  207 type  1   force =     0.00461563    0.00333413    0.00125506
     atom  208 type  1   force =     0.02772139    0.00370911    0.00707554
     atom  209 type  1   force =     0.00114755    0.00811203    0.00655486
     atom  210 type  1   force =     0.00450799    0.00451173    0.00180654
     atom  211 type  1   force =     0.01429267   -0.02093673   -0.00354163
     atom  212 type  1   force =     0.00312993   -0.00583124   -0.00223655
     atom  213 type  1   force =     0.00587315    0.00224382    0.00585129
     atom  214 type  1   force =     0.00272794    0.00294515    0.00271943
     atom  215 type  2   force =     0.01188442   -0.01350680    0.01186201
       
     --------------------------------------------------------------------------------------------
     TDDFT Force Total                                                   
     --------------------------------------------------------------------------------------------
     atom    1 type  1   force =     0.00003179   -0.00002059    0.00001320
     atom    2 type  1   force =    -0.00008085    0.00002361   -0.00003142
     atom    3 type  1   force =     0.00003935   -0.00003821   -0.00002510
     atom    4 type  1   force =    -0.00001490   -0.00007205   -0.00001487
     atom    5 type  1   force =     0.00006032   -0.00003585   -0.00000423
     atom    6 type  1   force =    -0.00001035    0.00001882   -0.00000038
     atom    7 type  1   force =     0.00007303   -0.00002073    0.00007300
     atom    8 type  1   force =    -0.00003116    0.00003535   -0.00003116
     atom    9 type  1   force =     0.00007575   -0.00013846   -0.00013790
     atom   10 type  1   force =    -0.00007973    0.00008016    0.00006128
     atom   11 type  1   force =     0.00003727   -0.00006321    0.00001901
     atom   12 type  1   force =     0.00012018    0.00001328   -0.00027163
     atom   13 type  1   force =     0.00000085   -0.00001894   -0.00012374
     atom   14 type  1   force =     0.00009221   -0.00015328   -0.00013567
     atom   15 type  1   force =     0.00004539   -0.00006030   -0.00000526
     atom   16 type  1   force =    -0.00009068    0.00005982    0.00003787
     atom   17 type  1   force =    -0.00023975   -0.00005282   -0.00012186
     atom   18 type  1   force =    -0.00002462    0.00006652    0.00000996
     atom   19 type  1   force =     0.00008791   -0.00011598    0.00008789
     atom   20 type  1   force =    -0.00016608    0.00004469   -0.00016614
     atom   21 type  1   force =     0.00001319   -0.00002057    0.00003176
     atom   22 type  1   force =    -0.00003141    0.00002364   -0.00008084
     atom   23 type  1   force =    -0.00000392   -0.00017207    0.00004911
     atom   24 type  1   force =    -0.00001310    0.00005291   -0.00006277
     atom   25 type  1   force =     0.00016122   -0.00005306    0.00015433
     atom   26 type  1   force =    -0.00009177    0.00001084   -0.00003253
     atom   27 type  1   force =     0.00000528   -0.00001473    0.00014172
     atom   28 type  1   force =     0.00092186    0.00092029   -0.00090641
     atom   29 type  1   force =     0.00002329   -0.00000391    0.00003156
     atom   30 type  1   force =     0.00000954    0.00002390    0.00004825
     atom   31 type  1   force =     0.00015982    0.00012912    0.00015982
     atom   32 type  1   force =     0.00004941    0.00031161    0.00004982
     atom   33 type  1   force =     0.00007799   -0.00000874   -0.00007566
     atom   34 type  1   force =    -0.00027295    0.00036298   -0.00005281
     atom   35 type  1   force =     0.00000178   -0.00102045    0.00028045
     atom   36 type  1   force =    -0.00040304   -0.00006924    0.00004812
     atom   37 type  1   force =    -0.00003114   -0.00007860    0.00009064
     atom   38 type  1   force =    -0.00007929    0.00008846    0.00003417
     atom   39 type  1   force =    -0.00009493   -0.00009269   -0.00009910
     atom   40 type  1   force =     0.00008892   -0.00009707   -0.00012131
     atom   41 type  1   force =     0.00127204   -0.00074284    0.00133633
     atom   42 type  1   force =    -0.00053537    0.00033528   -0.00043416
     atom   43 type  1   force =     0.00142781    0.00074021    0.00142697
     atom   44 type  1   force =     0.00041087   -0.00034693    0.00041096
     atom   45 type  1   force =     0.00015440   -0.00005312    0.00016118
     atom   46 type  1   force =    -0.00003250    0.00001087   -0.00009188
     atom   47 type  1   force =     0.00037477    0.00002122   -0.00007762
     atom   48 type  1   force =    -0.00015662   -0.00011939    0.00015990
     atom   49 type  1   force =     0.00005516    0.00011488    0.00003182
     atom   50 type  1   force =     0.00006715   -0.00004404    0.00008103
     atom   51 type  1   force =    -0.00000402    0.00008554   -0.00001112
     atom   52 type  1   force =    -0.00004458    0.00005048    0.00002694
     atom   53 type  1   force =     0.00024714   -0.00048916   -0.00019861
     atom   54 type  1   force =    -0.00012920    0.00002997   -0.00012115
     atom   55 type  1   force =    -0.00000628    0.00003877   -0.00000624
     atom   56 type  1   force =    -0.00001878    0.00010490   -0.00001878
     atom   57 type  1   force =     0.00146701   -0.00344733   -0.00123136
     atom   58 type  1   force =    -0.00028633   -0.00031048    0.00004479
     atom   59 type  1   force =     0.00074433   -0.00031316   -0.00157002
     atom   60 type  1   force =    -0.00006263   -0.00026708    0.00031498
     atom   61 type  1   force =    -0.00018118    0.00019356    0.00021750
     atom   62 type  1   force =    -0.00003472   -0.00025449    0.00001860
     atom   63 type  1   force =     0.00007321   -0.00002160    0.00007790
     atom   64 type  1   force =    -0.00011778    0.00015711   -0.00000955
     atom   65 type  1   force =     0.00150300    0.00069514   -0.00017073
     atom   66 type  1   force =     0.00027592   -0.00035789    0.00002855
     atom   67 type  1   force =    -0.00003165    0.00002066   -0.00003140
     atom   68 type  1   force =    -0.00006672    0.00006620   -0.00006681
     atom   69 type  1   force =     0.00003185    0.00011458    0.00005506
     atom   70 type  1   force =     0.00008100   -0.00004377    0.00006711
     atom   71 type  1   force =     0.00005235    0.00015977   -0.00014340
     atom   72 type  1   force =     0.00002445    0.00008698   -0.00004030
     atom   73 type  1   force =    -0.00000418   -0.00003589    0.00006025
     atom   74 type  1   force =    -0.00000039    0.00001883   -0.00001035
     atom   75 type  1   force =    -0.00000124   -0.00001594   -0.00000128
     atom   76 type  1   force =     0.00004090   -0.00004769    0.00004087
     atom   77 type  1   force =     0.00000647   -0.00006244    0.00004779
     atom   78 type  1   force =    -0.00006515    0.00009691   -0.00008717
     atom   79 type  1   force =    -0.00000519   -0.00006026    0.00004534
     atom   80 type  1   force =     0.00003795    0.00005973   -0.00009065
     atom   81 type  1   force =     0.00004778   -0.00006244    0.00000644
     atom   82 type  1   force =    -0.00008700    0.00009681   -0.00006519
     atom   83 type  1   force =     0.00018224   -0.00004932   -0.00000813
     atom   84 type  1   force =     0.00009941    0.00017983    0.00026335
     atom   85 type  1   force =     0.00020243    0.00002592    0.00018092
     atom   86 type  1   force =     0.00006836   -0.00002312    0.00010683
     atom   87 type  1   force =     0.00001819   -0.00004930    0.00001812
     atom   88 type  1   force =    -0.00005674   -0.00008974   -0.00005676
     atom   89 type  1   force =     0.00017643   -0.00013096    0.00052430
     atom   90 type  1   force =     0.00004282    0.00005466   -0.00006765
     atom   91 type  1   force =    -0.00002510   -0.00003816    0.00003925
     atom   92 type  1   force =    -0.00001486   -0.00007208   -0.00001490
     atom   93 type  1   force =    -0.00013765   -0.00013840    0.00007537
     atom   94 type  1   force =     0.00006115    0.00008009   -0.00007966
     atom   95 type  1   force =    -0.00003248   -0.00005885    0.00004665
     atom   96 type  1   force =     0.00000106    0.00006606   -0.00013586
     atom   97 type  1   force =     0.00003159   -0.00000388    0.00002326
     atom   98 type  1   force =     0.00004834    0.00002393    0.00000950
     atom   99 type  1   force =     0.00000898   -0.00010461    0.00000894
     atom  100 type  1   force =    -0.00012740   -0.00006119   -0.00012731
     atom  101 type  1   force =    -0.00004897   -0.00002476   -0.00000292
     atom  102 type  1   force =     0.00005531    0.00005159   -0.00002130
     atom  103 type  1   force =    -0.00009924   -0.00009267   -0.00009515
     atom  104 type  1   force =    -0.00012105   -0.00009698    0.00008881
     atom  105 type  1   force =    -0.00000285   -0.00002473   -0.00004899
     atom  106 type  1   force =    -0.00002138    0.00005167    0.00005537
     atom  107 type  1   force =    -0.00012198    0.00000380   -0.00006508
     atom  108 type  1   force =     0.00001231   -0.00005792    0.00007459
     atom  109 type  1   force =     0.00010296    0.00023890   -0.00062903
     atom  110 type  1   force =     0.00041161    0.00120024    0.00128771
     atom  111 type  1   force =    -0.00005221    0.00035053   -0.00005255
     atom  112 type  1   force =    -0.00153652   -0.00054358   -0.00153564
     atom  113 type  1   force =     0.00009172    0.00003266   -0.00005109
     atom  114 type  1   force =     0.00026678    0.00007288    0.00011413
     atom  115 type  1   force =     0.00014192   -0.00001473    0.00000546
     atom  116 type  1   force =    -0.00090748    0.00092167    0.00092280
     atom  117 type  1   force =    -0.00007575   -0.00000858    0.00007804
     atom  118 type  1   force =    -0.00005215    0.00036294   -0.00027281
     atom  119 type  1   force =     0.00069303   -0.00047383   -0.00035612
     atom  120 type  1   force =    -0.00280291    0.01125850    0.00270270
     atom  121 type  1   force =    -0.00019893   -0.00049002    0.00024751
     atom  122 type  1   force =    -0.00012114    0.00003026   -0.00012915
     atom  123 type  1   force =     0.00006140    0.00001779    0.00006144
     atom  124 type  1   force =     0.00003552    0.00006648    0.00003547
     atom  125 type  1   force =    -0.00000342    0.00004050   -0.00003331
     atom  126 type  1   force =    -0.00008787   -0.00017022   -0.00034817
     atom  127 type  1   force =     0.00007820   -0.00002188    0.00007316
     atom  128 type  1   force =    -0.00000970    0.00015729   -0.00011790
     atom  129 type  1   force =    -0.00003331    0.00004086   -0.00000353
     atom  130 type  1   force =    -0.00034851   -0.00017100   -0.00008799
     atom  131 type  1   force =    -0.00004280    0.00004749    0.00015323
     atom  132 type  1   force =     0.00039226   -0.00050038   -0.00101382
     atom  133 type  1   force =    -0.00164249    0.00029625   -0.00001329
     atom  134 type  1   force =     0.00340199   -0.00558325   -0.00781846
     atom  135 type  1   force =     0.00013842   -0.00008280    0.00013863
     atom  136 type  1   force =    -0.00030388    0.00018605   -0.00030459
     atom  137 type  1   force =     0.00020234    0.00027987   -0.00024172
     atom  138 type  1   force =     0.00014059   -0.00035095    0.00000980
     atom  139 type  1   force =    -0.00001114    0.00008525   -0.00000429
     atom  140 type  1   force =     0.00002693    0.00005059   -0.00004453
     atom  141 type  1   force =    -0.00123219   -0.00345038    0.00146796
     atom  142 type  1   force =     0.00004524   -0.00031067   -0.00028715
     atom  143 type  1   force =    -0.00000801   -0.00116819    0.00326531
     atom  144 type  1   force =     0.00010895    0.00017500    0.00005647
     atom  145 type  1   force =    -0.00012231   -0.00001832    0.00000148
     atom  146 type  1   force =    -0.00013664   -0.00015312    0.00009262
     atom  147 type  1   force =    -0.00000795   -0.00004917    0.00018237
     atom  148 type  1   force =     0.00026310    0.00017974    0.00009941
     atom  149 type  1   force =     0.00052496   -0.00013121    0.00017657
     atom  150 type  1   force =    -0.00006787    0.00005466    0.00004289
     atom  151 type  1   force =     0.00004914   -0.00017218   -0.00000379
     atom  152 type  1   force =    -0.00006269    0.00005299   -0.00001307
     atom  153 type  1   force =     0.00018056    0.00002608    0.00020249
     atom  154 type  1   force =     0.00010690   -0.00002303    0.00006812
     atom  155 type  1   force =     0.00009575    0.00004890    0.00009581
     atom  156 type  1   force =     0.00006790    0.00012281    0.00006792
     atom  157 type  1   force =     0.00014380    0.00031489   -0.00032138
     atom  158 type  1   force =    -0.00002782    0.00005080   -0.00002938
     atom  159 type  1   force =     0.00004658   -0.00005879   -0.00003248
     atom  160 type  1   force =    -0.00013585    0.00006601    0.00000104
     atom  161 type  1   force =    -0.00032172    0.00031469    0.00014400
     atom  162 type  1   force =    -0.00002927    0.00005070   -0.00002796
     atom  163 type  1   force =     0.00001892   -0.00006328    0.00003727
     atom  164 type  1   force =    -0.00027178    0.00001324    0.00012029
     atom  165 type  1   force =    -0.00012226   -0.00005313   -0.00023957
     atom  166 type  1   force =     0.00001001    0.00006650   -0.00002484
     atom  167 type  1   force =    -0.00020839   -0.00017451   -0.00020831
     atom  168 type  1   force =    -0.00021888    0.00042783   -0.00021890
     atom  169 type  1   force =     0.00009024   -0.00007873   -0.00003107
     atom  170 type  1   force =     0.00003444    0.00008843   -0.00007928
     atom  171 type  1   force =    -0.00006530    0.00000369   -0.00012183
     atom  172 type  1   force =     0.00007465   -0.00005783    0.00001175
     atom  173 type  1   force =    -0.00005156    0.00003275    0.00009181
     atom  174 type  1   force =     0.00011486    0.00007296    0.00026701
     atom  175 type  1   force =    -0.00007792    0.00002131    0.00037488
     atom  176 type  1   force =     0.00016004   -0.00011951   -0.00015671
     atom  177 type  1   force =    -0.00062849    0.00023887    0.00010259
     atom  178 type  1   force =     0.00128610    0.00119909    0.00041109
     atom  179 type  1   force =     0.00006142   -0.00007300    0.00001623
     atom  180 type  1   force =    -0.00309166    0.00429001    0.00059715
     atom  181 type  1   force =    -0.00035712   -0.00047380    0.00069245
     atom  182 type  1   force =     0.00270358    0.01125194   -0.00280475
     atom  183 type  1   force =     0.00001613   -0.00007290    0.00006134
     atom  184 type  1   force =     0.00059628    0.00429008   -0.00309167
     atom  185 type  1   force =     0.00027949   -0.00102021    0.00000141
     atom  186 type  1   force =     0.00004842   -0.00006933   -0.00040357
     atom  187 type  1   force =     0.00133636   -0.00074259    0.00127167
     atom  188 type  1   force =    -0.00043435    0.00033536   -0.00053536
     atom  189 type  1   force =    -0.00948130    0.03203841   -0.00948171
     atom  190 type  1   force =    -0.00130650   -0.00597176   -0.00130532
     atom  191 type  1   force =     0.00021727    0.00019370   -0.00018129
     atom  192 type  1   force =     0.00001861   -0.00025450   -0.00003496
     atom  193 type  1   force =     0.00015322    0.00004739   -0.00004295
     atom  194 type  1   force =    -0.00101490   -0.00050080    0.00039289
     atom  195 type  1   force =    -0.00024181    0.00027977    0.00020228
     atom  196 type  1   force =     0.00000978   -0.00035105    0.00014006
     atom  197 type  1   force =    -0.00014354    0.00015993    0.00005199
     atom  198 type  1   force =    -0.00004048    0.00008678    0.00002445
     atom  199 type  1   force =    -0.00001274    0.00029519   -0.00164232
     atom  200 type  1   force =    -0.00782264   -0.00557911    0.00339624
     atom  201 type  1   force =     0.00168113    0.00094246    0.00168314
     atom  202 type  1   force =     0.00012212   -0.00053315    0.00012218
     atom  203 type  1   force =     0.03045244   -0.01909754   -0.01724807
     atom  204 type  1   force =    -0.00157569   -0.00449117    0.00289961
     atom  205 type  1   force =     0.00326646   -0.00116912   -0.00000710
     atom  206 type  1   force =     0.00005633    0.00017581    0.00010872
     atom  207 type  1   force =    -0.01724009   -0.01909185    0.03046162
     atom  208 type  1   force =     0.00288322   -0.00448126   -0.00156910
     atom  209 type  1   force =    -0.00156293   -0.00030940    0.00074691
     atom  210 type  1   force =     0.00031204   -0.00026555   -0.00006106
     atom  211 type  1   force =    -0.00017119    0.00069485    0.00150177
     atom  212 type  1   force =     0.00002848   -0.00035837    0.00027611
     atom  213 type  1   force =    -0.00180515    0.00013977   -0.00180375
     atom  214 type  1   force =     0.00026654   -0.00024208    0.00026628
     atom  215 type  2   force =    -0.00197890    0.00856620   -0.00198283
       
     --------------------------------------------------------------------------------------------
     TDDFT Force Corrected                                               
     --------------------------------------------------------------------------------------------
     atom    1 type  1   force =     0.00002737   -0.00001581    0.00000869
     atom    2 type  1   force =    -0.00008527    0.00002839   -0.00003593
     atom    3 type  1   force =     0.00003494   -0.00003343   -0.00002961
     atom    4 type  1   force =    -0.00001931   -0.00006727   -0.00001939
     atom    5 type  1   force =     0.00005591   -0.00003108   -0.00000875
     atom    6 type  1   force =    -0.00001476    0.00002360   -0.00000490
     atom    7 type  1   force =     0.00006861   -0.00001596    0.00006848
     atom    8 type  1   force =    -0.00003557    0.00004012   -0.00003568
     atom    9 type  1   force =     0.00007134   -0.00013368   -0.00014242
     atom   10 type  1   force =    -0.00008414    0.00008494    0.00005676
     atom   11 type  1   force =     0.00003286   -0.00005843    0.00001449
     atom   12 type  1   force =     0.00011576    0.00001806   -0.00027614
     atom   13 type  1   force =    -0.00000356   -0.00001416   -0.00012826
     atom   14 type  1   force =     0.00008780   -0.00014850   -0.00014019
     atom   15 type  1   force =     0.00004097   -0.00005552   -0.00000978
     atom   16 type  1   force =    -0.00009509    0.00006460    0.00003335
     atom   17 type  1   force =    -0.00024416   -0.00004805   -0.00012638
     atom   18 type  1   force =    -0.00002903    0.00007130    0.00000544
     atom   19 type  1   force =     0.00008350   -0.00011120    0.00008337
     atom   20 type  1   force =    -0.00017049    0.00004946   -0.00017066
     atom   21 type  1   force =     0.00000878   -0.00001579    0.00002724
     atom   22 type  1   force =    -0.00003582    0.00002842   -0.00008536
     atom   23 type  1   force =    -0.00000833   -0.00016729    0.00004460
     atom   24 type  1   force =    -0.00001751    0.00005769   -0.00006729
     atom   25 type  1   force =     0.00015681   -0.00004828    0.00014981
     atom   26 type  1   force =    -0.00009619    0.00001562   -0.00003705
     atom   27 type  1   force =     0.00000087   -0.00000995    0.00013721
     atom   28 type  1   force =     0.00091745    0.00092507   -0.00091093
     atom   29 type  1   force =     0.00001888    0.00000087    0.00002704
     atom   30 type  1   force =     0.00000513    0.00002868    0.00004373
     atom   31 type  1   force =     0.00015541    0.00013390    0.00015530
     atom   32 type  1   force =     0.00004499    0.00031639    0.00004530
     atom   33 type  1   force =     0.00007358   -0.00000396   -0.00008018
     atom   34 type  1   force =    -0.00027736    0.00036775   -0.00005733
     atom   35 type  1   force =    -0.00000263   -0.00101567    0.00027593
     atom   36 type  1   force =    -0.00040745   -0.00006446    0.00004360
     atom   37 type  1   force =    -0.00003556   -0.00007383    0.00008612
     atom   38 type  1   force =    -0.00008370    0.00009324    0.00002965
     atom   39 type  1   force =    -0.00009934   -0.00008791   -0.00010362
     atom   40 type  1   force =     0.00008451   -0.00009230   -0.00012583
     atom   41 type  1   force =     0.00126763   -0.00073806    0.00133181
     atom   42 type  1   force =    -0.00053978    0.00034006   -0.00043868
     atom   43 type  1   force =     0.00142340    0.00074498    0.00142245
     atom   44 type  1   force =     0.00040646   -0.00034215    0.00040644
     atom   45 type  1   force =     0.00014999   -0.00004834    0.00015666
     atom   46 type  1   force =    -0.00003692    0.00001565   -0.00009640
     atom   47 type  1   force =     0.00037035    0.00002600   -0.00008213
     atom   48 type  1   force =    -0.00016103   -0.00011461    0.00015539
     atom   49 type  1   force =     0.00005075    0.00011966    0.00002730
     atom   50 type  1   force =     0.00006274   -0.00003926    0.00007651
     atom   51 type  1   force =    -0.00000843    0.00009031   -0.00001564
     atom   52 type  1   force =    -0.00004899    0.00005526    0.00002242
     atom   53 type  1   force =     0.00024272   -0.00048439   -0.00020313
     atom   54 type  1   force =    -0.00013361    0.00003475   -0.00012567
     atom   55 type  1   force =    -0.00001070    0.00004355   -0.00001076
     atom   56 type  1   force =    -0.00002319    0.00010968   -0.00002329
     atom   57 type  1   force =     0.00146259   -0.00344255   -0.00123588
     atom   58 type  1   force =    -0.00029074   -0.00030570    0.00004028
     atom   59 type  1   force =     0.00073992   -0.00030838   -0.00157453
     atom   60 type  1   force =    -0.00006704   -0.00026230    0.00031046
     atom   61 type  1   force =    -0.00018559    0.00019834    0.00021298
     atom   62 type  1   force =    -0.00003914   -0.00024971    0.00001408
     atom   63 type  1   force =     0.00006880   -0.00001683    0.00007338
     atom   64 type  1   force =    -0.00012219    0.00016189   -0.00001407
     atom   65 type  1   force =     0.00149859    0.00069992   -0.00017525
     atom   66 type  1   force =     0.00027151   -0.00035311    0.00002403
     atom   67 type  1   force =    -0.00003606    0.00002544   -0.00003591
     atom   68 type  1   force =    -0.00007113    0.00007098   -0.00007133
     atom   69 type  1   force =     0.00002744    0.00011936    0.00005055
     atom   70 type  1   force =     0.00007659   -0.00003899    0.00006259
     atom   71 type  1   force =     0.00004794    0.00016455   -0.00014792
     atom   72 type  1   force =     0.00002004    0.00009176   -0.00004482
     atom   73 type  1   force =    -0.00000859   -0.00003111    0.00005574
     atom   74 type  1   force =    -0.00000480    0.00002361   -0.00001487
     atom   75 type  1   force =    -0.00000566   -0.00001116   -0.00000580
     atom   76 type  1   force =     0.00003649   -0.00004291    0.00003636
     atom   77 type  1   force =     0.00000206   -0.00005766    0.00004327
     atom   78 type  1   force =    -0.00006956    0.00010169   -0.00009169
     atom   79 type  1   force =    -0.00000960   -0.00005548    0.00004082
     atom   80 type  1   force =     0.00003354    0.00006451   -0.00009517
     atom   81 type  1   force =     0.00004336   -0.00005766    0.00000192
     atom   82 type  1   force =    -0.00009141    0.00010159   -0.00006971
     atom   83 type  1   force =     0.00017782   -0.00004454   -0.00001265
     atom   84 type  1   force =     0.00009499    0.00018461    0.00025883
     atom   85 type  1   force =     0.00019802    0.00003070    0.00017641
     atom   86 type  1   force =     0.00006395   -0.00001834    0.00010231
     atom   87 type  1   force =     0.00001378   -0.00004453    0.00001360
     atom   88 type  1   force =    -0.00006115   -0.00008496   -0.00006128
     atom   89 type  1   force =     0.00017201   -0.00012618    0.00051978
     atom   90 type  1   force =     0.00003840    0.00005944   -0.00007217
     atom   91 type  1   force =    -0.00002951   -0.00003338    0.00003473
     atom   92 type  1   force =    -0.00001927   -0.00006731   -0.00001942
     atom   93 type  1   force =    -0.00014206   -0.00013362    0.00007086
     atom   94 type  1   force =     0.00005674    0.00008487   -0.00008418
     atom   95 type  1   force =    -0.00003689   -0.00005407    0.00004213
     atom   96 type  1   force =    -0.00000335    0.00007084   -0.00014037
     atom   97 type  1   force =     0.00002718    0.00000089    0.00001874
     atom   98 type  1   force =     0.00004393    0.00002871    0.00000498
     atom   99 type  1   force =     0.00000457   -0.00009983    0.00000443
     atom  100 type  1   force =    -0.00013181   -0.00005641   -0.00013183
     atom  101 type  1   force =    -0.00005338   -0.00001998   -0.00000744
     atom  102 type  1   force =     0.00005089    0.00005637   -0.00002582
     atom  103 type  1   force =    -0.00010365   -0.00008789   -0.00009966
     atom  104 type  1   force =    -0.00012547   -0.00009220    0.00008429
     atom  105 type  1   force =    -0.00000726   -0.00001995   -0.00005351
     atom  106 type  1   force =    -0.00002579    0.00005645    0.00005085
     atom  107 type  1   force =    -0.00012639    0.00000857   -0.00006960
     atom  108 type  1   force =     0.00000789   -0.00005314    0.00007007
     atom  109 type  1   force =     0.00009855    0.00024368   -0.00063354
     atom  110 type  1   force =     0.00040720    0.00120502    0.00128319
     atom  111 type  1   force =    -0.00005662    0.00035531   -0.00005707
     atom  112 type  1   force =    -0.00154094   -0.00053880   -0.00154016
     atom  113 type  1   force =     0.00008731    0.00003743   -0.00005561
     atom  114 type  1   force =     0.00026237    0.00007766    0.00010961
     atom  115 type  1   force =     0.00013751   -0.00000995    0.00000094
     atom  116 type  1   force =    -0.00091189    0.00092645    0.00091829
     atom  117 type  1   force =    -0.00008017   -0.00000380    0.00007352
     atom  118 type  1   force =    -0.00005656    0.00036772   -0.00027733
     atom  119 type  1   force =     0.00068862   -0.00046905   -0.00036064
     atom  120 type  1   force =    -0.00280733    0.01126328    0.00269818
     atom  121 type  1   force =    -0.00020335   -0.00048524    0.00024299
     atom  122 type  1   force =    -0.00012555    0.00003504   -0.00013367
     atom  123 type  1   force =     0.00005699    0.00002257    0.00005693
     atom  124 type  1   force =     0.00003111    0.00007126    0.00003095
     atom  125 type  1   force =    -0.00000784    0.00004528   -0.00003783
     atom  126 type  1   force =    -0.00009228   -0.00016544   -0.00035269
     atom  127 type  1   force =     0.00007379   -0.00001710    0.00006864
     atom  128 type  1   force =    -0.00001412    0.00016207   -0.00012242
     atom  129 type  1   force =    -0.00003772    0.00004564   -0.00000805
     atom  130 type  1   force =    -0.00035292   -0.00016622   -0.00009251
     atom  131 type  1   force =    -0.00004721    0.00005227    0.00014871
     atom  132 type  1   force =     0.00038785   -0.00049561   -0.00101834
     atom  133 type  1   force =    -0.00164690    0.00030103   -0.00001781
     atom  134 type  1   force =     0.00339758   -0.00557847   -0.00782298
     atom  135 type  1   force =     0.00013401   -0.00007802    0.00013411
     atom  136 type  1   force =    -0.00030829    0.00019083   -0.00030911
     atom  137 type  1   force =     0.00019792    0.00028465   -0.00024624
     atom  138 type  1   force =     0.00013618   -0.00034617    0.00000528
     atom  139 type  1   force =    -0.00001555    0.00009003   -0.00000880
     atom  140 type  1   force =     0.00002252    0.00005536   -0.00004905
     atom  141 type  1   force =    -0.00123661   -0.00344560    0.00146344
     atom  142 type  1   force =     0.00004082   -0.00030589   -0.00029167
     atom  143 type  1   force =    -0.00001242   -0.00116341    0.00326079
     atom  144 type  1   force =     0.00010454    0.00017978    0.00005195
     atom  145 type  1   force =    -0.00012673   -0.00001354   -0.00000304
     atom  146 type  1   force =    -0.00014106   -0.00014835    0.00008810
     atom  147 type  1   force =    -0.00001236   -0.00004439    0.00017785
     atom  148 type  1   force =     0.00025869    0.00018451    0.00009489
     atom  149 type  1   force =     0.00052054   -0.00012643    0.00017205
     atom  150 type  1   force =    -0.00007229    0.00005943    0.00003837
     atom  151 type  1   force =     0.00004472   -0.00016740   -0.00000831
     atom  152 type  1   force =    -0.00006711    0.00005777   -0.00001759
     atom  153 type  1   force =     0.00017614    0.00003086    0.00019797
     atom  154 type  1   force =     0.00010249   -0.00001825    0.00006360
     atom  155 type  1   force =     0.00009133    0.00005368    0.00009129
     atom  156 type  1   force =     0.00006349    0.00012759    0.00006340
     atom  157 type  1   force =     0.00013938    0.00031967   -0.00032590
     atom  158 type  1   force =    -0.00003223    0.00005558   -0.00003389
     atom  159 type  1   force =     0.00004217   -0.00005401   -0.00003700
     atom  160 type  1   force =    -0.00014026    0.00007079   -0.00000348
     atom  161 type  1   force =    -0.00032614    0.00031947    0.00013948
     atom  162 type  1   force =    -0.00003368    0.00005548   -0.00003248
     atom  163 type  1   force =     0.00001450   -0.00005850    0.00003275
     atom  164 type  1   force =    -0.00027619    0.00001802    0.00011577
     atom  165 type  1   force =    -0.00012667   -0.00004835   -0.00024409
     atom  166 type  1   force =     0.00000560    0.00007128   -0.00002936
     atom  167 type  1   force =    -0.00021280   -0.00016973   -0.00021283
     atom  168 type  1   force =    -0.00022330    0.00043260   -0.00022342
     atom  169 type  1   force =     0.00008583   -0.00007395   -0.00003559
     atom  170 type  1   force =     0.00003002    0.00009321   -0.00008380
     atom  171 type  1   force =    -0.00006971    0.00000847   -0.00012635
     atom  172 type  1   force =     0.00007024   -0.00005305    0.00000723
     atom  173 type  1   force =    -0.00005597    0.00003752    0.00008729
     atom  174 type  1   force =     0.00011044    0.00007774    0.00026249
     atom  175 type  1   force =    -0.00008233    0.00002609    0.00037036
     atom  176 type  1   force =     0.00015563   -0.00011473   -0.00016123
     atom  177 type  1   force =    -0.00063291    0.00024365    0.00009807
     atom  178 type  1   force =     0.00128169    0.00120387    0.00040657
     atom  179 type  1   force =     0.00005701   -0.00006822    0.00001171
     atom  180 type  1   force =    -0.00309608    0.00429479    0.00059263
     atom  181 type  1   force =    -0.00036153   -0.00046902    0.00068793
     atom  182 type  1   force =     0.00269917    0.01125672   -0.00280927
     atom  183 type  1   force =     0.00001172   -0.00006812    0.00005682
     atom  184 type  1   force =     0.00059187    0.00429486   -0.00309619
     atom  185 type  1   force =     0.00027508   -0.00101543   -0.00000311
     atom  186 type  1   force =     0.00004401   -0.00006455   -0.00040809
     atom  187 type  1   force =     0.00133195   -0.00073781    0.00126715
     atom  188 type  1   force =    -0.00043876    0.00034014   -0.00053988
     atom  189 type  1   force =    -0.00948571    0.03204319   -0.00948622
     atom  190 type  1   force =    -0.00131091   -0.00596698   -0.00130984
     atom  191 type  1   force =     0.00021285    0.00019848   -0.00018581
     atom  192 type  1   force =     0.00001420   -0.00024972   -0.00003948
     atom  193 type  1   force =     0.00014881    0.00005217   -0.00004747
     atom  194 type  1   force =    -0.00101932   -0.00049602    0.00038837
     atom  195 type  1   force =    -0.00024622    0.00028455    0.00019776
     atom  196 type  1   force =     0.00000536   -0.00034627    0.00013554
     atom  197 type  1   force =    -0.00014795    0.00016470    0.00004748
     atom  198 type  1   force =    -0.00004489    0.00009156    0.00001993
     atom  199 type  1   force =    -0.00001715    0.00029997   -0.00164684
     atom  200 type  1   force =    -0.00782706   -0.00557433    0.00339172
     atom  201 type  1   force =     0.00167672    0.00094724    0.00167862
     atom  202 type  1   force =     0.00011771   -0.00052837    0.00011766
     atom  203 type  1   force =     0.03044803   -0.01909276   -0.01725259
     atom  204 type  1   force =    -0.00158011   -0.00448639    0.00289509
     atom  205 type  1   force =     0.00326205   -0.00116434   -0.00001162
     atom  206 type  1   force =     0.00005191    0.00018059    0.00010420
     atom  207 type  1   force =    -0.01724451   -0.01908707    0.03045710
     atom  208 type  1   force =     0.00287881   -0.00447648   -0.00157361
     atom  209 type  1   force =    -0.00156735   -0.00030462    0.00074239
     atom  210 type  1   force =     0.00030763   -0.00026077   -0.00006558
     atom  211 type  1   force =    -0.00017560    0.00069963    0.00149725
     atom  212 type  1   force =     0.00002407   -0.00035359    0.00027159
     atom  213 type  1   force =    -0.00180956    0.00014455   -0.00180827
     atom  214 type  1   force =     0.00026213   -0.00023730    0.00026176
     atom  215 type  2   force =    -0.00198332    0.00857098   -0.00198735
 
     Wbse         :     1h29m CPU        1h41m WALL

     wbse_readin  :      7.26s CPU     38.74s WALL (       1 calls)
     wbse_fetch_n :      0.05s CPU      0.06s WALL (       1 calls)
     read_xml     :      1.45s CPU      1.99s WALL (       1 calls)
     init_vloc    :      0.02s CPU      0.02s WALL (       2 calls)
     fft          :     39.33s CPU     40.22s WALL (   14935 calls)
     fft_scatter  :   2987.36s CPU   3017.36s WALL ( 3361219 calls)
     v_of_rho     :      0.07s CPU      0.08s WALL (       1 calls)
     v_xc         :      0.07s CPU      0.07s WALL (       1 calls)
     v_h          :      0.01s CPU      0.01s WALL (       1 calls)
     read_wave    :      5.75s CPU     36.69s WALL (       1 calls)
     davcio       :      1.16s CPU     33.65s WALL (    7443 calls)
     init_us_1    :      0.01s CPU      0.01s WALL (       2 calls)
     do_setup     :      0.03s CPU      0.05s WALL (       1 calls)
     init_pw_ar   :      0.03s CPU      0.05s WALL (       1 calls)
     init_at_1    :      0.00s CPU      0.00s WALL (       1 calls)
     storesqvc    :      0.00s CPU      0.00s WALL (       1 calls)
     wbse_dv_setu :      0.13s CPU      0.14s WALL (       1 calls)
     setup_dmuxc  :      0.02s CPU      0.02s WALL (       1 calls)
     gather_grid  :      0.02s CPU      0.04s WALL (       8 calls)
     write_cube   :      8.65s CPU     49.44s WALL (       8 calls)
     chidiago     :   5368.13s CPU   6035.41s WALL (       1 calls)
     paramgs      :    159.17s CPU    161.31s WALL (     192 calls)
     west_apply_l :   3355.15s CPU   3415.80s WALL (     743 calls)
     wbse_calc_de :    806.81s CPU    821.83s WALL (     783 calls)
     fftw         :   3847.16s CPU   3882.57s WALL ( 3346284 calls)
     wbse_dv_of_d :     52.20s CPU     53.26s WALL (     783 calls)
     init_us_2    :     10.87s CPU     11.15s WALL (    1574 calls)
     h_psi_bgrp   :    949.88s CPU    960.37s WALL (    1486 calls)
     h_psi        :    949.87s CPU    960.37s WALL (    1486 calls)
     h_psi:pot    :    944.98s CPU    955.38s WALL (    1486 calls)
     vloc_psi     :    777.08s CPU    784.43s WALL (    1486 calls)
     h_psi:calbec :     91.32s CPU     93.57s WALL (    1486 calls)
     calbec       :     91.31s CPU     93.57s WALL (    1486 calls)
     add_vuspsi   :     76.55s CPU     77.36s WALL (    1486 calls)
     alphapc      :    134.66s CPU    136.84s WALL (    3038 calls)
     build_hr     :     95.14s CPU    151.46s WALL (     192 calls)
     diagox       :      0.06s CPU      0.10s WALL (     192 calls)
     redistr_vr   :      0.00s CPU      0.01s WALL (     191 calls)
     update_vr    :    239.73s CPU    404.10s WALL (     191 calls)
     symm_hr      :      0.01s CPU      0.01s WALL (     191 calls)
     chidiago:las :     34.96s CPU     51.34s WALL (      16 calls)
     refresh_vr   :     35.51s CPU     52.41s WALL (      31 calls)
     plep_db      :     14.23s CPU     20.49s WALL (       1 calls)
     precd_cg     :      3.15s CPU      3.63s WALL (      38 calls)
 
     Wbse         :     1h29m CPU        1h41m WALL

 
   This run was terminated on:   9:59:15  22Jun2022            

=------------------------------------------------------------------------------=
   JOB DONE.
=------------------------------------------------------------------------------=
