
     Program Wbse v. 2.0.1 svn rev. 1002 starts on  5Jul2022 at 19: 9:55 

     This program is part of the open-source West suite
     for massively parallel calculations of excited states in materials; please cite
         "M. Govoni et al., J. Chem. Theory Comput. 11, 2680 (2015);
          URL http://www.west-code.org", 
     in publications or presentations arising from this work.

     Based on the Quantum ESPRESSO v. 6.1 svn rev. 13369
       
     --------------------------------------------------------------------------------------------
     **MPI** Parallelization Status                                      
     --------------------------------------------------------------------------------------------
                   120                   1             1             1           120
     --------------------------------------------------------------------------------------------
                     N         =         I      X      P      X      B      X      Z
                     ^                   ^             ^             ^             ^
                     |                   |             |             |             |
                   #rnk                  |             |             |             |
                                      #image           |             |             |
                                                     #pool           |             |
                                                                   #bgrp           |
                                                                                 #R&G
     --------------------------------------------------------------------------------------------
     #prc =          120
     --------------------------------------------------------------------------------------------
       
     --------------------------------------------------------------------------------------------
     I/O Summary : input_west                                            
     --------------------------------------------------------------------------------------------
     qe_prefix               =          pwscf
     west_prefix             =           west
     outdir                  =             ./
     l_load_qbox_wfc         =              F
     qbox_ks_wfc_filename    =         qb.xml
     which_bse_method        =             FF
     --------------------------------------------------------------------------------------------
       
     --------------------------------------------------------------------------------------------
     I/O Summary : wbse_init                                             
     --------------------------------------------------------------------------------------------
     wbse_init_calculation   =              S
     n_pdep_eigen            =              1
     chi_kernel              =            CHI
     which_spin_channel      =              0
     l_use_localise_repr     =              F
     overlap_thr             =       0.000000
     l_use_bisection_thr     =              F
     qbox_bisec_wfc_filename =      qb.gs.xml
     --------------------------------------------------------------------------------------------
       
     --------------------------------------------------------------------------------------------
     I/O Summary : WBSE_control                                          
     --------------------------------------------------------------------------------------------
     wbse_diag_method        =          david
     wbse_calculation        =              S
     n_plep_eigen            =              4
     n_plep_times            =             12
     n_plep_maxiter          =          10000
     n_plep_read_from_file   =              0
     l_bse_calculation       =              F
     l_hybrid_calculation    =              F
     l_exx_fraction          =       0.000000
     l_h_ovlp_thr            =       0.000000
     l_h_loc                 =              F
     l_h_bis                 =              F
     l_h_qbox_bis_wfc_fname  =      qb.gs.xml
     if_random_init          =              F
     l_restart_step          =              0
     l_cg_diagonalization    =              F
     l_subspace              =              F
     n_trunc_bands           =              0
     l_sf_kernel             =              T
     l_alda0                 =              F
     sf_cut_1                =    1000.000000
     sf_cut_2                =       0.000100
     l_tddft_force           =              T
     force_state             =              2
     snd_coeff               =       0.010000
     wbse_zv_alpha_mix       =       0.700000
     wbse_zv_nmix_wbse       =              4
     wbse_zv_scf_tr2         =       0.000000
     l_diag_term_only        =              F
     l_preconditioning       =              F
     l_pre_shift             =              F
     l_qp_correction         =              F
     spin_excitation         =        flipped
     trev_plep               =       0.000010
     trev_plep_rel           =       0.000000
     scissor_ope             =       0.000000
     eps_macro               =       1.000000
     --------------------------------------------------------------------------------------------

     Reading data from directory:
     ./pwscf.save

   Info: using nr1, nr2, nr3 values from input

   Info: using nr1, nr2, nr3 values from input

     IMPORTANT: XC functional enforced from input :
     Exchange-correlation      = PBE ( 1  4  3  4 0 0)
     Any further DFT definition will be discarded
     Please, verify this is what you really want

 
     Parallelization info
     --------------------
     sticks:   dense  smooth     PW     G-vecs:    dense   smooth      PW
     Min          91      91     21                 7292     7292     902
     Max          94      94     24                 7306     7306     920
     Sum       11057   11057   2757               875727   875727  109127
 
     Generating pointlists ...
     new r_m :   0.0567 (alat units)  1.1474 (a.u.) for type    1
     new r_m :   0.0567 (alat units)  1.1474 (a.u.) for type    2
       
     --------------------------------------------------------------------------------------------
     System Overview                                                     
     --------------------------------------------------------------------------------------------
     gamma_only           =              T
     ecutwfc [Ry]         =      85.000000
     omega [au^3]         =   8.276275E+03
     glob. #G             =          54564
     nbnd                 =            800
     nkstot               =              2
     nspin                =              2
     nelec                =     862.000000
     nelup                =     432.000000
     neldw                =     430.000000
     npol                 =              1
     lsda                 =              T
     noncolin             =              F
     lspinorb             =              F
     domag                =              F
     --------------------------------------------------------------------------------------------

     sFFT G-space:   437864 G-vectors     R-space: ( 120, 120, 120)
     dFFT G-space:   437864 G-vectors     R-space: ( 120, 120, 120)

     Cell [a.u.]          =      20.227629      0.000000      0.000000
                          =       0.000000     20.227629      0.000000
                          =       0.000000      0.000000     20.227629
      
     number of ks points=     2
                       cart. coord. in units 2pi/alat
        k(    1) = (   0.0000000   0.0000000   0.0000000), wk =   1.0000000
        k(    2) = (   0.0000000   0.0000000   0.0000000), wk =   1.0000000

                       cryst. coord.
        k(    1) = (   0.0000000   0.0000000   0.0000000), wk =   1.0000000
        k(    2) = (   0.0000000   0.0000000   0.0000000), wk =   1.0000000
 
     F. Gygi div      =   2.404601E-01
       
     --------------------------------------------------------------------------------------------
     Parallelization for nvecx                                           
     --------------------------------------------------------------------------------------------
     nglob                =             48
     nlevel               =              1
     Min nglob/nlevel     =             48
     Max nglob/nlevel     =             48
     --------------------------------------------------------------------------------------------
       
     --------------------------------------------------------------------------------------------
     Parallelization for band_paralel                                    
     --------------------------------------------------------------------------------------------
     nglob                =            432
     nlevel               =              1
     Min nglob/nlevel     =            432
     Max nglob/nlevel     =            432
     --------------------------------------------------------------------------------------------

     [MEM] ----------------------------------------------------------
     [MEM] **Memory** analysis: QE
     [MEM] ----------------------------------------------------------
     [MEM] Allocated arrays           est. size (Mb)     dimensions
     [MEM] ----------------------------------------------------------
     [MEM] Kohn-Sham Wavefunctions       5.53 Mb     (    453,  800)
     [MEM] NL pseudopotentials          11.89 Mb     (    453, 1720)
     [MEM] Each V/rho on FFT grid        0.22 Mb     (  14400)
     [MEM] Each G-vector array           0.03 Mb     (   3648)
     [MEM] G-vector shells               0.01 Mb     (   1281)
     [MEM] ----------------------------------------------------------
     [MEM] TOT                          17.68 Mb
     [MEM] ----------------------------------------------------------
     [MEM] 
     [MEM] ----------------------------------------------------------
     [MEM] **Memory** analysis: WBSE global
     [MEM] ----------------------------------------------------------
     [MEM] Allocated arrays           est. size (Mb)     dimensions
     [MEM] ----------------------------------------------------------
     [MEM] dvg_exc                     143.33 Mb     (    453,  432,   48)
     [MEM] dng_exc                     143.33 Mb     (    453,  432,   48)
     [MEM] hr_distr                      0.02 Mb     (     48,   48)
     [MEM] vr_distr                      0.02 Mb     (     48,   48)
     [MEM] ----------------------------------------------------------
     [MEM] TOT                         286.70 Mb
     [MEM] ----------------------------------------------------------
     [MEM] 
     [MEM] ----------------------------------------------------------
     [MEM] **Memory** analysis: WBSE temporary
     [MEM] ----------------------------------------------------------
     [MEM] Allocated arrays           est. size (Mb)     dimensions
     [MEM] ----------------------------------------------------------
     [MEM] dvpsi                         2.99 Mb     (    453,  432)
     [MEM] dpsi                          2.99 Mb     (    453,  432)
     [MEM] ----------------------------------------------------------
     [MEM] Total estimate                5.97 Mb
     [MEM] ----------------------------------------------------------
     Lowest energy electron-hole pairs are used as initial vectors ...
     Calculating the electron-hole pairs for initiating trial vectors ...

              1        57         2       432         1           0.102478898787
              2        58         2       432         2           0.102479036046
              3        49         2       431         1           0.102479065850
              4        50         2       431         2           0.102479203109
              5        59         2       432         3           0.174055793402
              6        60         2       432         4           0.174055893968
              7        51         2       431         3           0.174055960465
              8        52         2       431         4           0.174056061031
              9        61         2       432         5           0.176102632202
             10        53         2       431         5           0.176102799265
             11        62         2       432         6           0.178717997773
             12        63         2       432         7           0.178718111332
             13        54         2       431         6           0.178718164836
             14        55         2       431         7           0.178718278395
             15        64         2       432         8           0.180325467222
             16        56         2       431         8           0.180325634285
     Finished calculating the cv couples.
     Finished setting initial vectors.

                       *----------*              *----------*               *----------*
     #     Iteration = | starting |   WBSE_dim = |        4 |   Diago_dim = |        4 |  x 1/2
                       *----------*              *----------*               *----------*

                       *----------*              *----------*               *----------*
     #     Iteration = | starting |   WBSE_dim = |        4 |   Diago_dim = |        4 |  x 2/2
                       *----------*              *----------*               *----------*
     s-DIAGOX done in < 00.1s             
     --------------------------------------------------------------------------------------------
        
        0.02543433   0.06394932   0.06394940   0.10246439
        
     --------------------------------------------------------------------------------------------
     Tot. elapsed time 29.3s,  time spent in last iteration 29.3s
     --------------------------------------------------------------------------------------------

                       *----------*              *----------*               *----------*
     #     Iteration = |        1 |   WBSE_dim = |        4 |   Diago_dim = |        8 |
                       *----------*              *----------*               *----------*
     s-DIAGOX done in < 00.1s             
     --------------------------------------------------------------------------------------------
        
        0.02297696   0.06247008   0.06247022   0.10246343
        
     --------------------------------------------------------------------------------------------
     Tot. elapsed time 45.9s,  time spent in last iteration 16.6s
     --------------------------------------------------------------------------------------------

                       *----------*              *----------*               *----------*
     #     Iteration = |        2 |   WBSE_dim = |        4 |   Diago_dim = |       12 |
                       *----------*              *----------*               *----------*
     s-DIAGOX done in < 00.1s             
     --------------------------------------------------------------------------------------------
        
        0.02043350   0.06073872   0.06073885   0.10246285
        
     --------------------------------------------------------------------------------------------
     Tot. elapsed time 01m-02.7s,  time spent in last iteration 16.7s
     --------------------------------------------------------------------------------------------

                       *----------*              *----------*               *----------*
     #     Iteration = |        3 |   WBSE_dim = |        4 |   Diago_dim = |       16 |
                       *----------*              *----------*               *----------*
     s-DIAGOX done in < 00.1s             
     --------------------------------------------------------------------------------------------
        
        0.01825587   0.05913893   0.05913907   0.10246246
        
     --------------------------------------------------------------------------------------------
     Tot. elapsed time 01m-19.7s,  time spent in last iteration 17.0s
     --------------------------------------------------------------------------------------------

                       *----------*              *----------*               *----------*
     #     Iteration = |        4 |   WBSE_dim = |        4 |   Diago_dim = |       20 |
                       *----------*              *----------*               *----------*
     s-DIAGOX done in < 00.1s             
     --------------------------------------------------------------------------------------------
        
        0.01634766   0.05760361   0.05760375   0.10246219
        
     --------------------------------------------------------------------------------------------
     Tot. elapsed time 01m-37.0s,  time spent in last iteration 17.2s
     --------------------------------------------------------------------------------------------

                       *----------*              *----------*               *----------*
     #     Iteration = |        5 |   WBSE_dim = |        4 |   Diago_dim = |       24 |
                       *----------*              *----------*               *----------*
     s-DIAGOX done in < 00.1s             
     --------------------------------------------------------------------------------------------
        
        0.01473838   0.05621657   0.05621671   0.10246200
        
     --------------------------------------------------------------------------------------------
     Tot. elapsed time 01m-54.4s,  time spent in last iteration 17.4s
     --------------------------------------------------------------------------------------------

                       *----------*              *----------*               *----------*
     #     Iteration = |        6 |   WBSE_dim = |        4 |   Diago_dim = |       28 |
                       *----------*              *----------*               *----------*
     s-DIAGOX done in < 00.1s             
     --------------------------------------------------------------------------------------------
        
        0.01343356   0.05497746   0.05497761   0.10246185
        
     --------------------------------------------------------------------------------------------
     Tot. elapsed time 02m-12.2s,  time spent in last iteration 17.7s
     --------------------------------------------------------------------------------------------

                       *----------*              *----------*               *----------*
     #     Iteration = |        7 |   WBSE_dim = |        4 |   Diago_dim = |       32 |
                       *----------*              *----------*               *----------*
     s-DIAGOX done in < 00.1s             
     --------------------------------------------------------------------------------------------
        
        0.01238150   0.05386854   0.05386869   0.10246173
        
     --------------------------------------------------------------------------------------------
     Tot. elapsed time 02m-30.2s,  time spent in last iteration 18.0s
     --------------------------------------------------------------------------------------------

                       *----------*              *----------*               *----------*
     #     Iteration = |        8 |   WBSE_dim = |        4 |   Diago_dim = |       36 |
                       *----------*              *----------*               *----------*
     s-DIAGOX done in < 00.1s             
     --------------------------------------------------------------------------------------------
        
        0.01152265   0.05285564   0.05285578   0.10246164
        
     --------------------------------------------------------------------------------------------
     Tot. elapsed time 02m-48.5s,  time spent in last iteration 18.2s
     --------------------------------------------------------------------------------------------

                       *----------*              *----------*               *----------*
     #     Iteration = |        9 |   WBSE_dim = |        4 |   Diago_dim = |       40 |
                       *----------*              *----------*               *----------*
     s-DIAGOX done in < 00.1s             
     --------------------------------------------------------------------------------------------
        
        0.01081162   0.05191794   0.05191809   0.10246156
        
     --------------------------------------------------------------------------------------------
     Tot. elapsed time 03m-06.9s,  time spent in last iteration 18.4s
     --------------------------------------------------------------------------------------------

                       *----------*              *----------*               *----------*
     #     Iteration = |       10 |   WBSE_dim = |        4 |   Diago_dim = |       44 |
                       *----------*              *----------*               *----------*
     s-DIAGOX done in < 00.1s             
     --------------------------------------------------------------------------------------------
        
        0.01020489   0.05103148   0.05103162   0.10246150
        
     --------------------------------------------------------------------------------------------
     Tot. elapsed time 03m-25.7s,  time spent in last iteration 18.7s
     --------------------------------------------------------------------------------------------

                       *----------*              *----------*               *----------*
     #     Iteration = |       11 |   WBSE_dim = |        4 |   Diago_dim = |       48 |
                       *----------*              *----------*               *----------*
     s-DIAGOX done in < 00.1s             
     --------------------------------------------------------------------------------------------
        
        0.00968466   0.05018378   0.05018392   0.10246145
        
     --------------------------------------------------------------------------------------------
     Tot. elapsed time 03m-44.7s,  time spent in last iteration 19.0s
     --------------------------------------------------------------------------------------------

       Refresh the basis set

                       *----------*              *----------*               *----------*
     #     Iteration = |       12 |   WBSE_dim = |        4 |   Diago_dim = |        8 |
                       *----------*              *----------*               *----------*
     s-DIAGOX done in < 00.1s             
     --------------------------------------------------------------------------------------------
        
        0.00944528   0.04977151   0.04977164   0.10246143
        
     --------------------------------------------------------------------------------------------
     Tot. elapsed time 04m-04.2s,  time spent in last iteration 16.6s
     --------------------------------------------------------------------------------------------

                       *----------*              *----------*               *----------*
     #     Iteration = |       13 |   WBSE_dim = |        4 |   Diago_dim = |       12 |
                       *----------*              *----------*               *----------*
     s-DIAGOX done in < 00.1s             
     --------------------------------------------------------------------------------------------
        
        0.00920893   0.04936360   0.04936373   0.10246141
        
     --------------------------------------------------------------------------------------------
     Tot. elapsed time 04m-21.0s,  time spent in last iteration 16.7s
     --------------------------------------------------------------------------------------------

                       *----------*              *----------*               *----------*
     #     Iteration = |       14 |   WBSE_dim = |        4 |   Diago_dim = |       16 |
                       *----------*              *----------*               *----------*
     s-DIAGOX done in < 00.1s             
     --------------------------------------------------------------------------------------------
        
        0.00897960   0.04896273   0.04896286   0.10246139
        
     --------------------------------------------------------------------------------------------
     Tot. elapsed time 04m-38.0s,  time spent in last iteration 17.0s
     --------------------------------------------------------------------------------------------

                       *----------*              *----------*               *----------*
     #     Iteration = |       15 |   WBSE_dim = |        4 |   Diago_dim = |       20 |
                       *----------*              *----------*               *----------*
     s-DIAGOX done in < 00.1s             
     --------------------------------------------------------------------------------------------
        
        0.00875848   0.04857061   0.04857074   0.10246137
        
     --------------------------------------------------------------------------------------------
     Tot. elapsed time 04m-55.2s,  time spent in last iteration 17.2s
     --------------------------------------------------------------------------------------------

                       *----------*              *----------*               *----------*
     #     Iteration = |       16 |   WBSE_dim = |        4 |   Diago_dim = |       24 |
                       *----------*              *----------*               *----------*
     s-DIAGOX done in < 00.1s             
     --------------------------------------------------------------------------------------------
        
        0.00854796   0.04818884   0.04818897   0.10246136
        
     --------------------------------------------------------------------------------------------
     Tot. elapsed time 05m-12.7s,  time spent in last iteration 17.5s
     --------------------------------------------------------------------------------------------

                       *----------*              *----------*               *----------*
     #     Iteration = |       17 |   WBSE_dim = |        4 |   Diago_dim = |       28 |
                       *----------*              *----------*               *----------*
     s-DIAGOX done in < 00.1s             
     --------------------------------------------------------------------------------------------
        
        0.00835045   0.04781791   0.04781804   0.10246134
        
     --------------------------------------------------------------------------------------------
     Tot. elapsed time 05m-30.7s,  time spent in last iteration 17.9s
     --------------------------------------------------------------------------------------------

                       *----------*              *----------*               *----------*
     #     Iteration = |       18 |   WBSE_dim = |        4 |   Diago_dim = |       32 |
                       *----------*              *----------*               *----------*
     s-DIAGOX done in < 00.1s             
     --------------------------------------------------------------------------------------------
        
        0.00816931   0.04746116   0.04746129   0.10246133
        
     --------------------------------------------------------------------------------------------
     Tot. elapsed time 05m-48.7s,  time spent in last iteration 18.0s
     --------------------------------------------------------------------------------------------

                       *----------*              *----------*               *----------*
     #     Iteration = |       19 |   WBSE_dim = |        4 |   Diago_dim = |       36 |
                       *----------*              *----------*               *----------*
     s-DIAGOX done in < 00.1s             
     --------------------------------------------------------------------------------------------
        
        0.00800810   0.04712110   0.04712122   0.10246132
        
     --------------------------------------------------------------------------------------------
     Tot. elapsed time 06m-06.9s,  time spent in last iteration 18.2s
     --------------------------------------------------------------------------------------------

                       *----------*              *----------*               *----------*
     #     Iteration = |       20 |   WBSE_dim = |        4 |   Diago_dim = |       40 |
                       *----------*              *----------*               *----------*
     s-DIAGOX done in < 00.1s             
     --------------------------------------------------------------------------------------------
        
        0.00786669   0.04680508   0.04680521   0.10246131
        
     --------------------------------------------------------------------------------------------
     Tot. elapsed time 06m-27.7s,  time spent in last iteration 20.7s
     --------------------------------------------------------------------------------------------

                       *----------*              *----------*               *----------*
     #     Iteration = |       21 |   WBSE_dim = |        4 |   Diago_dim = |       44 |
                       *----------*              *----------*               *----------*
     s-DIAGOX done in < 00.1s             
     --------------------------------------------------------------------------------------------
        
        0.00774079   0.04650623   0.04650636   0.10246130
        
     --------------------------------------------------------------------------------------------
     Tot. elapsed time 06m-46.4s,  time spent in last iteration 18.7s
     --------------------------------------------------------------------------------------------

                       *----------*              *----------*               *----------*
     #     Iteration = |       22 |   WBSE_dim = |        3 |   Diago_dim = |       47 |
                       *----------*              *----------*               *----------*
     s-DIAGOX done in < 00.1s             
     --------------------------------------------------------------------------------------------
        
        0.00763810   0.04625600   0.04625613   0.10246130
        
     --------------------------------------------------------------------------------------------
     Tot. elapsed time 07m-01.9s,  time spent in last iteration 15.4s
     --------------------------------------------------------------------------------------------

       Refresh the basis set

                       *----------*              *----------*               *----------*
     #     Iteration = |       23 |   WBSE_dim = |        3 |   Diago_dim = |        7 |
                       *----------*              *----------*               *----------*
     s-DIAGOX done in < 00.1s             
     --------------------------------------------------------------------------------------------
        
        0.00758544   0.04612857   0.04612870   0.10246130
        
     --------------------------------------------------------------------------------------------
     Tot. elapsed time 07m-17.7s,  time spent in last iteration 12.7s
     --------------------------------------------------------------------------------------------

                       *----------*              *----------*               *----------*
     #     Iteration = |       24 |   WBSE_dim = |        3 |   Diago_dim = |       10 |
                       *----------*              *----------*               *----------*
     s-DIAGOX done in < 00.1s             
     --------------------------------------------------------------------------------------------
        
        0.00751628   0.04594921   0.04594934   0.10246130
        
     --------------------------------------------------------------------------------------------
     Tot. elapsed time 07m-30.7s,  time spent in last iteration 12.9s
     --------------------------------------------------------------------------------------------

                       *----------*              *----------*               *----------*
     #     Iteration = |       25 |   WBSE_dim = |        3 |   Diago_dim = |       13 |
                       *----------*              *----------*               *----------*
     s-DIAGOX done in < 00.1s             
     --------------------------------------------------------------------------------------------
        
        0.00744931   0.04576103   0.04576116   0.10246130
        
     --------------------------------------------------------------------------------------------
     Tot. elapsed time 07m-44.4s,  time spent in last iteration 13.6s
     --------------------------------------------------------------------------------------------

                       *----------*              *----------*               *----------*
     #     Iteration = |       26 |   WBSE_dim = |        3 |   Diago_dim = |       16 |
                       *----------*              *----------*               *----------*
     s-DIAGOX done in < 00.1s             
     --------------------------------------------------------------------------------------------
        
        0.00738850   0.04557909   0.04557921   0.10246130
        
     --------------------------------------------------------------------------------------------
     Tot. elapsed time 07m-57.6s,  time spent in last iteration 13.2s
     --------------------------------------------------------------------------------------------

                       *----------*              *----------*               *----------*
     #     Iteration = |       27 |   WBSE_dim = |        3 |   Diago_dim = |       19 |
                       *----------*              *----------*               *----------*
     s-DIAGOX done in < 00.1s             
     --------------------------------------------------------------------------------------------
        
        0.00733418   0.04540724   0.04540736   0.10246130
        
     --------------------------------------------------------------------------------------------
     Tot. elapsed time 08m-11.0s,  time spent in last iteration 13.4s
     --------------------------------------------------------------------------------------------

                       *----------*              *----------*               *----------*
     #     Iteration = |       28 |   WBSE_dim = |        3 |   Diago_dim = |       22 |
                       *----------*              *----------*               *----------*
     s-DIAGOX done in < 00.1s             
     --------------------------------------------------------------------------------------------
        
        0.00728654   0.04524849   0.04524861   0.10246130
        
     --------------------------------------------------------------------------------------------
     Tot. elapsed time 08m-24.6s,  time spent in last iteration 13.5s
     --------------------------------------------------------------------------------------------

                       *----------*              *----------*               *----------*
     #     Iteration = |       29 |   WBSE_dim = |        3 |   Diago_dim = |       25 |
                       *----------*              *----------*               *----------*
     s-DIAGOX done in < 00.1s             
     --------------------------------------------------------------------------------------------
        
        0.00724598   0.04510511   0.04510523   0.10246130
        
     --------------------------------------------------------------------------------------------
     Tot. elapsed time 08m-38.3s,  time spent in last iteration 13.6s
     --------------------------------------------------------------------------------------------

                       *----------*              *----------*               *----------*
     #     Iteration = |       30 |   WBSE_dim = |        3 |   Diago_dim = |       28 |
                       *----------*              *----------*               *----------*
     s-DIAGOX done in < 00.1s             
     --------------------------------------------------------------------------------------------
        
        0.00721127   0.04497697   0.04497709   0.10246130
        
     --------------------------------------------------------------------------------------------
     Tot. elapsed time 08m-52.1s,  time spent in last iteration 13.8s
     --------------------------------------------------------------------------------------------

                       *----------*              *----------*               *----------*
     #     Iteration = |       31 |   WBSE_dim = |        3 |   Diago_dim = |       31 |
                       *----------*              *----------*               *----------*
     s-DIAGOX done in < 00.1s             
     --------------------------------------------------------------------------------------------
        
        0.00718162   0.04486160   0.04486172   0.10246130
        
     --------------------------------------------------------------------------------------------
     Tot. elapsed time 09m-06.0s,  time spent in last iteration 13.9s
     --------------------------------------------------------------------------------------------

                       *----------*              *----------*               *----------*
     #     Iteration = |       32 |   WBSE_dim = |        3 |   Diago_dim = |       34 |
                       *----------*              *----------*               *----------*
     s-DIAGOX done in < 00.1s             
     --------------------------------------------------------------------------------------------
        
        0.00715525   0.04475545   0.04475557   0.10246130
        
     --------------------------------------------------------------------------------------------
     Tot. elapsed time 09m-20.1s,  time spent in last iteration 14.1s
     --------------------------------------------------------------------------------------------

                       *----------*              *----------*               *----------*
     #     Iteration = |       33 |   WBSE_dim = |        3 |   Diago_dim = |       37 |
                       *----------*              *----------*               *----------*
     s-DIAGOX done in < 00.1s             
     --------------------------------------------------------------------------------------------
        
        0.00713308   0.04466275   0.04466287   0.10246130
        
     --------------------------------------------------------------------------------------------
     Tot. elapsed time 09m-34.4s,  time spent in last iteration 14.2s
     --------------------------------------------------------------------------------------------

                       *----------*              *----------*               *----------*
     #     Iteration = |       34 |   WBSE_dim = |        3 |   Diago_dim = |       40 |
                       *----------*              *----------*               *----------*
     s-DIAGOX done in < 00.1s             
     --------------------------------------------------------------------------------------------
        
        0.00705689   0.04431342   0.04431352   0.10246130
        
     --------------------------------------------------------------------------------------------
     Tot. elapsed time 09m-48.7s,  time spent in last iteration 14.3s
     --------------------------------------------------------------------------------------------

                       *----------*              *----------*               *----------*
     #     Iteration = |       35 |   WBSE_dim = |        3 |   Diago_dim = |       43 |
                       *----------*              *----------*               *----------*
     s-DIAGOX done in < 00.1s             
     --------------------------------------------------------------------------------------------
        
        0.00700514   0.04401716   0.04401726   0.10246130
        
     --------------------------------------------------------------------------------------------
     Tot. elapsed time 10m-03.4s,  time spent in last iteration 14.6s
     --------------------------------------------------------------------------------------------

                       *----------*              *----------*               *----------*
     #     Iteration = |       36 |   WBSE_dim = |        3 |   Diago_dim = |       46 |
                       *----------*              *----------*               *----------*
     s-DIAGOX done in < 00.1s             
     --------------------------------------------------------------------------------------------
        
        0.00697334   0.04380754   0.04380764   0.10246130
        
     --------------------------------------------------------------------------------------------
     Tot. elapsed time 10m-18.1s,  time spent in last iteration 14.7s
     --------------------------------------------------------------------------------------------

       Refresh the basis set

                       *----------*              *----------*               *----------*
     #     Iteration = |       37 |   WBSE_dim = |        3 |   Diago_dim = |        7 |
                       *----------*              *----------*               *----------*
     s-DIAGOX done in < 00.1s             
     --------------------------------------------------------------------------------------------
        
        0.00696078   0.04372272   0.04372282   0.10246130
        
     --------------------------------------------------------------------------------------------
     Tot. elapsed time 10m-33.8s,  time spent in last iteration 12.7s
     --------------------------------------------------------------------------------------------

                       *----------*              *----------*               *----------*
     #     Iteration = |       38 |   WBSE_dim = |        3 |   Diago_dim = |       10 |
                       *----------*              *----------*               *----------*
     s-DIAGOX done in < 00.1s             
     --------------------------------------------------------------------------------------------
        
        0.00694873   0.04364224   0.04364234   0.10246130
        
     --------------------------------------------------------------------------------------------
     Tot. elapsed time 10m-46.8s,  time spent in last iteration 12.9s
     --------------------------------------------------------------------------------------------

                       *----------*              *----------*               *----------*
     #     Iteration = |       39 |   WBSE_dim = |        3 |   Diago_dim = |       13 |
                       *----------*              *----------*               *----------*
     s-DIAGOX done in < 00.1s             
     --------------------------------------------------------------------------------------------
        
        0.00693831   0.04357426   0.04357436   0.10246130
        
     --------------------------------------------------------------------------------------------
     Tot. elapsed time 10m-59.9s,  time spent in last iteration 13.1s
     --------------------------------------------------------------------------------------------

                       *----------*              *----------*               *----------*
     #     Iteration = |       40 |   WBSE_dim = |        3 |   Diago_dim = |       16 |
                       *----------*              *----------*               *----------*
     s-DIAGOX done in < 00.1s             
     --------------------------------------------------------------------------------------------
        
        0.00693312   0.04353901   0.04353911   0.10246130
        
     --------------------------------------------------------------------------------------------
     Tot. elapsed time 11m-13.2s,  time spent in last iteration 13.2s
     --------------------------------------------------------------------------------------------

                       *----------*              *----------*               *----------*
     #     Iteration = |       41 |   WBSE_dim = |        3 |   Diago_dim = |       19 |
                       *----------*              *----------*               *----------*
     s-DIAGOX done in < 00.1s             
     --------------------------------------------------------------------------------------------
        
        0.00692806   0.04350500   0.04350510   0.10246130
        
     --------------------------------------------------------------------------------------------
     Tot. elapsed time 11m-26.6s,  time spent in last iteration 13.3s
     --------------------------------------------------------------------------------------------

                       *----------*              *----------*               *----------*
     #     Iteration = |       42 |   WBSE_dim = |        3 |   Diago_dim = |       22 |
                       *----------*              *----------*               *----------*
     s-DIAGOX done in < 00.1s             
     --------------------------------------------------------------------------------------------
        
        0.00692392   0.04347629   0.04347639   0.10246130
        
     --------------------------------------------------------------------------------------------
     Tot. elapsed time 11m-40.1s,  time spent in last iteration 13.5s
     --------------------------------------------------------------------------------------------

                       *----------*              *----------*               *----------*
     #     Iteration = |       43 |   WBSE_dim = |        3 |   Diago_dim = |       25 |
                       *----------*              *----------*               *----------*
     s-DIAGOX done in < 00.1s             
     --------------------------------------------------------------------------------------------
        
        0.00692037   0.04345097   0.04345107   0.10246130
        
     --------------------------------------------------------------------------------------------
     Tot. elapsed time 11m-53.8s,  time spent in last iteration 13.6s
     --------------------------------------------------------------------------------------------

                       *----------*              *----------*               *----------*
     #     Iteration = |       44 |   WBSE_dim = |        3 |   Diago_dim = |       28 |
                       *----------*              *----------*               *----------*
     s-DIAGOX done in < 00.1s             
     --------------------------------------------------------------------------------------------
        
        0.00691679   0.04342488   0.04342499   0.10246130
        
     --------------------------------------------------------------------------------------------
     Tot. elapsed time 12m-07.6s,  time spent in last iteration 13.7s
     --------------------------------------------------------------------------------------------

                       *----------*              *----------*               *----------*
     #     Iteration = |       45 |   WBSE_dim = |        3 |   Diago_dim = |       31 |
                       *----------*              *----------*               *----------*
     s-DIAGOX done in < 00.1s             
     --------------------------------------------------------------------------------------------
        
        0.00691428   0.04340613   0.04340623   0.10246130
        
     --------------------------------------------------------------------------------------------
     Tot. elapsed time 12m-21.6s,  time spent in last iteration 13.9s
     --------------------------------------------------------------------------------------------

                       *----------*              *----------*               *----------*
     #     Iteration = |       46 |   WBSE_dim = |        3 |   Diago_dim = |       34 |
                       *----------*              *----------*               *----------*
     s-DIAGOX done in < 00.1s             
     --------------------------------------------------------------------------------------------
        
        0.00691267   0.04339398   0.04339409   0.10246130
        
     --------------------------------------------------------------------------------------------
     Tot. elapsed time 12m-35.7s,  time spent in last iteration 14.1s
     --------------------------------------------------------------------------------------------

                       *----------*              *----------*               *----------*
     #     Iteration = |       47 |   WBSE_dim = |        3 |   Diago_dim = |       37 |
                       *----------*              *----------*               *----------*
     s-DIAGOX done in < 00.1s             
     --------------------------------------------------------------------------------------------
        
        0.00691124   0.04338417   0.04338428   0.10246130
        
     --------------------------------------------------------------------------------------------
     Tot. elapsed time 12m-49.9s,  time spent in last iteration 14.2s
     --------------------------------------------------------------------------------------------

                       *----------*              *----------*               *----------*
     #     Iteration = |       48 |   WBSE_dim = |        3 |   Diago_dim = |       40 |
                       *----------*              *----------*               *----------*
     s-DIAGOX done in < 00.1s             
     --------------------------------------------------------------------------------------------
        
        0.00690954   0.04337395   0.04337405   0.10246130
        
     --------------------------------------------------------------------------------------------
     Tot. elapsed time 13m-04.3s,  time spent in last iteration 14.3s
     --------------------------------------------------------------------------------------------

                       *----------*              *----------*               *----------*
     #     Iteration = |       49 |   WBSE_dim = |        3 |   Diago_dim = |       43 |
                       *----------*              *----------*               *----------*
     s-DIAGOX done in < 00.1s             
     --------------------------------------------------------------------------------------------
        
        0.00690766   0.04336266   0.04336276   0.10246130
        
     --------------------------------------------------------------------------------------------
     Tot. elapsed time 13m-18.8s,  time spent in last iteration 14.5s
     --------------------------------------------------------------------------------------------

                       *----------*              *----------*               *----------*
     #     Iteration = |       50 |   WBSE_dim = |        3 |   Diago_dim = |       46 |
                       *----------*              *----------*               *----------*
     s-DIAGOX done in < 00.1s             
     --------------------------------------------------------------------------------------------
        
        0.00690606   0.04335270   0.04335280   0.10246130
        
     --------------------------------------------------------------------------------------------
     Tot. elapsed time 13m-33.5s,  time spent in last iteration 14.6s
     --------------------------------------------------------------------------------------------

       Refresh the basis set

                       *----------*              *----------*               *----------*
     #     Iteration = |       51 |   WBSE_dim = |        3 |   Diago_dim = |        7 |
                       *----------*              *----------*               *----------*
     s-DIAGOX done in < 00.1s             
     --------------------------------------------------------------------------------------------
        
        0.00690508   0.04334642   0.04334652   0.10246130
        
     --------------------------------------------------------------------------------------------
     Tot. elapsed time 13m-49.3s,  time spent in last iteration 12.8s
     --------------------------------------------------------------------------------------------

                       *----------*              *----------*               *----------*
     #     Iteration = |       52 |   WBSE_dim = |        3 |   Diago_dim = |       10 |
                       *----------*              *----------*               *----------*
     s-DIAGOX done in < 00.1s             
     --------------------------------------------------------------------------------------------
        
        0.00690404   0.04333966   0.04333976   0.10246130
        
     --------------------------------------------------------------------------------------------
     Tot. elapsed time 14m-02.2s,  time spent in last iteration 12.9s
     --------------------------------------------------------------------------------------------

                       *----------*              *----------*               *----------*
     #     Iteration = |       53 |   WBSE_dim = |        3 |   Diago_dim = |       13 |
                       *----------*              *----------*               *----------*
     s-DIAGOX done in < 00.1s             
     --------------------------------------------------------------------------------------------
        
        0.00690319   0.04333365   0.04333375   0.10246130
        
     --------------------------------------------------------------------------------------------
     Tot. elapsed time 14m-15.3s,  time spent in last iteration 13.1s
     --------------------------------------------------------------------------------------------

                       *----------*              *----------*               *----------*
     #     Iteration = |       54 |   WBSE_dim = |        3 |   Diago_dim = |       16 |
                       *----------*              *----------*               *----------*
     s-DIAGOX done in < 00.1s             
     --------------------------------------------------------------------------------------------
        
        0.00690240   0.04332736   0.04332746   0.10246130
        
     --------------------------------------------------------------------------------------------
     Tot. elapsed time 14m-28.6s,  time spent in last iteration 13.2s
     --------------------------------------------------------------------------------------------

                       *----------*              *----------*               *----------*
     #     Iteration = |       55 |   WBSE_dim = |        3 |   Diago_dim = |       19 |
                       *----------*              *----------*               *----------*
     s-DIAGOX done in < 00.1s             
     --------------------------------------------------------------------------------------------
        
        0.00690168   0.04332102   0.04332112   0.10246130
        
     --------------------------------------------------------------------------------------------
     Tot. elapsed time 14m-42.0s,  time spent in last iteration 13.3s
     --------------------------------------------------------------------------------------------

                       *----------*              *----------*               *----------*
     #     Iteration = |       56 |   WBSE_dim = |        3 |   Diago_dim = |       22 |
                       *----------*              *----------*               *----------*
     s-DIAGOX done in < 00.1s             
     --------------------------------------------------------------------------------------------
        
        0.00690080   0.04331274   0.04331284   0.10246130
        
     --------------------------------------------------------------------------------------------
     Tot. elapsed time 14m-55.5s,  time spent in last iteration 13.5s
     --------------------------------------------------------------------------------------------

                       *----------*              *----------*               *----------*
     #     Iteration = |       57 |   WBSE_dim = |        3 |   Diago_dim = |       25 |
                       *----------*              *----------*               *----------*
     s-DIAGOX done in < 00.1s             
     --------------------------------------------------------------------------------------------
        
        0.00689978   0.04330281   0.04330291   0.10246130
        
     --------------------------------------------------------------------------------------------
     Tot. elapsed time 15m-09.3s,  time spent in last iteration 13.7s
     --------------------------------------------------------------------------------------------

                       *----------*              *----------*               *----------*
     #     Iteration = |       58 |   WBSE_dim = |        3 |   Diago_dim = |       28 |
                       *----------*              *----------*               *----------*
     s-DIAGOX done in < 00.1s             
     --------------------------------------------------------------------------------------------
        
        0.00689884   0.04329304   0.04329314   0.10246130
        
     --------------------------------------------------------------------------------------------
     Tot. elapsed time 15m-23.3s,  time spent in last iteration 13.9s
     --------------------------------------------------------------------------------------------

                       *----------*              *----------*               *----------*
     #     Iteration = |       59 |   WBSE_dim = |        3 |   Diago_dim = |       31 |
                       *----------*              *----------*               *----------*
     s-DIAGOX done in < 00.1s             
     --------------------------------------------------------------------------------------------
        
        0.00689798   0.04328327   0.04328337   0.10246130
        
     --------------------------------------------------------------------------------------------
     Tot. elapsed time 15m-37.2s,  time spent in last iteration 13.9s
     --------------------------------------------------------------------------------------------

                       *----------*              *----------*               *----------*
     #     Iteration = |       60 |   WBSE_dim = |        3 |   Diago_dim = |       34 |
                       *----------*              *----------*               *----------*
     s-DIAGOX done in < 00.1s             
     --------------------------------------------------------------------------------------------
        
        0.00689730   0.04327473   0.04327483   0.10246130
        
     --------------------------------------------------------------------------------------------
     Tot. elapsed time 15m-51.3s,  time spent in last iteration 14.1s
     --------------------------------------------------------------------------------------------

                       *----------*              *----------*               *----------*
     #     Iteration = |       61 |   WBSE_dim = |        3 |   Diago_dim = |       37 |
                       *----------*              *----------*               *----------*
     s-DIAGOX done in < 00.1s             
     --------------------------------------------------------------------------------------------
        
        0.00689679   0.04326830   0.04326841   0.10246130
        
     --------------------------------------------------------------------------------------------
     Tot. elapsed time 16m-05.6s,  time spent in last iteration 14.2s
     --------------------------------------------------------------------------------------------

                       *----------*              *----------*               *----------*
     #     Iteration = |       62 |   WBSE_dim = |        3 |   Diago_dim = |       40 |
                       *----------*              *----------*               *----------*
     s-DIAGOX done in < 00.1s             
     --------------------------------------------------------------------------------------------
        
        0.00689607   0.04325979   0.04325989   0.10246130
        
     --------------------------------------------------------------------------------------------
     Tot. elapsed time 16m-20.0s,  time spent in last iteration 14.4s
     --------------------------------------------------------------------------------------------

                       *----------*              *----------*               *----------*
     #     Iteration = |       63 |   WBSE_dim = |        3 |   Diago_dim = |       43 |
                       *----------*              *----------*               *----------*
     s-DIAGOX done in < 00.1s             
     --------------------------------------------------------------------------------------------
        
        0.00689541   0.04325191   0.04325202   0.10246130
        
     --------------------------------------------------------------------------------------------
     Tot. elapsed time 16m-34.5s,  time spent in last iteration 14.5s
     --------------------------------------------------------------------------------------------

                       *----------*              *----------*               *----------*
     #     Iteration = |       64 |   WBSE_dim = |        3 |   Diago_dim = |       46 |
                       *----------*              *----------*               *----------*
     s-DIAGOX done in < 00.1s             
     --------------------------------------------------------------------------------------------
        
        0.00689489   0.04324537   0.04324547   0.10246130
        
     --------------------------------------------------------------------------------------------
     Tot. elapsed time 16m-49.2s,  time spent in last iteration 14.6s
     --------------------------------------------------------------------------------------------

       Refresh the basis set

                       *----------*              *----------*               *----------*
     #     Iteration = |       65 |   WBSE_dim = |        3 |   Diago_dim = |        7 |
                       *----------*              *----------*               *----------*
     s-DIAGOX done in < 00.1s             
     --------------------------------------------------------------------------------------------
        
        0.00689452   0.04324053   0.04324063   0.10246130
        
     --------------------------------------------------------------------------------------------
     Tot. elapsed time 17m-04.9s,  time spent in last iteration 12.7s
     --------------------------------------------------------------------------------------------

                       *----------*              *----------*               *----------*
     #     Iteration = |       66 |   WBSE_dim = |        3 |   Diago_dim = |       10 |
                       *----------*              *----------*               *----------*
     s-DIAGOX done in < 00.1s             
     --------------------------------------------------------------------------------------------
        
        0.00689415   0.04323591   0.04323601   0.10246130
        
     --------------------------------------------------------------------------------------------
     Tot. elapsed time 17m-17.9s,  time spent in last iteration 12.9s
     --------------------------------------------------------------------------------------------

                       *----------*              *----------*               *----------*
     #     Iteration = |       67 |   WBSE_dim = |        3 |   Diago_dim = |       13 |
                       *----------*              *----------*               *----------*
     s-DIAGOX done in < 00.1s             
     --------------------------------------------------------------------------------------------
        
        0.00689384   0.04323188   0.04323198   0.10246130
        
     --------------------------------------------------------------------------------------------
     Tot. elapsed time 17m-31.0s,  time spent in last iteration 13.1s
     --------------------------------------------------------------------------------------------

                       *----------*              *----------*               *----------*
     #     Iteration = |       68 |   WBSE_dim = |        3 |   Diago_dim = |       16 |
                       *----------*              *----------*               *----------*
     s-DIAGOX done in < 00.1s             
     --------------------------------------------------------------------------------------------
        
        0.00689364   0.04322914   0.04322925   0.10246130
        
     --------------------------------------------------------------------------------------------
     Tot. elapsed time 17m-44.2s,  time spent in last iteration 13.2s
     --------------------------------------------------------------------------------------------

                       *----------*              *----------*               *----------*
     #     Iteration = |       69 |   WBSE_dim = |        3 |   Diago_dim = |       19 |
                       *----------*              *----------*               *----------*
     s-DIAGOX done in < 00.1s             
     --------------------------------------------------------------------------------------------
        
        0.00689345   0.04322637   0.04322647   0.10246130
        
     --------------------------------------------------------------------------------------------
     Tot. elapsed time 17m-57.6s,  time spent in last iteration 13.3s
     --------------------------------------------------------------------------------------------

                       *----------*              *----------*               *----------*
     #     Iteration = |       70 |   WBSE_dim = |        3 |   Diago_dim = |       22 |
                       *----------*              *----------*               *----------*
     s-DIAGOX done in < 00.1s             
     --------------------------------------------------------------------------------------------
        
        0.00689327   0.04322382   0.04322392   0.10246130
        
     --------------------------------------------------------------------------------------------
     Tot. elapsed time 18m-11.2s,  time spent in last iteration 13.5s
     --------------------------------------------------------------------------------------------

                       *----------*              *----------*               *----------*
     #     Iteration = |       71 |   WBSE_dim = |        3 |   Diago_dim = |       25 |
                       *----------*              *----------*               *----------*
     s-DIAGOX done in < 00.1s             
     --------------------------------------------------------------------------------------------
        
        0.00689311   0.04322176   0.04322186   0.10246130
        
     --------------------------------------------------------------------------------------------
     Tot. elapsed time 18m-24.9s,  time spent in last iteration 13.6s
     --------------------------------------------------------------------------------------------

                       *----------*              *----------*               *----------*
     #     Iteration = |       72 |   WBSE_dim = |        3 |   Diago_dim = |       28 |
                       *----------*              *----------*               *----------*
     s-DIAGOX done in < 00.1s             
     --------------------------------------------------------------------------------------------
        
        0.00689296   0.04321987   0.04321997   0.10246130
        
     --------------------------------------------------------------------------------------------
     Tot. elapsed time 18m-38.7s,  time spent in last iteration 13.7s
     --------------------------------------------------------------------------------------------

                       *----------*              *----------*               *----------*
     #     Iteration = |       73 |   WBSE_dim = |        3 |   Diago_dim = |       31 |
                       *----------*              *----------*               *----------*
     s-DIAGOX done in < 00.1s             
     --------------------------------------------------------------------------------------------
        
        0.00689286   0.04321850   0.04321860   0.10246130
        
     --------------------------------------------------------------------------------------------
     Tot. elapsed time 18m-52.6s,  time spent in last iteration 13.9s
     --------------------------------------------------------------------------------------------

                       *----------*              *----------*               *----------*
     #     Iteration = |       74 |   WBSE_dim = |        3 |   Diago_dim = |       34 |
                       *----------*              *----------*               *----------*
     s-DIAGOX done in < 00.1s             
     --------------------------------------------------------------------------------------------
        
        0.00689278   0.04321755   0.04321765   0.10246130
        
     --------------------------------------------------------------------------------------------
     Tot. elapsed time 19m-06.7s,  time spent in last iteration 14.0s
     --------------------------------------------------------------------------------------------

                       *----------*              *----------*               *----------*
     #     Iteration = |       75 |   WBSE_dim = |        3 |   Diago_dim = |       37 |
                       *----------*              *----------*               *----------*
     s-DIAGOX done in < 00.1s             
     --------------------------------------------------------------------------------------------
        
        0.00689272   0.04321675   0.04321685   0.10246130
        
     --------------------------------------------------------------------------------------------
     Tot. elapsed time 19m-21.0s,  time spent in last iteration 14.2s
     --------------------------------------------------------------------------------------------

                       *----------*              *----------*               *----------*
     #     Iteration = |       76 |   WBSE_dim = |        3 |   Diago_dim = |       40 |
                       *----------*              *----------*               *----------*
     s-DIAGOX done in < 00.1s             
     --------------------------------------------------------------------------------------------
        
        0.00689266   0.04321610   0.04321620   0.10246130
        
     --------------------------------------------------------------------------------------------
     Tot. elapsed time 19m-35.3s,  time spent in last iteration 14.3s
     --------------------------------------------------------------------------------------------

                       *----------*              *----------*               *----------*
     #     Iteration = |       77 |   WBSE_dim = |        3 |   Diago_dim = |       43 |
                       *----------*              *----------*               *----------*
     s-DIAGOX done in < 00.1s             
     --------------------------------------------------------------------------------------------
        
        0.00689259   0.04321544   0.04321554   0.10246130
        
     --------------------------------------------------------------------------------------------
     Tot. elapsed time 19m-49.8s,  time spent in last iteration 14.4s
     --------------------------------------------------------------------------------------------

                       *----------*              *----------*               *----------*
     #     Iteration = |       78 |   WBSE_dim = |        3 |   Diago_dim = |       46 |
                       *----------*              *----------*               *----------*
     s-DIAGOX done in < 00.1s             
     --------------------------------------------------------------------------------------------
        
        0.00689254   0.04321484   0.04321494   0.10246130
        
     --------------------------------------------------------------------------------------------
     Tot. elapsed time 20m-04.6s,  time spent in last iteration 14.7s
     --------------------------------------------------------------------------------------------

       Refresh the basis set

                       *----------*              *----------*               *----------*
     #     Iteration = |       79 |   WBSE_dim = |        3 |   Diago_dim = |        7 |
                       *----------*              *----------*               *----------*
     s-DIAGOX done in < 00.1s             
     --------------------------------------------------------------------------------------------
        
        0.00689249   0.04321434   0.04321444   0.10246130
        
     --------------------------------------------------------------------------------------------
     Tot. elapsed time 20m-20.5s,  time spent in last iteration 13.0s
     --------------------------------------------------------------------------------------------

                       *----------*              *----------*               *----------*
     #     Iteration = |       80 |   WBSE_dim = |        3 |   Diago_dim = |       10 |
                       *----------*              *----------*               *----------*
     s-DIAGOX done in < 00.1s             
     --------------------------------------------------------------------------------------------
        
        0.00689244   0.04321381   0.04321391   0.10246130
        
     --------------------------------------------------------------------------------------------
     Tot. elapsed time 20m-33.5s,  time spent in last iteration 12.9s
     --------------------------------------------------------------------------------------------

                       *----------*              *----------*               *----------*
     #     Iteration = |       81 |   WBSE_dim = |        3 |   Diago_dim = |       13 |
                       *----------*              *----------*               *----------*
     s-DIAGOX done in < 00.1s             
     --------------------------------------------------------------------------------------------
        
        0.00689240   0.04321333   0.04321343   0.10246130
        
     --------------------------------------------------------------------------------------------
     Tot. elapsed time 20m-46.6s,  time spent in last iteration 13.0s
     --------------------------------------------------------------------------------------------

                       *----------*              *----------*               *----------*
     #     Iteration = |       82 |   WBSE_dim = |        3 |   Diago_dim = |       16 |
                       *----------*              *----------*               *----------*
     s-DIAGOX done in < 00.1s             
     --------------------------------------------------------------------------------------------
        
        0.00689236   0.04321277   0.04321287   0.10246130
        
     --------------------------------------------------------------------------------------------
     Tot. elapsed time 20m-59.8s,  time spent in last iteration 13.2s
     --------------------------------------------------------------------------------------------

                       *----------*              *----------*               *----------*
     #     Iteration = |       83 |   WBSE_dim = |        3 |   Diago_dim = |       19 |
                       *----------*              *----------*               *----------*
     s-DIAGOX done in < 00.1s             
     --------------------------------------------------------------------------------------------
        
        0.00689233   0.04321220   0.04321230   0.10246130
        
     --------------------------------------------------------------------------------------------
     Tot. elapsed time 21m-13.2s,  time spent in last iteration 13.4s
     --------------------------------------------------------------------------------------------

                       *----------*              *----------*               *----------*
     #     Iteration = |       84 |   WBSE_dim = |        3 |   Diago_dim = |       22 |
                       *----------*              *----------*               *----------*
     s-DIAGOX done in < 00.1s             
     --------------------------------------------------------------------------------------------
        
        0.00689228   0.04321146   0.04321157   0.10246130
        
     --------------------------------------------------------------------------------------------
     Tot. elapsed time 21m-26.7s,  time spent in last iteration 13.5s
     --------------------------------------------------------------------------------------------

                       *----------*              *----------*               *----------*
     #     Iteration = |       85 |   WBSE_dim = |        3 |   Diago_dim = |       25 |
                       *----------*              *----------*               *----------*
     s-DIAGOX done in < 00.1s             
     --------------------------------------------------------------------------------------------
        
        0.00689223   0.04321064   0.04321074   0.10246130
        
     --------------------------------------------------------------------------------------------
     Tot. elapsed time 21m-40.4s,  time spent in last iteration 13.6s
     --------------------------------------------------------------------------------------------

                       *----------*              *----------*               *----------*
     #     Iteration = |       86 |   WBSE_dim = |        3 |   Diago_dim = |       28 |
                       *----------*              *----------*               *----------*
     s-DIAGOX done in < 00.1s             
     --------------------------------------------------------------------------------------------
        
        0.00689219   0.04320987   0.04320997   0.10246130
        
     --------------------------------------------------------------------------------------------
     Tot. elapsed time 21m-54.2s,  time spent in last iteration 13.8s
     --------------------------------------------------------------------------------------------

                       *----------*              *----------*               *----------*
     #     Iteration = |       87 |   WBSE_dim = |        3 |   Diago_dim = |       31 |
                       *----------*              *----------*               *----------*
     s-DIAGOX done in < 00.1s             
     --------------------------------------------------------------------------------------------
        
        0.00689215   0.04320907   0.04320917   0.10246130
        
     --------------------------------------------------------------------------------------------
     Tot. elapsed time 22m-08.2s,  time spent in last iteration 13.9s
     --------------------------------------------------------------------------------------------

                       *----------*              *----------*               *----------*
     #     Iteration = |       88 |   WBSE_dim = |        3 |   Diago_dim = |       34 |
                       *----------*              *----------*               *----------*
     s-DIAGOX done in < 00.1s             
     --------------------------------------------------------------------------------------------
        
        0.00689211   0.04320833   0.04320844   0.10246130
        
     --------------------------------------------------------------------------------------------
     Tot. elapsed time 22m-22.3s,  time spent in last iteration 14.0s
     --------------------------------------------------------------------------------------------

                       *----------*              *----------*               *----------*
     #     Iteration = |       89 |   WBSE_dim = |        3 |   Diago_dim = |       37 |
                       *----------*              *----------*               *----------*
     s-DIAGOX done in < 00.1s             
     --------------------------------------------------------------------------------------------
        
        0.00689209   0.04320776   0.04320787   0.10246130
        
     --------------------------------------------------------------------------------------------
     Tot. elapsed time 22m-36.6s,  time spent in last iteration 14.2s
     --------------------------------------------------------------------------------------------

                       *----------*              *----------*               *----------*
     #     Iteration = |       90 |   WBSE_dim = |        3 |   Diago_dim = |       40 |
                       *----------*              *----------*               *----------*
     s-DIAGOX done in < 00.1s             
     --------------------------------------------------------------------------------------------
        
        0.00689205   0.04320710   0.04320720   0.10246130
        
     --------------------------------------------------------------------------------------------
     Tot. elapsed time 22m-50.9s,  time spent in last iteration 14.3s
     --------------------------------------------------------------------------------------------

                       *----------*              *----------*               *----------*
     #     Iteration = |       91 |   WBSE_dim = |        3 |   Diago_dim = |       43 |
                       *----------*              *----------*               *----------*
     s-DIAGOX done in < 00.1s             
     --------------------------------------------------------------------------------------------
        
        0.00689202   0.04320650   0.04320661   0.10246130
        
     --------------------------------------------------------------------------------------------
     Tot. elapsed time 23m-05.4s,  time spent in last iteration 14.5s
     --------------------------------------------------------------------------------------------

                       *----------*              *----------*               *----------*
     #     Iteration = |       92 |   WBSE_dim = |        3 |   Diago_dim = |       46 |
                       *----------*              *----------*               *----------*
     s-DIAGOX done in < 00.1s             
     --------------------------------------------------------------------------------------------
        
        0.00689200   0.04320600   0.04320610   0.10246130
        
     --------------------------------------------------------------------------------------------
     Tot. elapsed time 23m-20.1s,  time spent in last iteration 14.6s
     --------------------------------------------------------------------------------------------

       Refresh the basis set

                       *----------*              *----------*               *----------*
     #     Iteration = |       93 |   WBSE_dim = |        3 |   Diago_dim = |        7 |
                       *----------*              *----------*               *----------*
     s-DIAGOX done in < 00.1s             
     --------------------------------------------------------------------------------------------
        
        0.00689198   0.04320558   0.04320568   0.10246130
        
     --------------------------------------------------------------------------------------------
     Tot. elapsed time 23m-35.8s,  time spent in last iteration 12.7s
     --------------------------------------------------------------------------------------------

                       *----------*              *----------*               *----------*
     #     Iteration = |       94 |   WBSE_dim = |        3 |   Diago_dim = |       10 |
                       *----------*              *----------*               *----------*
     s-DIAGOX done in < 00.1s             
     --------------------------------------------------------------------------------------------
        
        0.00689196   0.04320519   0.04320529   0.10246130
        
     --------------------------------------------------------------------------------------------
     Tot. elapsed time 23m-48.8s,  time spent in last iteration 12.9s
     --------------------------------------------------------------------------------------------

                       *----------*              *----------*               *----------*
     #     Iteration = |       95 |   WBSE_dim = |        3 |   Diago_dim = |       13 |
                       *----------*              *----------*               *----------*
     s-DIAGOX done in < 00.1s             
     --------------------------------------------------------------------------------------------
        
        0.00689194   0.04320485   0.04320495   0.10246130
        
     --------------------------------------------------------------------------------------------
     Tot. elapsed time 24m-01.9s,  time spent in last iteration 13.1s
     --------------------------------------------------------------------------------------------

                       *----------*              *----------*               *----------*
     #     Iteration = |       96 |   WBSE_dim = |        3 |   Diago_dim = |       16 |
                       *----------*              *----------*               *----------*
     s-DIAGOX done in < 00.1s             
     --------------------------------------------------------------------------------------------
        
        0.00689193   0.04320460   0.04320471   0.10246130
        
     --------------------------------------------------------------------------------------------
     Tot. elapsed time 24m-15.1s,  time spent in last iteration 13.2s
     --------------------------------------------------------------------------------------------

                       *----------*              *----------*               *----------*
     #     Iteration = |       97 |   WBSE_dim = |        3 |   Diago_dim = |       19 |
                       *----------*              *----------*               *----------*
     s-DIAGOX done in < 00.1s             
     --------------------------------------------------------------------------------------------
        
        0.00689192   0.04320436   0.04320446   0.10246130
        
     --------------------------------------------------------------------------------------------
     Tot. elapsed time 24m-28.5s,  time spent in last iteration 13.3s
     --------------------------------------------------------------------------------------------

                       *----------*              *----------*               *----------*
     #     Iteration = |       98 |   WBSE_dim = |        3 |   Diago_dim = |       22 |
                       *----------*              *----------*               *----------*
     s-DIAGOX done in < 00.1s             
     --------------------------------------------------------------------------------------------
        
        0.00689191   0.04320413   0.04320423   0.10246130
        
     --------------------------------------------------------------------------------------------
     Tot. elapsed time 24m-42.0s,  time spent in last iteration 13.5s
     --------------------------------------------------------------------------------------------

                       *----------*              *----------*               *----------*
     #     Iteration = |       99 |   WBSE_dim = |        3 |   Diago_dim = |       25 |
                       *----------*              *----------*               *----------*
     s-DIAGOX done in < 00.1s             
     --------------------------------------------------------------------------------------------
        
        0.00689190   0.04320396   0.04320406   0.10246130
        
     --------------------------------------------------------------------------------------------
     Tot. elapsed time 24m-55.7s,  time spent in last iteration 13.6s
     --------------------------------------------------------------------------------------------

                       *----------*              *----------*               *----------*
     #     Iteration = |      100 |   WBSE_dim = |        3 |   Diago_dim = |       28 |
                       *----------*              *----------*               *----------*
     s-DIAGOX done in < 00.1s             
     --------------------------------------------------------------------------------------------
        
        0.00689189   0.04320380   0.04320391   0.10246130
        
     --------------------------------------------------------------------------------------------
     Tot. elapsed time 25m-09.6s,  time spent in last iteration 13.8s
     --------------------------------------------------------------------------------------------

                       *----------*              *----------*               *----------*
     #     Iteration = |      101 |   WBSE_dim = |        3 |   Diago_dim = |       31 |
                       *----------*              *----------*               *----------*
     s-DIAGOX done in < 00.1s             
     --------------------------------------------------------------------------------------------
        
        0.00689189   0.04320369   0.04320379   0.10246130
        
     --------------------------------------------------------------------------------------------
     Tot. elapsed time 25m-23.7s,  time spent in last iteration 14.1s
     --------------------------------------------------------------------------------------------

                       *----------*              *----------*               *----------*
     #     Iteration = |      102 |   WBSE_dim = |        3 |   Diago_dim = |       34 |
                       *----------*              *----------*               *----------*
     s-DIAGOX done in < 00.1s             
     --------------------------------------------------------------------------------------------
        
        0.00689188   0.04320360   0.04320370   0.10246130
        
     --------------------------------------------------------------------------------------------
     Tot. elapsed time 25m-37.8s,  time spent in last iteration 14.1s
     --------------------------------------------------------------------------------------------

                       *----------*              *----------*               *----------*
     #     Iteration = |      103 |   WBSE_dim = |        3 |   Diago_dim = |       37 |
                       *----------*              *----------*               *----------*
     s-DIAGOX done in < 00.1s             
     --------------------------------------------------------------------------------------------
        
        0.00689188   0.04320353   0.04320363   0.10246130
        
     --------------------------------------------------------------------------------------------
     Tot. elapsed time 25m-52.0s,  time spent in last iteration 14.2s
     --------------------------------------------------------------------------------------------

                       *----------*              *----------*               *----------*
     #     Iteration = |      104 |   WBSE_dim = |        3 |   Diago_dim = |       40 |
                       *----------*              *----------*               *----------*
     s-DIAGOX done in < 00.1s             
     --------------------------------------------------------------------------------------------
        
        0.00689187   0.04320347   0.04320358   0.10246130
        
     --------------------------------------------------------------------------------------------
     Tot. elapsed time 26m-06.5s,  time spent in last iteration 14.3s
     --------------------------------------------------------------------------------------------

                       *----------*              *----------*               *----------*
     #     Iteration = |      105 |   WBSE_dim = |        3 |   Diago_dim = |       43 |
                       *----------*              *----------*               *----------*
     s-DIAGOX done in < 00.1s             
     --------------------------------------------------------------------------------------------
        
        0.00689187   0.04320342   0.04320352   0.10246130
        
     --------------------------------------------------------------------------------------------
     Tot. elapsed time 26m-21.0s,  time spent in last iteration 14.5s
     --------------------------------------------------------------------------------------------

                       *----------*              *----------*               *----------*
     #     Iteration = |      106 |   WBSE_dim = |        3 |   Diago_dim = |       46 |
                       *----------*              *----------*               *----------*
     s-DIAGOX done in < 00.1s             
     --------------------------------------------------------------------------------------------
        
        0.00689187   0.04320337   0.04320347   0.10246130
        
     --------------------------------------------------------------------------------------------
     Tot. elapsed time 26m-35.6s,  time spent in last iteration 14.6s
     --------------------------------------------------------------------------------------------

       Refresh the basis set

                       *----------*              *----------*               *----------*
     #     Iteration = |      107 |   WBSE_dim = |        3 |   Diago_dim = |        7 |
                       *----------*              *----------*               *----------*
     s-DIAGOX done in < 00.1s             
     --------------------------------------------------------------------------------------------
        
        0.00689187   0.04320332   0.04320343   0.10246130
        
     --------------------------------------------------------------------------------------------
     Tot. elapsed time 26m-51.4s,  time spent in last iteration 12.8s
     --------------------------------------------------------------------------------------------

                       *----------*              *----------*               *----------*
     #     Iteration = |      108 |   WBSE_dim = |        3 |   Diago_dim = |       10 |
                       *----------*              *----------*               *----------*
     s-DIAGOX done in < 00.1s             
     --------------------------------------------------------------------------------------------
        
        0.00689186   0.04320328   0.04320338   0.10246130
        
     --------------------------------------------------------------------------------------------
     Tot. elapsed time 27m-04.3s,  time spent in last iteration 12.9s
     --------------------------------------------------------------------------------------------

                       *----------*              *----------*               *----------*
     #     Iteration = |      109 |   WBSE_dim = |        3 |   Diago_dim = |       13 |
                       *----------*              *----------*               *----------*
     s-DIAGOX done in < 00.1s             
     --------------------------------------------------------------------------------------------
        
        0.00689186   0.04320323   0.04320334   0.10246130
        
     --------------------------------------------------------------------------------------------
     Tot. elapsed time 27m-17.4s,  time spent in last iteration 13.1s
     --------------------------------------------------------------------------------------------

                       *----------*              *----------*               *----------*
     #     Iteration = |      110 |   WBSE_dim = |        3 |   Diago_dim = |       16 |
                       *----------*              *----------*               *----------*
     s-DIAGOX done in < 00.1s             
     --------------------------------------------------------------------------------------------
        
        0.00689186   0.04320318   0.04320329   0.10246130
        
     --------------------------------------------------------------------------------------------
     Tot. elapsed time 27m-30.6s,  time spent in last iteration 13.2s
     --------------------------------------------------------------------------------------------

                       *----------*              *----------*               *----------*
     #     Iteration = |      111 |   WBSE_dim = |        3 |   Diago_dim = |       19 |
                       *----------*              *----------*               *----------*
     s-DIAGOX done in < 00.1s             
     --------------------------------------------------------------------------------------------
        
        0.00689186   0.04320313   0.04320323   0.10246130
        
     --------------------------------------------------------------------------------------------
     Tot. elapsed time 27m-44.1s,  time spent in last iteration 13.4s
     --------------------------------------------------------------------------------------------

                       *----------*              *----------*               *----------*
     #     Iteration = |      112 |   WBSE_dim = |        3 |   Diago_dim = |       22 |
                       *----------*              *----------*               *----------*
     s-DIAGOX done in < 00.1s             
     --------------------------------------------------------------------------------------------
        
        0.00689185   0.04320307   0.04320317   0.10246130
        
     --------------------------------------------------------------------------------------------
     Tot. elapsed time 27m-57.6s,  time spent in last iteration 13.5s
     --------------------------------------------------------------------------------------------

                       *----------*              *----------*               *----------*
     #     Iteration = |      113 |   WBSE_dim = |        3 |   Diago_dim = |       25 |
                       *----------*              *----------*               *----------*
     s-DIAGOX done in < 00.1s             
     --------------------------------------------------------------------------------------------
        
        0.00689185   0.04320300   0.04320310   0.10246130
        
     --------------------------------------------------------------------------------------------
     Tot. elapsed time 28m-11.2s,  time spent in last iteration 13.6s
     --------------------------------------------------------------------------------------------

                       *----------*              *----------*               *----------*
     #     Iteration = |      114 |   WBSE_dim = |        3 |   Diago_dim = |       28 |
                       *----------*              *----------*               *----------*
     s-DIAGOX done in < 00.1s             
     --------------------------------------------------------------------------------------------
        
        0.00689185   0.04320293   0.04320303   0.10246130
        
     --------------------------------------------------------------------------------------------
     Tot. elapsed time 28m-25.0s,  time spent in last iteration 13.8s
     --------------------------------------------------------------------------------------------

                       *----------*              *----------*               *----------*
     #     Iteration = |      115 |   WBSE_dim = |        3 |   Diago_dim = |       31 |
                       *----------*              *----------*               *----------*
     s-DIAGOX done in < 00.1s             
     --------------------------------------------------------------------------------------------
        
        0.00689185   0.04320286   0.04320296   0.10246130
        
     --------------------------------------------------------------------------------------------
     Tot. elapsed time 28m-39.0s,  time spent in last iteration 13.9s
     --------------------------------------------------------------------------------------------

                       *----------*              *----------*               *----------*
     #     Iteration = |      116 |   WBSE_dim = |        3 |   Diago_dim = |       34 |
                       *----------*              *----------*               *----------*
     s-DIAGOX done in < 00.1s             
     --------------------------------------------------------------------------------------------
        
        0.00689184   0.04320279   0.04320289   0.10246130
        
     --------------------------------------------------------------------------------------------
     Tot. elapsed time 28m-53.1s,  time spent in last iteration 14.0s
     --------------------------------------------------------------------------------------------

                       *----------*              *----------*               *----------*
     #     Iteration = |      117 |   WBSE_dim = |        3 |   Diago_dim = |       37 |
                       *----------*              *----------*               *----------*
     s-DIAGOX done in < 00.1s             
     --------------------------------------------------------------------------------------------
        
        0.00689184   0.04320274   0.04320284   0.10246130
        
     --------------------------------------------------------------------------------------------
     Tot. elapsed time 29m-07.3s,  time spent in last iteration 14.2s
     --------------------------------------------------------------------------------------------

                       *----------*              *----------*               *----------*
     #     Iteration = |      118 |   WBSE_dim = |        3 |   Diago_dim = |       40 |
                       *----------*              *----------*               *----------*
     s-DIAGOX done in < 00.1s             
     --------------------------------------------------------------------------------------------
        
        0.00689184   0.04320268   0.04320278   0.10246130
        
     --------------------------------------------------------------------------------------------
     Tot. elapsed time 29m-21.7s,  time spent in last iteration 14.3s
     --------------------------------------------------------------------------------------------

                       *----------*              *----------*               *----------*
     #     Iteration = |      119 |   WBSE_dim = |        3 |   Diago_dim = |       43 |
                       *----------*              *----------*               *----------*
     s-DIAGOX done in < 00.1s             
     --------------------------------------------------------------------------------------------
        
        0.00689184   0.04320263   0.04320273   0.10246130
        
     --------------------------------------------------------------------------------------------
     Tot. elapsed time 29m-36.3s,  time spent in last iteration 14.5s
     --------------------------------------------------------------------------------------------

                       *----------*              *----------*               *----------*
     #     Iteration = |      120 |   WBSE_dim = |        3 |   Diago_dim = |       46 |
                       *----------*              *----------*               *----------*
     s-DIAGOX done in < 00.1s             
     --------------------------------------------------------------------------------------------
        
        0.00689184   0.04320259   0.04320269   0.10246130
        
     --------------------------------------------------------------------------------------------
     Tot. elapsed time 29m-50.9s,  time spent in last iteration 14.6s
     --------------------------------------------------------------------------------------------

       Refresh the basis set

                       *----------*              *----------*               *----------*
     #     Iteration = |      121 |   WBSE_dim = |        3 |   Diago_dim = |        7 |
                       *----------*              *----------*               *----------*
     s-DIAGOX done in < 00.1s             
     --------------------------------------------------------------------------------------------
        
        0.00689184   0.04320255   0.04320265   0.10246130
        
     --------------------------------------------------------------------------------------------
     Tot. elapsed time 30m-06.7s,  time spent in last iteration 12.8s
     --------------------------------------------------------------------------------------------

                       *----------*              *----------*               *----------*
     #     Iteration = |      122 |   WBSE_dim = |        3 |   Diago_dim = |       10 |
                       *----------*              *----------*               *----------*
     s-DIAGOX done in < 00.1s             
     --------------------------------------------------------------------------------------------
        
        0.00689183   0.04320251   0.04320262   0.10246130
        
     --------------------------------------------------------------------------------------------
     Tot. elapsed time 30m-19.8s,  time spent in last iteration 13.1s
     --------------------------------------------------------------------------------------------

                       *----------*              *----------*               *----------*
     #     Iteration = |      123 |   WBSE_dim = |        3 |   Diago_dim = |       13 |
                       *----------*              *----------*               *----------*
     s-DIAGOX done in < 00.1s             
     --------------------------------------------------------------------------------------------
        
        0.00689183   0.04320248   0.04320259   0.10246130
        
     --------------------------------------------------------------------------------------------
     Tot. elapsed time 30m-32.9s,  time spent in last iteration 13.1s
     --------------------------------------------------------------------------------------------

                       *----------*              *----------*               *----------*
     #     Iteration = |      124 |   WBSE_dim = |        3 |   Diago_dim = |       16 |
                       *----------*              *----------*               *----------*
     s-DIAGOX done in < 00.1s             
     --------------------------------------------------------------------------------------------
        
        0.00689183   0.04320246   0.04320256   0.10246130
        
     --------------------------------------------------------------------------------------------
     Tot. elapsed time 30m-46.2s,  time spent in last iteration 13.2s
     --------------------------------------------------------------------------------------------

                       *----------*              *----------*               *----------*
     #     Iteration = |      125 |   WBSE_dim = |        2 |   Diago_dim = |       18 |
                       *----------*              *----------*               *----------*
     s-DIAGOX done in < 00.1s             
     --------------------------------------------------------------------------------------------
        
        0.00689183   0.04320244   0.04320254   0.10246130
        
     --------------------------------------------------------------------------------------------
     Tot. elapsed time 30m-55.7s,  time spent in last iteration 09.5s
     --------------------------------------------------------------------------------------------

                       *----------*              *----------*               *----------*
     #     Iteration = |      126 |   WBSE_dim = |        2 |   Diago_dim = |       20 |
                       *----------*              *----------*               *----------*
     s-DIAGOX done in < 00.1s             
     --------------------------------------------------------------------------------------------
        
        0.00689183   0.04320242   0.04320252   0.10246130
        
     --------------------------------------------------------------------------------------------
     Tot. elapsed time 31m-05.3s,  time spent in last iteration 09.5s
     --------------------------------------------------------------------------------------------

                       *----------*              *----------*               *----------*
     #     Iteration = |      127 |   WBSE_dim = |        2 |   Diago_dim = |       22 |
                       *----------*              *----------*               *----------*
     s-DIAGOX done in < 00.1s             
     --------------------------------------------------------------------------------------------
        
        0.00689183   0.04320240   0.04320251   0.10246130
        
     --------------------------------------------------------------------------------------------
     Tot. elapsed time 31m-15.0s,  time spent in last iteration 09.6s
     --------------------------------------------------------------------------------------------

                       *----------*              *----------*               *----------*
     #     Iteration = |      128 |   WBSE_dim = |        2 |   Diago_dim = |       24 |
                       *----------*              *----------*               *----------*
     s-DIAGOX done in < 00.1s             
     --------------------------------------------------------------------------------------------
        
        0.00689183   0.04320239   0.04320249   0.10246130
        
     --------------------------------------------------------------------------------------------
     Tot. elapsed time 31m-24.7s,  time spent in last iteration 09.7s
     --------------------------------------------------------------------------------------------

                       *----------*              *----------*               *----------*
     #     Iteration = |      129 |   WBSE_dim = |        2 |   Diago_dim = |       26 |
                       *----------*              *----------*               *----------*
     s-DIAGOX done in < 00.1s             
     --------------------------------------------------------------------------------------------
        
        0.00689183   0.04320238   0.04320248   0.10246130
        
     --------------------------------------------------------------------------------------------
     Tot. elapsed time 31m-34.5s,  time spent in last iteration 09.8s
     --------------------------------------------------------------------------------------------

                       *----------*              *----------*               *----------*
     #     Iteration = |      130 |   WBSE_dim = |        2 |   Diago_dim = |       28 |
                       *----------*              *----------*               *----------*
     s-DIAGOX done in < 00.1s             
     --------------------------------------------------------------------------------------------
        
        0.00689183   0.04320237   0.04320247   0.10246130
        
     --------------------------------------------------------------------------------------------
     Tot. elapsed time 31m-44.4s,  time spent in last iteration 09.8s
     --------------------------------------------------------------------------------------------

                       *----------*              *----------*               *----------*
     #     Iteration = |      131 |   WBSE_dim = |        2 |   Diago_dim = |       30 |
                       *----------*              *----------*               *----------*
     s-DIAGOX done in < 00.1s             
     --------------------------------------------------------------------------------------------
        
        0.00689183   0.04320237   0.04320247   0.10246130
        
     --------------------------------------------------------------------------------------------
     Tot. elapsed time 31m-54.3s,  time spent in last iteration 09.9s
     --------------------------------------------------------------------------------------------

                       *----------*              *----------*               *----------*
     #     Iteration = |      132 |   WBSE_dim = |        2 |   Diago_dim = |       32 |
                       *----------*              *----------*               *----------*
     s-DIAGOX done in < 00.1s             
     --------------------------------------------------------------------------------------------
        
        0.00689183   0.04320236   0.04320246   0.10246130
        
     --------------------------------------------------------------------------------------------
     Tot. elapsed time 32m-04.3s,  time spent in last iteration 09.9s
     --------------------------------------------------------------------------------------------

                       *----------*              *----------*               *----------*
     #     Iteration = |      133 |   WBSE_dim = |        2 |   Diago_dim = |       34 |
                       *----------*              *----------*               *----------*
     s-DIAGOX done in < 00.1s             
     --------------------------------------------------------------------------------------------
        
        0.00689183   0.04320236   0.04320246   0.10246130
        
     --------------------------------------------------------------------------------------------
     Tot. elapsed time 32m-14.4s,  time spent in last iteration 10.0s
     --------------------------------------------------------------------------------------------

                       *----------*              *----------*               *----------*
     #     Iteration = |      134 |   WBSE_dim = |        2 |   Diago_dim = |       36 |
                       *----------*              *----------*               *----------*
     s-DIAGOX done in < 00.1s             
     --------------------------------------------------------------------------------------------
        
        0.00689183   0.04320235   0.04320245   0.10246130
        
     --------------------------------------------------------------------------------------------
     Tot. elapsed time 32m-24.5s,  time spent in last iteration 10.1s
     --------------------------------------------------------------------------------------------

                       *----------*              *----------*               *----------*
     #     Iteration = |      135 |   WBSE_dim = |        2 |   Diago_dim = |       38 |
                       *----------*              *----------*               *----------*
     s-DIAGOX done in < 00.1s             
     --------------------------------------------------------------------------------------------
        
        0.00689183   0.04320231   0.04320241   0.10246130
        
     --------------------------------------------------------------------------------------------
     Tot. elapsed time 32m-34.7s,  time spent in last iteration 10.2s
     --------------------------------------------------------------------------------------------

                       *----------*              *----------*               *----------*
     #     Iteration = |      136 |   WBSE_dim = |        2 |   Diago_dim = |       40 |
                       *----------*              *----------*               *----------*
     s-DIAGOX done in < 00.1s             
     --------------------------------------------------------------------------------------------
        
        0.00689183   0.04320228   0.04320239   0.10246130
        
     --------------------------------------------------------------------------------------------
     Tot. elapsed time 32m-45.0s,  time spent in last iteration 10.2s
     --------------------------------------------------------------------------------------------

                       *----------*              *----------*               *----------*
     #     Iteration = |      137 |   WBSE_dim = |        2 |   Diago_dim = |       42 |
                       *----------*              *----------*               *----------*
     s-DIAGOX done in < 00.1s             
     --------------------------------------------------------------------------------------------
        
        0.00689183   0.04320228   0.04320238   0.10246130
        
     --------------------------------------------------------------------------------------------
     Tot. elapsed time 32m-55.3s,  time spent in last iteration 10.3s
     --------------------------------------------------------------------------------------------

                       *----------*              *----------*               *----------*
     #     Iteration = |      138 |   WBSE_dim = |        2 |   Diago_dim = |       44 |
                       *----------*              *----------*               *----------*
     s-DIAGOX done in < 00.1s             
     --------------------------------------------------------------------------------------------
        
        0.00689183   0.04320227   0.04320237   0.10246130
        
     --------------------------------------------------------------------------------------------
     Tot. elapsed time 33m-05.7s,  time spent in last iteration 10.4s
     --------------------------------------------------------------------------------------------

                       *----------*              *----------*               *----------*
     #     Iteration = |      139 |   WBSE_dim = |        2 |   Diago_dim = |       46 |
                       *----------*              *----------*               *----------*
     s-DIAGOX done in < 00.1s             
     --------------------------------------------------------------------------------------------
        
        0.00689183   0.04320226   0.04320237   0.10246130
        
     --------------------------------------------------------------------------------------------
     Tot. elapsed time 33m-16.2s,  time spent in last iteration 10.4s
     --------------------------------------------------------------------------------------------
      
     --------------------------------------------------------------------------------------------
     Database written in 18.1s               
     In location : ./west.wbse.david.save
     --------------------------------------------------------------------------------------------
       
     --------------------------------------------------------------------------------------------
     Convergence achieved !!! in      139 steps                          
     --------------------------------------------------------------------------------------------
       
     --------------------------------------------------------------------------------------------
     TDDFT Force : First Part                                            
     --------------------------------------------------------------------------------------------
     atom    1 type  1   force =    -0.01691196   -0.01223109   -0.01146807
     atom    2 type  1   force =    -0.01296370   -0.00314133   -0.00235999
     atom    3 type  1   force =    -0.01393551    0.00466847    0.00542421
     atom    4 type  1   force =    -0.01696906    0.01443930    0.01465497
     atom    5 type  1   force =    -0.01080058   -0.01114336    0.00651516
     atom    6 type  1   force =    -0.00444987   -0.00488443    0.00980944
     atom    7 type  1   force =    -0.01043522    0.00584762   -0.01048727
     atom    8 type  1   force =    -0.00424601    0.00958703   -0.00431199
     atom    9 type  1   force =    -0.02472172   -0.03057445    0.02585801
     atom   10 type  1   force =    -0.02090394   -0.00954652    0.01805908
     atom   11 type  1   force =    -0.02350790    0.01891784    0.02025942
     atom   12 type  1   force =    -0.04019106    0.03711054    0.01605916
     atom   13 type  1   force =    -0.01997125   -0.02057482    0.01292076
     atom   14 type  1   force =    -0.00573945   -0.00667521    0.00421298
     atom   15 type  1   force =    -0.01320891    0.00406463    0.01536876
     atom   16 type  1   force =    -0.00865946    0.01318185    0.01612161
     atom   17 type  1   force =    -0.03010695   -0.03235445   -0.01536616
     atom   18 type  1   force =    -0.02119977    0.00005570   -0.01576615
     atom   19 type  1   force =    -0.02439119    0.02158824   -0.02433905
     atom   20 type  1   force =    -0.02328087    0.02114026   -0.02328084
     atom   21 type  1   force =    -0.01135990   -0.01225955   -0.01687100
     atom   22 type  1   force =    -0.00225729   -0.00317852   -0.01298815
     atom   23 type  1   force =    -0.02034082    0.01195021   -0.00818825
     atom   24 type  1   force =    -0.01031312    0.01677505   -0.01220430
     atom   25 type  1   force =    -0.02381838    0.02521386   -0.02814486
     atom   26 type  1   force =    -0.02050929    0.01840860   -0.00804733
     atom   27 type  1   force =    -0.02406848    0.02162180    0.02123579
     atom   28 type  1   force =    -0.04243349    0.01751895    0.03954070
     atom   29 type  1   force =    -0.01307398    0.01549239    0.00472040
     atom   30 type  1   force =    -0.00867898    0.01655013    0.01345325
     atom   31 type  1   force =    -0.01922163    0.01350714   -0.01931326
     atom   32 type  1   force =    -0.00579930    0.00431311   -0.00594137
     atom   33 type  1   force =    -0.02841018    0.03765597    0.03688137
     atom   34 type  1   force =    -0.05440325    0.04154575    0.03958393
     atom   35 type  1   force =    -0.13499691    0.07028560    0.06131457
     atom   36 type  1   force =    -0.11891117    0.00832130    0.00324617
     atom   37 type  1   force =    -0.03416663    0.02758938    0.02027114
     atom   38 type  1   force =    -0.01648957    0.02488992    0.00741863
     atom   39 type  1   force =    -0.03516958    0.02145424    0.02768506
     atom   40 type  1   force =    -0.01715180    0.00828543    0.02443179
     atom   41 type  1   force =    -0.07632027    0.08245133   -0.02192452
     atom   42 type  1   force =    -0.08000161    0.03979712   -0.03469232
     atom   43 type  1   force =    -0.08262189    0.03092138   -0.08247991
     atom   44 type  1   force =    -0.04249963   -0.00771541   -0.04253344
     atom   45 type  1   force =    -0.02806026    0.02521889   -0.02377005
     atom   46 type  1   force =    -0.00791863    0.01845095   -0.02055360
     atom   47 type  1   force =    -0.05610003    0.01826183   -0.00909243
     atom   48 type  1   force =    -0.00651236    0.00515355   -0.01874668
     atom   49 type  1   force =    -0.02964071   -0.01389009   -0.03032408
     atom   50 type  1   force =    -0.02168281   -0.01528510    0.00154170
     atom   51 type  1   force =    -0.02527264   -0.02492935    0.02398262
     atom   52 type  1   force =    -0.02445413   -0.02445407    0.02236612
     atom   53 type  1   force =    -0.02123231   -0.00738148    0.01336235
     atom   54 type  1   force =    -0.01109232   -0.01195221    0.01754014
     atom   55 type  1   force =    -0.01151875   -0.01664217   -0.01165537
     atom   56 type  1   force =    -0.00246496   -0.01312473   -0.00260485
     atom   57 type  1   force =    -0.08516714   -0.02146608    0.09015556
     atom   58 type  1   force =    -0.08661656   -0.03566331    0.04063398
     atom   59 type  1   force =    -0.09095323   -0.09001811    0.02969444
     atom   60 type  1   force =    -0.04442767   -0.04465039   -0.00912408
     atom   61 type  1   force =    -0.05920971   -0.00764553    0.01701767
     atom   62 type  1   force =    -0.00717930   -0.01826353    0.00427033
     atom   63 type  1   force =    -0.03001724   -0.02440351    0.02589109
     atom   64 type  1   force =    -0.00869891   -0.02119574    0.01833795
     atom   65 type  1   force =    -0.15201188   -0.04896529   -0.05774623
     atom   66 type  1   force =    -0.06040448   -0.03754093   -0.03937023
     atom   67 type  1   force =    -0.04285447   -0.04210384   -0.04274054
     atom   68 type  1   force =    -0.01957770   -0.01979650   -0.01961094
     atom   69 type  1   force =    -0.03010180   -0.01385605   -0.02956240
     atom   70 type  1   force =     0.00180205   -0.01530284   -0.02179880
     atom   71 type  1   force =    -0.03089080   -0.02959117   -0.01514222
     atom   72 type  1   force =     0.00177020   -0.02196340   -0.01588304
     atom   73 type  1   force =     0.00663467   -0.01120879   -0.01091805
     atom   74 type  1   force =     0.00984924   -0.00492094   -0.00455235
     atom   75 type  1   force =     0.00287913    0.00250188    0.00282186
     atom   76 type  1   force =     0.01040029    0.01031072    0.01038671
     atom   77 type  1   force =     0.01556874   -0.01379793    0.00455601
     atom   78 type  1   force =     0.01632119   -0.00949706    0.01352321
     atom   79 type  1   force =     0.01538033    0.00403967   -0.01331883
     atom   80 type  1   force =     0.01608684    0.01319247   -0.00878368
     atom   81 type  1   force =     0.00467341   -0.01377377    0.01559090
     atom   82 type  1   force =     0.01357178   -0.00950054    0.01639791
     atom   83 type  1   force =     0.00369577    0.00304245    0.01194988
     atom   84 type  1   force =     0.02036549    0.02020428    0.00661173
     atom   85 type  1   force =     0.02855766   -0.03666080    0.02150411
     atom   86 type  1   force =     0.02441231   -0.01951061    0.00785188
     atom   87 type  1   force =     0.01636304    0.00339237    0.01640452
     atom   88 type  1   force =     0.02656090    0.02737836    0.02668509
     atom   89 type  1   force =     0.01369703   -0.02208128   -0.00761947
     atom   90 type  1   force =     0.01758003   -0.01204846   -0.01230794
     atom   91 type  1   force =     0.00554029    0.00464925   -0.01392869
     atom   92 type  1   force =     0.01474365    0.01448937   -0.01704320
     atom   93 type  1   force =     0.02597832   -0.03092486   -0.02483514
     atom   94 type  1   force =     0.01803881   -0.00968620   -0.02101891
     atom   95 type  1   force =     0.02493810    0.00784564   -0.00317477
     atom   96 type  1   force =     0.03790486    0.04229745   -0.01896510
     atom   97 type  1   force =     0.00481283    0.01552611   -0.01315975
     atom   98 type  1   force =     0.01351244    0.01659207   -0.00880668
     atom   99 type  1   force =     0.00382050    0.01209295    0.00372129
     atom  100 type  1   force =     0.02091997    0.00694908    0.02089552
     atom  101 type  1   force =     0.01632608    0.01659910    0.00392131
     atom  102 type  1   force =     0.02698070    0.02779845    0.02796891
     atom  103 type  1   force =     0.02783213    0.02164149   -0.03554836
     atom  104 type  1   force =     0.02435925    0.00835123   -0.01761055
     atom  105 type  1   force =     0.00401600    0.01659249    0.01636095
     atom  106 type  1   force =     0.02807466    0.02787365    0.02718009
     atom  107 type  1   force =     0.01746690    0.02172705    0.02098684
     atom  108 type  1   force =     0.08458177    0.02395307    0.02262545
     atom  109 type  1   force =     0.04032956    0.04142757    0.02461314
     atom  110 type  1   force =     0.09708245    0.10329734    0.03238932
     atom  111 type  1   force =     0.04136656    0.02598923    0.04153336
     atom  112 type  1   force =     0.10171172    0.03647647    0.10265577
     atom  113 type  1   force =     0.00941876    0.02541400   -0.00336055
     atom  114 type  1   force =     0.04397363    0.04059515   -0.01932080
     atom  115 type  1   force =     0.02163943    0.02181127   -0.02421523
     atom  116 type  1   force =     0.04006585    0.01769673   -0.04294433
     atom  117 type  1   force =     0.03702253    0.03793586   -0.02854969
     atom  118 type  1   force =     0.03962345    0.04193657   -0.05478536
     atom  119 type  1   force =     0.11983642    0.07801519   -0.00511216
     atom  120 type  1   force =     0.17174478    0.12555616   -0.14039256
     atom  121 type  1   force =     0.01362760   -0.00729505   -0.02149661
     atom  122 type  1   force =     0.01766236   -0.01196794   -0.01135584
     atom  123 type  1   force =     0.00543297   -0.01389063    0.00529768
     atom  124 type  1   force =     0.01502327   -0.01745729    0.01498467
     atom  125 type  1   force =     0.02568139   -0.00290081    0.00918564
     atom  126 type  1   force =     0.04023235   -0.01932967    0.04472031
     atom  127 type  1   force =     0.02600636   -0.02456524   -0.03045223
     atom  128 type  1   force =     0.01827533   -0.02126640   -0.00896729
     atom  129 type  1   force =     0.00942450   -0.00292902    0.02575369
     atom  130 type  1   force =     0.04497488   -0.01938370    0.04064095
     atom  131 type  1   force =     0.02157586   -0.02447383    0.02150710
     atom  132 type  1   force =     0.04056834   -0.04355443    0.01723038
     atom  133 type  1   force =     0.12242097   -0.00376560    0.07666536
     atom  134 type  1   force =     0.17701418   -0.14064688    0.12061247
     atom  135 type  1   force =     0.03858550   -0.02932862    0.03872420
     atom  136 type  1   force =     0.04180654   -0.05691966    0.04215784
     atom  137 type  1   force =     0.04289831   -0.00372145   -0.00462326
     atom  138 type  1   force =     0.08375587   -0.03266794   -0.03329099
     atom  139 type  1   force =     0.02441133   -0.02508719   -0.02537835
     atom  140 type  1   force =     0.02258558   -0.02466416   -0.02466421
     atom  141 type  1   force =     0.09168975   -0.02155031   -0.08675639
     atom  142 type  1   force =     0.04086063   -0.03602895   -0.08786128
     atom  143 type  1   force =     0.09255125   -0.08678225   -0.02247877
     atom  144 type  1   force =     0.04128968   -0.08819732   -0.03709941
     atom  145 type  1   force =     0.01281572   -0.02070899   -0.02019706
     atom  146 type  1   force =     0.00419513   -0.00666446   -0.00587079
     atom  147 type  1   force =     0.01192429    0.00302011    0.00357421
     atom  148 type  1   force =     0.00655137    0.02010498    0.02024173
     atom  149 type  1   force =    -0.00776393   -0.02192163    0.01344422
     atom  150 type  1   force =    -0.01235307   -0.01190894    0.01744306
     atom  151 type  1   force =    -0.00824628    0.01196268   -0.02044549
     atom  152 type  1   force =    -0.01226517    0.01676032   -0.01043713
     atom  153 type  1   force =     0.02129230   -0.03648121    0.02854052
     atom  154 type  1   force =     0.00769673   -0.01939205    0.02449435
     atom  155 type  1   force =     0.02033821    0.01476985    0.02047073
     atom  156 type  1   force =     0.02012985    0.07727879    0.02036753
     atom  157 type  1   force =    -0.00920977   -0.06150346    0.01737474
     atom  158 type  1   force =    -0.01890544   -0.01018388    0.00374047
     atom  159 type  1   force =    -0.00325196    0.00784460    0.02487728
     atom  160 type  1   force =    -0.01895381    0.04211816    0.03789666
     atom  161 type  1   force =     0.01715199   -0.06206032   -0.00895075
     atom  162 type  1   force =     0.00358241   -0.01030326   -0.01881899
     atom  163 type  1   force =     0.02020498    0.01890648   -0.02355422
     atom  164 type  1   force =     0.01597570    0.03720050   -0.04030029
     atom  165 type  1   force =    -0.01559635   -0.03249563   -0.03011215
     atom  166 type  1   force =    -0.01587000    0.00005004   -0.02122924
     atom  167 type  1   force =    -0.00503257    0.03654791   -0.00487112
     atom  168 type  1   force =    -0.03090141    0.07522913   -0.03078985
     atom  169 type  1   force =     0.02024658    0.02771930   -0.03436581
     atom  170 type  1   force =     0.00732927    0.02489941   -0.01682978
     atom  171 type  1   force =     0.02077592    0.02164866    0.01705730
     atom  172 type  1   force =     0.02204478    0.02361014    0.08347248
     atom  173 type  1   force =    -0.00340954    0.02528089    0.00917884
     atom  174 type  1   force =    -0.01925545    0.04017831    0.04353974
     atom  175 type  1   force =    -0.00932996    0.01831604   -0.05644837
     atom  176 type  1   force =    -0.01884411    0.00507307   -0.00696858
     atom  177 type  1   force =     0.02436672    0.04124181    0.04031061
     atom  178 type  1   force =     0.03165735    0.10246807    0.09719731
     atom  179 type  1   force =    -0.00525200    0.11368834    0.06684426
     atom  180 type  1   force =    -0.12200287    0.15963962    0.09818246
     atom  181 type  1   force =    -0.00533783    0.07652325    0.11850980
     atom  182 type  1   force =    -0.13755991    0.12214905    0.16910540
     atom  183 type  1   force =     0.06660254    0.11415125   -0.00501092
     atom  184 type  1   force =     0.09729704    0.16058336   -0.12204850
     atom  185 type  1   force =     0.06116683    0.07174465   -0.13624813
     atom  186 type  1   force =     0.00266560    0.00864952   -0.11994521
     atom  187 type  1   force =    -0.02209078    0.08260556   -0.07632487
     atom  188 type  1   force =    -0.03488399    0.03987394   -0.08006177
     atom  189 type  1   force =    -0.09863768    0.13546390   -0.09699011
     atom  190 type  1   force =    -0.15732969   -0.06177105   -0.15649664
     atom  191 type  1   force =     0.01684914   -0.00762406   -0.06011494
     atom  192 type  1   force =     0.00403180   -0.01827453   -0.00775490
     atom  193 type  1   force =     0.02126318   -0.02437342    0.02116088
     atom  194 type  1   force =     0.01696905   -0.04315283    0.04013317
     atom  195 type  1   force =    -0.00482235   -0.00375909    0.04193383
     atom  196 type  1   force =    -0.03302257   -0.03228807    0.08246087
     atom  197 type  1   force =    -0.01540644   -0.02967469   -0.03125427
     atom  198 type  1   force =    -0.01596914   -0.02187689    0.00150417
     atom  199 type  1   force =     0.07493172   -0.00375012    0.12155731
     atom  200 type  1   force =     0.11632017   -0.13785991    0.17531872
     atom  201 type  1   force =     0.06931228   -0.14323315    0.07091890
     atom  202 type  1   force =     0.00449851   -0.12571895    0.00540726
     atom  203 type  1   force =    -0.11442695   -0.10358201    0.13442701
     atom  204 type  1   force =    -0.17279104   -0.16730587   -0.08428029
     atom  205 type  1   force =    -0.02256091   -0.08519780    0.09117154
     atom  206 type  1   force =    -0.03692542   -0.08701278    0.04113992
     atom  207 type  1   force =     0.13424171   -0.10641102   -0.11560813
     atom  208 type  1   force =    -0.08831123   -0.17007534   -0.17472727
     atom  209 type  1   force =     0.02947453   -0.09151017   -0.09230330
     atom  210 type  1   force =    -0.00937618   -0.04499563   -0.04480672
     atom  211 type  1   force =    -0.05944694   -0.04909360   -0.15277768
     atom  212 type  1   force =    -0.03972739   -0.03757063   -0.06062181
     atom  213 type  1   force =    -0.06016253   -0.15705281   -0.05859020
     atom  214 type  1   force =    -0.03989328   -0.06183549   -0.03956582
     atom  215 type  2   force =     0.14853774    0.16056726    0.15036520
       
     --------------------------------------------------------------------------------------------
     TDDFT Force : Second Part                                           
     --------------------------------------------------------------------------------------------
     atom    1 type  1   force =     0.01725032    0.01570769    0.00987239
     atom    2 type  1   force =     0.01193881    0.00652952    0.00046006
     atom    3 type  1   force =     0.01352182   -0.00109189   -0.00713557
     atom    4 type  1   force =     0.01547762   -0.01230219   -0.01416860
     atom    5 type  1   force =     0.01009873    0.01360521   -0.00785831
     atom    6 type  1   force =     0.00307874    0.00756546   -0.01031384
     atom    7 type  1   force =     0.00779601   -0.00233255    0.00832874
     atom    8 type  1   force =     0.00194582   -0.00785437    0.00262748
     atom    9 type  1   force =     0.02656975    0.03644994   -0.02694990
     atom   10 type  1   force =     0.02025135    0.01579016   -0.01619172
     atom   11 type  1   force =     0.02230825   -0.00857194   -0.01429626
     atom   12 type  1   force =     0.03154350   -0.02770860   -0.00834718
     atom   13 type  1   force =     0.01912129    0.02572584   -0.01215319
     atom   14 type  1   force =     0.00209769    0.01221756   -0.00267111
     atom   15 type  1   force =     0.01127583   -0.00071310   -0.01418272
     atom   16 type  1   force =     0.00489561   -0.01126782   -0.01402715
     atom   17 type  1   force =     0.03164256    0.04080959    0.01802117
     atom   18 type  1   force =     0.01873764    0.00789005    0.01558773
     atom   19 type  1   force =     0.02095146   -0.01094279    0.02065121
     atom   20 type  1   force =     0.01789700   -0.01523508    0.01809336
     atom   21 type  1   force =     0.00891235    0.01579298    0.01700875
     atom   22 type  1   force =    -0.00042403    0.00673271    0.01230122
     atom   23 type  1   force =     0.01444427   -0.00474570    0.00802884
     atom   24 type  1   force =     0.00404243   -0.01333494    0.01155876
     atom   25 type  1   force =     0.02023684   -0.02146055    0.01946663
     atom   26 type  1   force =     0.01771861   -0.01863643    0.00256093
     atom   27 type  1   force =     0.02424816   -0.02547212   -0.02568923
     atom   28 type  1   force =     0.04334412   -0.02297422   -0.04171767
     atom   29 type  1   force =     0.01079429   -0.01488374   -0.00629279
     atom   30 type  1   force =     0.00616453   -0.01785151   -0.01392557
     atom   31 type  1   force =     0.01315546   -0.01478659    0.01415888
     atom   32 type  1   force =     0.00213263   -0.00817296    0.00367014
     atom   33 type  1   force =     0.02733477   -0.03705772   -0.03160768
     atom   34 type  1   force =     0.04909559   -0.04392073   -0.03139690
     atom   35 type  1   force =     0.12593065   -0.08406132   -0.04036626
     atom   36 type  1   force =     0.10835750   -0.02189314    0.00684541
     atom   37 type  1   force =     0.02588715   -0.02644591   -0.01423924
     atom   38 type  1   force =     0.00761068   -0.02707685   -0.00443377
     atom   39 type  1   force =     0.03282407   -0.02546459   -0.02605133
     atom   40 type  1   force =     0.01322814   -0.01260097   -0.02341649
     atom   41 type  1   force =     0.06011794   -0.06605975    0.02053474
     atom   42 type  1   force =     0.05815005   -0.03661001    0.03021730
     atom   43 type  1   force =     0.06759706   -0.03188992    0.06656597
     atom   44 type  1   force =     0.03447088   -0.00234867    0.03474031
     atom   45 type  1   force =     0.01863822   -0.02153649    0.02001189
     atom   46 type  1   force =     0.00125108   -0.01905914    0.01822725
     atom   47 type  1   force =     0.04182698   -0.02396111    0.01236694
     atom   48 type  1   force =    -0.00403922   -0.01111586    0.01983217
     atom   49 type  1   force =     0.02966805    0.00615123    0.02324619
     atom   50 type  1   force =     0.02127237    0.01238884   -0.00522571
     atom   51 type  1   force =     0.02730543    0.02532911   -0.02803934
     atom   52 type  1   force =     0.02556699    0.02685939   -0.02445874
     atom   53 type  1   force =     0.02022326    0.00464434   -0.01626847
     atom   54 type  1   force =     0.00989505    0.01069409   -0.01916953
     atom   55 type  1   force =     0.00938849    0.01566033    0.01043384
     atom   56 type  1   force =     0.00071027    0.01432425    0.00179756
     atom   57 type  1   force =     0.09173304    0.01621652   -0.09383172
     atom   58 type  1   force =     0.09190026    0.03222025   -0.04034946
     atom   59 type  1   force =     0.10066021    0.09387357   -0.03102178
     atom   60 type  1   force =     0.04695095    0.04872441    0.01311471
     atom   61 type  1   force =     0.05693268    0.00117793   -0.01335367
     atom   62 type  1   force =     0.00153864    0.01524838   -0.00295574
     atom   63 type  1   force =     0.03099726    0.02508905   -0.02744971
     atom   64 type  1   force =     0.00716880    0.02359916   -0.01897399
     atom   65 type  1   force =     0.14900888    0.02364992    0.06880943
     atom   66 type  1   force =     0.05777525    0.02809849    0.04192053
     atom   67 type  1   force =     0.04559801    0.03798765    0.04444178
     atom   68 type  1   force =     0.01891937    0.02057466    0.01917084
     atom   69 type  1   force =     0.02141569    0.00614141    0.02911678
     atom   70 type  1   force =    -0.00736789    0.01264019    0.02212035
     atom   71 type  1   force =     0.02876130    0.02801413    0.01795649
     atom   72 type  1   force =    -0.00620986    0.02431913    0.01724196
     atom   73 type  1   force =    -0.00884822    0.01401773    0.01104397
     atom   74 type  1   force =    -0.01075444    0.00776841    0.00396335
     atom   75 type  1   force =    -0.00426744   -0.00045382   -0.00368805
     atom   76 type  1   force =    -0.01136733   -0.00948721   -0.01108169
     atom   77 type  1   force =    -0.01646449    0.01681753   -0.00545695
     atom   78 type  1   force =    -0.01612231    0.01326150   -0.01474345
     atom   79 type  1   force =    -0.01442287   -0.00058612    0.01219091
     atom   80 type  1   force =    -0.01376443   -0.01139208    0.00597384
     atom   81 type  1   force =    -0.00645652    0.01673127   -0.01659007
     atom   82 type  1   force =    -0.01521957    0.01348881   -0.01680740
     atom   83 type  1   force =    -0.00659278    0.00023116   -0.01083162
     atom   84 type  1   force =    -0.02153795   -0.01885705   -0.00453693
     atom   85 type  1   force =    -0.03062731    0.04472579   -0.02330629
     atom   86 type  1   force =    -0.02263029    0.02873865   -0.00681534
     atom   87 type  1   force =    -0.01652546   -0.00099198   -0.01667171
     atom   88 type  1   force =    -0.02404761   -0.02689939   -0.02472263
     atom   89 type  1   force =    -0.01810299    0.02762128    0.00926483
     atom   90 type  1   force =    -0.01945459    0.01814804    0.01321285
     atom   91 type  1   force =    -0.00808943   -0.00096309    0.01364168
     atom   92 type  1   force =    -0.01488288   -0.01268213    0.01609994
     atom   93 type  1   force =    -0.02800921    0.03866394    0.02747925
     atom   94 type  1   force =    -0.01617647    0.01685025    0.02121367
     atom   95 type  1   force =    -0.02315854   -0.00229498    0.00470501
     atom   96 type  1   force =    -0.02942601   -0.03662972    0.01922340
     atom   97 type  1   force =    -0.00716539   -0.01524949    0.01162312
     atom   98 type  1   force =    -0.01452595   -0.01827392    0.00747009
     atom   99 type  1   force =    -0.00612894   -0.01449263   -0.00509216
     atom  100 type  1   force =    -0.02347065   -0.01001333   -0.02306335
     atom  101 type  1   force =    -0.01609779   -0.01706045   -0.00577212
     atom  102 type  1   force =    -0.02624882   -0.03069193   -0.03059381
     atom  103 type  1   force =    -0.02668660   -0.02684216    0.03568624
     atom  104 type  1   force =    -0.02274092   -0.01296279    0.01643807
     atom  105 type  1   force =    -0.00662847   -0.01698384   -0.01616744
     atom  106 type  1   force =    -0.03125567   -0.03108629   -0.02731820
     atom  107 type  1   force =    -0.02361540   -0.02634690   -0.02003912
     atom  108 type  1   force =    -0.09463196   -0.03206339   -0.02341175
     atom  109 type  1   force =    -0.03971355   -0.04409944   -0.02288344
     atom  110 type  1   force =    -0.08673529   -0.11355245   -0.02259883
     atom  111 type  1   force =    -0.04392595   -0.03009695   -0.04459230
     atom  112 type  1   force =    -0.10834330   -0.04532373   -0.11241766
     atom  113 type  1   force =    -0.01429706   -0.02589841    0.00460593
     atom  114 type  1   force =    -0.04575620   -0.04576769    0.02073594
     atom  115 type  1   force =    -0.02855811   -0.02683497    0.02473787
     atom  116 type  1   force =    -0.04473045   -0.02476637    0.04622149
     atom  117 type  1   force =    -0.03244689   -0.03887332    0.02797163
     atom  118 type  1   force =    -0.03155791   -0.04632534    0.05155662
     atom  119 type  1   force =    -0.12194424   -0.09337628    0.00755481
     atom  120 type  1   force =    -0.17113854   -0.15841463    0.15412539
     atom  121 type  1   force =    -0.01829782    0.00483214    0.02222523
     atom  122 type  1   force =    -0.02009928    0.01094541    0.01203809
     atom  123 type  1   force =    -0.00737032    0.01431073   -0.00628764
     atom  124 type  1   force =    -0.01700359    0.01957375   -0.01666923
     atom  125 type  1   force =    -0.02705152    0.00037705   -0.01084466
     atom  126 type  1   force =    -0.04262664    0.01841827   -0.05018577
     atom  127 type  1   force =    -0.02843308    0.02622356    0.03403967
     atom  128 type  1   force =    -0.01853604    0.02405288    0.00953873
     atom  129 type  1   force =    -0.01266810    0.00036199   -0.02746779
     atom  130 type  1   force =    -0.05157235    0.01864810   -0.04510938
     atom  131 type  1   force =    -0.02745493    0.02553152   -0.02326662
     atom  132 type  1   force =    -0.04753871    0.05048234   -0.02014342
     atom  133 type  1   force =    -0.13623536   -0.00235170   -0.08538390
     atom  134 type  1   force =    -0.19541685    0.14894416   -0.14113794
     atom  135 type  1   force =    -0.04258137    0.03152652   -0.04355770
     atom  136 type  1   force =    -0.04498093    0.06529437   -0.04722445
     atom  137 type  1   force =    -0.05345461   -0.00127789    0.00561471
     atom  138 type  1   force =    -0.09680759    0.03205613    0.03764486
     atom  139 type  1   force =    -0.03110208    0.02646741    0.02814342
     atom  140 type  1   force =    -0.02611110    0.02823343    0.02713735
     atom  141 type  1   force =    -0.09985193    0.01739894    0.09738929
     atom  142 type  1   force =    -0.04144316    0.03400594    0.09869730
     atom  143 type  1   force =    -0.10568464    0.09734748    0.02831616
     atom  144 type  1   force =    -0.04380883    0.10288880    0.04197019
     atom  145 type  1   force =    -0.01168144    0.02679456    0.02119340
     atom  146 type  1   force =    -0.00168549    0.01221131    0.00362890
     atom  147 type  1   force =    -0.01017578    0.00014808   -0.00563911
     atom  148 type  1   force =    -0.00355585   -0.01851079   -0.02078442
     atom  149 type  1   force =     0.00987115    0.02658604   -0.01603880
     atom  150 type  1   force =     0.01336776    0.01709962   -0.01840937
     atom  151 type  1   force =     0.00882293   -0.00471080    0.01541094
     atom  152 type  1   force =     0.01196496   -0.01321944    0.00513700
     atom  153 type  1   force =    -0.02129538    0.04348311   -0.03069798
     atom  154 type  1   force =    -0.00535227    0.02773235   -0.02328601
     atom  155 type  1   force =    -0.01588239   -0.00772226   -0.01701239
     atom  156 type  1   force =    -0.01002531   -0.06323552   -0.01157519
     atom  157 type  1   force =     0.01228995    0.07384392   -0.01629370
     atom  158 type  1   force =     0.02054216    0.02267033   -0.00053700
     atom  159 type  1   force =     0.00546525   -0.00258676   -0.02287739
     atom  160 type  1   force =     0.01959745   -0.03558773   -0.02954394
     atom  161 type  1   force =    -0.01439350    0.07654998    0.01028552
     atom  162 type  1   force =     0.00092478    0.02366955    0.01972101
     atom  163 type  1   force =    -0.01365702   -0.00837435    0.02245041
     atom  164 type  1   force =    -0.00751900   -0.02821169    0.03230680
     atom  165 type  1   force =     0.02013773    0.04212549    0.03144503
     atom  166 type  1   force =     0.01641210    0.00809750    0.01913154
     atom  167 type  1   force =     0.00889374   -0.01976157    0.00765898
     atom  168 type  1   force =     0.02712129   -0.05276092    0.02612010
     atom  169 type  1   force =    -0.01360580   -0.02715187    0.02750657
     atom  170 type  1   force =    -0.00333248   -0.02705702    0.00981427
     atom  171 type  1   force =    -0.01844925   -0.02588706   -0.02120079
     atom  172 type  1   force =    -0.02006353   -0.03026514   -0.08986189
     atom  173 type  1   force =     0.00538125   -0.02520098   -0.01276543
     atom  174 type  1   force =     0.02088018   -0.04340280   -0.04332763
     atom  175 type  1   force =     0.01405517   -0.02440779    0.04439630
     atom  176 type  1   force =     0.02063643   -0.01074841   -0.00082876
     atom  177 type  1   force =    -0.02159118   -0.04334477   -0.03962525
     atom  178 type  1   force =    -0.01852762   -0.10968125   -0.08693851
     atom  179 type  1   force =     0.01328683   -0.10318667   -0.04671308
     atom  180 type  1   force =     0.10194909   -0.14140247   -0.05251864
     atom  181 type  1   force =     0.00993078   -0.08750090   -0.11692299
     atom  182 type  1   force =     0.14698509   -0.14495073   -0.16293205
     atom  183 type  1   force =    -0.04528126   -0.10574700    0.01151211
     atom  184 type  1   force =    -0.04942359   -0.14575200    0.10102088
     atom  185 type  1   force =    -0.03847443   -0.08999754    0.13125780
     atom  186 type  1   force =     0.01019954   -0.02368741    0.11354776
     atom  187 type  1   force =     0.02249061   -0.06710468    0.06011043
     atom  188 type  1   force =     0.03164408   -0.03703382    0.05890096
     atom  189 type  1   force =     0.10626511   -0.14260252    0.09642432
     atom  190 type  1   force =     0.14382716    0.00726665    0.13862623
     atom  191 type  1   force =    -0.01190008    0.00086173    0.06220812
     atom  192 type  1   force =    -0.00112649    0.01523150    0.00574828
     atom  193 type  1   force =    -0.02126458    0.02518398   -0.02438853
     atom  194 type  1   force =    -0.01752318    0.04836837   -0.04502912
     atom  195 type  1   force =     0.00716007   -0.00096738   -0.04833573
     atom  196 type  1   force =     0.03689520    0.03030504   -0.09011576
     atom  197 type  1   force =     0.02008290    0.02836786    0.03190766
     atom  198 type  1   force =     0.01781502    0.02386506   -0.00386028
     atom  199 type  1   force =    -0.07807678   -0.00175058   -0.13377444
     atom  200 type  1   force =    -0.12457945    0.14087553   -0.19155989
     atom  201 type  1   force =    -0.07160931    0.16099235   -0.07943706
     atom  202 type  1   force =     0.00018382    0.14251936   -0.00496446
     atom  203 type  1   force =     0.14672490    0.08195694   -0.14449100
     atom  204 type  1   force =     0.19100879    0.15677664    0.10479709
     atom  205 type  1   force =     0.02908989    0.09168377   -0.10070947
     atom  206 type  1   force =     0.04161144    0.09684273   -0.04313889
     atom  207 type  1   force =    -0.14483032    0.08920609    0.14413308
     atom  208 type  1   force =     0.12226895    0.16522930    0.19426034
     atom  209 type  1   force =    -0.03086625    0.09979663    0.10555214
     atom  210 type  1   force =     0.01588488    0.05096018    0.04945611
     atom  211 type  1   force =     0.07647037    0.02322077    0.15181333
     atom  212 type  1   force =     0.04466820    0.02837003    0.05920558
     atom  213 type  1   force =     0.07407436    0.16746714    0.06598434
     atom  214 type  1   force =     0.04618394    0.06718985    0.04370782
     atom  215 type  2   force =    -0.13594245   -0.18186992   -0.14292028
       
     --------------------------------------------------------------------------------------------
     TDDFT Force : Build RHS of the Z-Vector Eq                          
     --------------------------------------------------------------------------------------------
       
     --------------------------------------------------------------------------------------------
     TDDFT Force : Solve the Z-Vector Eq CG                              
     --------------------------------------------------------------------------------------------

                            *-------------*
     # Norm of z_rhs_vec  = |  4.7171E-02 |
                            *-------------*
     Initial residual =  0.35244967E+02
          Residual(00001) =  0.38323488E+00
          Residual(00002) =  0.69210258E-01
          Residual(00003) =  0.75537147E-02
          Residual(00004) =  0.37927767E-02
          Residual(00005) =  0.19230433E-02
          Residual(00006) =  0.24691335E-02
          Residual(00007) =  0.18218741E-02
          Residual(00008) =  0.14109080E-02
          Residual(00009) =  0.50453368E-03
          Residual(00010) =  0.32843485E-03
          Residual(00011) =  0.12496835E-03
          Residual(00012) =  0.57234215E-04
          Residual(00013) =  0.29292540E-04
          Residual(00014) =  0.20191877E-04
          Residual(00015) =  0.10016580E-04
          Residual(00016) =  0.49538363E-05
          Residual(00017) =  0.19828212E-05
          Residual(00018) =  0.10758285E-05
          Residual(00019) =  0.46670350E-06
          Residual(00020) =  0.21187288E-06
          Residual(00021) =  0.10362200E-06
          Residual(00022) =  0.58268587E-07
          Residual(00023) =  0.29468878E-07
          Residual(00024) =  0.15065365E-07
          Residual(00025) =  0.72198878E-08
          Residual(00026) =  0.34341481E-08
          Residual(00027) =  0.14934555E-08
          Residual(00028) =  0.71274138E-09
          Residual(00029) =  0.36367316E-09
          Residual(00030) =  0.19731811E-09
          Residual(00031) =  0.82861995E-10
          Residual(00032) =  0.41715146E-10
          Residual(00033) =  0.19755919E-10
          Residual(00034) =  0.10786718E-10
          Residual(00035) =  0.52044884E-11
          Residual(00036) =  0.28449053E-11
          Residual(00037) =  0.14680744E-11
          Residual(00038) =  0.70765787E-12
       
     --------------------------------------------------------------------------------------------
     TDDFT Force : Z-Vector Part                                         
     --------------------------------------------------------------------------------------------
     atom    1 type  1   force =    -0.00033491   -0.00351238    0.00163355
     atom    2 type  1   force =     0.00096698   -0.00339540    0.00190274
     atom    3 type  1   force =     0.00039626   -0.00359181    0.00176755
     atom    4 type  1   force =     0.00146348   -0.00212667   -0.00059643
     atom    5 type  1   force =     0.00074941   -0.00236643    0.00128977
     atom    6 type  1   force =     0.00133409   -0.00267092    0.00052149
     atom    7 type  1   force =     0.00262003   -0.00342512    0.00214662
     atom    8 type  1   force =     0.00228579   -0.00173316    0.00167727
     atom    9 type  1   force =    -0.00157846   -0.00583662    0.00077376
     atom   10 type  1   force =     0.00039764   -0.00617294   -0.00167356
     atom   11 type  1   force =     0.00149782   -0.01000787   -0.00581295
     atom   12 type  1   force =     0.01047401   -0.01124946   -0.00528485
     atom   13 type  1   force =     0.00067046   -0.00527173   -0.00145404
     atom   14 type  1   force =     0.00409119   -0.00625064   -0.00105912
     atom   15 type  1   force =     0.00191902   -0.00334228   -0.00119067
     atom   16 type  1   force =     0.00367018   -0.00169005   -0.00206531
     atom   17 type  1   force =    -0.00183019   -0.00828394   -0.00296404
     atom   18 type  1   force =     0.00255474   -0.00789512    0.00049668
     atom   19 type  1   force =     0.00304399   -0.01068084    0.00331405
     atom   20 type  1   force =     0.00534944   -0.00592368    0.00517451
     atom   21 type  1   force =     0.00249116   -0.00357668   -0.00011623
     atom   22 type  1   force =     0.00268112   -0.00356622    0.00063595
     atom   23 type  1   force =     0.00651356   -0.00789320   -0.00128629
     atom   24 type  1   force =     0.00624071   -0.00346819    0.00091833
     atom   25 type  1   force =     0.00326148   -0.00334491    0.00879552
     atom   26 type  1   force =     0.00290695   -0.00000661    0.00542608
     atom   27 type  1   force =    -0.00025515    0.00372122    0.00428904
     atom   28 type  1   force =    -0.00089975    0.00441945    0.00233483
     atom   29 type  1   force =     0.00229340   -0.00051873    0.00164741
     atom   30 type  1   force =     0.00258739    0.00146886    0.00028880
     atom   31 type  1   force =     0.00666815    0.00283471    0.00576529
     atom   32 type  1   force =     0.00410235    0.00258566    0.00253100
     atom   33 type  1   force =     0.00117766   -0.00080359   -0.00500505
     atom   34 type  1   force =     0.00536626    0.00364608   -0.00859384
     atom   35 type  1   force =     0.00910149    0.01191538   -0.02018024
     atom   36 type  1   force =     0.00950531    0.01361940   -0.01017372
     atom   37 type  1   force =     0.00788618   -0.00137216   -0.00569124
     atom   38 type  1   force =     0.00863799    0.00253134   -0.00291608
     atom   39 type  1   force =     0.00253238    0.00335474   -0.00176788
     atom   40 type  1   force =     0.00397351    0.00453557   -0.00116668
     atom   41 type  1   force =     0.01967336   -0.01943810   -0.00328970
     atom   42 type  1   force =     0.02035040   -0.00275884    0.00397176
     atom   43 type  1   force =     0.01855506    0.00660269    0.01947608
     atom   44 type  1   force =     0.00990004    0.00724166    0.00962327
     atom   45 type  1   force =     0.00953223   -0.00324928    0.00343632
     atom   46 type  1   force =     0.00658713    0.00035966    0.00249837
     atom   47 type  1   force =     0.01439123    0.00542669   -0.00308461
     atom   48 type  1   force =     0.01021148    0.00595840   -0.00116774
     atom   49 type  1   force =     0.00011875    0.00726288    0.00664180
     atom   50 type  1   force =     0.00014787    0.00279578    0.00365944
     atom   51 type  1   force =    -0.00184565   -0.00006813    0.00401445
     atom   52 type  1   force =    -0.00128569   -0.00243694    0.00216752
     atom   53 type  1   force =     0.00102883    0.00325778    0.00283587
     atom   54 type  1   force =     0.00117956    0.00120802    0.00171269
     atom   55 type  1   force =     0.00213217    0.00110420    0.00121025
     atom   56 type  1   force =     0.00172763   -0.00121183    0.00077842
     atom   57 type  1   force =    -0.00671350    0.00696944    0.00360963
     atom   58 type  1   force =    -0.00516122    0.00301119   -0.00003623
     atom   59 type  1   force =    -0.01014106   -0.00407951   -0.00242263
     atom   60 type  1   force =    -0.00304052   -0.00486207   -0.00262043
     atom   61 type  1   force =     0.00258801    0.00622741   -0.00328554
     atom   62 type  1   force =     0.00555367    0.00317049   -0.00148005
     atom   63 type  1   force =    -0.00098784   -0.00042767    0.00140315
     atom   64 type  1   force =     0.00146856   -0.00229144    0.00073709
     atom   65 type  1   force =     0.00417509    0.02468697   -0.00949997
     atom   66 type  1   force =     0.00299537    0.00976174   -0.00365051
     atom   67 type  1   force =    -0.00253389    0.00375220   -0.00157876
     atom   68 type  1   force =     0.00055480   -0.00064429    0.00037264
     atom   69 type  1   force =     0.00825918    0.00736009    0.00065670
     atom   70 type  1   force =     0.00554618    0.00245804   -0.00057177
     atom   71 type  1   force =     0.00236098    0.00171016   -0.00232420
     atom   72 type  1   force =     0.00452264   -0.00218182   -0.00172599
     atom   73 type  1   force =     0.00213450   -0.00270156   -0.00005913
     atom   74 type  1   force =     0.00092544   -0.00284142    0.00055508
     atom   75 type  1   force =     0.00134934   -0.00200217    0.00084012
     atom   76 type  1   force =     0.00095202   -0.00077474    0.00068965
     atom   77 type  1   force =     0.00080912   -0.00301033    0.00086261
     atom   78 type  1   force =    -0.00030717   -0.00377011    0.00120922
     atom   79 type  1   force =    -0.00098891   -0.00346151    0.00111319
     atom   80 type  1   force =    -0.00233516   -0.00155020    0.00270423
     atom   81 type  1   force =     0.00175656   -0.00294325    0.00092948
     atom   82 type  1   force =     0.00156376   -0.00396409    0.00032598
     atom   83 type  1   force =     0.00290657   -0.00328188   -0.00122667
     atom   84 type  1   force =     0.00136097   -0.00131216   -0.00175528
     atom   85 type  1   force =     0.00235937   -0.00790539    0.00211020
     atom   86 type  1   force =    -0.00191679   -0.00914864   -0.00119653
     atom   87 type  1   force =     0.00015815   -0.00233127    0.00028069
     atom   88 type  1   force =    -0.00241693   -0.00065405   -0.00186152
     atom   89 type  1   force =     0.00491245   -0.00600304   -0.00056688
     atom   90 type  1   force =     0.00182011   -0.00614634   -0.00128121
     atom   91 type  1   force =     0.00260642   -0.00371310    0.00029560
     atom   92 type  1   force =     0.00002905   -0.00177534    0.00092899
     atom   93 type  1   force =     0.00160733   -0.00772136   -0.00227066
     atom   94 type  1   force =    -0.00160591   -0.00708997   -0.00046048
     atom   95 type  1   force =    -0.00191946   -0.00560581   -0.00096191
     atom   96 type  1   force =    -0.00857862   -0.00603206   -0.00136642
     atom   97 type  1   force =     0.00242213   -0.00019658    0.00155463
     atom   98 type  1   force =     0.00078319    0.00183220    0.00142743
     atom   99 type  1   force =     0.00250255    0.00244107    0.00156227
     atom  100 type  1   force =     0.00246505    0.00281191    0.00205888
     atom  101 type  1   force =    -0.00031694    0.00048962    0.00181540
     atom  102 type  1   force =    -0.00077287    0.00288270    0.00262089
     atom  103 type  1   force =    -0.00120090    0.00454010    0.00013300
     atom  104 type  1   force =    -0.00184252    0.00479685    0.00127100
     atom  105 type  1   force =     0.00255833    0.00040451   -0.00027951
     atom  106 type  1   force =     0.00320765    0.00317726    0.00007711
     atom  107 type  1   force =     0.00620120    0.00442365   -0.00102345
     atom  108 type  1   force =     0.00949523    0.00810296    0.00091636
     atom  109 type  1   force =    -0.00077280    0.00338723   -0.00238754
     atom  110 type  1   force =    -0.00885433    0.01008417   -0.00781873
     atom  111 type  1   force =     0.00213221    0.00484085    0.00276428
     atom  112 type  1   force =     0.00478225    0.00664807    0.00765976
     atom  113 type  1   force =     0.00487394    0.00057837   -0.00152000
     atom  114 type  1   force =     0.00211643    0.00524834   -0.00080045
     atom  115 type  1   force =     0.00667838    0.00489058   -0.00066578
     atom  116 type  1   force =     0.00525379    0.00536746   -0.00370033
     atom  117 type  1   force =    -0.00426670    0.00068751    0.00064228
     atom  118 type  1   force =    -0.00877522    0.00565763    0.00324969
     atom  119 type  1   force =     0.00175097    0.01493111   -0.00364893
     atom  120 type  1   force =     0.00035006    0.02884412   -0.01384355
     atom  121 type  1   force =     0.00478158    0.00336708   -0.00087294
     atom  122 type  1   force =     0.00251621    0.00087381   -0.00070252
     atom  123 type  1   force =     0.00192930   -0.00026631    0.00096911
     atom  124 type  1   force =     0.00198995   -0.00205436    0.00171578
     atom  125 type  1   force =     0.00142822    0.00222961    0.00176508
     atom  126 type  1   force =     0.00236844    0.00120214    0.00534475
     atom  127 type  1   force =     0.00214109   -0.00129480   -0.00360932
     atom  128 type  1   force =     0.00043848   -0.00274102   -0.00060951
     atom  129 type  1   force =     0.00335739    0.00214481    0.00180772
     atom  130 type  1   force =     0.00658284    0.00128811    0.00446926
     atom  131 type  1   force =     0.00571761   -0.00120479    0.00188327
     atom  132 type  1   force =     0.00796151   -0.00795805    0.00095468
     atom  133 type  1   force =     0.01223884    0.00532137    0.00839561
     atom  134 type  1   force =     0.01953341   -0.01102852    0.01186661
     atom  135 type  1   force =     0.00405582   -0.00234598    0.00480852
     atom  136 type  1   force =     0.00245228   -0.00856395    0.00464513
     atom  137 type  1   force =     0.01054434    0.00490967   -0.00116035
     atom  138 type  1   force =     0.01268102    0.00035711   -0.00449413
     atom  139 type  1   force =     0.00664723   -0.00094417   -0.00245153
     atom  140 type  1   force =     0.00361716   -0.00362569   -0.00264931
     atom  141 type  1   force =     0.00866028    0.00732701   -0.01143897
     atom  142 type  1   force =     0.00076751    0.00165785   -0.01041052
     atom  143 type  1   force =     0.01380261   -0.01142767   -0.00093592
     atom  144 type  1   force =     0.00253074   -0.01419832   -0.00493505
     atom  145 type  1   force =    -0.00222239   -0.00634630   -0.00130692
     atom  146 type  1   force =    -0.00171211   -0.00625267    0.00251788
     atom  147 type  1   force =    -0.00188377   -0.00320952    0.00203869
     atom  148 type  1   force =    -0.00257354   -0.00150999    0.00075699
     atom  149 type  1   force =    -0.00138101   -0.00502046    0.00299027
     atom  150 type  1   force =    -0.00133314   -0.00523964    0.00089190
     atom  151 type  1   force =    -0.00199111   -0.00786977    0.00559447
     atom  152 type  1   force =     0.00053223   -0.00359292    0.00526540
     atom  153 type  1   force =     0.00048958   -0.00694625    0.00243024
     atom  154 type  1   force =    -0.00253156   -0.00831299   -0.00125428
     atom  155 type  1   force =    -0.00419587   -0.00727720   -0.00321998
     atom  156 type  1   force =    -0.01001978   -0.01292416   -0.00873220
     atom  157 type  1   force =    -0.00288019   -0.01205620   -0.00126500
     atom  158 type  1   force =    -0.00184363   -0.01226047   -0.00313090
     atom  159 type  1   force =    -0.00161851   -0.00533416   -0.00213973
     atom  160 type  1   force =    -0.00174061   -0.00683231   -0.00843905
     atom  161 type  1   force =    -0.00282582   -0.01417085   -0.00121183
     atom  162 type  1   force =    -0.00446356   -0.01309495   -0.00106638
     atom  163 type  1   force =    -0.00635173   -0.01017998    0.00140127
     atom  164 type  1   force =    -0.00607547   -0.01076434    0.00971121
     atom  165 type  1   force =    -0.00469909   -0.00934068   -0.00164142
     atom  166 type  1   force =    -0.00025295   -0.00807852    0.00226630
     atom  167 type  1   force =    -0.00384848   -0.01679488   -0.00276097
     atom  168 type  1   force =     0.00336913   -0.02108394    0.00423827
     atom  169 type  1   force =    -0.00612658   -0.00073429    0.00644600
     atom  170 type  1   force =    -0.00398987    0.00251805    0.00677119
     atom  171 type  1   force =    -0.00233309    0.00408992    0.00415328
     atom  172 type  1   force =    -0.00183720    0.00663700    0.00608881
     atom  173 type  1   force =    -0.00209181   -0.00002141    0.00355335
     atom  174 type  1   force =    -0.00126065    0.00328704    0.00007812
     atom  175 type  1   force =    -0.00446843    0.00573372    0.01216620
     atom  176 type  1   force =    -0.00192960    0.00570760    0.00750481
     atom  177 type  1   force =    -0.00368260    0.00286675   -0.00066120
     atom  178 type  1   force =    -0.01041064    0.00764102   -0.00841997
     atom  179 type  1   force =    -0.00668293   -0.01003835   -0.01984786
     atom  180 type  1   force =     0.01493502   -0.01314846   -0.03132849
     atom  181 type  1   force =    -0.00547289    0.01063982   -0.00163386
     atom  182 type  1   force =    -0.00989861    0.02228122   -0.00461571
     atom  183 type  1   force =    -0.02101877   -0.00815927   -0.00507576
     atom  184 type  1   force =    -0.03437028   -0.00971144    0.01543932
     atom  185 type  1   force =    -0.02141271    0.01643321    0.00529674
     atom  186 type  1   force =    -0.01294227    0.01511369    0.00555738
     atom  187 type  1   force =    -0.00477009   -0.01851674    0.01967535
     atom  188 type  1   force =     0.00279057   -0.00244292    0.01967178
     atom  189 type  1   force =    -0.01529634    0.02518091   -0.00954072
     atom  190 type  1   force =     0.01008478    0.03780321    0.01399282
     atom  191 type  1   force =    -0.00453942    0.00651196   -0.00175171
     atom  192 type  1   force =    -0.00306353    0.00318591    0.00201253
     atom  193 type  1   force =     0.00017519   -0.00089072    0.00315620
     atom  194 type  1   force =    -0.00078383   -0.00592040    0.00552780
     atom  195 type  1   force =    -0.00249107    0.00466655    0.00639045
     atom  196 type  1   force =    -0.00403662    0.00168405    0.00755083
     atom  197 type  1   force =    -0.00415648    0.00136099   -0.00031310
     atom  198 type  1   force =    -0.00213793   -0.00175062    0.00245257
     atom  199 type  1   force =     0.00293342    0.00510463    0.01073303
     atom  200 type  1   force =     0.00226196   -0.00657904    0.01800446
     atom  201 type  1   force =     0.00380370   -0.01593912    0.00955394
     atom  202 type  1   force =    -0.00460183   -0.01647796   -0.00033907
     atom  203 type  1   force =    -0.01577772    0.02210264   -0.00564968
     atom  204 type  1   force =    -0.02030253    0.00541806   -0.01418105
     atom  205 type  1   force =    -0.00277401   -0.00670016    0.00967334
     atom  206 type  1   force =    -0.00476306   -0.00962769    0.00204282
     atom  207 type  1   force =    -0.01117356    0.02201628   -0.01010852
     atom  208 type  1   force =    -0.02349464   -0.00002622   -0.02183876
     atom  209 type  1   force =    -0.00403954   -0.00922080   -0.01436129
     atom  210 type  1   force =    -0.00438732   -0.00718055   -0.00563572
     atom  211 type  1   force =    -0.01555651    0.02475544    0.00222000
     atom  212 type  1   force =    -0.00603058    0.00978468    0.00166876
     atom  213 type  1   force =    -0.01517405   -0.00869223   -0.00904905
     atom  214 type  1   force =    -0.00590260   -0.00573592   -0.00349960
     atom  215 type  2   force =    -0.01622497    0.03199178   -0.00889881
       
     --------------------------------------------------------------------------------------------
     TDDFT Force Total                                                   
     --------------------------------------------------------------------------------------------
     atom    1 type  1   force =     0.00000345   -0.00003579    0.00003787
     atom    2 type  1   force =    -0.00005791   -0.00000722    0.00000281
     atom    3 type  1   force =    -0.00001743   -0.00001523    0.00005619
     atom    4 type  1   force =    -0.00002796    0.00001044   -0.00011006
     atom    5 type  1   force =     0.00004756    0.00009542   -0.00005337
     atom    6 type  1   force =    -0.00003703    0.00001011    0.00001709
     atom    7 type  1   force =    -0.00001918    0.00008995   -0.00001191
     atom    8 type  1   force =    -0.00001439   -0.00000050   -0.00000723
     atom    9 type  1   force =     0.00026957    0.00003887   -0.00031813
     atom   10 type  1   force =    -0.00025496    0.00007070    0.00019379
     atom   11 type  1   force =     0.00029817    0.00033803    0.00015022
     atom   12 type  1   force =     0.00182646   -0.00184753    0.00242714
     atom   13 type  1   force =    -0.00017950   -0.00012071   -0.00068648
     atom   14 type  1   force =     0.00044943   -0.00070829    0.00048275
     atom   15 type  1   force =    -0.00001406    0.00000926   -0.00000463
     atom   16 type  1   force =    -0.00009367    0.00022398    0.00002915
     atom   17 type  1   force =    -0.00029458    0.00017120   -0.00030903
     atom   18 type  1   force =     0.00009261    0.00005063    0.00031826
     atom   19 type  1   force =    -0.00039574   -0.00003540   -0.00037379
     atom   20 type  1   force =    -0.00003442   -0.00001850   -0.00001297
     atom   21 type  1   force =     0.00004360   -0.00004326    0.00002152
     atom   22 type  1   force =    -0.00000020   -0.00001203   -0.00005098
     atom   23 type  1   force =     0.00061701   -0.00068868   -0.00144570
     atom   24 type  1   force =    -0.00002998   -0.00002808    0.00027279
     atom   25 type  1   force =    -0.00032006    0.00040840    0.00011729
     atom   26 type  1   force =     0.00011626   -0.00023445   -0.00006033
     atom   27 type  1   force =    -0.00007547   -0.00012910   -0.00016440
     atom   28 type  1   force =     0.00001088   -0.00103583    0.00015787
     atom   29 type  1   force =     0.00001371    0.00008992    0.00007501
     atom   30 type  1   force =     0.00007294    0.00016748   -0.00018352
     atom   31 type  1   force =     0.00060198    0.00155526    0.00061091
     atom   32 type  1   force =     0.00043568   -0.00127419    0.00025977
     atom   33 type  1   force =     0.00010226   -0.00020535    0.00026864
     atom   34 type  1   force =     0.00005861    0.00127110   -0.00040681
     atom   35 type  1   force =     0.00003523   -0.00186034    0.00076807
     atom   36 type  1   force =    -0.00104836    0.00004756   -0.00008214
     atom   37 type  1   force =    -0.00039330   -0.00022869    0.00034066
     atom   38 type  1   force =    -0.00024090    0.00034441    0.00006878
     atom   39 type  1   force =     0.00018687   -0.00065561   -0.00013414
     atom   40 type  1   force =     0.00004985    0.00022004   -0.00015138
     atom   41 type  1   force =     0.00347102   -0.00304653   -0.00467948
     atom   42 type  1   force =    -0.00150115    0.00042826   -0.00050326
     atom   43 type  1   force =     0.00353023    0.00563415    0.00356214
     atom   44 type  1   force =     0.00187129   -0.00282242    0.00183015
     atom   45 type  1   force =     0.00011019    0.00043311   -0.00032184
     atom   46 type  1   force =    -0.00008042   -0.00024854    0.00017202
     atom   47 type  1   force =     0.00011818   -0.00027259    0.00018989
     atom   48 type  1   force =    -0.00034009   -0.00000391   -0.00008224
     atom   49 type  1   force =     0.00014609   -0.00047597   -0.00043610
     atom   50 type  1   force =    -0.00026257   -0.00010048   -0.00002457
     atom   51 type  1   force =     0.00018715    0.00033163   -0.00004228
     atom   52 type  1   force =    -0.00017283   -0.00003162    0.00007490
     atom   53 type  1   force =     0.00001978    0.00052063   -0.00007025
     atom   54 type  1   force =    -0.00001771   -0.00005010    0.00008330
     atom   55 type  1   force =     0.00000191    0.00012237   -0.00001128
     atom   56 type  1   force =    -0.00002707   -0.00001232   -0.00002886
     atom   57 type  1   force =    -0.00014760    0.00171988   -0.00006653
     atom   58 type  1   force =     0.00012248   -0.00043187    0.00024829
     atom   59 type  1   force =    -0.00043408   -0.00022405   -0.00374997
     atom   60 type  1   force =    -0.00051724   -0.00078805    0.00137020
     atom   61 type  1   force =     0.00031099   -0.00024020    0.00037845
     atom   62 type  1   force =    -0.00008698    0.00015535   -0.00016545
     atom   63 type  1   force =    -0.00000782    0.00025788   -0.00015547
     atom   64 type  1   force =    -0.00006155    0.00011198    0.00010105
     atom   65 type  1   force =     0.00117209   -0.00062840    0.00156323
     atom   66 type  1   force =     0.00036614    0.00031930   -0.00110022
     atom   67 type  1   force =     0.00020965   -0.00036399    0.00012249
     atom   68 type  1   force =    -0.00010353    0.00013386   -0.00006746
     atom   69 type  1   force =    -0.00042693   -0.00035455    0.00021108
     atom   70 type  1   force =    -0.00001966   -0.00020461   -0.00025022
     atom   71 type  1   force =     0.00023148    0.00013311    0.00049007
     atom   72 type  1   force =     0.00008299    0.00017391   -0.00036707
     atom   73 type  1   force =    -0.00007905    0.00010738    0.00006679
     atom   74 type  1   force =     0.00002024    0.00000605   -0.00003393
     atom   75 type  1   force =    -0.00003897    0.00004589   -0.00002607
     atom   76 type  1   force =    -0.00001502    0.00004876   -0.00000533
     atom   77 type  1   force =    -0.00008663    0.00000927   -0.00003833
     atom   78 type  1   force =    -0.00010829   -0.00000566   -0.00001102
     atom   79 type  1   force =    -0.00003145   -0.00000797   -0.00001473
     atom   80 type  1   force =    -0.00001276    0.00025020   -0.00010561
     atom   81 type  1   force =    -0.00002655    0.00001424   -0.00006969
     atom   82 type  1   force =    -0.00008403    0.00002419   -0.00008351
     atom   83 type  1   force =     0.00000957   -0.00000827   -0.00010841
     atom   84 type  1   force =     0.00018850    0.00003507    0.00031952
     atom   85 type  1   force =     0.00028971    0.00015960    0.00030801
     atom   86 type  1   force =    -0.00013477    0.00007940   -0.00015999
     atom   87 type  1   force =    -0.00000427    0.00006913    0.00001350
     atom   88 type  1   force =     0.00009636   -0.00017509    0.00010095
     atom   89 type  1   force =     0.00050649   -0.00046304    0.00107849
     atom   90 type  1   force =    -0.00005446   -0.00004676   -0.00037630
     atom   91 type  1   force =     0.00005728   -0.00002694    0.00000859
     atom   92 type  1   force =    -0.00011018    0.00003191   -0.00001428
     atom   93 type  1   force =    -0.00042357    0.00001772    0.00037344
     atom   94 type  1   force =     0.00025642    0.00007408   -0.00026572
     atom   95 type  1   force =    -0.00013990   -0.00005515    0.00056833
     atom   96 type  1   force =    -0.00009976   -0.00036433   -0.00110812
     atom   97 type  1   force =     0.00006957    0.00008003    0.00001800
     atom   98 type  1   force =    -0.00023032    0.00015036    0.00009085
     atom   99 type  1   force =     0.00019411    0.00004139    0.00019139
     atom  100 type  1   force =    -0.00008564   -0.00025234   -0.00010895
     atom  101 type  1   force =    -0.00008865    0.00002827   -0.00003542
     atom  102 type  1   force =    -0.00004098   -0.00001077   -0.00000401
     atom  103 type  1   force =    -0.00005537   -0.00066057    0.00027088
     atom  104 type  1   force =    -0.00022419    0.00018528    0.00009852
     atom  105 type  1   force =    -0.00005415    0.00001316   -0.00008600
     atom  106 type  1   force =     0.00002664   -0.00003538   -0.00006100
     atom  107 type  1   force =     0.00005269   -0.00019621   -0.00007573
     atom  108 type  1   force =    -0.00055496   -0.00000737    0.00013005
     atom  109 type  1   force =    -0.00015679    0.00071535   -0.00065785
     atom  110 type  1   force =     0.00149283   -0.00017094    0.00197177
     atom  111 type  1   force =    -0.00042717    0.00073313   -0.00029466
     atom  112 type  1   force =    -0.00184933   -0.00219920   -0.00210213
     atom  113 type  1   force =    -0.00000436    0.00009396   -0.00027462
     atom  114 type  1   force =     0.00033386    0.00007580    0.00061469
     atom  115 type  1   force =    -0.00024030   -0.00013312   -0.00014313
     atom  116 type  1   force =     0.00058919   -0.00170218   -0.00042317
     atom  117 type  1   force =     0.00030895   -0.00024996    0.00006422
     atom  118 type  1   force =    -0.00070967    0.00126887    0.00002096
     atom  119 type  1   force =    -0.00035685   -0.00042997   -0.00120628
     atom  120 type  1   force =     0.00095631   -0.00401435   -0.00011072
     atom  121 type  1   force =     0.00011136    0.00090417   -0.00014433
     atom  122 type  1   force =     0.00007929   -0.00014873   -0.00002026
     atom  123 type  1   force =    -0.00000805    0.00015379   -0.00002085
     atom  124 type  1   force =     0.00000964    0.00006209    0.00003122
     atom  125 type  1   force =     0.00005809   -0.00029415    0.00010607
     atom  126 type  1   force =    -0.00002585    0.00029074   -0.00012071
     atom  127 type  1   force =    -0.00028564    0.00036352   -0.00002188
     atom  128 type  1   force =     0.00017777    0.00004547   -0.00003807
     atom  129 type  1   force =     0.00011379   -0.00042223    0.00009362
     atom  130 type  1   force =    -0.00001463    0.00055251    0.00000083
     atom  131 type  1   force =    -0.00016147   -0.00014709    0.00012375
     atom  132 type  1   force =     0.00099114   -0.00103015   -0.00195836
     atom  133 type  1   force =    -0.00157555   -0.00079593   -0.00032293
     atom  134 type  1   force =     0.00113074   -0.00273124   -0.00865885
     atom  135 type  1   force =     0.00005995   -0.00014808   -0.00002498
     atom  136 type  1   force =    -0.00072211   -0.00018923   -0.00042148
     atom  137 type  1   force =    -0.00001197   -0.00008967   -0.00016890
     atom  138 type  1   force =    -0.00037071   -0.00025470   -0.00014026
     atom  139 type  1   force =    -0.00004351    0.00043605    0.00031353
     atom  140 type  1   force =     0.00009164   -0.00005642   -0.00017617
     atom  141 type  1   force =     0.00049810    0.00317564   -0.00080607
     atom  142 type  1   force =     0.00018498   -0.00036517    0.00042550
     atom  143 type  1   force =     0.00066922   -0.00086244    0.00490147
     atom  144 type  1   force =     0.00001158    0.00049316   -0.00006427
     atom  145 type  1   force =    -0.00108812   -0.00026073   -0.00031058
     atom  146 type  1   force =     0.00079752   -0.00070583    0.00027599
     atom  147 type  1   force =    -0.00013526   -0.00004133   -0.00002621
     atom  148 type  1   force =     0.00042198    0.00008419    0.00021431
     atom  149 type  1   force =     0.00072621   -0.00035605    0.00039569
     atom  150 type  1   force =    -0.00031845   -0.00004895   -0.00007441
     atom  151 type  1   force =    -0.00141447   -0.00061789    0.00055991
     atom  152 type  1   force =     0.00023202   -0.00005204   -0.00003473
     atom  153 type  1   force =     0.00048651    0.00005565    0.00027278
     atom  154 type  1   force =    -0.00018709    0.00002731   -0.00004594
     atom  155 type  1   force =     0.00025994   -0.00022960    0.00023836
     atom  156 type  1   force =     0.00008476    0.00111911    0.00006013
     atom  157 type  1   force =     0.00019999    0.00028426   -0.00018397
     atom  158 type  1   force =    -0.00020691    0.00022599    0.00007257
     atom  159 type  1   force =     0.00059477   -0.00007632   -0.00013984
     atom  160 type  1   force =    -0.00109697   -0.00030188   -0.00008633
     atom  161 type  1   force =    -0.00006733    0.00031881    0.00012293
     atom  162 type  1   force =     0.00004363    0.00027134   -0.00016435
     atom  163 type  1   force =     0.00019624    0.00035215    0.00029746
     atom  164 type  1   force =     0.00238124   -0.00177553    0.00171772
     atom  165 type  1   force =    -0.00015770    0.00028917   -0.00030855
     atom  166 type  1   force =     0.00028915    0.00006902    0.00016861
     atom  167 type  1   force =     0.00001269   -0.00000854    0.00002689
     atom  168 type  1   force =    -0.00041098    0.00138427   -0.00043148
     atom  169 type  1   force =     0.00051420   -0.00016686   -0.00041324
     atom  170 type  1   force =     0.00000691    0.00036044   -0.00024432
     atom  171 type  1   force =    -0.00000642   -0.00014848    0.00000980
     atom  172 type  1   force =     0.00014405   -0.00001799   -0.00030059
     atom  173 type  1   force =    -0.00012010    0.00005849   -0.00003324
     atom  174 type  1   force =     0.00036407    0.00006255    0.00029022
     atom  175 type  1   force =     0.00025678   -0.00035804    0.00011412
     atom  176 type  1   force =    -0.00013728    0.00003225   -0.00029253
     atom  177 type  1   force =    -0.00090707    0.00076380    0.00002417
     atom  178 type  1   force =     0.00271909    0.00042784    0.00183883
     atom  179 type  1   force =     0.00135190    0.00046332    0.00028332
     atom  180 type  1   force =    -0.00511875    0.00508869    0.01433534
     atom  181 type  1   force =    -0.00087994   -0.00033784   -0.00004705
     atom  182 type  1   force =    -0.00047343   -0.00052046    0.00155765
     atom  183 type  1   force =     0.00030251    0.00024498    0.00142542
     atom  184 type  1   force =     0.01350317    0.00511992   -0.00558829
     atom  185 type  1   force =     0.00127970   -0.00181968    0.00030641
     atom  186 type  1   force =    -0.00007713    0.00007581   -0.00084007
     atom  187 type  1   force =    -0.00437026   -0.00301586    0.00346091
     atom  188 type  1   force =    -0.00044935    0.00039719   -0.00148903
     atom  189 type  1   force =    -0.00766890    0.01804229   -0.01010650
     atom  190 type  1   force =    -0.00341775   -0.01670119   -0.00387759
     atom  191 type  1   force =     0.00040963   -0.00025037    0.00034147
     atom  192 type  1   force =    -0.00015823    0.00014287    0.00000592
     atom  193 type  1   force =     0.00017379   -0.00008015   -0.00007146
     atom  194 type  1   force =    -0.00133797   -0.00070487    0.00063185
     atom  195 type  1   force =    -0.00015335   -0.00005992   -0.00001145
     atom  196 type  1   force =    -0.00016400   -0.00029897   -0.00010405
     atom  197 type  1   force =     0.00051998    0.00005416    0.00034028
     atom  198 type  1   force =    -0.00029205    0.00023754    0.00009646
     atom  199 type  1   force =    -0.00021164   -0.00039607   -0.00148410
     atom  200 type  1   force =    -0.00599731   -0.00356342    0.00176329
     atom  201 type  1   force =     0.00150667    0.00182008    0.00103578
     atom  202 type  1   force =     0.00008050    0.00032245    0.00010374
     atom  203 type  1   force =     0.01652022    0.00047757   -0.01571367
     atom  204 type  1   force =    -0.00208478   -0.00511117    0.00633575
     atom  205 type  1   force =     0.00375496   -0.00021419    0.00013541
     atom  206 type  1   force =    -0.00007704    0.00020226    0.00004384
     atom  207 type  1   force =    -0.02176217    0.00481134    0.01841642
     atom  208 type  1   force =     0.01046308   -0.00487226   -0.00230570
     atom  209 type  1   force =    -0.00543126   -0.00093433   -0.00111245
     atom  210 type  1   force =     0.00212138   -0.00121599   -0.00098633
     atom  211 type  1   force =     0.00146691   -0.00111740    0.00125566
     atom  212 type  1   force =    -0.00108977    0.00058408    0.00025253
     atom  213 type  1   force =    -0.00126223    0.00172210   -0.00165491
     atom  214 type  1   force =     0.00038806   -0.00038156    0.00064241
     atom  215 type  2   force =    -0.00362968    0.01068912   -0.00145389
       
     --------------------------------------------------------------------------------------------
     TDDFT Force Corrected                                               
     --------------------------------------------------------------------------------------------
     atom    1 type  1   force =    -0.00000413   -0.00002746    0.00003271
     atom    2 type  1   force =    -0.00006549    0.00000112   -0.00000235
     atom    3 type  1   force =    -0.00002500   -0.00000690    0.00005103
     atom    4 type  1   force =    -0.00003554    0.00001878   -0.00011522
     atom    5 type  1   force =     0.00003999    0.00010375   -0.00005853
     atom    6 type  1   force =    -0.00004461    0.00001844    0.00001193
     atom    7 type  1   force =    -0.00002675    0.00009828   -0.00001707
     atom    8 type  1   force =    -0.00002197    0.00000783   -0.00001239
     atom    9 type  1   force =     0.00026199    0.00004720   -0.00032329
     atom   10 type  1   force =    -0.00026253    0.00007903    0.00018863
     atom   11 type  1   force =     0.00029059    0.00034636    0.00014505
     atom   12 type  1   force =     0.00181888   -0.00183919    0.00242198
     atom   13 type  1   force =    -0.00018707   -0.00011238   -0.00069164
     atom   14 type  1   force =     0.00044185   -0.00069996    0.00047759
     atom   15 type  1   force =    -0.00002163    0.00001759   -0.00000979
     atom   16 type  1   force =    -0.00010125    0.00023232    0.00002399
     atom   17 type  1   force =    -0.00030215    0.00017953   -0.00031419
     atom   18 type  1   force =     0.00008504    0.00005896    0.00031310
     atom   19 type  1   force =    -0.00040331   -0.00002706   -0.00037895
     atom   20 type  1   force =    -0.00004200   -0.00001017   -0.00001813
     atom   21 type  1   force =     0.00003602   -0.00003492    0.00001636
     atom   22 type  1   force =    -0.00000778   -0.00000370   -0.00005614
     atom   23 type  1   force =     0.00060943   -0.00068035   -0.00145086
     atom   24 type  1   force =    -0.00003755   -0.00001975    0.00026763
     atom   25 type  1   force =    -0.00032764    0.00041673    0.00011213
     atom   26 type  1   force =     0.00010869   -0.00022611   -0.00006549
     atom   27 type  1   force =    -0.00008305   -0.00012077   -0.00016956
     atom   28 type  1   force =     0.00000331   -0.00102750    0.00015271
     atom   29 type  1   force =     0.00000613    0.00009825    0.00006985
     atom   30 type  1   force =     0.00006537    0.00017581   -0.00018868
     atom   31 type  1   force =     0.00059441    0.00156359    0.00060575
     atom   32 type  1   force =     0.00042810   -0.00126586    0.00025461
     atom   33 type  1   force =     0.00009468   -0.00019702    0.00026347
     atom   34 type  1   force =     0.00005103    0.00127943   -0.00041197
     atom   35 type  1   force =     0.00002766   -0.00185201    0.00076291
     atom   36 type  1   force =    -0.00105593    0.00005590   -0.00008730
     atom   37 type  1   force =    -0.00040087   -0.00022036    0.00033550
     atom   38 type  1   force =    -0.00024847    0.00035275    0.00006361
     atom   39 type  1   force =     0.00017930   -0.00064728   -0.00013930
     atom   40 type  1   force =     0.00004228    0.00022837   -0.00015654
     atom   41 type  1   force =     0.00346345   -0.00303820   -0.00468464
     atom   42 type  1   force =    -0.00150873    0.00043659   -0.00050842
     atom   43 type  1   force =     0.00352265    0.00564248    0.00355698
     atom   44 type  1   force =     0.00186372   -0.00281409    0.00182499
     atom   45 type  1   force =     0.00010261    0.00044145   -0.00032700
     atom   46 type  1   force =    -0.00008800   -0.00024020    0.00016686
     atom   47 type  1   force =     0.00011060   -0.00026425    0.00018473
     atom   48 type  1   force =    -0.00034767    0.00000442   -0.00008740
     atom   49 type  1   force =     0.00013852   -0.00046764   -0.00044126
     atom   50 type  1   force =    -0.00027015   -0.00009215   -0.00002973
     atom   51 type  1   force =     0.00017957    0.00033996   -0.00004744
     atom   52 type  1   force =    -0.00018041   -0.00002329    0.00006974
     atom   53 type  1   force =     0.00001221    0.00052897   -0.00007541
     atom   54 type  1   force =    -0.00002529   -0.00004177    0.00007814
     atom   55 type  1   force =    -0.00000566    0.00013070   -0.00001644
     atom   56 type  1   force =    -0.00003464   -0.00000399   -0.00003402
     atom   57 type  1   force =    -0.00015517    0.00172821   -0.00007169
     atom   58 type  1   force =     0.00011490   -0.00042354    0.00024312
     atom   59 type  1   force =    -0.00044166   -0.00021571   -0.00375513
     atom   60 type  1   force =    -0.00052481   -0.00077972    0.00136504
     atom   61 type  1   force =     0.00030341   -0.00023186    0.00037329
     atom   62 type  1   force =    -0.00009456    0.00016368   -0.00017062
     atom   63 type  1   force =    -0.00001540    0.00026621   -0.00016063
     atom   64 type  1   force =    -0.00006912    0.00012031    0.00009589
     atom   65 type  1   force =     0.00116451   -0.00062007    0.00155807
     atom   66 type  1   force =     0.00035856    0.00032763   -0.00110538
     atom   67 type  1   force =     0.00020208   -0.00035566    0.00011733
     atom   68 type  1   force =    -0.00011111    0.00014220   -0.00007262
     atom   69 type  1   force =    -0.00043451   -0.00034622    0.00020592
     atom   70 type  1   force =    -0.00002723   -0.00019627   -0.00025538
     atom   71 type  1   force =     0.00022390    0.00014145    0.00048491
     atom   72 type  1   force =     0.00007541    0.00018224   -0.00037223
     atom   73 type  1   force =    -0.00008662    0.00011571    0.00006163
     atom   74 type  1   force =     0.00001267    0.00001438   -0.00003909
     atom   75 type  1   force =    -0.00004654    0.00005422   -0.00003123
     atom   76 type  1   force =    -0.00002260    0.00005710   -0.00001049
     atom   77 type  1   force =    -0.00009421    0.00001760   -0.00004349
     atom   78 type  1   force =    -0.00011587    0.00000267   -0.00001618
     atom   79 type  1   force =    -0.00003903    0.00000037   -0.00001989
     atom   80 type  1   force =    -0.00002033    0.00025853   -0.00011078
     atom   81 type  1   force =    -0.00003413    0.00002257   -0.00007485
     atom   82 type  1   force =    -0.00009160    0.00003252   -0.00008867
     atom   83 type  1   force =     0.00000199    0.00000007   -0.00011358
     atom   84 type  1   force =     0.00018093    0.00004341    0.00031436
     atom   85 type  1   force =     0.00028214    0.00016793    0.00030285
     atom   86 type  1   force =    -0.00014234    0.00008773   -0.00016515
     atom   87 type  1   force =    -0.00001184    0.00007746    0.00000834
     atom   88 type  1   force =     0.00008878   -0.00016676    0.00009578
     atom   89 type  1   force =     0.00049891   -0.00045471    0.00107333
     atom   90 type  1   force =    -0.00006203   -0.00003843   -0.00038146
     atom   91 type  1   force =     0.00004970   -0.00001860    0.00000343
     atom   92 type  1   force =    -0.00011776    0.00004024   -0.00001944
     atom   93 type  1   force =    -0.00043114    0.00002605    0.00036828
     atom   94 type  1   force =     0.00024885    0.00008242   -0.00027088
     atom   95 type  1   force =    -0.00014748   -0.00004682    0.00056317
     atom   96 type  1   force =    -0.00010734   -0.00035599   -0.00111328
     atom   97 type  1   force =     0.00006200    0.00008837    0.00001284
     atom   98 type  1   force =    -0.00023789    0.00015869    0.00008569
     atom   99 type  1   force =     0.00018653    0.00004972    0.00018623
     atom  100 type  1   force =    -0.00009321   -0.00024401   -0.00011411
     atom  101 type  1   force =    -0.00009622    0.00003661   -0.00004058
     atom  102 type  1   force =    -0.00004856   -0.00000244   -0.00000917
     atom  103 type  1   force =    -0.00006294   -0.00065224    0.00026572
     atom  104 type  1   force =    -0.00023177    0.00019361    0.00009336
     atom  105 type  1   force =    -0.00006172    0.00002149   -0.00009116
     atom  106 type  1   force =     0.00001907   -0.00002705   -0.00006616
     atom  107 type  1   force =     0.00004512   -0.00018787   -0.00008089
     atom  108 type  1   force =    -0.00056253    0.00000096    0.00012489
     atom  109 type  1   force =    -0.00016436    0.00072369   -0.00066301
     atom  110 type  1   force =     0.00148525   -0.00016261    0.00196661
     atom  111 type  1   force =    -0.00043475    0.00074146   -0.00029982
     atom  112 type  1   force =    -0.00185691   -0.00219087   -0.00210729
     atom  113 type  1   force =    -0.00001193    0.00010230   -0.00027978
     atom  114 type  1   force =     0.00032629    0.00008413    0.00060953
     atom  115 type  1   force =    -0.00024787   -0.00012479   -0.00014829
     atom  116 type  1   force =     0.00058162   -0.00169385   -0.00042833
     atom  117 type  1   force =     0.00030137   -0.00024163    0.00005906
     atom  118 type  1   force =    -0.00071724    0.00127720    0.00001580
     atom  119 type  1   force =    -0.00036443   -0.00042164   -0.00121144
     atom  120 type  1   force =     0.00094873   -0.00400602   -0.00011588
     atom  121 type  1   force =     0.00010378    0.00091250   -0.00014949
     atom  122 type  1   force =     0.00007172   -0.00014040   -0.00002542
     atom  123 type  1   force =    -0.00001563    0.00016212   -0.00002601
     atom  124 type  1   force =     0.00000206    0.00007042    0.00002606
     atom  125 type  1   force =     0.00005051   -0.00028582    0.00010091
     atom  126 type  1   force =    -0.00003343    0.00029907   -0.00012588
     atom  127 type  1   force =    -0.00029321    0.00037185   -0.00002704
     atom  128 type  1   force =     0.00017020    0.00005380   -0.00004323
     atom  129 type  1   force =     0.00010622   -0.00041390    0.00008846
     atom  130 type  1   force =    -0.00002220    0.00056084   -0.00000433
     atom  131 type  1   force =    -0.00016905   -0.00013876    0.00011859
     atom  132 type  1   force =     0.00098356   -0.00102182   -0.00196352
     atom  133 type  1   force =    -0.00158312   -0.00078760   -0.00032809
     atom  134 type  1   force =     0.00112317   -0.00272291   -0.00866401
     atom  135 type  1   force =     0.00005237   -0.00013975   -0.00003014
     atom  136 type  1   force =    -0.00072969   -0.00018090   -0.00042664
     atom  137 type  1   force =    -0.00001954   -0.00008134   -0.00017407
     atom  138 type  1   force =    -0.00037828   -0.00024637   -0.00014542
     atom  139 type  1   force =    -0.00005109    0.00044438    0.00030837
     atom  140 type  1   force =     0.00008406   -0.00004808   -0.00018134
     atom  141 type  1   force =     0.00049053    0.00318397   -0.00081124
     atom  142 type  1   force =     0.00017741   -0.00035684    0.00042034
     atom  143 type  1   force =     0.00066164   -0.00085410    0.00489631
     atom  144 type  1   force =     0.00000401    0.00050149   -0.00006943
     atom  145 type  1   force =    -0.00109569   -0.00025240   -0.00031575
     atom  146 type  1   force =     0.00078995   -0.00069750    0.00027083
     atom  147 type  1   force =    -0.00014283   -0.00003300   -0.00003137
     atom  148 type  1   force =     0.00041441    0.00009252    0.00020915
     atom  149 type  1   force =     0.00071864   -0.00034771    0.00039053
     atom  150 type  1   force =    -0.00032603   -0.00004062   -0.00007957
     atom  151 type  1   force =    -0.00142205   -0.00060956    0.00055475
     atom  152 type  1   force =     0.00022444   -0.00004371   -0.00003989
     atom  153 type  1   force =     0.00047894    0.00006398    0.00026762
     atom  154 type  1   force =    -0.00019467    0.00003564   -0.00005110
     atom  155 type  1   force =     0.00025237   -0.00022127    0.00023320
     atom  156 type  1   force =     0.00007718    0.00112744    0.00005497
     atom  157 type  1   force =     0.00019241    0.00029259   -0.00018913
     atom  158 type  1   force =    -0.00021449    0.00023432    0.00006741
     atom  159 type  1   force =     0.00058720   -0.00006799   -0.00014501
     atom  160 type  1   force =    -0.00110455   -0.00029355   -0.00009149
     atom  161 type  1   force =    -0.00007490    0.00032714    0.00011777
     atom  162 type  1   force =     0.00003606    0.00027967   -0.00016951
     atom  163 type  1   force =     0.00018866    0.00036048    0.00029230
     atom  164 type  1   force =     0.00237366   -0.00176720    0.00171256
     atom  165 type  1   force =    -0.00016528    0.00029750   -0.00031371
     atom  166 type  1   force =     0.00028157    0.00007736    0.00016344
     atom  167 type  1   force =     0.00000512   -0.00000020    0.00002173
     atom  168 type  1   force =    -0.00041856    0.00139260   -0.00043664
     atom  169 type  1   force =     0.00050662   -0.00015853   -0.00041840
     atom  170 type  1   force =    -0.00000066    0.00036877   -0.00024948
     atom  171 type  1   force =    -0.00001400   -0.00014015    0.00000463
     atom  172 type  1   force =     0.00013648   -0.00000966   -0.00030576
     atom  173 type  1   force =    -0.00012767    0.00006682   -0.00003841
     atom  174 type  1   force =     0.00035650    0.00007089    0.00028506
     atom  175 type  1   force =     0.00024920   -0.00034971    0.00010896
     atom  176 type  1   force =    -0.00014485    0.00004059   -0.00029770
     atom  177 type  1   force =    -0.00091464    0.00077213    0.00001901
     atom  178 type  1   force =     0.00271151    0.00043617    0.00183367
     atom  179 type  1   force =     0.00134433    0.00047165    0.00027816
     atom  180 type  1   force =    -0.00512633    0.00509702    0.01433018
     atom  181 type  1   force =    -0.00088752   -0.00032950   -0.00005221
     atom  182 type  1   force =    -0.00048101   -0.00051213    0.00155249
     atom  183 type  1   force =     0.00029494    0.00025331    0.00142026
     atom  184 type  1   force =     0.01349560    0.00512825   -0.00559345
     atom  185 type  1   force =     0.00127212   -0.00181135    0.00030125
     atom  186 type  1   force =    -0.00008470    0.00008414   -0.00084523
     atom  187 type  1   force =    -0.00437784   -0.00300753    0.00345574
     atom  188 type  1   force =    -0.00045692    0.00040552   -0.00149419
     atom  189 type  1   force =    -0.00767647    0.01805062   -0.01011166
     atom  190 type  1   force =    -0.00342532   -0.01669286   -0.00388275
     atom  191 type  1   force =     0.00040206   -0.00024204    0.00033631
     atom  192 type  1   force =    -0.00016580    0.00015120    0.00000076
     atom  193 type  1   force =     0.00016622   -0.00007182   -0.00007662
     atom  194 type  1   force =    -0.00134555   -0.00069653    0.00062669
     atom  195 type  1   force =    -0.00016093   -0.00005159   -0.00001661
     atom  196 type  1   force =    -0.00017157   -0.00029064   -0.00010921
     atom  197 type  1   force =     0.00051241    0.00006249    0.00033512
     atom  198 type  1   force =    -0.00029962    0.00024588    0.00009130
     atom  199 type  1   force =    -0.00021921   -0.00038774   -0.00148926
     atom  200 type  1   force =    -0.00600489   -0.00355509    0.00175813
     atom  201 type  1   force =     0.00149910    0.00182841    0.00103061
     atom  202 type  1   force =     0.00007292    0.00033078    0.00009858
     atom  203 type  1   force =     0.01651265    0.00048590   -0.01571883
     atom  204 type  1   force =    -0.00209235   -0.00510284    0.00633059
     atom  205 type  1   force =     0.00374739   -0.00020586    0.00013025
     atom  206 type  1   force =    -0.00008462    0.00021059    0.00003868
     atom  207 type  1   force =    -0.02176975    0.00481967    0.01841126
     atom  208 type  1   force =     0.01045551   -0.00486393   -0.00231086
     atom  209 type  1   force =    -0.00543884   -0.00092600   -0.00111761
     atom  210 type  1   force =     0.00211380   -0.00120766   -0.00099149
     atom  211 type  1   force =     0.00145934   -0.00110906    0.00125050
     atom  212 type  1   force =    -0.00109735    0.00059242    0.00024737
     atom  213 type  1   force =    -0.00126981    0.00173043   -0.00166007
     atom  214 type  1   force =     0.00038048   -0.00037323    0.00063725
     atom  215 type  2   force =    -0.00363725    0.01069745   -0.00145906
 
     Wbse         : 49m32.97s CPU    53m41.24s WALL

     wbse_readin  :      7.17s CPU     10.21s WALL (       1 calls)
     wbse_fetch_n :      0.00s CPU      0.00s WALL (       1 calls)
     read_xml     :      1.51s CPU      2.26s WALL (       1 calls)
     init_vloc    :      0.02s CPU      0.02s WALL (       2 calls)
     fft          :     13.85s CPU     14.74s WALL (    9748 calls)
     fft_scatter  :   1776.25s CPU   1790.74s WALL ( 2414728 calls)
     v_of_rho     :      0.03s CPU      0.03s WALL (       1 calls)
     v_xc         :      0.03s CPU      0.03s WALL (       1 calls)
     v_h          :      0.00s CPU      0.00s WALL (       1 calls)
     read_wave    :      5.66s CPU      7.92s WALL (       1 calls)
     davcio       :      0.70s CPU     17.66s WALL (    4713 calls)
     init_us_1    :      0.01s CPU      0.01s WALL (       2 calls)
     do_setup     :      0.10s CPU      0.12s WALL (       1 calls)
     init_pw_ar   :      0.04s CPU      0.06s WALL (       1 calls)
     init_at_1    :      0.00s CPU      0.00s WALL (       1 calls)
     storesqvc    :      0.00s CPU      0.00s WALL (       1 calls)
     wbse_dv_setu :      0.06s CPU      0.06s WALL (       1 calls)
     setup_dmuxc  :      0.01s CPU      0.01s WALL (       1 calls)
     gather_grid  :      0.02s CPU      0.04s WALL (       8 calls)
     write_cube   :      6.05s CPU     31.62s WALL (       8 calls)
     chidiago     :   2964.87s CPU   3206.60s WALL (       1 calls)
     paramgs      :     73.86s CPU     74.46s WALL (     140 calls)
     west_apply_l :   1585.02s CPU   1615.72s WALL (     470 calls)
     wbse_calc_de :    399.05s CPU    405.49s WALL (     510 calls)
     fftw         :   2106.06s CPU   2122.25s WALL ( 2404980 calls)
     wbse_dv_of_d :     16.69s CPU     17.64s WALL (     510 calls)
     init_us_2    :      4.98s CPU      5.05s WALL (    1028 calls)
     h_psi_bgrp   :    455.87s CPU    461.22s WALL (     940 calls)
     h_psi        :    455.87s CPU    461.22s WALL (     940 calls)
     h_psi:pot    :    453.46s CPU    458.78s WALL (     940 calls)
     vloc_psi     :    355.23s CPU    357.47s WALL (     940 calls)
     h_psi:calbec :     53.55s CPU     54.84s WALL (     940 calls)
     calbec       :     53.55s CPU     54.84s WALL (     940 calls)
     add_vuspsi   :     44.67s CPU     46.46s WALL (     940 calls)
     alphapc      :     81.81s CPU     83.31s WALL (    1946 calls)
     build_hr     :     49.36s CPU     89.46s WALL (     140 calls)
     diagox       :      0.04s CPU      0.07s WALL (     140 calls)
     redistr_vr   :      0.00s CPU      0.00s WALL (     139 calls)
     update_vr    :    132.17s CPU    248.13s WALL (     139 calls)
     symm_hr      :      0.00s CPU      0.00s WALL (     139 calls)
     chidiago:las :     16.70s CPU     26.30s WALL (      10 calls)
     refresh_vr   :     16.89s CPU     27.05s WALL (      19 calls)
     plep_db      :     12.74s CPU     18.16s WALL (       1 calls)
     precd_cg     :      3.15s CPU      3.47s WALL (      38 calls)
 
     Wbse         : 49m32.97s CPU    53m41.25s WALL

 
   This run was terminated on:  20: 3:36   5Jul2022            

=------------------------------------------------------------------------------=
   JOB DONE.
=------------------------------------------------------------------------------=
